time,left_tcp_x,left_tcp_y,left_tcp_z,right_tcp_x,right_tcp_y,right_tcp_z
0.000000000000000000e+00,2.820807766339398781e-01,-1.317421771274832065e-01,9.653366532379402676e-01,-4.517159284799703300e-01,-1.317421835192493229e-01,9.653360447721563986e-01
1.000000000000000021e-02,2.820807036221488762e-01,-1.316214824990067367e-01,9.653366356485998390e-01,-4.517160014400286028e-01,-1.316214885857351913e-01,9.653360271641028278e-01
2.000000000000000042e-02,2.820806327668152758e-01,-1.312622905730392309e-01,9.653366234181166572e-01,-4.517160722506324833e-01,-1.312622964537880077e-01,9.653360148865482993e-01
2.999999999999999889e-02,2.820805639716631452e-01,-1.306688207660322565e-01,9.653366166356301958e-01,-4.517161410069831518e-01,-1.306688264797313259e-01,9.653360080597634951e-01
4.000000000000000083e-02,2.820804971993942090e-01,-1.298452936037490790e-01,9.653366147856669022e-01,-4.517162077458648506e-01,-1.298452991646253385e-01,9.653360061795756009e-01
5.000000000000000278e-02,2.820804324444561861e-01,-1.287959300444441735e-01,9.653366171979546051e-01,-4.517162724724055334e-01,-1.287959354562300818e-01,9.653360085786621969e-01
5.999999999999999778e-02,2.820803697118156594e-01,-1.275249512144442099e-01,9.653366232114212186e-01,-4.517163351811875893e-01,-1.275249564765973120e-01,9.653360145955903748e-01
7.000000000000000666e-02,2.820803090058764950e-01,-1.260365783062382672e-01,9.653366322283348788e-01,-4.517163958673293678e-01,-1.260365834166213284e-01,9.653360236311079312e-01
8.000000000000000167e-02,2.820802503253639903e-01,-1.243350325391004568e-01,9.653366437268988687e-01,-4.517164545316292856e-01,-1.243350374951276427e-01,9.653360351616047108e-01
8.999999999999999667e-02,2.820801936614459327e-01,-1.224245351437803636e-01,9.653366572587579464e-01,-4.517165111824650303e-01,-1.224245399429024078e-01,9.653360487369534448e-01
1.000000000000000056e-01,2.820801389974982865e-01,-1.203093073564644178e-01,9.653366724416319045e-01,-4.517165658360441371e-01,-1.203093119963743601e-01,9.653360639732561088e-01
1.100000000000000006e-01,2.820800863096437627e-01,-1.179935704163207616e-01,9.653366889509423787e-01,-4.517166185158683622e-01,-1.179935748950345920e-01,9.653360805444968218e-01
1.199999999999999956e-01,2.820800355676106319e-01,-1.154815455644318534e-01,9.653367065118318990e-01,-4.517166692518775895e-01,-1.154815498803200557e-01,9.653360981745520153e-01
1.300000000000000044e-01,2.820799867356820756e-01,-1.127774540432824185e-01,9.653367248920186050e-01,-4.517167180794977588e-01,-1.127774581950736627e-01,9.653361166300297169e-01
1.400000000000000133e-01,2.820799397736251102e-01,-1.098855170964702782e-01,9.653367438955617885e-01,-4.517167650387072242e-01,-1.098855210832443419e-01,9.653361357140156640e-01
1.499999999999999944e-01,2.820798946375529526e-01,-1.068099559685173477e-01,9.653367633574916340e-01,-4.517168101731719454e-01,-1.068099597896920022e-01,9.653361552606872786e-01
1.600000000000000033e-01,2.820798512807002334e-01,-1.035549919047298317e-01,9.653367831392052345e-01,-4.517168535294651677e-01,-1.035549955600426897e-01,9.653361751306913652e-01
1.700000000000000122e-01,2.820798096541093369e-01,-1.001248461510871463e-01,9.653368031245301850e-01,-4.517168951563781398e-01,-1.001248496405768712e-01,9.653361952071981555e-01
1.799999999999999933e-01,2.820797697072304766e-01,-9.652373995414958996e-02,9.653368232163672680e-01,-4.517169351043171521e-01,-9.652374327813502408e-02,9.653362153925297839e-01
1.900000000000000022e-01,2.820797313884414459e-01,-9.275589456098166929e-02,9.653368433338241905e-01,-4.517169734247798440e-01,-9.275589772004090572e-02,9.653362356052852533e-01
2.000000000000000111e-01,2.820796946454938170e-01,-8.882553121908527693e-02,9.653368634097724277e-01,-4.517170101699071738e-01,-8.882553421403535654e-02,9.653362557778893960e-01
2.099999999999999922e-01,2.820796594258965229e-01,-8.473687117634604027e-02,9.653368833887646661e-01,-4.517170453920972273e-01,-8.473687400822112192e-02,9.653362758545004363e-01
2.200000000000000011e-01,2.820796256772400423e-01,-8.049413568098241767e-02,9.653369032252586690e-01,-4.517170791436794230e-01,-8.049413835101572323e-02,9.653362957892317464e-01
2.300000000000000100e-01,2.820795933474704031e-01,-7.610154598150845051e-02,9.653369228821054859e-01,-4.517171114766395101e-01,-7.610154849111146202e-02,9.653363155446296195e-01
2.399999999999999911e-01,2.820795623851174438e-01,-7.156332332669639029e-02,9.653369423292603724e-01,-4.517171424423885306e-01,-7.156332567744189133e-02,9.653363350903813034e-01
2.500000000000000000e-01,2.820795327394839402e-01,-6.688368896554698628e-02,9.653369615426823369e-01,-4.517171720915724165e-01,-6.688369115915272778e-02,9.653363544022135478e-01
2.600000000000000089e-01,2.820795043608026464e-01,-6.206686414726693413e-02,9.653369805034026641e-01,-4.517172004739160585e-01,-6.206686618557734347e-02,9.653363734609505808e-01
2.700000000000000178e-01,2.820794772003600293e-01,-5.711707012124279947e-02,9.653369991967259978e-01,-4.517172276380957974e-01,-5.711707200621669867e-02,9.653363922517183005e-01
2.800000000000000266e-01,2.820794512105962992e-01,-5.203852813702516955e-02,9.653370176115532164e-01,-4.517172536316400033e-01,-5.203852987072066227e-02,9.653364107632597113e-01
2.899999999999999800e-01,2.820794263451827932e-01,-4.683545944431088959e-02,9.653370357398050050e-01,-4.517172785008509717e-01,-4.683546102887321816e-02,9.653364289873593851e-01
2.999999999999999889e-01,2.820794025590795395e-01,-4.151208529293085037e-02,9.653370535759312476e-01,-4.517173022907458035e-01,-4.151208673058007226e-02,9.653364469183470797e-01
3.099999999999999978e-01,2.820793798085772797e-01,-3.607262693283565247e-02,9.653370711164934725e-01,-4.517173250450154942e-01,-3.607262822585702300e-02,9.653364645526811838e-01
3.200000000000000067e-01,2.820793580513246690e-01,-3.052130561408770981e-02,9.653370883598129115e-01,-4.517173468059957897e-01,-3.052130676482117666e-02,9.653364818885943333e-01
3.300000000000000155e-01,2.820793372463425985e-01,-2.486234258685136866e-02,9.653371053056674089e-01,-4.517173676146526429e-01,-2.486234359768228763e-02,9.653364989257862128e-01
3.400000000000000244e-01,2.820793173540306897e-01,-1.909995910138406749e-02,9.653371219550361815e-01,-4.517173875105763847e-01,-1.909995997473647178e-02,9.653365156651720902e-01
3.500000000000000333e-01,2.820792983361631312e-01,-1.323837640803121607e-02,9.653371383098858782e-01,-4.517174065319836673e-01,-1.323837714635917040e-02,9.653365321086614381e-01
3.599999999999999867e-01,2.820792801558789087e-01,-7.281815757220297392e-03,9.653371543729862836e-01,-4.517174247157292322e-01,-7.281816363001278325e-03,9.653365482589767455e-01
3.699999999999999956e-01,2.820792627776634864e-01,-1.234498399453942685e-03,9.653371701477541089e-01,-4.517174420973220639e-01,-1.234498875184036892e-03,9.653365641194968649e-01
3.800000000000000044e-01,2.820792461673296003e-01,4.899354414691803328e-03,9.653371856381254279e-01,-4.517174587109455963e-01,4.899354066505212657e-03,9.653365796941235644e-01
3.900000000000000133e-01,2.820792302919901129e-01,1.111552143457401887e-02,9.653372008484403244e-01,-4.517174745894838583e-01,1.111552121141509697e-02,9.653365949871723917e-01
4.000000000000000222e-01,2.820792151200309794e-01,1.740978140948444552e-02,9.653372157833557399e-01,-4.517174897645488407e-01,1.740978130883508168e-02,9.653366100032786390e-01
4.100000000000000311e-01,2.820792006210793290e-01,2.377791308865311037e-02,9.653372304477642052e-01,-4.517175042665122486e-01,2.377791310799617919e-02,9.653366247473189610e-01
4.199999999999999845e-01,2.820791867659703800e-01,3.021569522125161500e-02,9.653372448467280043e-01,-4.517175181245382531e-01,3.021569535807452911e-02,9.653366392243440952e-01
4.299999999999999933e-01,2.820791735267139111e-01,3.671890655639456491e-02,9.653372589854257724e-01,-4.517175313666177416e-01,3.671890680819291097e-02,9.653366534395253495e-01
4.400000000000000022e-01,2.820791608764579017e-01,4.328332584314217857e-02,9.653372728691068660e-01,-4.517175440196030123e-01,4.328332620742197934e-02,9.653366673981073065e-01
4.500000000000000111e-01,2.820791487894532268e-01,4.990473183050270212e-02,9.653372865030536154e-01,-4.517175561092438563e-01,4.990473230478360833e-02,9.653366811053709640e-01
4.600000000000000200e-01,2.820791372410173525e-01,5.657890326743336695e-02,9.653372998925485726e-01,-4.517175676602240841e-01,5.657890384925035043e-02,9.653366945666010945e-01
4.700000000000000289e-01,2.820791262074975880e-01,6.330161890284159709e-02,9.653373130428514193e-01,-4.517175786961982187e-01,6.330161958974800385e-02,9.653367077870605995e-01
4.799999999999999822e-01,2.820791156662354471e-01,7.006865748558821494e-02,9.653373259591757627e-01,-4.517175892398262449e-01,7.006865827515650069e-02,9.653367207719694143e-01
4.899999999999999911e-01,2.820791055955301219e-01,7.687579776448723312e-02,9.653373386466734818e-01,-4.517175993128115241e-01,7.687579865431096171e-02,9.653367335264871896e-01
5.000000000000000000e-01,2.820790959746037330e-01,8.371881848830681205e-02,9.653373511104209603e-01,-4.517176089359329905e-01,8.371881947600226526e-02,9.653367460556998569e-01
5.100000000000000089e-01,2.820790867835660798e-01,9.059349840577145263e-02,9.653373633554079847e-01,-4.517176181290839532e-01,9.059349948897936489e-02,9.653367583646079719e-01
5.200000000000000178e-01,2.820790780033811118e-01,9.749561626556307870e-02,9.653373753865291951e-01,-4.517176269113021836e-01,9.749561744194856772e-02,9.653367704581190534e-01
5.300000000000000266e-01,2.820790696158333444e-01,1.044209508163204680e-01,9.653373872085795337e-01,-4.517176353008062195e-01,1.044209520835750887e-01,9.653367823410412552e-01
5.400000000000000355e-01,2.820790616034947185e-01,1.113652808066421945e-01,9.653373988262470284e-01,-4.517176433150252302e-01,1.113652821624844386e-01,9.653367940180772599e-01
5.500000000000000444e-01,2.820790539496948468e-01,1.183243849850852264e-01,9.653374102441116822e-01,-4.517176509706328780e-01,1.183243864272615353e-01,9.653368054938218368e-01
5.600000000000000533e-01,2.820790466384883732e-01,1.252940421001686455e-01,9.653374214666429198e-01,-4.517176582835770726e-01,1.252940436264529667e-01,9.653368167727611748e-01
5.700000000000000622e-01,2.820790396546268841e-01,1.322700309003707608e-01,9.653374324981970345e-01,-4.517176652691076710e-01,1.322700325085670592e-01,9.653368278592689977e-01
5.799999999999999600e-01,2.820790329835291543e-01,1.392481301341337296e-01,9.653374433430198520e-01,-4.517176719418086184e-01,1.392481318220744613e-01,9.653368387576071186e-01
5.899999999999999689e-01,2.820790266112538913e-01,1.462241185498606433e-01,9.653374540052445107e-01,-4.517176783156239828e-01,1.462241203154085734e-01,9.653368494719276605e-01
5.999999999999999778e-01,2.820790205244727566e-01,1.531937748959190659e-01,9.653374644888930156e-01,-4.517176844038839345e-01,1.531937767369667691e-01,9.653368600062713911e-01
6.099999999999999867e-01,2.820790147104443868e-01,1.601528779206392306e-01,9.653374747978804571e-01,-4.517176902193322241e-01,1.601528798351101457e-01,9.653368703645703874e-01
6.199999999999999956e-01,2.820790091569899127e-01,1.670972063723174805e-01,9.653374849360110144e-01,-4.517176957741494969e-01,1.670972083581647172e-01,9.653368805506501449e-01
6.300000000000000044e-01,2.820790038524688681e-01,1.740225389992137717e-01,9.653374949069866151e-01,-4.517177010799788839e-01,1.740225410544221918e-01,9.653368905682301326e-01
6.400000000000000133e-01,2.820789987857552084e-01,1.809246545495545033e-01,9.653375047144028276e-01,-4.517177061479477618e-01,1.809246566721394167e-01,9.653369004209265691e-01
6.500000000000000222e-01,2.820789939462168827e-01,1.877993317715319077e-01,9.653375143617570764e-01,-4.517177109886904574e-01,1.877993339595392386e-01,9.653369101122563078e-01
6.600000000000000311e-01,2.820789893236932411e-01,1.946423494133051046e-01,9.653375238524474211e-01,-4.517177156123701742e-01,1.946423516648124186e-01,9.653369196456360601e-01
6.700000000000000400e-01,2.820789849084744949e-01,2.014494862230004346e-01,9.653375331897753320e-01,-4.517177200286978112e-01,2.014494885361158005e-01,9.653369290243888345e-01
6.800000000000000488e-01,2.820789806912831765e-01,2.082165209487121249e-01,9.653375423769505748e-01,-4.517177242469532783e-01,2.082165233215743927e-01,9.653369382517434927e-01
6.900000000000000577e-01,2.820789766632539330e-01,2.149392323385026504e-01,9.653375514170915439e-01,-4.517177282760033163e-01,2.149392347692817840e-01,9.653369473308389681e-01
7.000000000000000666e-01,2.820789728159168175e-01,2.216133991404028170e-01,9.653375603132294813e-01,-4.517177321243193155e-01,2.216134016272994500e-01,9.653369562647259317e-01
7.099999999999999645e-01,2.820789691411786926e-01,2.282348001024132600e-01,9.653375690683111410e-01,-4.517177357999967446e-01,2.282348026436585853e-01,9.653369650563707882e-01
7.199999999999999734e-01,2.820789656313083538e-01,2.347992139725037231e-01,9.653375776851994550e-01,-4.517177393107683070e-01,2.347992165663595476e-01,9.653369737086577862e-01
7.299999999999999822e-01,2.820789622789184325e-01,2.413024194986143345e-01,9.653375861666788627e-01,-4.517177426640225923e-01,2.413024221433724970e-01,9.653369822243905718e-01
7.399999999999999911e-01,2.820789590769518518e-01,2.477401954286556629e-01,9.653375945154567539e-01,-4.517177458668181211e-01,2.477401981226385885e-01,9.653369906062955197e-01
7.500000000000000000e-01,2.820789560186666711e-01,2.541083205105099108e-01,9.653376027341648014e-01,-4.517177489258982215e-01,2.541083232520691682e-01,9.653369988570247306e-01
7.600000000000000089e-01,2.820789530976223758e-01,2.604025734920295543e-01,9.653376108253637344e-01,-4.517177518477050180e-01,2.604025762795469379e-01,9.653370069791584740e-01
7.700000000000000178e-01,2.820789503076659988e-01,2.666187331210396194e-01,9.653376187915436724e-01,-4.517177546383928655e-01,2.666187359529266221e-01,9.653370149752061868e-01
7.800000000000000266e-01,2.820789476429201859e-01,2.727525781453373765e-01,9.653376266351277879e-01,-4.517177573038402283e-01,2.727525810200340795e-01,9.653370228476105819e-01
7.900000000000000355e-01,2.820789450977704838e-01,2.787998873126924515e-01,9.653376343584733066e-01,-4.517177598496629476e-01,2.787998902286681346e-01,9.653370305987484246e-01
8.000000000000000444e-01,2.820789426668530719e-01,2.847564393708476027e-01,9.653376419638760586e-01,-4.517177622812257876e-01,2.847564423266002454e-01,9.653370382309334197e-01
8.100000000000000533e-01,2.820789403450448818e-01,2.906180130675192208e-01,9.653376494535694796e-01,-4.517177646036530936e-01,2.906180160615753350e-01,9.653370457464193199e-01
8.200000000000000622e-01,2.820789381274519947e-01,2.963803871503966625e-01,9.653376568297292737e-01,-4.517177668218398945e-01,2.963803901813107933e-01,9.653370531473993710e-01
8.300000000000000711e-01,2.820789360093994280e-01,3.020393403671447485e-01,9.653376640944739684e-01,-4.517177689404621721e-01,3.020393434334992522e-01,9.653370604360111962e-01
8.399999999999999689e-01,2.820789339864220868e-01,3.075906514654019874e-01,9.653376712498669132e-01,-4.517177709639858540e-01,3.075906545658066427e-01,9.653370676143362417e-01
8.499999999999999778e-01,2.820789320542547163e-01,3.130300991927815746e-01,9.653376782979191661e-01,-4.517177728966776940e-01,3.130301023258736381e-01,9.653370746844038841e-01
8.599999999999999867e-01,2.820789302088226869e-01,3.183534622968727801e-01,9.653376852405902708e-01,-4.517177747426122658e-01,3.183534654613162651e-01,9.653370816481908756e-01
8.699999999999999956e-01,2.820789284462349999e-01,3.235565195252395609e-01,9.653376920797903660e-01,-4.517177765056827332e-01,3.235565227197252369e-01,9.653370885076266728e-01
8.800000000000000044e-01,2.820789267627738517e-01,3.286350496254226705e-01,9.653376988173812956e-01,-4.517177781896066224e-01,3.286350528486672862e-01,9.653370952645892178e-01
8.900000000000000133e-01,2.820789251548890819e-01,3.335848313449386593e-01,9.653377054551792735e-01,-4.517177797979350928e-01,3.335848345956848315e-01,9.653371019209128212e-01
9.000000000000000222e-01,2.820789236191892924e-01,3.384016434312801525e-01,9.653377119949558827e-01,-4.517177813340607084e-01,3.384016467082967550e-01,9.653371084783863854e-01
9.100000000000000311e-01,2.820789221524354073e-01,3.430812646319176262e-01,9.653377184384397403e-01,-4.517177828012233776e-01,3.430812679339984572e-01,9.653371149387544037e-01
9.200000000000000400e-01,2.820789207515331243e-01,3.476194736942984642e-01,9.653377247873168310e-01,-4.517177842025177914e-01,3.476194770202624684e-01,9.653371213037205134e-01
9.300000000000000488e-01,2.820789194135268629e-01,3.520120493658475125e-01,9.653377310432335046e-01,-4.517177855409001963e-01,3.520120527145377820e-01,9.653371275749472735e-01
9.400000000000000577e-01,2.820789181355946584e-01,3.562547703939678567e-01,9.653377372077966978e-01,-4.517177868191937229e-01,3.562547737642522971e-01,9.653371337540578301e-01
9.500000000000000666e-01,2.820789169150399456e-01,3.603434155260402671e-01,9.653377432825759330e-01,-4.517177880400950474e-01,3.603434189168107094e-01,9.653371398426374705e-01
9.599999999999999645e-01,2.820789157492876176e-01,3.642737635094243642e-01,9.653377492691033179e-01,-4.517177892061801092e-01,3.642737669195958428e-01,9.653371458422356222e-01
9.699999999999999734e-01,2.820789146358780308e-01,3.680415930914583411e-01,9.653377551688770986e-01,-4.517177903199089961e-01,3.680415965199697603e-01,9.653371517543642977e-01
9.799999999999999822e-01,2.820789135724618979e-01,3.716426830194595188e-01,9.653377609833598827e-01,-4.517177913836316061e-01,3.716426864652722095e-01,9.653371575805024252e-01
9.899999999999999911e-01,2.820789125567952360e-01,3.750728120407249011e-01,9.653377667139819707e-01,-4.517177923995925326e-01,3.750728155028232313e-01,9.653371633220957371e-01
1.000000000000000000e+00,2.820789115867349817e-01,3.783277589025304533e-01,9.653377723621419104e-01,-4.517177933699352277e-01,3.783277623799209399e-01,9.653371689805562150e-01
1.010000000000000009e+00,2.820789106602338281e-01,3.814033023521327670e-01,9.653377779292046101e-01,-4.517177942967073867e-01,3.814033058438440205e-01,9.653371745572657536e-01
1.020000000000000018e+00,2.820789097753369501e-01,3.842952211367682835e-01,9.653377834165086657e-01,-4.517177951818648340e-01,3.842952246418502860e-01,9.653371800535759384e-01
1.030000000000000027e+00,2.820789089301765640e-01,3.869992940036539042e-01,9.653377888253602546e-01,-4.517177960272749648e-01,3.869992975211783981e-01,9.653371854708079347e-01
1.040000000000000036e+00,2.820789081229689854e-01,3.895112996999877675e-01,9.653377941570394638e-01,-4.517177968347227401e-01,3.895113032290469235e-01,9.653371908102554855e-01
1.050000000000000044e+00,2.820789073520106882e-01,3.918270169729484165e-01,9.653377994127975148e-01,-4.517177976059115196e-01,3.918270205126552774e-01,9.653371960731838008e-01
1.060000000000000053e+00,2.820789066156746960e-01,3.939422245696959091e-01,9.653378045938592056e-01,-4.517177983424691678e-01,3.939422281191839459e-01,9.653372012608322228e-01
1.070000000000000062e+00,2.820789059124064746e-01,3.958527012373717624e-01,9.653378097014249093e-01,-4.517177990459498860e-01,3.958527047957945411e-01,9.653372063744125597e-01
1.080000000000000071e+00,2.820789052407217112e-01,3.975542257230995080e-01,9.653378147366675766e-01,-4.517177997178390969e-01,3.975542292896300234e-01,9.653372114151128613e-01
1.090000000000000080e+00,2.820789045992027066e-01,3.990425767739844143e-01,9.653378197007379535e-01,-4.517178003595544999e-01,3.990425803478152011e-01,9.653372163840961973e-01
1.100000000000000089e+00,2.820789039864953218e-01,4.003135331371143746e-01,9.653378245947621394e-01,-4.517178009724507337e-01,4.003135367174565640e-01,9.653372212825015453e-01
1.110000000000000098e+00,2.820789034013060914e-01,4.013628735595592412e-01,9.653378294198432519e-01,-4.517178015578214301e-01,4.013628771456434485e-01,9.653372261114445685e-01
1.120000000000000107e+00,2.820789028423997258e-01,4.021863767883724350e-01,9.653378341770626481e-01,-4.517178021169017677e-01,4.021863803794469838e-01,9.653372308720190587e-01
1.130000000000000115e+00,2.820789023085963354e-01,4.027798215705895579e-01,9.653378388674800359e-01,-4.517178026508727462e-01,4.027798251659215900e-01,9.653372355652969361e-01
1.140000000000000124e+00,2.820789017987687664e-01,4.031389866532301691e-01,9.653378434921336959e-01,-4.517178031608614641e-01,4.031389902521038682e-01,9.653372401923285828e-01
1.150000000000000133e+00,2.820789013118409350e-01,4.032596507832968413e-01,9.653378480520412586e-01,-4.517178036479435610e-01,4.032596543850143211e-01,9.653372447541432866e-01
1.159999999999999920e+00,2.820789008467778913e-01,4.032596573087451342e-01,9.653378525482018135e-01,-4.517178041131554300e-01,4.032596609126264386e-01,9.653372492517515724e-01
1.169999999999999929e+00,2.820789004026117985e-01,4.032596637469905709e-01,9.653378569815938004e-01,-4.517178045574647971e-01,4.032596673523715092e-01,9.653372536861437592e-01
1.179999999999999938e+00,2.820788999783975237e-01,4.032596700991996630e-01,9.653378613531773400e-01,-4.517178049818167951e-01,4.032596737054328084e-01,9.653372580582901819e-01
1.189999999999999947e+00,2.820788995732393944e-01,4.032596763665231565e-01,9.653378656638942346e-01,-4.517178053871071519e-01,4.032596799729776804e-01,9.653372623691444110e-01
1.199999999999999956e+00,2.820788991862819839e-01,4.032596825500969207e-01,9.653378699146680786e-01,-4.517178057741921271e-01,4.032596861561580370e-01,9.653372666196412544e-01
1.209999999999999964e+00,2.820788988167078903e-01,4.032596886510408374e-01,9.653378741064065904e-01,-4.517178061438885117e-01,4.032596922561089703e-01,9.653372708106977562e-01
1.219999999999999973e+00,2.820788984637369601e-01,4.032596946704598007e-01,9.653378782399985036e-01,-4.517178064969775697e-01,4.032596982739519165e-01,9.653372749432145294e-01
1.229999999999999982e+00,2.820788981266236228e-01,4.032597006094446601e-01,9.653378823163180078e-01,-4.517178068342042052e-01,4.032597042107922136e-01,9.653372790180747565e-01
1.239999999999999991e+00,2.820788978046561146e-01,4.032597064690709998e-01,9.653378863362221951e-01,-4.517178071562810704e-01,4.032597100677204338e-01,9.653372830361465207e-01
1.250000000000000000e+00,2.820788974971539798e-01,4.032597122504002485e-01,9.653378903005528366e-01,-4.517178074638882879e-01,4.032597158458126607e-01,9.653372869982804749e-01
1.260000000000000009e+00,2.820788972034681263e-01,4.032597179544792354e-01,9.653378942101367155e-01,-4.517178077576753381e-01,4.032597215461302120e-01,9.653372909053139495e-01
1.270000000000000018e+00,2.820788969229782173e-01,4.032597235823410786e-01,9.653378980657851827e-01,-4.517178080382627248e-01,4.032597271697202501e-01,9.653372947580676211e-01
1.280000000000000027e+00,2.820788966550916155e-01,4.032597291350052404e-01,9.653379018682960444e-01,-4.517178083062431959e-01,4.032597327176161706e-01,9.653372985573486220e-01
1.290000000000000036e+00,2.820788963992424958e-01,4.032597346134769167e-01,9.653379056184522300e-01,-4.517178085621829653e-01,4.032597381908366030e-01,9.653373023039487633e-01
1.300000000000000044e+00,2.820788961548903462e-01,4.032597400187480918e-01,9.653379093170235681e-01,-4.517178088066221564e-01,4.032597435903873540e-01,9.653373059986467553e-01
1.310000000000000053e+00,2.820788959215190239e-01,4.032597453517979824e-01,9.653379129647650103e-01,-4.517178090400773005e-01,4.032597489172599636e-01,9.653373096422077637e-01
1.320000000000000062e+00,2.820788956986355900e-01,4.032597506135917054e-01,9.653379165624209612e-01,-4.517178092630417252e-01,4.032597541724330381e-01,9.653373132353828545e-01
1.330000000000000071e+00,2.820788954857689768e-01,4.032597558050821096e-01,9.653379201107205043e-01,-4.517178094759861651e-01,4.032597593568719163e-01,9.653373167789112141e-01
1.340000000000000080e+00,2.820788952824692664e-01,4.032597609272091654e-01,9.653379236103817318e-01,-4.517178096793609821e-01,4.032597644715286700e-01,9.653373202735183733e-01
1.350000000000000089e+00,2.820788950883071911e-01,4.032597659809001311e-01,9.653379270621103014e-01,-4.517178098735955549e-01,4.032597695173429919e-01,9.653373237199182055e-01
1.360000000000000098e+00,2.820788949028721904e-01,4.032597709670700525e-01,9.653379304665988814e-01,-4.517178100591004442e-01,4.032597744952415297e-01,9.653373271188119276e-01
1.370000000000000107e+00,2.820788947257725221e-01,4.032597758866215409e-01,9.653379338245300367e-01,-4.517178102362677250e-01,4.032597794061387186e-01,9.653373304708897651e-01
1.380000000000000115e+00,2.820788945566340966e-01,4.032597807404448287e-01,9.653379371365740091e-01,-4.517178104054715426e-01,4.032597842509365593e-01,9.653373337768295093e-01
1.390000000000000124e+00,2.820788943950987004e-01,4.032597855294193234e-01,9.653379404033904931e-01,-4.517178105670697774e-01,4.032597890305248400e-01,9.653373370372984041e-01
1.400000000000000133e+00,2.820788942408257727e-01,4.032597902544109436e-01,9.653379436256270818e-01,-4.517178107214035454e-01,4.032597937457814696e-01,9.653373402529515923e-01
1.409999999999999920e+00,2.820788940934885192e-01,4.032597949162757267e-01,9.653379468039224864e-01,-4.517178108687989191e-01,4.032597983975723110e-01,9.653373434244350015e-01
1.419999999999999929e+00,2.820788939527761330e-01,4.032597995158569426e-01,9.653379499389036500e-01,-4.517178110095682597e-01,4.032598029867520140e-01,9.653373465523825692e-01
1.429999999999999938e+00,2.820788938183904082e-01,4.032598040539875361e-01,9.653379530311876344e-01,-4.517178111440084409e-01,4.032598075141631822e-01,9.653373496374183516e-01
1.439999999999999947e+00,2.820788936900475719e-01,4.032598085314885727e-01,9.653379560813813987e-01,-4.517178112724040129e-01,4.032598119806375947e-01,9.653373526801569682e-01
1.449999999999999956e+00,2.820788935674763964e-01,4.032598129491703487e-01,9.653379590900833529e-01,-4.517178113950264806e-01,4.032598163869954289e-01,9.653373556812024914e-01
1.459999999999999964e+00,2.820788934504174228e-01,4.032598173078325021e-01,9.653379620578804721e-01,-4.517178115121348592e-01,4.032598207340458152e-01,9.653373586411488905e-01
1.469999999999999973e+00,2.820788933386230712e-01,4.032598216082641240e-01,9.653379649853517375e-01,-4.517178116239763952e-01,4.032598250225872261e-01,9.653373615605813640e-01
1.479999999999999982e+00,2.820759965263692215e-01,4.032706801479213898e-01,9.653457437106789385e-01,-4.516966350572571010e-01,4.030572544649180800e-01,9.651560173230231410e-01
1.489999999999999991e+00,2.820743653392652761e-01,4.032836488495747940e-01,9.653549393456480887e-01,-4.516253149802413325e-01,4.026669522192700135e-01,9.648003792623762731e-01
1.500000000000000000e+00,2.820782823935755190e-01,4.032886628049389133e-01,9.653575550979933695e-01,-4.514728370522086975e-01,4.022389961668649816e-01,9.643444015856418305e-01
1.510000000000000009e+00,2.820891762609835651e-01,4.032836499508692940e-01,9.653519130587024932e-01,-4.512029125900014481e-01,4.018679871705137518e-01,9.638266207305018485e-01
1.520000000000000018e+00,2.821064322087682985e-01,4.032702336158997536e-01,9.653391506253037324e-01,-4.507809759198161959e-01,4.016093518411475438e-01,9.632651337984575735e-01
1.530000000000000027e+00,2.821282640835554578e-01,4.032515815425249395e-01,9.653217639996042321e-01,-4.501783019882980019e-01,4.014910083023973675e-01,9.626658151040112799e-01
1.540000000000000036e+00,2.821524075480633664e-01,4.032309403394548353e-01,9.653024554202299656e-01,-4.493740067747039046e-01,4.015226804503448932e-01,9.620284627305658587e-01
1.550000000000000044e+00,2.821766154062076981e-01,4.032109705521451648e-01,9.652835329423536948e-01,-4.483557013368342781e-01,4.017026339479542463e-01,9.613509429240414406e-01
1.560000000000000053e+00,2.821989450772229846e-01,4.031935585837441716e-01,9.652667108350524439e-01,-4.471192888917202013e-01,4.020217650175980095e-01,9.606313011305916971e-01
1.570000000000000062e+00,2.822178937594101988e-01,4.031798307306765916e-01,9.652530931233236355e-01,-4.456682218052224198e-01,4.024667192507871971e-01,9.598690968000054280e-01
1.580000000000000071e+00,2.822323975026551079e-01,4.031702806221743596e-01,9.652432710027710749e-01,-4.440125137217147966e-01,4.030219550719108534e-01,9.590659933481555655e-01
1.590000000000000080e+00,2.822418387850414434e-01,4.031649373028539651e-01,9.652374096826576988e-01,-4.421676544430245270e-01,4.036710723158573044e-01,9.582258630369155927e-01
1.600000000000000089e+00,2.822459952445076636e-01,4.031635212784658862e-01,9.652353729023797069e-01,-4.401535597753502560e-01,4.043976262254257437e-01,9.573545982512289276e-01
1.610000000000000098e+00,2.822449985368124525e-01,4.031653449878051521e-01,9.652366859749769157e-01,-4.379936054839210224e-01,4.051856143454032888e-01,9.564597737934248389e-01
1.620000000000000107e+00,2.822394465903796390e-01,4.031697828575901976e-01,9.652407952946363556e-01,-4.357137948547660233e-01,4.060196983731927944e-01,9.555502202299490655e-01
1.630000000000000115e+00,2.822297214538245780e-01,4.031764974272661894e-01,9.652473598916332387e-01,-4.333420990339565404e-01,4.068853084851086210e-01,9.546356112886715817e-01
1.640000000000000124e+00,2.822162435372864153e-01,4.031851002664496586e-01,9.652560515556743992e-01,-4.309078341518985944e-01,4.077687135490681847e-01,9.537261052539341977e-01
1.650000000000000133e+00,2.821995165010360296e-01,4.031952013835397031e-01,9.652665254722844201e-01,-4.284412083502445179e-01,4.086570043905282668e-01,9.528320209507507021e-01
1.660000000000000142e+00,2.821802131577340611e-01,4.032062642859663981e-01,9.652782853959648302e-01,-4.259728205715900828e-01,4.095384025203254730e-01,9.519637854485660799e-01
1.669999999999999929e+00,2.821588406470768584e-01,4.032180496558621097e-01,9.652910537699649351e-01,-4.235337429041645119e-01,4.104013981358279328e-01,9.511312816773279666e-01
1.679999999999999938e+00,2.821357847925515250e-01,4.032304249487406178e-01,9.653046539219627409e-01,-4.211552512516181235e-01,4.112349434329681808e-01,9.503438367986711821e-01
1.689999999999999947e+00,2.821114139920479769e-01,4.032432542420771870e-01,9.653189062322856673e-01,-4.188685717061428893e-01,4.120286534488561414e-01,9.496103304755888486e-01
1.699999999999999956e+00,2.820860579635302567e-01,4.032564167552615819e-01,9.653335884551813573e-01,-4.167048228507589380e-01,4.127726873445418665e-01,9.489391554251211947e-01
1.709999999999999964e+00,2.820599990124510459e-01,4.032698095534719140e-01,9.653485179204505107e-01,-4.146949900593606686e-01,4.134576344701645367e-01,9.483382343263215830e-01
1.719999999999999973e+00,2.820334672838861745e-01,4.032833500242120062e-01,9.653635925981756127e-01,-4.128700941312223316e-01,4.140743872000965942e-01,9.478151642373223718e-01
1.729999999999999982e+00,2.820066246132795773e-01,4.032969746767981478e-01,9.653787535384354968e-01,-4.112608364052980359e-01,4.146140500710105425e-01,9.473771099989274358e-01
1.739999999999999991e+00,2.819802012084546838e-01,4.033102695469221177e-01,9.653936140648577968e-01,-4.098938459587986860e-01,4.150687176493395580e-01,9.470180015677253094e-01
1.750000000000000000e+00,2.819577386543606901e-01,4.033211914590859037e-01,9.654061190570017992e-01,-4.087612442737955654e-01,4.154423294012976609e-01,9.466963171224486162e-01
1.760000000000000009e+00,2.819435645153107184e-01,4.033273792535306823e-01,9.654136769705631282e-01,-4.078113892937503815e-01,4.157552535144269923e-01,9.463786654804425824e-01
1.770000000000000018e+00,2.819402311246985149e-01,4.033278211464223495e-01,9.654148922393148702e-01,-4.069718428731154414e-01,4.160343626234632719e-01,9.460445003007109666e-01
1.780000000000000027e+00,2.819482934865473189e-01,4.033225558301215541e-01,9.654096543807637598e-01,-4.061666650449491378e-01,4.163058305523446023e-01,9.456812571051791405e-01
1.790000000000000036e+00,2.819667212788596888e-01,4.033121935008359138e-01,9.653986112456489632e-01,-4.053265041984545070e-01,4.165924250570088305e-01,9.452820363070263410e-01
1.800000000000000044e+00,2.819933355636100036e-01,4.032980304389435777e-01,9.653831077114616299e-01,-4.043940937508713196e-01,4.169116488076339833e-01,9.448436898504050108e-01
1.810000000000000053e+00,2.820252504644493174e-01,4.032816724591349322e-01,9.653649304314927404e-01,-4.033265022459756044e-01,4.172753340713442061e-01,9.443657321418539308e-01
1.820000000000000062e+00,2.820593914694768389e-01,4.032647242176436442e-01,9.653458435681422367e-01,-4.020951680159353669e-01,4.176901138160586946e-01,9.438497893824830953e-01
1.830000000000000071e+00,2.820929167660352621e-01,4.032485810287536609e-01,9.653274151283608440e-01,-4.006847340776116262e-01,4.181581958770412832e-01,9.432992307038526869e-01
1.840000000000000080e+00,2.821234728436311512e-01,4.032343250569573323e-01,9.653108989037670895e-01,-3.990912917125359893e-01,4.186782268410370600e-01,9.427188666941965778e-01
1.850000000000000089e+00,2.821493121845635166e-01,4.032226975729379381e-01,9.652971865632374859e-01,-3.973204248001625527e-01,4.192461264985315461e-01,9.421146622002086746e-01
1.860000000000000098e+00,2.821693077907747593e-01,4.032141203217782244e-01,9.652868171225522653e-01,-3.953852956571103916e-01,4.198558320536299737e-01,9.414934468669677869e-01
1.870000000000000107e+00,2.821829073944875366e-01,4.032087449528131140e-01,9.652800161157016889e-01,-3.933049077891138112e-01,4.204999274497008832e-01,9.408626261032171367e-01
1.880000000000000115e+00,2.821900689180107391e-01,4.032065124199850636e-01,9.652767413101602800e-01,-3.911026058715209586e-01,4.211701559296988640e-01,9.402299034674752587e-01
1.890000000000000124e+00,2.821913021694374413e-01,4.032069178307507995e-01,9.652765796353112160e-01,-3.888048146283508144e-01,4.218578402771721580e-01,9.396030366510421672e-01
1.900000000000000133e+00,2.821872411588235430e-01,4.032096679575564169e-01,9.652792315648112131e-01,-3.864401035781368510e-01,4.225541430815481503e-01,9.389895894045436897e-01
1.910000000000000142e+00,2.821783464958617094e-01,4.032145659731239395e-01,9.652844601547552195e-01,-3.840383991252801499e-01,4.232503643856938003e-01,9.383967922711101695e-01
1.919999999999999929e+00,2.821653657899542145e-01,4.032211663783526467e-01,9.652917991906392325e-01,-3.816302089971836398e-01,4.239383936611421655e-01,9.378315997422213002e-01
1.929999999999999938e+00,2.821489427990400145e-01,4.032292839380341998e-01,9.653009734722128865e-01,-3.792466043386448771e-01,4.246099544901001943e-01,9.373000440699876812e-01
1.939999999999999947e+00,2.821296638416635472e-01,4.032387163780441486e-01,9.653117136335719328e-01,-3.769187905810932882e-01,4.252571646422315665e-01,9.368074941209795226e-01
1.949999999999999956e+00,2.821081096414245759e-01,4.032492327779406693e-01,9.653237310976252594e-01,-3.746778193924113487e-01,4.258726618473130943e-01,9.363587285189146625e-01
1.959999999999999964e+00,2.820848157791586708e-01,4.032606063941838737e-01,9.653367203496202587e-01,-3.725545008995933549e-01,4.264495571805256846e-01,9.359579489658180762e-01
1.969999999999999973e+00,2.820602503184732046e-01,4.032726317859536280e-01,9.653503811313662863e-01,-3.705793711580970262e-01,4.269813676886204945e-01,9.356088375115757527e-01
1.979999999999999982e+00,2.820348050556887309e-01,4.032851316122986196e-01,9.653645045549740233e-01,-3.687828197571536015e-01,4.274619179491693233e-01,9.353146977247785987e-01
1.989999999999999991e+00,2.820087801466381050e-01,4.032979616611609974e-01,9.653789404805529495e-01,-3.671949580381787537e-01,4.278852572272064947e-01,9.350784894147791126e-01
2.000000000000000000e+00,2.819829891230455354e-01,4.033106766859142489e-01,9.653932605878998707e-01,-3.658438802211636531e-01,4.282434531751623807e-01,9.348911287306693740e-01
2.010000000000000231e+00,2.819609036890247666e-01,4.033213152299554571e-01,9.654054835072644059e-01,-3.647291609556100322e-01,4.285310603721170231e-01,9.347139669164312714e-01
2.020000000000000018e+00,2.819467765584064423e-01,4.033275288817514403e-01,9.654130363065777098e-01,-3.638045845800194078e-01,4.287589631473247564e-01,9.345207067957754798e-01
2.030000000000000249e+00,2.819431510556220655e-01,4.033281947444206095e-01,9.654144709716039330e-01,-3.629998897985460271e-01,4.289471711064782311e-01,9.342995412921335507e-01
2.040000000000000036e+00,2.819506439102404949e-01,4.033232949741720752e-01,9.654096319121950875e-01,-3.622393029912671647e-01,4.291173783831948030e-01,9.340469094240356762e-01
2.049999999999999822e+00,2.819682889941884096e-01,4.033133651942099052e-01,9.653990988362571857e-01,-3.614525064084257999e-01,4.292895415907883594e-01,9.337640255172756643e-01
2.060000000000000053e+00,2.819940176374107765e-01,4.032995864314112278e-01,9.653840753692610743e-01,-3.605806747072669571e-01,4.294799171167597018e-01,9.334546272626740304e-01
2.069999999999999840e+00,2.820250413922590904e-01,4.032834930589526690e-01,9.653662646243299505e-01,-3.595791886335901189e-01,4.297000930978991939e-01,9.331234990440295807e-01
2.080000000000000071e+00,2.820583623719548072e-01,4.032666605252411274e-01,9.653474248320738083e-01,-3.584179197537530892e-01,4.299571289111294159e-01,9.327758610805558792e-01
2.089999999999999858e+00,2.820911878074307544e-01,4.032504910090629058e-01,9.653291231881596657e-01,-3.570801912923824428e-01,4.302540912634326142e-01,9.324170869894259361e-01
2.100000000000000089e+00,2.821211883397177211e-01,4.032360956447976208e-01,9.653126269312599650e-01,-3.555610588304072284e-01,4.305907619161227773e-01,9.320525725711127363e-01
2.109999999999999876e+00,2.821466217873152549e-01,4.032242541137747160e-01,9.652988528888338804e-01,-3.538653351939816671e-01,4.309643798491932243e-01,9.316876574839939584e-01
2.120000000000000107e+00,2.821663539969651024e-01,4.032154266316543278e-01,9.652883702660103316e-01,-3.520056241897761007e-01,4.313703392520306101e-01,9.313275521209144481e-01
2.129999999999999893e+00,2.821798147801635737e-01,4.032097972656806251e-01,9.652814330547851984e-01,-3.500005183083284566e-01,4.318028027348774223e-01,9.309772535707083740e-01
2.140000000000000124e+00,2.821869397051385842e-01,4.032073281175841961e-01,9.652780237640490313e-01,-3.478730339759059098e-01,4.322552146824647501e-01,9.306414499173667476e-01
2.149999999999999911e+00,2.821882478200560262e-01,4.032075243903128769e-01,9.652777193435947423e-01,-3.456492858332034790e-01,4.327207273708584268e-01,9.303244302788917786e-01
2.160000000000000142e+00,2.821843503867861314e-01,4.032101044686115521e-01,9.652802286731655412e-01,-3.433575116701893526e-01,4.331924816214789420e-01,9.300299641901483838e-01
2.169999999999999929e+00,2.821756952310631172e-01,4.032148687486993843e-01,9.652853143767116118e-01,-3.410272399900790563e-01,4.336639074689204731e-01,9.297612610363333863e-01
2.180000000000000160e+00,2.821630248614742653e-01,4.032213564625251601e-01,9.652924982559581979e-01,-3.386884784501592582e-01,4.341291464901304575e-01,9.295210997177938417e-01
2.189999999999999947e+00,2.821469817926892665e-01,4.032293605760611244e-01,9.653014895551500496e-01,-3.363717065373164616e-01,4.345823768329447612e-01,9.293112531670302268e-01
2.200000000000000178e+00,2.821281526394415207e-01,4.032386666806915265e-01,9.653120106540764578e-01,-3.341074297979769181e-01,4.350183274289439739e-01,9.291327780707280271e-01
2.209999999999999964e+00,2.821071184069603444e-01,4.032490330195702133e-01,9.653237661811731041e-01,-3.319258900154671288e-01,4.354323825414549987e-01,9.289861182203187351e-01
2.220000000000000195e+00,2.820844152750281442e-01,4.032602225216291858e-01,9.653364735417507836e-01,-3.298569839248375324e-01,4.358205274223422854e-01,9.288711392940605105e-01
2.229999999999999982e+00,2.820605110360414058e-01,4.032720228611448854e-01,9.653498508139480849e-01,-3.279302395633039713e-01,4.361792686153886933e-01,9.287872000497415792e-01
2.240000000000000213e+00,2.820357948144273652e-01,4.032842541242889767e-01,9.653636519823057816e-01,-3.261748985713270876e-01,4.365055236102243219e-01,9.287332766779929916e-01
2.250000000000000000e+00,2.820105707750115709e-01,4.032967721632416125e-01,9.653777138770039956e-01,-3.246200499309085941e-01,4.367965021543843696e-01,9.287080977931322368e-01
2.260000000000000231e+00,2.819856174022463691e-01,4.033091707763433731e-01,9.653916422577443202e-01,-3.232947647792656087e-01,4.370445240095582329e-01,9.286999319047873902e-01
2.270000000000000018e+00,2.819642127289542222e-01,4.033196438619653934e-01,9.654036007684499987e-01,-3.222057826957355764e-01,4.372348734111146662e-01,9.286743329204000252e-01
2.280000000000000249e+00,2.819504295750409617e-01,4.033259478918386209e-01,9.654111245203805813e-01,-3.213126483519034293e-01,4.373686586796322051e-01,9.286129591092511237e-01
2.290000000000000036e+00,2.819467365151548943e-01,4.033269613707606283e-01,9.654128103796623117e-01,-3.205480094488006304e-01,4.374583931101377887e-01,9.285130807490290517e-01
2.300000000000000266e+00,2.819537492819194080e-01,4.033225611062696281e-01,9.654084388070736100e-01,-3.198370235092076186e-01,4.375205171762444056e-01,9.283801591616723803e-01
2.310000000000000053e+00,2.819705616626153599e-01,4.033132538878195228e-01,9.653985510121981806e-01,-3.191091039005204411e-01,4.375714575486263636e-01,9.282234325431277799e-01
2.319999999999999840e+00,2.819952365374151504e-01,4.033001164020873497e-01,9.653842454229155656e-01,-3.183043983580626790e-01,4.376254963299249789e-01,9.280533198394761429e-01
2.330000000000000071e+00,2.820251117891492409e-01,4.032846047098157527e-01,9.653671075103366084e-01,-3.173769547769214050e-01,4.376933992315262256e-01,9.278796752356706090e-01
2.339999999999999858e+00,2.820573018086577899e-01,4.032682436680734561e-01,9.653488296782248845e-01,-3.162952676094002991e-01,4.377822470754129114e-01,9.277111395682429151e-01
2.350000000000000089e+00,2.820891007058242139e-01,4.032524118591738760e-01,9.653309719497019659e-01,-3.150413914291130268e-01,4.378957320033556866e-01,9.275549499449540214e-01
2.359999999999999876e+00,2.821182364586459768e-01,4.032382203343677363e-01,9.653147969744446666e-01,-3.136092909124602035e-01,4.380346903409911286e-01,9.274169748563441118e-01
2.370000000000000107e+00,2.821429977003034328e-01,4.032264632407654981e-01,9.653012262429279122e-01,-3.120028764346794992e-01,4.381977263984456750e-01,9.273018377335136009e-01
2.379999999999999893e+00,2.821622603026905929e-01,4.032176219414580487e-01,9.652908457501876427e-01,-3.102340125851902330e-01,4.383818358443726249e-01,9.272130529883156891e-01
2.390000000000000124e+00,2.821754468776255798e-01,4.032119028136668670e-01,9.652839308358863724e-01,-3.083206674175617557e-01,4.385829758681629165e-01,9.271531407230367838e-01
2.399999999999999911e+00,2.821824714498395448e-01,4.032092860310294014e-01,9.652804732088554607e-01,-3.062853010545967813e-01,4.387965567273867662e-01,9.271237098852996850e-01
2.410000000000000142e+00,2.821838503479870974e-01,4.032092898944433235e-01,9.652800398725683850e-01,-3.041534848472178809e-01,4.390178541504473064e-01,9.271255194736024441e-01
2.419999999999999929e+00,2.821801803547901444e-01,4.032116497007877109e-01,9.652823538411479110e-01,-3.019528891045843988e-01,4.392422978271391387e-01,9.271584860076732548e-01
2.430000000000000160e+00,2.821718906398430482e-01,4.032161723899697625e-01,9.652871885769531701e-01,-2.997124130742913062e-01,4.394657656168169391e-01,9.272217429663662802e-01
2.439999999999999947e+00,2.821597080957061743e-01,4.032223933169650776e-01,9.652940657634156985e-01,-2.974613463109980760e-01,4.396849569537633617e-01,9.273138349981011608e-01
2.450000000000000178e+00,2.821442603013948891e-01,4.032300946870313041e-01,9.653026906996681200e-01,-2.952293600862027634e-01,4.398968059774084893e-01,9.274322240734524936e-01
2.459999999999999964e+00,2.821261251202586973e-01,4.032390605939896178e-01,9.653127872352479377e-01,-2.930460438337674778e-01,4.400989539484838620e-01,9.275736161818899372e-01
2.470000000000000195e+00,2.821058758667659427e-01,4.032490479142838424e-01,9.653240615920983814e-01,-2.909406203199652596e-01,4.402898224380402126e-01,9.277340871021512170e-01
2.479999999999999982e+00,2.820840418897992419e-01,4.032598186533307705e-01,9.653362329962078547e-01,-2.889418669058586020e-01,4.404685504750942004e-01,9.279091383463794473e-01
2.490000000000000213e+00,2.820610853091942705e-01,4.032711585963874024e-01,9.653490516318488091e-01,-2.870781084305976671e-01,4.406349038698137988e-01,9.280937836771697702e-01
2.500000000000000000e+00,2.820373898461795426e-01,4.032828873806246772e-01,9.653623009576680625e-01,-2.853772489855478378e-01,4.407891569136728194e-01,9.282826615395184389e-01
2.510000000000000231e+00,2.820132545974470828e-01,4.032948656063402026e-01,9.653757837648556661e-01,-2.838670956770799614e-01,4.409319307474892091e-01,9.284702302954749298e-01
2.520000000000000018e+00,2.819894053833126857e-01,4.033067321435329089e-01,9.653891279079587218e-01,-2.825773840226469824e-01,4.410561167241781044e-01,9.286424304103921834e-01
2.530000000000000249e+00,2.819689092844467893e-01,4.033168465503639277e-01,9.654006372957738558e-01,-2.815216531493739960e-01,4.411380265905416875e-01,9.287701439272090242e-01
2.540000000000000036e+00,2.819556141443088637e-01,4.033230926375656611e-01,9.654079957417864843e-01,-2.806655231363652248e-01,4.411689164835153609e-01,9.288436594837077287e-01
2.550000000000000266e+00,2.819518948682968040e-01,4.033243461945709152e-01,9.654098481443815771e-01,-2.799451910024061685e-01,4.411533653796691490e-01,9.288694727383719485e-01
2.560000000000000053e+00,2.819583329826695350e-01,4.033204556348742864e-01,9.654059689824755486e-01,-2.792875070774690216e-01,4.411018942629316708e-01,9.288619080611876244e-01
2.569999999999999840e+00,2.819741108782088945e-01,4.033118781695838040e-01,9.653968388625784325e-01,-2.786222961983612079e-01,4.410266625367726401e-01,9.288379211630408694e-01
2.580000000000000071e+00,2.819974414185122957e-01,4.032995747399493180e-01,9.653834434451639135e-01,-2.778892599210329717e-01,4.409392458719424979e-01,9.288142513522011923e-01
2.589999999999999858e+00,2.820258176954056895e-01,4.032849019645513011e-01,9.653672619144015865e-01,-2.770415356228212445e-01,4.408489615942850492e-01,9.288054844301912860e-01
2.600000000000000089e+00,2.820564981692672557e-01,4.032693088817879690e-01,9.653498955818761162e-01,-2.760465040024773775e-01,4.407624304987061703e-01,9.288233944248623919e-01
2.609999999999999876e+00,2.820868939156658262e-01,4.032541245762665816e-01,9.653328309671832530e-01,-2.748850741003466269e-01,4.406836475519742002e-01,9.288768553651669535e-01
2.620000000000000107e+00,2.821148173664558279e-01,4.032404334871027007e-01,9.653172989394260828e-01,-2.735501287025398631e-01,4.406143345089323926e-01,9.289720408592970768e-01
2.629999999999999893e+00,2.821386092243790000e-01,4.032290222441591299e-01,9.653042099527882058e-01,-2.720445978049557678e-01,4.405544268424089749e-01,9.291127410887596305e-01
2.640000000000000124e+00,2.821571696962286158e-01,4.032203780631383183e-01,9.652941458721947532e-01,-2.703794671341803180e-01,4.405025983435944537e-01,9.293006987001827257e-01
2.649999999999999911e+00,2.821699231472179492e-01,4.032147203883302278e-01,9.652873886409888415e-01,-2.685719017681886256e-01,4.404567620716601795e-01,9.295359112717330730e-01
2.660000000000000142e+00,2.821767628892793978e-01,4.032120433987168573e-01,9.652839462388476122e-01,-2.666435997801852031e-01,4.404145159852335123e-01,9.298168864170631709e-01
2.669999999999999929e+00,2.821781947333718010e-01,4.032118797640462105e-01,9.652833893627738027e-01,-2.646193725614701120e-01,4.403735204377910994e-01,9.301408477414215836e-01
2.680000000000000160e+00,2.821748002523443155e-01,4.032139895204244207e-01,9.652854545025222333e-01,-2.625261020335465378e-01,4.403317775448465365e-01,9.305038665128486652e-01
2.689999999999999947e+00,2.821669829888503456e-01,4.032181988696260100e-01,9.652899448256047066e-01,-2.603918390264163829e-01,4.402879139572593026e-01,9.309010237899096873e-01
2.700000000000000178e+00,2.821554427964804157e-01,4.032240403534900763e-01,9.652963861843645299e-01,-2.582449467201366478e-01,4.402414637525584040e-01,9.313266445133087101e-01
2.709999999999999964e+00,2.821407844190046421e-01,4.032312972379966665e-01,9.653044899569682702e-01,-2.561140759167309655e-01,4.401923961041833144e-01,9.317739113782552707e-01
2.720000000000000195e+00,2.821235674253344539e-01,4.032397623290851496e-01,9.653139904724816756e-01,-2.540276963800019439e-01,4.401415400302091108e-01,9.322352249204954866e-01
2.729999999999999982e+00,2.821043489926357006e-01,4.032491999992143250e-01,9.653246032747350158e-01,-2.520138148733358507e-01,4.400906148436096732e-01,9.327023431360663697e-01
2.740000000000000213e+00,2.820836445096157052e-01,4.032593785016021504e-01,9.653360556253467450e-01,-2.500999020747591839e-01,4.400421580465624927e-01,9.331664589337187454e-01
2.750000000000000000e+00,2.820619040105361575e-01,4.032700888968216435e-01,9.653481046559158063e-01,-2.483128922120277360e-01,4.399994247050516560e-01,9.336182983687866255e-01
2.760000000000000231e+00,2.820395006092069057e-01,4.032811552030535762e-01,9.653605469289636698e-01,-2.466792242086980891e-01,4.399662565259965241e-01,9.340482399910829958e-01
2.770000000000000018e+00,2.820167263362894916e-01,4.032924397728822608e-01,9.653732228851148456e-01,-2.452250652055271984e-01,4.399469109893869301e-01,9.344464874441722468e-01
2.780000000000000249e+00,2.819942447037503963e-01,4.033036295255222337e-01,9.653857961061640403e-01,-2.439806020979849444e-01,4.399351447378653246e-01,9.347970259387742287e-01
2.790000000000000036e+00,2.819748749863093540e-01,4.033132550701798436e-01,9.653967000153663713e-01,-2.429655874186152920e-01,4.398988085537218762e-01,9.350770007052070509e-01
2.800000000000000266e+00,2.819622074485155228e-01,4.033193399032702908e-01,9.654037917994778839e-01,-2.421517649001432293e-01,4.398194335665688848e-01,9.352858512235336930e-01
2.810000000000000053e+00,2.819585015155824381e-01,4.033207513350641205e-01,9.654057545666399065e-01,-2.414793965485498850e-01,4.396933934764734042e-01,9.354393323491536627e-01
2.819999999999999840e+00,2.819643005161565630e-01,4.033173347271080678e-01,9.654023688841683049e-01,-2.408776935680403686e-01,4.395247508940446357e-01,9.355603655354485237e-01
2.830000000000000071e+00,2.819788790465749817e-01,4.033095286763926923e-01,9.653940708882234878e-01,-2.402775942321934699e-01,4.393207182533817035e-01,9.356732059040133720e-01
2.839999999999999858e+00,2.820006152406660527e-01,4.032981750418597744e-01,9.653817283793114656e-01,-2.396189750107129701e-01,4.390894427547017420e-01,9.358004399095209980e-01
2.850000000000000089e+00,2.820271822663077410e-01,4.032845117993369422e-01,9.653666957977301566e-01,-2.388545572249124171e-01,4.388381582075226439e-01,9.359609611614327918e-01
2.859999999999999876e+00,2.820560109288802186e-01,4.032698906060124822e-01,9.653504639812090504e-01,-2.379509622926304357e-01,4.385725111139005539e-01,9.361693213010403580e-01
2.870000000000000107e+00,2.820846573971197979e-01,4.032555692472551967e-01,9.653344340307614679e-01,-2.368881708206369008e-01,4.382964297524123420e-01,9.364357575434318903e-01
2.879999999999999893e+00,2.821110433044442534e-01,4.032425866566418104e-01,9.653197781721976067e-01,-2.356580796044180082e-01,4.380122990290088447e-01,9.367665564059772798e-01
2.890000000000000124e+00,2.821335815733477803e-01,4.032317062427994148e-01,9.653073726955860856e-01,-2.342626344681963402e-01,4.377212982578074785e-01,9.371645559804346881e-01
2.899999999999999911e+00,2.821512113889662610e-01,4.032234093913549255e-01,9.652977854199825680e-01,-2.327118589486925904e-01,4.374238056435920674e-01,9.376296690156146196e-01
2.910000000000000142e+00,2.821633686143013020e-01,4.032179217452599440e-01,9.652912998757260388e-01,-2.310219784978915503e-01,4.371198067716252633e-01,9.381593639015544106e-01
2.919999999999999929e+00,2.821699295713969158e-01,4.032152488850281324e-01,9.652879406834381504e-01,-2.292137518913316407e-01,4.368092689178155741e-01,9.387490765198355236e-01
2.930000000000000160e+00,2.821713851872972856e-01,4.032149390768282604e-01,9.652872890032165865e-01,-2.273110282279302008e-01,4.364924612155833827e-01,9.393925538118438334e-01
2.939999999999999947e+00,2.821682931558717744e-01,4.032167823736660384e-01,9.652890921436282357e-01,-2.253396868375034667e-01,4.361702068304235125e-01,9.400821035298534412e-01
2.950000000000000178e+00,2.821610354135054011e-01,4.032206405021768192e-01,9.652931958322465977e-01,-2.233267126122195911e-01,4.358441651195883448e-01,9.408088694445089217e-01
2.959999999999999964e+00,2.821502725141896706e-01,4.032260269513699424e-01,9.652991238457162559e-01,-2.212993282907785020e-01,4.355169183626108609e-01,9.415630375755651427e-01
2.970000000000000195e+00,2.821365771114182075e-01,4.032327469690452082e-01,9.653066098279483587e-01,-2.192849527031030255e-01,4.351917213664566186e-01,9.423336357314051615e-01
2.979999999999999982e+00,2.821204817912171259e-01,4.032406095823079517e-01,9.653154054933249517e-01,-2.173107292491467668e-01,4.348728275435457813e-01,9.431088944534739005e-01
2.990000000000000213e+00,2.821025196518691103e-01,4.032493930116868852e-01,9.653252416992176288e-01,-2.154032526874409825e-01,4.345654710653561459e-01,9.438763945501453811e-01
3.000000000000000000e+00,2.820831852315788812e-01,4.032588770238517695e-01,9.653358587918712264e-01,-2.135884947762642094e-01,4.342757824448761905e-01,9.446231620454397238e-01
3.010000000000000231e+00,2.820629106828110855e-01,4.032688621674380136e-01,9.653470249659268365e-01,-2.118918118225733005e-01,4.340106793184650424e-01,9.453357795812596942e-01
3.020000000000000018e+00,2.820420537295230123e-01,4.032791801180697355e-01,9.653585460175466704e-01,-2.103379956224945002e-01,4.337777257947117993e-01,9.460005101418098583e-01
3.030000000000000249e+00,2.820208939746000620e-01,4.032896981476092879e-01,9.653702691440871897e-01,-2.089514162665258579e-01,4.335849595425880221e-01,9.466034523028604708e-01
3.040000000000000036e+00,2.820000266371855968e-01,4.033001463699096845e-01,9.653819070074154407e-01,-2.077622177490756339e-01,4.334273196069044487e-01,9.471269608437011822e-01
3.050000000000000266e+00,2.819819890420428576e-01,4.033092214639157902e-01,9.653920863413261166e-01,-2.067956834581896330e-01,4.332649142944579035e-01,9.475552018916132413e-01
3.060000000000000053e+00,2.819700823189017491e-01,4.033150925351646210e-01,9.653988383037654941e-01,-2.060295557169393998e-01,4.330698951882612224e-01,9.478970835029447706e-01
3.070000000000000284e+00,2.819664166373782588e-01,4.033166753463742760e-01,9.654009186337804138e-01,-2.054085509020203149e-01,4.328303154235556005e-01,9.481774837406946599e-01
3.080000000000000071e+00,2.819690780936683350e-01,4.033146268374760424e-01,9.653991308668349314e-01,-2.049129963115113584e-01,4.325846191416504727e-01,9.484325115933727179e-01
3.089999999999999858e+00,2.819714685514356778e-01,4.033116142770299950e-01,9.653967495295330270e-01,-2.046117616133813766e-01,4.324703913887589790e-01,9.487377618304375648e-01
3.100000000000000089e+00,2.819743974954901922e-01,4.033076921861878383e-01,9.653936348331982886e-01,-2.044034125432469817e-01,4.324634451100181076e-01,9.491204036908726938e-01
3.109999999999999876e+00,2.819779350119672179e-01,4.033030320439876526e-01,9.653898708191840372e-01,-2.042109414183271021e-01,4.325034079787965502e-01,9.495710520480891148e-01
3.120000000000000107e+00,2.819819330180474704e-01,4.032972559569319437e-01,9.653852403668751192e-01,-2.039981393330171644e-01,4.325424462788616253e-01,9.500778337662286743e-01
3.129999999999999893e+00,2.819860931248052704e-01,4.032897137844725366e-01,9.653793682308507984e-01,-2.037594702408767333e-01,4.325534862588145124e-01,9.506288535996799682e-01
3.140000000000000124e+00,2.819900459418481220e-01,4.032799033394934840e-01,9.653719913211008530e-01,-2.035055104551536653e-01,4.325242731530911100e-01,9.512128883727708484e-01
3.149999999999999911e+00,2.819936171225275179e-01,4.032675366497553426e-01,9.653629569690708179e-01,-2.032502249102902392e-01,4.324495909682312123e-01,9.518204159455049274e-01
3.160000000000000142e+00,2.819970446466923408e-01,4.032523939395680768e-01,9.653520783168506592e-01,-2.030041449764669603e-01,4.323262759804374356e-01,9.524441942195777111e-01
3.169999999999999929e+00,2.820010534670463476e-01,4.032341511612289597e-01,9.653389973163287729e-01,-2.027727671813277788e-01,4.321513415438151817e-01,9.530792677693081805e-01
3.180000000000000160e+00,2.820068422110268980e-01,4.032122576206039755e-01,9.653231014769008134e-01,-2.025573371305553483e-01,4.319218332605438970e-01,9.537227788022176744e-01
3.189999999999999947e+00,2.820121955168418681e-01,4.031874219601665477e-01,9.653051709856471652e-01,-2.024420349711376632e-01,4.316677838758317121e-01,9.543581674993444341e-01
3.200000000000000178e+00,2.820237455681395833e-01,4.031545215510500269e-01,9.652808865475603906e-01,-2.024876175895750641e-01,4.314448343716657530e-01,9.550516972232407920e-01
3.209999999999999964e+00,2.820566092173558137e-01,4.031085868189221988e-01,9.652434645668416247e-01,-2.023054277423280700e-01,4.310797069884769184e-01,9.558001839544489897e-01
3.220000000000000195e+00,2.821110994209162781e-01,4.030495015953009519e-01,9.651921945888231047e-01,-2.018191305710628769e-01,4.305121708272301451e-01,9.565696485956181050e-01
3.229999999999999982e+00,2.821742451157755460e-01,4.029833887259224867e-01,9.651340214930398398e-01,-2.012380383587584476e-01,4.298257080049872059e-01,9.573027078316891370e-01
3.240000000000000213e+00,2.822356415839964439e-01,4.029162210714716252e-01,9.650752227295033014e-01,-2.007324975467769113e-01,4.291010857183668592e-01,9.579503714873488507e-01
3.250000000000000000e+00,2.822835236243685375e-01,4.028558239389606888e-01,9.650237393335628910e-01,-2.004874317721003218e-01,4.284092550009692135e-01,9.584430996604993425e-01
3.260000000000000231e+00,2.823182807334306266e-01,4.028051047571845067e-01,9.649817003543162963e-01,-2.004626489648134446e-01,4.277673094515412888e-01,9.588063833477949993e-01
3.270000000000000018e+00,2.823485533237243272e-01,4.027615307132039746e-01,9.649458095601397556e-01,-2.004896887603066780e-01,4.271409625751680372e-01,9.591127852780999552e-01
3.280000000000000249e+00,2.823863892790047236e-01,4.027182027043060275e-01,9.649086821254916346e-01,-2.003890613325389203e-01,4.264744458885431078e-01,9.594338752251369007e-01
3.290000000000000036e+00,2.824374780778953209e-01,4.026690931292900011e-01,9.648646935447098283e-01,-2.001294751801137584e-01,4.257540356932942860e-01,9.597696517302884978e-01
3.300000000000000266e+00,2.824906562656199216e-01,4.026171861444282629e-01,9.648181242659065182e-01,-1.999516259030574006e-01,4.250372840957540865e-01,9.599968929522012528e-01
3.310000000000000053e+00,2.825442822337821958e-01,4.025664829853782267e-01,9.647722184629496933e-01,-1.998233897059460695e-01,4.244224554166391439e-01,9.601990687185937290e-01
3.320000000000000284e+00,2.825952136793442038e-01,4.025216914090611886e-01,9.647307968179801296e-01,-1.996752407125621520e-01,4.239590701600514100e-01,9.604520640507107077e-01
3.330000000000000071e+00,2.826392902305539523e-01,4.024860833196788334e-01,9.646970442643737487e-01,-1.994757580959884979e-01,4.236341211567319354e-01,9.607828726778828710e-01
3.339999999999999858e+00,2.826734734868709964e-01,4.024609168959238925e-01,9.646725359232286579e-01,-1.992152065355740631e-01,4.234095750559907501e-01,9.611942783377325217e-01
3.350000000000000089e+00,2.826975497753966837e-01,4.024450996935882707e-01,9.646566473410872478e-01,-1.988791747107063745e-01,4.232419527099859913e-01,9.616934473049747467e-01
3.359999999999999876e+00,2.827151890981184912e-01,4.024350772834984213e-01,9.646461502227903217e-01,-1.984272150632006848e-01,4.230834862693321763e-01,9.622958558490736225e-01
3.370000000000000107e+00,2.827245394543135837e-01,4.024295314175052041e-01,9.646405320911720649e-01,-1.979380548237156812e-01,4.229195643631388224e-01,9.629618596618617632e-01
3.379999999999999893e+00,2.827269770861788878e-01,4.024267846045282981e-01,9.646383804666710526e-01,-1.974288084298779222e-01,4.227376600700528675e-01,9.636842834559852244e-01
3.390000000000000124e+00,2.827259998954588793e-01,4.024244499117067275e-01,9.646372761345318736e-01,-1.968783492339218066e-01,4.225163482623568445e-01,9.644656449418627098e-01
3.399999999999999911e+00,2.827232115352532604e-01,4.024213332952720767e-01,9.646360804970097735e-01,-1.963022392049255382e-01,4.222470677298589825e-01,9.653011087086250663e-01
3.410000000000000142e+00,2.827198979993419403e-01,4.024163847548949402e-01,9.646337862782170536e-01,-1.957104898596643827e-01,4.219227558740201722e-01,9.661781638413864393e-01
3.419999999999999929e+00,2.827166684075110292e-01,4.024090499080920091e-01,9.646298043710034298e-01,-1.951167976066974230e-01,4.215408850286179732e-01,9.670814235402077630e-01
3.430000000000000160e+00,2.827158522848463029e-01,4.023983110819659426e-01,9.646230608577733845e-01,-1.944986407969113429e-01,4.210950676905189094e-01,9.680243781668000924e-01
3.439999999999999947e+00,2.827164197539372426e-01,4.023843788279509726e-01,9.646137886980230558e-01,-1.938928470444414853e-01,4.205887121550556107e-01,9.689730361699241401e-01
3.450000000000000178e+00,2.827202715067441696e-01,4.023669679702650548e-01,9.646015213370117136e-01,-1.932806362883952855e-01,4.200236191383763251e-01,9.699422022291144252e-01
3.459999999999999964e+00,2.827272646470771478e-01,4.023460346609430416e-01,9.645861757462449448e-01,-1.926721644046846538e-01,4.193993148679098226e-01,9.709090047953052860e-01
3.470000000000000195e+00,2.827372024493837732e-01,4.023221014155152764e-01,9.645681386313462724e-01,-1.920846950691122434e-01,4.187261622101566272e-01,9.718651712404835497e-01
3.479999999999999982e+00,2.827504448842307894e-01,4.022953211338290425e-01,9.645474517452616858e-01,-1.915149467978519149e-01,4.180082850960551433e-01,9.728024302236547571e-01
3.490000000000000213e+00,2.827661369585510176e-01,4.022663773447261448e-01,9.645247434511654561e-01,-1.909841979828424408e-01,4.172560412314283984e-01,9.737017618484669068e-01
3.500000000000000000e+00,2.827839393215532682e-01,4.022355468809157841e-01,9.645002658179168131e-01,-1.904981564490250967e-01,4.164748990858850863e-01,9.745452189946587351e-01
3.510000000000000231e+00,2.828040720942315289e-01,4.022031918599071054e-01,9.644742630813858408e-01,-1.900579440231547068e-01,4.156750529690974583e-01,9.753292198540611802e-01
3.520000000000000018e+00,2.828258317808051703e-01,4.021697772601986465e-01,9.644471785362246363e-01,-1.896804160177948673e-01,4.148651643685354329e-01,9.760322552129122586e-01
3.530000000000000249e+00,2.828506472927780901e-01,4.021350896733939528e-01,9.644185699967694481e-01,-1.893417113809822971e-01,4.140492213629654028e-01,9.766620554696858747e-01
3.540000000000000036e+00,2.828802776521467943e-01,4.020984619689624284e-01,9.643875594355695302e-01,-1.890126326682647906e-01,4.132223586925901637e-01,9.772216535839702845e-01
3.550000000000000266e+00,2.829154832034284084e-01,4.020595192651682526e-01,9.643537651700678781e-01,-1.886938313401801959e-01,4.123842019192653918e-01,9.777002794711787681e-01
3.560000000000000053e+00,2.829566083632385487e-01,4.020181280249540134e-01,9.643171023287808730e-01,-1.883849261343220893e-01,4.115551723976854093e-01,9.780993941038873540e-01
3.570000000000000284e+00,2.830013012670066219e-01,4.019773787678394550e-01,9.642800044037709295e-01,-1.880698066638915866e-01,4.108118777708871794e-01,9.784744213001015378e-01
3.580000000000000071e+00,2.830451419781965239e-01,4.019412215843667924e-01,9.642460614275576436e-01,-1.877391490994268775e-01,4.102088880276842930e-01,9.788834781450646005e-01
3.589999999999999858e+00,2.830833024277760734e-01,4.019124456273897583e-01,9.642182773124133854e-01,-1.874057680647257806e-01,4.097525541607475175e-01,9.793467788725310763e-01
3.600000000000000089e+00,2.831194293067604839e-01,4.018901081091537097e-01,9.641953917599335178e-01,-1.869095794661494725e-01,4.093903503696231794e-01,9.799656588264553658e-01
3.609999999999999876e+00,2.831489859579016666e-01,4.018740745800147840e-01,9.641781149060002498e-01,-1.863192632340631427e-01,4.090744496040040756e-01,9.806858181838612465e-01
3.620000000000000107e+00,2.831698067014642994e-01,4.018637362613252662e-01,9.641665991441822348e-01,-1.856946981074029390e-01,4.087846674223431509e-01,9.814790670783489768e-01
3.629999999999999893e+00,2.831820532688614778e-01,4.018580921952911167e-01,9.641601682897869008e-01,-1.850530590096124139e-01,4.085049212577707145e-01,9.823368413999081783e-01
3.640000000000000124e+00,2.831870610517643883e-01,4.018556104186481459e-01,9.641574983932017506e-01,-1.843929056640744579e-01,4.082171985061825437e-01,9.832566292478089887e-01
3.649999999999999911e+00,2.832068754594352367e-01,4.018471928107947289e-01,9.641487842858036394e-01,-1.834774269733523144e-01,4.079675273353208786e-01,9.846682869452459963e-01
3.660000000000000142e+00,2.832605739495250852e-01,4.018392298187452583e-01,9.641321457044238485e-01,-1.801122983057692195e-01,4.067447213052244881e-01,9.862312379543689556e-01
3.669999999999999929e+00,2.832921370703310182e-01,4.018599309773481787e-01,9.641381259945758231e-01,-1.758029912693833130e-01,4.051368878487259795e-01,9.880124281739438574e-01
3.680000000000000160e+00,2.832796735468988136e-01,4.019404240578958731e-01,9.641924904610122971e-01,-1.694724349656622775e-01,4.029668724421767712e-01,9.899615434044559681e-01
3.689999999999999947e+00,2.831994463964716546e-01,4.020839146853116830e-01,9.643037331223390796e-01,-1.624621536042102909e-01,4.006478307405410000e-01,9.922505322900673219e-01
3.700000000000000178e+00,2.830594940887606881e-01,4.022696910484396815e-01,9.644572219600630048e-01,-1.555103379162692256e-01,3.984095131423672775e-01,9.947861742811240360e-01
3.709999999999999964e+00,2.828810205233431851e-01,4.024729675262750939e-01,9.646318539418731186e-01,-1.490264183194188741e-01,3.963328090963255113e-01,9.974430442961927934e-01
3.720000000000000195e+00,2.826872237413592392e-01,4.026724955200136069e-01,9.648081261007084297e-01,-1.432074684081624527e-01,3.944291350108014016e-01,1.000105995330819786e+00
3.729999999999999982e+00,2.824977037172855532e-01,4.028534255996557567e-01,9.649715276018445698e-01,-1.381176326550783429e-01,3.926831121602830654e-01,1.002686782328648496e+00
3.740000000000000213e+00,2.823263665678601431e-01,4.030073788095745457e-01,9.651131304151785439e-01,-1.337424301408621230e-01,3.910738291778674824e-01,1.005126634595084889e+00
3.750000000000000000e+00,2.821813339190314962e-01,4.031312721858409942e-01,9.652288782985340987e-01,-1.300250522812223530e-01,3.895841266997754904e-01,1.007391835891675136e+00
3.760000000000000231e+00,2.820658322151038955e-01,4.032257937651591018e-01,9.653183637679186857e-01,-1.268899891256121126e-01,3.882036058534033551e-01,1.009466790061386510e+00
3.770000000000000018e+00,2.819794399862822210e-01,4.032939701257865495e-01,9.653836191751192786e-01,-1.242578715786008398e-01,3.869286978413974398e-01,1.011347097280668850e+00
3.780000000000000249e+00,2.819193329999611919e-01,4.033400157501822458e-01,9.654280602355872487e-01,-1.220541720841601674e-01,3.857616219040439498e-01,1.013033810588006567e+00
3.790000000000000036e+00,2.818813522098229107e-01,4.033685040488063644e-01,9.654556714749965574e-01,-1.202141018006196854e-01,3.847090339139331294e-01,1.014529309018705305e+00
3.800000000000000266e+00,2.818608206640578207e-01,4.033838319750307488e-01,9.654704537071197024e-01,-1.186851127279305723e-01,3.837809273125574738e-01,1.015834572652039025e+00
3.810000000000000053e+00,2.818529615230978003e-01,4.033900799141336702e-01,9.654762432245038717e-01,-1.174267632237551706e-01,3.829896954038468637e-01,1.016947626721043996e+00
3.820000000000000284e+00,2.818535080525734760e-01,4.033905782209714630e-01,9.654762901338743708e-01,-1.164180527311937802e-01,3.823320317372415067e-01,1.017866038952523366e+00
3.830000000000000071e+00,2.818604567115693960e-01,4.033869839174748506e-01,9.654722210267671079e-01,-1.156560419352688496e-01,3.817551195317001045e-01,1.018607723823294009e+00
3.839999999999999858e+00,2.818731912960925068e-01,4.033798641380189620e-01,9.654645881510756089e-01,-1.151094103586398354e-01,3.812118243898496850e-01,1.019214124767356511e+00
3.850000000000000089e+00,2.818912940026194192e-01,4.033695169263652458e-01,9.654536731797753735e-01,-1.147242936895229021e-01,3.806695457869487820e-01,1.019735739252849438e+00
3.859999999999999876e+00,2.819140345997001584e-01,4.033563831063526894e-01,9.654399056496302256e-01,-1.144394007637664773e-01,3.801054958367136583e-01,1.020222941921685278e+00
3.870000000000000107e+00,2.819402141283797181e-01,4.033411789893322497e-01,9.654240020241893205e-01,-1.141957844220817669e-01,3.795038992655751509e-01,1.020720737876538387e+00
3.879999999999999893e+00,2.819683141796929804e-01,4.033251052617389809e-01,9.654070882004491816e-01,-1.139424470172045317e-01,3.788542337773834756e-01,1.021266150534621886e+00
3.890000000000000124e+00,2.819968769541542075e-01,4.033089707392453205e-01,9.653900191732148750e-01,-1.136387013561185461e-01,3.781499325977444315e-01,1.021887394192787513e+00
3.899999999999999911e+00,2.820244994413357298e-01,4.032934516949704395e-01,9.653735503546306829e-01,-1.132550950450294525e-01,3.773875608499701606e-01,1.022603964218401940e+00
3.910000000000000142e+00,2.820499546524777301e-01,4.032791776864927957e-01,9.653583723449458143e-01,-1.127729138760378835e-01,3.765662405799257706e-01,1.023427385788113542e+00
3.919999999999999929e+00,2.820722830312786811e-01,4.032666544454846513e-01,9.653450368091556211e-01,-1.121829086486168525e-01,3.756871790857952420e-01,1.024362241781477723e+00
3.930000000000000160e+00,2.820908321189016799e-01,4.032562281826948536e-01,9.653339221472149179e-01,-1.114837226126608044e-01,3.747533546967612983e-01,1.025407293655880014e+00
3.939999999999999947e+00,2.821052547501101682e-01,4.032480808503837166e-01,9.653252296849192948e-01,-1.106802469143114420e-01,3.737692993751727810e-01,1.026556557670057934e+00
3.950000000000000178e+00,2.821154777739208197e-01,4.032422461888825471e-01,9.653190007514798054e-01,-1.097820754416880262e-01,3.727409555198232249e-01,1.027800274257696156e+00
3.959999999999999964e+00,2.821216531636284719e-01,4.032386374298593257e-01,9.653151457569537630e-01,-1.088021396590236334e-01,3.716755763174366956e-01,1.029125737330070622e+00
3.970000000000000195e+00,2.821242405101919148e-01,4.032369952727394846e-01,9.653133903839837826e-01,-1.077555594016465362e-01,3.705816513789992883e-01,1.030517981396540605e+00
3.979999999999999982e+00,2.821239419874559951e-01,4.032367913067658183e-01,9.653132162634117108e-01,-1.066587338580697319e-01,3.694688522573160161e-01,1.031960332530561741e+00
3.990000000000000213e+00,2.821211287347695773e-01,4.032377838029929107e-01,9.653143656827209984e-01,-1.055286646990300919e-01,3.683480077741819736e-01,1.033434843630534949e+00
4.000000000000000000e+00,2.821162786052927030e-01,4.032397595041870009e-01,9.653166052185776502e-01,-1.043823975466960513e-01,3.672309787250759294e-01,1.034922622682070692e+00
4.009999999999999787e+00,2.821097656363488193e-01,4.032426707189429305e-01,9.653198417717105961e-01,-1.032368109730695538e-01,3.661306308972989698e-01,1.036404030635401208e+00
4.020000000000000462e+00,2.821018923672375944e-01,4.032464036247698780e-01,9.653239286875280323e-01,-1.021083366688060046e-01,3.650607378813948145e-01,1.037858872024324919e+00
4.030000000000000249e+00,2.820929725758904993e-01,4.032507910658625350e-01,9.653286817902079209e-01,-1.010127856459788614e-01,3.640359302464227231e-01,1.039266587912097695e+00
4.040000000000000036e+00,2.820833040079838705e-01,4.032557416254322069e-01,9.653339728281914445e-01,-9.996537044288501817e-02,3.630716585557335341e-01,1.040606382689196696e+00
4.049999999999999822e+00,2.820731493860236805e-01,4.032611493830225435e-01,9.653396720511071560e-01,-9.898067188761786039e-02,3.621839805507829912e-01,1.041857270840030880e+00
4.060000000000000497e+00,2.820627260771883527e-01,4.032669083228097029e-01,9.653456598794766252e-01,-9.807270494327688382e-02,3.613894656810497374e-01,1.042998164931626670e+00
4.070000000000000284e+00,2.820522023312307947e-01,4.032729231480652876e-01,9.653518348839551511e-01,-9.725501046451005827e-02,3.607050766864810520e-01,1.044007955949743494e+00
4.080000000000000071e+00,2.820417521636289782e-01,4.032791243820537108e-01,9.653581283485594966e-01,-9.654441207902325628e-02,3.601377076478691208e-01,1.044867534988419999e+00
4.089999999999999858e+00,2.820319442522877806e-01,4.032853056327927455e-01,9.653643311355132317e-01,-9.596214969942093442e-02,3.596656776658636034e-01,1.045573392963962123e+00
4.099999999999999645e+00,2.820237084282251616e-01,4.032909425788507862e-01,9.653699070603050103e-01,-9.551261601115908217e-02,3.592709541900477310e-01,1.046139667590402000e+00
4.110000000000000320e+00,2.820178664013531789e-01,4.032954505806205514e-01,9.653742717251919681e-01,-9.518496758644579003e-02,3.589414723045281086e-01,1.046588560833028980e+00
4.120000000000000107e+00,2.820148506543483924e-01,4.032984048706313995e-01,9.653770224876149220e-01,-9.496012680229054537e-02,3.586677907022762790e-01,1.046944592645802308e+00
4.129999999999999893e+00,2.820143905998223066e-01,4.032996813110071854e-01,9.653781152505157559e-01,-9.481592601163427170e-02,3.584419052189989907e-01,1.047231432821019492e+00
4.139999999999999680e+00,2.820162598233448836e-01,4.032997946622853824e-01,9.653779449273327540e-01,-9.473044298965749288e-02,3.582568274946190678e-01,1.047470204026796470e+00
4.150000000000000355e+00,2.820200934885426780e-01,4.032989768872321523e-01,9.653767358313621871e-01,-9.468391160675837526e-02,3.581064228280053663e-01,1.047678728079300070e+00
4.160000000000000142e+00,2.820254352181068014e-01,4.032972337718320199e-01,9.653745564233793264e-01,-9.465998481314509549e-02,3.579852836957879703e-01,1.047871474212039189e+00
4.169999999999999929e+00,2.820317809105356566e-01,4.032947040164717167e-01,9.653716003515727673e-01,-9.464521207015283433e-02,3.578888864247266044e-01,1.048059202937272172e+00
4.179999999999999716e+00,2.820386185522792410e-01,4.032916139368443731e-01,9.653681336531263479e-01,-9.462978073463834683e-02,3.578132626718835696e-01,1.048249729133748698e+00
4.190000000000000391e+00,2.820454908618629797e-01,4.032882091904024802e-01,9.653644239727572351e-01,-9.460696320880147836e-02,3.577549971938915330e-01,1.048448242256292851e+00
4.200000000000000178e+00,2.820520275031667690e-01,4.032847122138809581e-01,9.653607044229715051e-01,-9.457258437028641385e-02,3.577111733233919733e-01,1.048657720205561805e+00
4.209999999999999964e+00,2.820579153680847773e-01,4.032812925457365805e-01,9.653571588081505395e-01,-9.452460656948923068e-02,3.576793130157518430e-01,1.048879349533049066e+00
4.219999999999999751e+00,2.820629370561844595e-01,4.032780714480014850e-01,9.653539192999164298e-01,-9.446275919448879343e-02,3.576573242793114615e-01,1.049112905369699256e+00
4.230000000000000426e+00,2.820670472976934406e-01,4.032751305666463781e-01,9.653510539117884370e-01,-9.438746716396184677e-02,3.576434505890929150e-01,1.049357064941808027e+00
4.240000000000000213e+00,2.820702766447733545e-01,4.032725107544958831e-01,9.653485849851232148e-01,-9.430006606891840060e-02,3.576361642177173228e-01,1.049609764848861815e+00
4.250000000000000000e+00,2.820727019579956640e-01,4.032702097416064890e-01,9.653464928310634408e-01,-9.420250334634364120e-02,3.576342387231150610e-01,1.049868380237003906e+00
4.259999999999999787e+00,2.820744361830861968e-01,4.032682042204151496e-01,9.653447337532305994e-01,-9.409708853377782289e-02,3.576366789854305006e-01,1.050129873265194691e+00
4.270000000000000462e+00,2.820755980841190280e-01,4.032663848310098498e-01,9.653432082575302831e-01,-9.398627087252839352e-02,3.576426057037699335e-01,1.050390891686973749e+00
4.280000000000000249e+00,2.820763007426601021e-01,4.032646722389640614e-01,9.653418400709468106e-01,-9.387257856262283540e-02,3.576513428983497112e-01,1.050647903996531518e+00
4.290000000000000036e+00,2.820766442330104873e-01,4.032630245038845151e-01,9.653405814217193015e-01,-9.375853561841171468e-02,3.576623700081240642e-01,1.050897259673648332e+00
4.299999999999999822e+00,2.820767111061966426e-01,4.032614756802403999e-01,9.653394400349112336e-01,-9.364661967493148609e-02,3.576752906192111614e-01,1.051135232153589838e+00
4.310000000000000497e+00,2.820765897376597553e-01,4.032600555167513146e-01,9.653384197519809806e-01,-9.353921234524038841e-02,3.576898158414492102e-01,1.051358062984696584e+00
4.320000000000000284e+00,2.820763359511593849e-01,4.032587661453145289e-01,9.653375111602162661e-01,-9.343858825555625969e-02,3.577057445990863283e-01,1.051561989435184863e+00
4.330000000000000071e+00,2.820759797899123345e-01,4.032575944340970331e-01,9.653366990904188594e-01,-9.334691827638716410e-02,3.577229465570484490e-01,1.051743261285581044e+00
4.339999999999999858e+00,2.820755482729606634e-01,4.032565906297193026e-01,9.653360183030448294e-01,-9.326521487384692444e-02,3.577384804182241473e-01,1.051897033128534664e+00
4.350000000000000533e+00,2.820751048102530523e-01,4.032560803367723490e-01,9.653356983398462265e-01,-9.319221020111262410e-02,3.577456657647166138e-01,1.052017976469489691e+00
4.360000000000000320e+00,2.820746623434773337e-01,4.032561283627341675e-01,9.653357943783698047e-01,-9.312807587689651834e-02,3.577448500704312195e-01,1.052105645269957979e+00
4.370000000000000107e+00,2.820742248566472377e-01,4.032565921082561511e-01,9.653362108952219245e-01,-9.307338260806977126e-02,3.577394158920373934e-01,1.052162051900441320e+00
4.379999999999999893e+00,2.820737606674415532e-01,4.032576035777703516e-01,9.653370363019887490e-01,-9.302872155836575119e-02,3.577330268071876596e-01,1.052189839701255902e+00
4.389999999999999680e+00,2.820732476527089694e-01,4.032591171664829388e-01,9.653382336956577436e-01,-9.299414037056032145e-02,3.577285282874665961e-01,1.052191812342488708e+00
4.400000000000000355e+00,2.820727211309832505e-01,4.032609661009444180e-01,9.653396739707978957e-01,-9.296919533158266857e-02,3.577278841739721105e-01,1.052170720586527164e+00
4.410000000000000142e+00,2.820722421926195600e-01,4.032629242660628055e-01,9.653411842073975624e-01,-9.295312644412087599e-02,3.577323282727718490e-01,1.052129207608436090e+00
4.419999999999999929e+00,2.820718726728996262e-01,4.032647673386409726e-01,9.653425940846481756e-01,-9.294500498195443217e-02,3.577425272381412613e-01,1.052069794549822523e+00
4.429999999999999716e+00,2.820716535439656836e-01,4.032663434795907831e-01,9.653437880810581406e-01,-9.294384840168463946e-02,3.577587261874274893e-01,1.051994877555975538e+00
4.440000000000000391e+00,2.820715708444726522e-01,4.032675660526895411e-01,9.653447062156776948e-01,-9.294868929702670979e-02,3.577808661534571666e-01,1.051906735933404002e+00
4.450000000000000178e+00,2.820715856446122660e-01,4.032683979459658619e-01,9.653453281909479822e-01,-9.295861546302604250e-02,3.578086717790586180e-01,1.051807542720252231e+00
4.459999999999999964e+00,2.820716743249049308e-01,4.032688370781517539e-01,9.653456560688947752e-01,-9.297279078313881728e-02,3.578417154749404805e-01,1.051699374093149952e+00
4.469999999999999751e+00,2.820718226439580256e-01,4.032689286227587599e-01,9.653457227368120730e-01,-9.299047030321923313e-02,3.578794706972900364e-01,1.051584217634301321e+00
4.480000000000000426e+00,2.820720235511382512e-01,4.032688467621210471e-01,9.653456475200324904e-01,-9.301099141070999499e-02,3.579213430317864653e-01,1.051463980565452205e+00
4.490000000000000213e+00,2.820722712075798277e-01,4.032686698910036838e-01,9.653454850774875196e-01,-9.303377217258029797e-02,3.579666834319333857e-01,1.051340490887288093e+00
4.500000000000000000e+00,2.820725947833648828e-01,4.032682953074948062e-01,9.653451618920646515e-01,-9.305830432183644085e-02,3.580148094842677819e-01,1.051215501376610684e+00
4.509999999999999787e+00,2.820730270507417758e-01,4.032676772909863927e-01,9.653446422836242657e-01,-9.308417737405345893e-02,3.580650581720246639e-01,1.051090698110535238e+00
4.520000000000000462e+00,2.820735166802003646e-01,4.032668480294814284e-01,9.653439597242766679e-01,-9.311109762900010578e-02,3.581167767497968057e-01,1.050967687612848200e+00
4.530000000000000249e+00,2.820740879815730184e-01,4.032657666010449615e-01,9.653430825428513939e-01,-9.313870141557839544e-02,3.581692016249750088e-01,1.050848013678163273e+00
4.540000000000000036e+00,2.820747772959685262e-01,4.032644202607256201e-01,9.653419954792816782e-01,-9.316666000329681951e-02,3.582216018605046126e-01,1.050733187421400761e+00
4.549999999999999822e+00,2.820755943186810111e-01,4.032628289042000103e-01,9.653407105571734093e-01,-9.319469104200636678e-02,3.582732575001066899e-01,1.050624667424088443e+00
4.560000000000000497e+00,2.820765256011361077e-01,4.032610690216293925e-01,9.653392829074438630e-01,-9.322255998824006962e-02,3.583234562890681985e-01,1.050523862660503793e+00
4.570000000000000284e+00,2.820775518857335795e-01,4.032592103323929256e-01,9.653377641764731010e-01,-9.325005380501255603e-02,3.583714917411215395e-01,1.050432144350226471e+00
4.580000000000000071e+00,2.820786551443568713e-01,4.032572978786171936e-01,9.653361889643699012e-01,-9.327697381541916188e-02,3.584166606279081124e-01,1.050350857313216979e+00
4.589999999999999858e+00,2.820798195048821455e-01,4.032553595374592237e-01,9.653345796928680667e-01,-9.330313547185413448e-02,3.584582641810307169e-01,1.050281329712026368e+00
4.600000000000000533e+00,2.820809980201720579e-01,4.032534781863300610e-01,9.653330046121304520e-01,-9.332612638613847766e-02,3.584936697778519088e-01,1.050222852431237808e+00
4.610000000000000320e+00,2.820819730576648587e-01,4.032520450779762955e-01,9.653317826844481919e-01,-9.333901880232141346e-02,3.585184638777964006e-01,1.050169258636179714e+00
4.620000000000000107e+00,2.820824817457676659e-01,4.032514782246831020e-01,9.653312605282549086e-01,-9.333986001355402962e-02,3.585340234831450035e-01,1.050115305947706634e+00
4.629999999999999893e+00,2.820825781949060085e-01,4.032516691671260145e-01,9.653313638137426267e-01,-9.333063766337787448e-02,3.585439477526640162e-01,1.050056902704475936e+00
4.639999999999999680e+00,2.820823988625281720e-01,4.032526498288353523e-01,9.653320865108213633e-01,-9.331491247652211329e-02,3.585518455673911142e-01,1.049990586655282332e+00
4.650000000000000355e+00,2.820818571373356898e-01,4.032543396071078257e-01,9.653333829299433066e-01,-9.329668868459893571e-02,3.585606834061417780e-01,1.049913466519294625e+00
4.660000000000000142e+00,2.820809509043597507e-01,4.032565116473247335e-01,9.653350921478740521e-01,-9.327959742620042793e-02,3.585725921238374636e-01,1.049823329276001305e+00
4.669999999999999929e+00,2.820797707917468422e-01,4.032589140132597505e-01,9.653370196690498339e-01,-9.326659272280615753e-02,3.585889742374376299e-01,1.049718706430481596e+00
4.679999999999999716e+00,2.820784467400097584e-01,4.032613189613949434e-01,9.653389807435466263e-01,-9.325985809643164148e-02,3.586106538572954028e-01,1.049598879109447713e+00
4.690000000000000391e+00,2.820771133474611059e-01,4.032635426245384513e-01,9.653408202663338322e-01,-9.326082821648656873e-02,3.586380114603284208e-01,1.049463830625680716e+00
4.700000000000000178e+00,2.820758891387790679e-01,4.032654514609324559e-01,9.653424211282504164e-01,-9.327027267074133876e-02,3.586710941993365709e-01,1.049314165671355603e+00
4.709999999999999964e+00,2.820748664827977814e-01,4.032669595547734853e-01,9.653437043220421954e-01,-9.328840690215668696e-02,3.587097022406331437e-01,1.049151013481163686e+00
4.719999999999999751e+00,2.820741114355511669e-01,4.032680070478796286e-01,9.653446142417707598e-01,-9.331500533035329281e-02,3.587534555866424002e-01,1.048975929563578990e+00
4.730000000000000426e+00,2.820736630391549871e-01,4.032685593264363488e-01,9.653451182461726399e-01,-9.334951876528128911e-02,3.588018457615435031e-01,1.048790799857339362e+00
4.740000000000000213e+00,2.820734828598553956e-01,4.032686893050331234e-01,9.653452709088088390e-01,-9.339117305303779037e-02,3.588542720978759593e-01,1.048597752538729555e+00
4.750000000000000000e+00,2.820734772050258465e-01,4.032686230845725084e-01,9.653452413837555479e-01,-9.343904927060238397e-02,3.589100682696617084e-01,1.048399085252200491e+00
4.759999999999999787e+00,2.820735897463355624e-01,4.032683455016691787e-01,9.653450306613775567e-01,-9.349213358437018229e-02,3.589685069875628298e-01,1.048197202714302279e+00
4.770000000000000462e+00,2.820737949558626556e-01,4.032677871849641993e-01,9.653445981207963156e-01,-9.354938335297906249e-02,3.590288502390716618e-01,1.047994576698607849e+00
4.780000000000000249e+00,2.820740827145216678e-01,4.032669828469035433e-01,9.653439723391045169e-01,-9.360982970767141309e-02,3.590903851712423656e-01,1.047793696986421885e+00
4.790000000000000036e+00,2.820744954732494203e-01,4.032658919122767971e-01,9.653431200431619175e-01,-9.367243365884907191e-02,3.591522749321467423e-01,1.047597035270999788e+00
4.799999999999999822e+00,2.820751050554668460e-01,4.032645005087278633e-01,9.653420188494918897e-01,-9.373615037920654536e-02,3.592136910637159231e-01,1.047407075910586016e+00
4.810000000000000497e+00,2.820759354759309057e-01,4.032628314402461611e-01,9.653406800221779882e-01,-9.379999811298099510e-02,3.592738137031581402e-01,1.047226272251067014e+00
4.820000000000000284e+00,2.820769743962789899e-01,4.032609596758973680e-01,9.653391572871347082e-01,-9.386306055709332796e-02,3.593318243581893889e-01,1.047057037570811922e+00
4.830000000000000071e+00,2.820781957706280929e-01,4.032589525565280497e-01,9.653375018117029693e-01,-9.392446772551099610e-02,3.593869056065729373e-01,1.046901750378749218e+00
4.839999999999999858e+00,2.820795699296085868e-01,4.032568576543376637e-01,9.653357520454153295e-01,-9.398339086072801662e-02,3.594382388591347843e-01,1.046762760526317226e+00
4.850000000000000533e+00,2.820810676354127411e-01,4.032547077947280512e-01,9.653339362985551286e-01,-9.403904124626259742e-02,3.594850061409713415e-01,1.046642397002526481e+00
4.860000000000000320e+00,2.820826245221739192e-01,4.032525909747716186e-01,9.653321289912955017e-01,-9.408816931162092279e-02,3.595246099260714923e-01,1.046540864387141223e+00
4.870000000000000107e+00,2.820839739268037327e-01,4.032509480587986306e-01,9.653306904871506999e-01,-9.412256887629877333e-02,3.595529774447278060e-01,1.046452182233044148e+00
4.879999999999999893e+00,2.820847790401766475e-01,4.032502476436160554e-01,9.653300154658402965e-01,-9.413985049040012043e-02,3.595716256671530053e-01,1.046370460008296366e+00
4.889999999999999680e+00,2.820850269808043431e-01,4.032503848521619139e-01,9.653300462126890302e-01,-9.414240970525598884e-02,3.595842500660216823e-01,1.046290599360212070e+00
4.900000000000000355e+00,2.820848860325947394e-01,4.032513586878418987e-01,9.653307501434290616e-01,-9.413463055715169669e-02,3.595945375657783605e-01,1.046208028279860036e+00
4.910000000000000142e+00,2.820842804349683042e-01,4.032530777449093717e-01,9.653320720726138449e-01,-9.412151492989177803e-02,3.596055629860918645e-01,1.046118790542259314e+00
4.919999999999999929e+00,2.820832088653065228e-01,4.032553288776835609e-01,9.653338611320431140e-01,-9.410773477576098167e-02,3.596195707678269127e-01,1.046019690801108126e+00
4.929999999999999716e+00,2.820817778824276645e-01,4.032578629311676099e-01,9.653359221305509719e-01,-9.409716880281626672e-02,3.596380536580133791e-01,1.045908411493283729e+00
4.940000000000000391e+00,2.820801425710346422e-01,4.032604420493492436e-01,9.653380587482405240e-01,-9.409275972455796722e-02,3.596619019019159924e-01,1.045783532193053089e+00
4.950000000000000178e+00,2.820784655990640766e-01,4.032628661346801535e-01,9.653400993553952203e-01,-9.409652146699533370e-02,3.596915395656573589e-01,1.045644478958046575e+00
4.959999999999999964e+00,2.820768921867679024e-01,4.032649834825150492e-01,9.653419091241365324e-01,-9.410962968775767046e-02,3.597270377495216942e-01,1.045491431067667953e+00
4.969999999999999751e+00,2.820755394635744984e-01,4.032666797493218436e-01,9.653433846083951941e-01,-9.413254834277162697e-02,3.597682045356816460e-01,1.045325208282608775e+00
4.980000000000000426e+00,2.820744912672737970e-01,4.032678785265846333e-01,9.653444551998134893e-01,-9.416517421594454429e-02,3.598146545849066902e-01,1.045147151634713723e+00
4.990000000000000213e+00,2.820737969607846063e-01,4.032685475024269106e-01,9.653450875993812019e-01,-9.420697924987862792e-02,3.598658643584309869e-01,1.044959007289877784e+00
5.000000000000000000e+00,2.820734595834014646e-01,4.032687426053546131e-01,9.653453174241448664e-01,-9.425712716574810579e-02,3.599212093287342817e-01,1.044762823882348979e+00
5.009999999999999787e+00,2.820733730517259730e-01,4.032687045766166767e-01,9.653453253406718559e-01,-9.431458146454811675e-02,3.599799979877305045e-01,1.044560864506431486e+00
5.020000000000000462e+00,2.820734453030530609e-01,4.032684456398292761e-01,9.653451369772171331e-01,-9.437816793333626830e-02,3.600414727267065018e-01,1.044355531645087209e+00
5.030000000000000249e+00,2.820736319220718546e-01,4.032678936632761446e-01,9.653447133311423567e-01,-9.444665195116866419e-02,3.601048597466011691e-01,1.044149317579716962e+00
5.040000000000000036e+00,2.820739182693554059e-01,4.032670846941356357e-01,9.653440849085098696e-01,-9.451885803947146503e-02,3.601694151563104018e-01,1.043944749167618147e+00
5.049999999999999822e+00,2.820743471687269244e-01,4.032659794582369450e-01,9.653432196237434759e-01,-9.459353628650786494e-02,3.602342701654965285e-01,1.043744342197258534e+00
5.060000000000000497e+00,2.820749942410257782e-01,4.032645646064525469e-01,9.653420948639112042e-01,-9.466941983584882536e-02,3.602985603712160478e-01,1.043550630755025521e+00
5.070000000000000284e+00,2.820758847759239907e-01,4.032628609865542835e-01,9.653407203581048091e-01,-9.474530649047496755e-02,3.603614313805733049e-01,1.043366120140358122e+00
5.080000000000000071e+00,2.820770060090728726e-01,4.032609398860916849e-01,9.653391474080960100e-01,-9.482006342081618355e-02,3.604220310413706052e-01,1.043193275300815070e+00
5.089999999999999858e+00,2.820783294178897394e-01,4.032588700471602117e-01,9.653374286155916861e-01,-9.489261017420413946e-02,3.604795092138738943e-01,1.043034524509880656e+00
5.100000000000000533e+00,2.820798222470336514e-01,4.032567011560013182e-01,9.653356044697484206e-01,-9.496191278744710307e-02,3.605330151755985479e-01,1.042892265452864287e+00
5.110000000000000320e+00,2.820814520667889180e-01,4.032544683511969374e-01,9.653337054881249157e-01,-9.502698291781699891e-02,3.605816991719791309e-01,1.042768872920940559e+00
5.120000000000000107e+00,2.820831486658755827e-01,4.032522621291431131e-01,9.653318089212513664e-01,-9.508434627323102128e-02,3.606229165404700177e-01,1.042664714343431553e+00
5.129999999999999893e+00,2.820846247617747604e-01,4.032505473972500809e-01,9.653302954869265040e-01,-9.512559283508614794e-02,3.606524981413222197e-01,1.042574264370125903e+00
5.139999999999999680e+00,2.820855216127275411e-01,4.032498045238584461e-01,9.653295720980920036e-01,-9.514836249980114513e-02,3.606719334437036295e-01,1.042491973129936245e+00
5.150000000000000355e+00,2.820858134641649473e-01,4.032499237371286460e-01,9.653295803899737404e-01,-9.515527106292231974e-02,3.606850024988500492e-01,1.042412952448287466e+00
5.160000000000000142e+00,2.820856690741331829e-01,4.032508935286071017e-01,9.653302809775122784e-01,-9.515101559918731633e-02,3.606955213592205056e-01,1.042332740971215976e+00
5.169999999999999929e+00,2.820850183948375722e-01,4.032526346260466577e-01,9.653316258320476795e-01,-9.514092811108958159e-02,3.607067008593352608e-01,1.042247418234238943e+00
5.179999999999999716e+00,2.820838649429097678e-01,4.032549354222346727e-01,9.653334642825938117e-01,-9.512999327239757275e-02,3.607209044053407698e-01,1.042153764420960638e+00
5.190000000000000391e+00,2.820823244791405560e-01,4.032575420506412378e-01,9.653355961478841119e-01,-9.512235242572070204e-02,3.607397120166830895e-01,1.042049394681792807e+00
5.200000000000000178e+00,2.820805630819310794e-01,4.032602087844217587e-01,9.653378175540701100e-01,-9.512115215174353489e-02,3.607640707388672374e-01,1.041932791222465182e+00
5.209999999999999964e+00,2.820787543198308711e-01,4.032627267001090976e-01,9.653399486428918541e-01,-9.512855128917450942e-02,3.607944356097353422e-01,1.041803262489767290e+00
5.219999999999999751e+00,2.820770543762293192e-01,4.032649283510268412e-01,9.653418415975097977e-01,-9.514581366137246643e-02,3.608308886048575137e-01,1.041660857766550485e+00
5.230000000000000426e+00,2.820755887802961492e-01,4.032666883141371450e-01,9.653433836608281693e-01,-9.517344595046382805e-02,3.608732334631606364e-01,1.041506258081056124e+00
5.240000000000000213e+00,2.820744453554178688e-01,4.032679331055594174e-01,9.653445053352457395e-01,-9.521135000826201622e-02,3.609210685310669242e-01,1.041340657722851226e+00
5.250000000000000000e+00,2.820736756816551449e-01,4.032686333162587289e-01,9.653451747747150424e-01,-9.525897076536293806e-02,3.609738482497887313e-01,1.041165652182070911e+00
5.259999999999999787e+00,2.820732900240331409e-01,4.032688450106810540e-01,9.653454263672737179e-01,-9.531541901781956372e-02,3.610309204105769387e-01,1.040983135870257925e+00
5.270000000000000462e+00,2.820731855233599705e-01,4.032688127532609301e-01,9.653454426885044182e-01,-9.537958637365519243e-02,3.610915639390090970e-01,1.040795214599103291e+00
5.280000000000000249e+00,2.820732548372925641e-01,4.032685529682913383e-01,9.653452548288383728e-01,-9.545021279239157552e-02,3.611549906080915306e-01,1.040604130392611015e+00
5.290000000000000036e+00,2.820734467835608328e-01,4.032679938714212597e-01,9.653448253044237815e-01,-9.552596652768496899e-02,3.612203948025757283e-01,1.040412211947879140e+00
5.299999999999999822e+00,2.820737475130241090e-01,4.032671734207218806e-01,9.653441859234244138e-01,-9.560557062549603080e-02,3.612870047591393852e-01,1.040221819517989532e+00
5.310000000000000497e+00,2.820742017896696874e-01,4.032660538761126956e-01,9.653433053257103325e-01,-9.568766574672221692e-02,3.613539230466515373e-01,1.040035300340423019e+00
5.320000000000000284e+00,2.820748850235380023e-01,4.032646225736497558e-01,9.653421614320308874e-01,-9.577087103640513632e-02,3.614202567976216862e-01,1.039855016578157931e+00
5.330000000000000071e+00,2.820758218782670190e-01,4.032628972874996998e-01,9.653407620106060349e-01,-9.585386874440365856e-02,3.614851249567840874e-01,1.039683299110365722e+00
5.339999999999999858e+00,2.820769994581384110e-01,4.032609428028191556e-01,9.653391539620237438e-01,-9.593540996474138327e-02,3.615476504177330686e-01,1.039522436202821920e+00
5.350000000000000533e+00,2.820783874208902531e-01,4.032588305324625866e-01,9.653373920800438768e-01,-9.601430063404853277e-02,3.616069597133376723e-01,1.039374676045893287e+00
5.360000000000000320e+00,2.820799513053345309e-01,4.032566126581917931e-01,9.653355189033101524e-01,-9.608939302805023785e-02,3.616621800748057725e-01,1.039242234361380524e+00
5.370000000000000107e+00,2.820816571975320319e-01,4.032543263126896482e-01,9.653335666206966925e-01,-9.615958556235772170e-02,3.617124406376296952e-01,1.039127302482483639e+00
5.379999999999999893e+00,2.820834309578333365e-01,4.032520647066359931e-01,9.653316152701916231e-01,-9.622132331523916560e-02,3.617550230613165718e-01,1.039030232397598841e+00
5.389999999999999680e+00,2.820849705931356421e-01,4.032503111927899786e-01,9.653300614755495612e-01,-9.626627397166080680e-02,3.617855623826800593e-01,1.038946025477833324e+00
5.400000000000000355e+00,2.820859064684619333e-01,4.032495476613043861e-01,9.653293154319333436e-01,-9.629224773522758463e-02,3.618054916379845332e-01,1.038869717220304967e+00
5.410000000000000142e+00,2.820862116217116577e-01,4.032496612714766560e-01,9.653293170037752224e-01,-9.630206383519585023e-02,3.618186860992965159e-01,1.038796923986844423e+00
5.419999999999999929e+00,2.820860534593528923e-01,4.032506395363620877e-01,9.653300263276096693e-01,-9.630062216083949689e-02,3.618291112126093001e-01,1.038723590337082614e+00
5.429999999999999716e+00,2.820853607965001508e-01,4.032524076509350075e-01,9.653313985457518953e-01,-9.629343911941667944e-02,3.618401342502406970e-01,1.038646097884587283e+00
5.440000000000000391e+00,2.820841436196399599e-01,4.032547532197249818e-01,9.653332811247462564e-01,-9.628564815945951649e-02,3.618542490567286385e-01,1.038561432560018094e+00
5.450000000000000178e+00,2.820825254960052098e-01,4.032574178866967785e-01,9.653354692020568173e-01,-9.628150105442910556e-02,3.618731301559884317e-01,1.038467329147612528e+00
5.459999999999999964e+00,2.820806803251622585e-01,4.032601497470963414e-01,9.653377530516917826e-01,-9.628421815231522074e-02,3.618977847904588097e-01,1.038362316361212123e+00
5.469999999999999751e+00,2.820787898107700586e-01,4.032627271030106986e-01,9.653399423930580925e-01,-9.629599721966095038e-02,3.619286996878383622e-01,1.038245689917899783e+00
5.480000000000000426e+00,2.820770168391231181e-01,4.032649710094559081e-01,9.653418801451781883e-01,-9.631811383782447333e-02,3.619659660916731414e-01,1.038117438282589733e+00
5.490000000000000213e+00,2.820754897012957008e-01,4.032667590504401822e-01,9.653434549704987822e-01,-9.635106640412999246e-02,3.620093807034518441e-01,1.037978141291451717e+00
5.500000000000000000e+00,2.820742977394457007e-01,4.032680210014300548e-01,9.653445992191702629e-01,-9.639472867307041781e-02,3.620585235780211519e-01,1.037828861538912628e+00
5.509999999999999787e+00,2.820734931551004965e-01,4.032687299694845962e-01,9.653452825766711820e-01,-9.644850038290016248e-02,3.621128229770350093e-01,1.037671039134624662e+00
5.520000000000000462e+00,2.820730890242549305e-01,4.032689446667421240e-01,9.653455407108647579e-01,-9.651143514923399280e-02,3.621715966078382642e-01,1.037506394610753890e+00
5.530000000000000249e+00,2.820729836552107184e-01,4.032689123235172479e-01,9.653455577573830659e-01,-9.658235695366527984e-02,3.622340908335330290e-01,1.037336845088252746e+00
5.540000000000000036e+00,2.820730599155057416e-01,4.032686478599049051e-01,9.653453654989149202e-01,-9.665993008287411536e-02,3.622994840286073437e-01,1.037164432236947986e+00
5.549999999999999822e+00,2.820732633835915659e-01,4.032680801626566947e-01,9.653449275581880151e-01,-9.674274032500089493e-02,3.623669369013708952e-01,1.036991275192708173e+00
5.560000000000000497e+00,2.820735829509748993e-01,4.032672488777834241e-01,9.653442765206808884e-01,-9.682942567723774874e-02,3.624356472361245363e-01,1.036819517028032323e+00
5.570000000000000284e+00,2.820740649170840331e-01,4.032661176492489119e-01,9.653433816669778622e-01,-9.691853401632709308e-02,3.625046869326358778e-01,1.036651283330691120e+00
5.580000000000000071e+00,2.820747834463110948e-01,4.032646744036341713e-01,9.653422215660838468e-01,-9.700858790420434363e-02,3.625731330410743580e-01,1.036488709117620699e+00
5.589999999999999858e+00,2.820757622821747912e-01,4.032629347085644467e-01,9.653408026708587553e-01,-9.709817060839531777e-02,3.626400762375462383e-01,1.036333894649029919e+00
5.600000000000000533e+00,2.820769892258832012e-01,4.032609532092454874e-01,9.653391648380234003e-01,-9.718593098165421995e-02,3.627046129750333692e-01,1.036188895369403618e+00
5.610000000000000320e+00,2.820784324492344175e-01,4.032588040346904990e-01,9.653373650252661253e-01,-9.727057559547921950e-02,3.627658449386853556e-01,1.036055722548451463e+00
5.620000000000000107e+00,2.820800560479863606e-01,4.032565426693760502e-01,9.653354483249422247e-01,-9.735085588224136333e-02,3.628228759504892320e-01,1.035936352922942172e+00
5.629999999999999893e+00,2.820818249657091603e-01,4.032542086480611632e-01,9.653334488122902179e-01,-9.742556853414942319e-02,3.628748127419430536e-01,1.035832737503006529e+00
5.639999999999999680e+00,2.820836615094674538e-01,4.032518981994369645e-01,9.653314495116575022e-01,-9.749111175751731806e-02,3.629188547893369421e-01,1.035745169847077429e+00
5.650000000000000355e+00,2.820852500376095917e-01,4.032501127415203390e-01,9.653298626773321178e-01,-9.753932629198931725e-02,3.629504195899896368e-01,1.035669200118638944e+00
5.660000000000000142e+00,2.820862124611475674e-01,4.032493333830821647e-01,9.653290998116795807e-01,-9.756825408495803376e-02,3.629708789930824464e-01,1.035600513113009491e+00
5.669999999999999929e+00,2.820865236647482344e-01,4.032494440449094775e-01,9.653290982704346712e-01,-9.758093416884672244e-02,3.629842076721266908e-01,1.035535304090009268e+00
5.679999999999999716e+00,2.820863492175130216e-01,4.032504338216609252e-01,9.653298194036999957e-01,-9.758245852625863082e-02,3.629945300706903799e-01,1.035469997869813419e+00
5.690000000000000391e+00,2.820856145115808733e-01,4.032522304302909033e-01,9.653312205803298296e-01,-9.757850388732344782e-02,3.630053802124801887e-01,1.035401345100711357e+00
5.700000000000000178e+00,2.820843366671748065e-01,4.032546201191743451e-01,9.653331468366898038e-01,-9.757431998804842743e-02,3.630193904629655521e-01,1.035326595184505427e+00
5.709999999999999964e+00,2.820826471326204898e-01,4.032573391214363534e-01,9.653353879428332451e-01,-9.757423580796285856e-02,3.630383362116484380e-01,1.035243649267044930e+00
5.719999999999999751e+00,2.820807286338745112e-01,4.032601211017370346e-01,9.653377224572465831e-01,-9.758151251589614050e-02,3.630632893946127426e-01,1.035151119311261469e+00
5.730000000000000426e+00,2.820787696544903023e-01,4.032627351195040011e-01,9.653399523355093992e-01,-9.759836254524144328e-02,3.630947706966156097e-01,1.035048313558763367e+00
5.740000000000000213e+00,2.820769364653637479e-01,4.032650047435669682e-01,9.653419214357846778e-01,-9.762605557575919357e-02,3.631328816600117859e-01,1.034935173943957842e+00
5.750000000000000000e+00,2.820753595338812980e-01,4.032668100623336693e-01,9.653435196066352253e-01,-9.766506443851313835e-02,3.631774119375501542e-01,1.034812187680909767e+00
5.759999999999999787e+00,2.820741294301452595e-01,4.032680826843587085e-01,9.653446801342024930e-01,-9.771522171534031964e-02,3.632279226316253995e-01,1.034680288364516754e+00
5.770000000000000462e+00,2.820732987810096182e-01,4.032687971527718629e-01,9.653453735444504913e-01,-9.777587208850967160e-02,3.632838144386767443e-01,1.034540758344184352e+00
5.780000000000000249e+00,2.820728822795487978e-01,4.032690135451632574e-01,9.653456361312794387e-01,-9.784600468775001003e-02,3.633443736222276010e-01,1.034395138113296087e+00
5.790000000000000036e+00,2.820727794195604932e-01,4.032689807550665639e-01,9.653456529278027221e-01,-9.792437035533832490e-02,3.634088124171779288e-01,1.034245147010655286e+00
5.799999999999999822e+00,2.820728646846737409e-01,4.032687132081417269e-01,9.653454568503738731e-01,-9.800955336062103229e-02,3.634762741845879996e-01,1.034092615116829927e+00
5.810000000000000497e+00,2.820730809995383170e-01,4.032681401001761978e-01,9.653450122788780341e-01,-9.810005332937581091e-02,3.635458842207125452e-01,1.033939439218787282e+00
5.820000000000000284e+00,2.820734201884509962e-01,4.032673022886885672e-01,9.653443522197112658e-01,-9.819441980183346574e-02,3.636168080081240150e-01,1.033787531346366251e+00
5.830000000000000071e+00,2.820739301611507321e-01,4.032661644650463173e-01,9.653434463409424904e-01,-9.829110404547868052e-02,3.636880849233037893e-01,1.033638781007878427e+00
5.839999999999999858e+00,2.820746836767106247e-01,4.032647149059709335e-01,9.653422737252672636e-01,-9.838852832216724020e-02,3.637587601451669483e-01,1.033495081132493887e+00
5.850000000000000533e+00,2.820757031509681934e-01,4.032629687143519104e-01,9.653408407820354142e-01,-9.848517355023497788e-02,3.638278943236783469e-01,1.033358286049045116e+00
5.860000000000000320e+00,2.820769775700327497e-01,4.032609676367628904e-01,9.653391783475457899e-01,-9.857958036915151490e-02,3.638945558424458437e-01,1.033230203551497528e+00
5.870000000000000107e+00,2.820784742349297103e-01,4.032587854547445838e-01,9.653373433362987255e-01,-9.867035059102964578e-02,3.639578196354276707e-01,1.033112593319867711e+00
5.879999999999999893e+00,2.820801556215420391e-01,4.032564824022453753e-01,9.653353844193995892e-01,-9.875613000388866469e-02,3.640167643416883370e-01,1.033007177691065870e+00
5.889999999999999680e+00,2.820819854529019177e-01,4.032541013667738650e-01,9.653333382239642768e-01,-9.883560812268604723e-02,3.640704724898580213e-01,1.032915652037809107e+00
5.900000000000000355e+00,2.820838821042841449e-01,4.032517440998986680e-01,9.653312925817458812e-01,-9.890514564190046320e-02,3.641160597310397207e-01,1.032838240805250329e+00
5.910000000000000142e+00,2.820855162483730250e-01,4.032499309462986847e-01,9.653296760754179751e-01,-9.895680541862332535e-02,3.641487181278604823e-01,1.032771049115324358e+00
5.919999999999999929e+00,2.820865023990322684e-01,4.032491382085596210e-01,9.653288986074852751e-01,-9.898890331529415498e-02,3.641697595432590862e-01,1.032710432122287969e+00
5.929999999999999716e+00,2.820868179399923514e-01,4.032492464477997474e-01,9.653288947988749591e-01,-9.900472074653743348e-02,3.641832559216955367e-01,1.032653183836032440e+00
5.940000000000000391e+00,2.820866263362943327e-01,4.032502474923984614e-01,9.653296279955740911e-01,-9.900955310269632381e-02,3.641934929712784541e-01,1.032596229426762768e+00
5.950000000000000178e+00,2.820858490720398737e-01,4.032520715828992741e-01,9.653310578510109208e-01,-9.900924119175417981e-02,3.642041759503982790e-01,1.032536707230254702e+00
5.959999999999999964e+00,2.820845115176920936e-01,4.032544987495377820e-01,9.653330233998438370e-01,-9.900914729713163054e-02,3.642180807913379947e-01,1.032472147129105622e+00
5.969999999999999751e+00,2.820827544174988599e-01,4.032572525197691826e-01,9.653353037598549902e-01,-9.901367055135318340e-02,3.642370883639979295e-01,1.032400631077817765e+00
5.980000000000000426e+00,2.820807672425368340e-01,4.032600634028692954e-01,9.653376738584940053e-01,-9.902611025559392155e-02,3.642623386545132402e-01,1.032320862892335267e+00
5.990000000000000213e+00,2.820787432764457758e-01,4.032627015723593833e-01,9.653399353267587690e-01,-9.904868848040894458e-02,3.642943888505538186e-01,1.032232168449270793e+00
6.000000000000000000e+00,2.820768524229291252e-01,4.032649911265601683e-01,9.653419315481754914e-01,-9.908266038497291761e-02,3.643333522130273172e-01,1.032134447320629089e+00
6.009999999999999787e+00,2.820752276115906509e-01,4.032668124318471436e-01,9.653435519792366026e-01,-9.912846492542302934e-02,3.643790120221706008e-01,1.032028096186947463e+00
6.020000000000000462e+00,2.820739608125308329e-01,4.032680973301933647e-01,9.653447297187571774e-01,-9.918588566424955955e-02,3.644309109125338231e-01,1.031913919860436568e+00
6.030000000000000249e+00,2.820731052035336806e-01,4.032688207040337480e-01,9.653454353592237913e-01,-9.925420390396377801e-02,3.644884207054884251e-01,1.031793041440660197e+00
6.040000000000000036e+00,2.820726764167993950e-01,4.032690416491645502e-01,9.653457043537736482e-01,-9.933233736293502203e-02,3.645507970471664194e-01,1.031666819022186488e+00
6.049999999999999822e+00,2.820725759304727465e-01,4.032690099137599127e-01,9.653457219528061017e-01,-9.941895606918574324e-02,3.646172170098339604e-01,1.031536770777110146e+00
6.060000000000000497e+00,2.820726702532352359e-01,4.032687426521966434e-01,9.653455243064438251e-01,-9.951255679755956207e-02,3.646867883018640177e-01,1.031404511259214285e+00
6.070000000000000284e+00,2.820728994665316902e-01,4.032681689463859520e-01,9.653450763003460500e-01,-9.961154536865263198e-02,3.647585999520576161e-01,1.031271710524691132e+00
6.080000000000000071e+00,2.820732582292152513e-01,4.032673302453647635e-01,9.653444109636367676e-01,-9.971437500814672728e-02,3.648317842227281615e-01,1.031140044993857252e+00
6.089999999999999858e+00,2.820737961294187968e-01,4.032661918987036076e-01,9.653434980763645479e-01,-9.981939221641311644e-02,3.649053471422417649e-01,1.031011163424149890e+00
6.100000000000000533e+00,2.820745844652648993e-01,4.032647422691981176e-01,9.653423170691842747e-01,-9.992491076947691842e-02,3.649783011819942580e-01,1.030886711846761061e+00
6.110000000000000320e+00,2.820756441582765728e-01,4.032629965882152945e-01,9.653408747497056464e-01,-1.000293011428077111e-01,3.650496761995405404e-01,1.030768293825713888e+00
6.120000000000000107e+00,2.820769647093735455e-01,4.032609871596127271e-01,9.653391954280354792e-01,-1.001309877555654343e-01,3.651185116970820932e-01,1.030657464318977201e+00
6.129999999999999893e+00,2.820785143398970019e-01,4.032587775121123097e-01,9.653373288651335704e-01,-1.002284554996088622e-01,3.651838550812892548e-01,1.030555728237893431e+00
6.140000000000000568e+00,2.820802535784487919e-01,4.032564345347208201e-01,9.653353286797674571e-01,-1.003202364653445339e-01,3.652447589108311909e-01,1.030464548676673253e+00
6.150000000000000355e+00,2.820821446659591003e-01,4.032540060521281888e-01,9.653332351843089132e-01,-1.004049042086296584e-01,3.653002806729078178e-01,1.030385360499327385e+00
6.160000000000000142e+00,2.820841016323688000e-01,4.032516016731988451e-01,9.653311427176428650e-01,-1.004787847649186855e-01,3.653474512383683703e-01,1.030318315235442039e+00
6.169999999999999929e+00,2.820857811039181873e-01,4.032497624471233499e-01,9.653294975608122108e-01,-1.005342045998264960e-01,3.653812418102391213e-01,1.030260077967611432e+00
6.179999999999999716e+00,2.820867909037064747e-01,4.032489570753637897e-01,9.653287059951516369e-01,-1.005697853206916903e-01,3.654028940004651616e-01,1.030207677148351042e+00
6.190000000000000391e+00,2.820871103051993956e-01,4.032490623571908239e-01,9.653286997259972191e-01,-1.005890756124537128e-01,3.654165763960155466e-01,1.030158513320912572e+00
6.200000000000000178e+00,2.820869005423234377e-01,4.032500723026726241e-01,9.653294437260965255e-01,-1.005975898727698853e-01,3.654267361453307772e-01,1.030110019078136263e+00
6.209999999999999964e+00,2.820860815900981255e-01,4.032519124561650958e-01,9.653308945215821613e-01,-1.006013399414702469e-01,3.654372516018838946e-01,1.030059728391499174e+00
6.219999999999999751e+00,2.820846868270088237e-01,4.032543577429630877e-01,9.653328859180360100e-01,-1.006058062568518374e-01,3.654510450257022480e-01,1.030005457902751553e+00
6.230000000000000426e+00,2.820828640153783540e-01,4.032571314790803219e-01,9.653351953282576225e-01,-1.006154631936763549e-01,3.654701058165246708e-01,1.029945473590414551e+00
6.240000000000000213e+00,2.820808089453898937e-01,4.032599634290488511e-01,9.653375957557884801e-01,-1.006336471352934359e-01,3.654956447524995711e-01,1.029878574286013482e+00
6.250000000000000000e+00,2.820787201210595563e-01,4.032626226471759945e-01,9.653398868881274408e-01,-1.006625859454337163e-01,3.655282574494477799e-01,1.029804106202734992e+00
6.259999999999999787e+00,2.820767713798440490e-01,4.032649321259021979e-01,9.653419104530760464e-01,-1.007035153494813123e-01,3.655680702672742810e-01,1.029721928102857342e+00
6.270000000000000462e+00,2.820750983117111255e-01,4.032667713655762043e-01,9.653435546926482091e-01,-1.007568346210116761e-01,3.656148608504877773e-01,1.029632346599228310e+00
6.280000000000000249e+00,2.820737944077518766e-01,4.032680716757535144e-01,9.653447519696759516e-01,-1.008222715356895532e-01,3.656681534776512477e-01,1.029536037303873330e+00
6.290000000000000036e+00,2.820729134521269277e-01,4.032688077421677786e-01,9.653454725714744056e-01,-1.008990381246888390e-01,3.657272915419421122e-01,1.029433963128393970e+00
6.299999999999999822e+00,2.820724720622819759e-01,4.032690360338949676e-01,9.653457499841020528e-01,-1.009859720319301185e-01,3.657914989742615530e-01,1.029327298073564378e+00
6.310000000000000497e+00,2.820723737912314566e-01,4.032690067153470448e-01,9.653457693658812344e-01,-1.010816553342849117e-01,3.658599177430633120e-01,1.029217357493740437e+00
6.320000000000000284e+00,2.820724771194922376e-01,4.032687425484022259e-01,9.653455720542464258e-01,-1.011844894427171709e-01,3.659316195193771382e-01,1.029105538421525967e+00
6.330000000000000071e+00,2.820727200165853987e-01,4.032681722382942535e-01,9.653451231425221879e-01,-1.012927781033457764e-01,3.660056564733063511e-01,1.028993282054913250e+00
6.339999999999999858e+00,2.820730987036390025e-01,4.032673373462045130e-01,9.653444555759648216e-01,-1.014048696655990012e-01,3.660811269855822059e-01,1.028882027099645491e+00
6.350000000000000533e+00,2.820736645042540292e-01,4.032662035987522597e-01,9.653435390542655092e-01,-1.015189969653695207e-01,3.661570031614284071e-01,1.028773179493427392e+00
6.360000000000000320e+00,2.820744874106033695e-01,4.032647592403769687e-01,9.653423531969189675e-01,-1.016333563737642637e-01,3.662322641954844915e-01,1.028668136267193001e+00
6.370000000000000107e+00,2.820755869522974524e-01,4.032630194997425255e-01,9.653409051065561242e-01,-1.017461987988466376e-01,3.663059086966322098e-01,1.028568248240606886e+00
6.379999999999999893e+00,2.820769518149174870e-01,4.032610148070613909e-01,9.653392180008292245e-01,-1.018558258220624430e-01,3.663769465311212947e-01,1.028474814606373799e+00
6.390000000000000568e+00,2.820785528548495069e-01,4.032587890146899223e-01,9.653373277175921752e-01,-1.019605914370161487e-01,3.664443974021990291e-01,1.028389084928008179e+00
6.400000000000000355e+00,2.820803496964250923e-01,4.032564100144838681e-01,9.653352887665301862e-01,-1.020589035844463449e-01,3.665072869902654684e-01,1.028312262414937228e+00
6.410000000000000142e+00,2.820823025610754708e-01,4.032539336338530900e-01,9.653331473442658961e-01,-1.021492112459747303e-01,3.665646472576559733e-01,1.028245519192015678e+00
6.419999999999999929e+00,2.820843492726143320e-01,4.032514328811194204e-01,9.653309671932867042e-01,-1.022288770047040385e-01,3.666144468450620586e-01,1.028189460505547270e+00
6.429999999999999716e+00,2.820862974716741300e-01,4.032491647959799974e-01,9.653289672726587112e-01,-1.022932521290311203e-01,3.666534059306466586e-01,1.028143168232764637e+00
6.440000000000000391e+00,2.820879095774483925e-01,4.032474463401358733e-01,9.653274159884656092e-01,-1.023407778924045469e-01,3.666814118110152121e-01,1.028105809668534487e+00
6.450000000000000178e+00,2.820890227471600231e-01,4.032464412309640367e-01,9.653264605223461636e-01,-1.023724900859995096e-01,3.667000789737581146e-01,1.028076581193076100e+00
6.459999999999999964e+00,2.820895701956472879e-01,4.032461279657182929e-01,9.653261012642526673e-01,-1.023906631630403102e-01,3.667114193185312399e-01,1.028054513555251015e+00
6.469999999999999751e+00,2.820896384875933305e-01,4.032461892730705433e-01,9.653261084122354285e-01,-1.023980025183513914e-01,3.667173127436253455e-01,1.028038509507193110e+00
6.480000000000000426e+00,2.820894311567631041e-01,4.032465370007893291e-01,9.653263830518576949e-01,-1.023972025622738036e-01,3.667193501743890582e-01,1.028027442795421020e+00
6.490000000000000213e+00,2.820890710648312205e-01,4.032471682957373682e-01,9.653268959841766472e-01,-1.023906978932769135e-01,3.667187861086863565e-01,1.028020236826205691e+00
6.500000000000000000e+00,2.820885858239337018e-01,4.032480302208892309e-01,9.653276007687837668e-01,-1.023805416202086815e-01,3.667165665200590730e-01,1.028015925235961525e+00
6.509999999999999787e+00,2.820879666429904620e-01,4.032490491115620079e-01,9.653284444606256010e-01,-1.023683717732807724e-01,3.667133825153170990e-01,1.028013686997975462e+00
6.520000000000000462e+00,2.820872397742318349e-01,4.032501500892017310e-01,9.653293683189650976e-01,-1.023554281481941219e-01,3.667097235436013736e-01,1.028012857214868792e+00
6.530000000000000249e+00,2.820864483065578243e-01,4.032512670850341707e-01,9.653303172946903210e-01,-1.023426001399215940e-01,3.667059253423934906e-01,1.028012919919068846e+00
6.540000000000000036e+00,2.820856377668983228e-01,4.032523474947759534e-01,9.653312455284648319e-01,-1.023304847839530962e-01,3.667022088891149223e-01,1.028013491435817883e+00
6.549999999999999822e+00,2.820848516602074141e-01,4.032533534460357449e-01,9.653321178604489239e-01,-1.023194431327503762e-01,3.666987102626501072e-01,1.028014300354599397e+00
6.560000000000000497e+00,2.820841355288759011e-01,4.032542610914648940e-01,9.653329084281058181e-01,-1.023096492486084558e-01,3.666955027436478720e-01,1.028015168133128210e+00
6.570000000000000284e+00,2.820835153246288307e-01,4.032550581456291749e-01,9.653336032261791155e-01,-1.023011548620753053e-01,3.666926207711023733e-01,1.028015983461693095e+00
6.580000000000000071e+00,2.820829986177468829e-01,4.032557383079065638e-01,9.653341961002479543e-01,-1.022939283464755073e-01,3.666900704296163771e-01,1.028016682601436971e+00
6.589999999999999858e+00,2.820825815863206576e-01,4.032562965616471873e-01,9.653346841883846396e-01,-1.022878886367293294e-01,3.666878407802135476e-01,1.028017231892085714e+00
6.600000000000000533e+00,2.820822542004678413e-01,4.032567378684469017e-01,9.653350727382004060e-01,-1.022829250942014073e-01,3.666859113948526261e-01,1.028017624880532832e+00
6.610000000000000320e+00,2.820819982843263407e-01,4.032570742416020093e-01,9.653353733340497289e-01,-1.022788972998790735e-01,3.666842518152733654e-01,1.028017877281143910e+00
6.620000000000000107e+00,2.820817879833826813e-01,4.032573210337788150e-01,9.653356013100109489e-01,-1.022756560161270506e-01,3.666828297225867561e-01,1.028018014805854863e+00
6.629999999999999893e+00,2.820816073672696711e-01,4.032574945849581871e-01,9.653357710864328700e-01,-1.022730683721466277e-01,3.666816181150314158e-01,1.028018061252260029e+00
6.640000000000000568e+00,2.820814475565756041e-01,4.032576104463982958e-01,9.653358952979327334e-01,-1.022710229085554284e-01,3.666805861941788702e-01,1.028018037164246445e+00
6.650000000000000355e+00,2.820813033250331170e-01,4.032576829696700726e-01,9.653359850303268042e-01,-1.022694181238490291e-01,3.666797043236264542e-01,1.028017960267032960e+00
6.660000000000000142e+00,2.820811714462173603e-01,4.032577311073476389e-01,9.653360540288381531e-01,-1.022681582222869368e-01,3.666789511837897919e-01,1.028017843690873123e+00
6.669999999999999929e+00,2.820810498259629928e-01,4.032577693735107660e-01,9.653361127800762498e-01,-1.022671571685549730e-01,3.666783084747887722e-01,1.028017700013280189e+00
6.679999999999999716e+00,2.820809369577528258e-01,4.032578035839505248e-01,9.653361657431901444e-01,-1.022663466723447989e-01,3.666777584790095190e-01,1.028017542449146227e+00
6.690000000000000391e+00,2.820808317240373619e-01,4.032578359765654485e-01,9.653362148483279892e-01,-1.022656769932397403e-01,3.666772857828162757e-01,1.028017382743472208e+00
6.700000000000000178e+00,2.820807332710076887e-01,4.032578674078879377e-01,9.653362610085891582e-01,-1.022651124136134404e-01,3.666768779993652139e-01,1.028017229745978423e+00
6.709999999999999964e+00,2.820806409221687239e-01,4.032578982038522164e-01,9.653363047168488364e-01,-1.022646276327020820e-01,3.666765253524441603e-01,1.028017089253438598e+00
6.719999999999999751e+00,2.820805541248281312e-01,4.032579284848771817e-01,9.653363462814197327e-01,-1.022642056549009637e-01,3.666762203772629958e-01,1.028016964150824109e+00
6.730000000000000426e+00,2.820804724300634003e-01,4.032579582723955780e-01,9.653363859101525835e-01,-1.022638414030242054e-01,3.666759597169511053e-01,1.028016852626340905e+00
6.740000000000000213e+00,2.820803954382918866e-01,4.032579875929403479e-01,9.653364237835477812e-01,-1.022635324061043072e-01,3.666757398476609975e-01,1.028016751571745768e+00
6.750000000000000000e+00,2.820803227876574337e-01,4.032580164615818807e-01,9.653364600526246342e-01,-1.022632739387844547e-01,3.666755579713618651e-01,1.028016660325688836e+00
6.759999999999999787e+00,2.820802541514172423e-01,4.032580448981432086e-01,9.653364948537382917e-01,-1.022630604078268168e-01,3.666754116738404901e-01,1.028016579264360519e+00
6.770000000000000462e+00,2.820801892329673488e-01,4.032580729300401789e-01,9.653365283134043295e-01,-1.022628861139238537e-01,3.666752966754605048e-01,1.028016507658047418e+00
6.780000000000000249e+00,2.820801277668611440e-01,4.032581005769585447e-01,9.653365605410965111e-01,-1.022627457203631601e-01,3.666752083768248238e-01,1.028016444430491338e+00
6.790000000000000036e+00,2.820800695157570370e-01,4.032581278517167744e-01,9.653365916313325634e-01,-1.022626344191997771e-01,3.666751425186738911e-01,1.028016388505511802e+00
6.799999999999999822e+00,2.820800142666488597e-01,4.032581547628409924e-01,9.653366216665303368e-01,-1.022625479605776821e-01,3.666750953696564230e-01,1.028016338915794137e+00
6.810000000000000497e+00,2.820799618273601705e-01,4.032581813165134754e-01,9.653366507193162915e-01,-1.022624826269876303e-01,3.666750637384772471e-01,1.028016294825000454e+00
6.820000000000000284e+00,2.820799120235618074e-01,4.032582075177362779e-01,9.653366788542279142e-01,-1.022624351870588255e-01,3.666750449261529377e-01,1.028016255520465938e+00
6.830000000000000071e+00,2.820798646963103562e-01,4.032582333709582856e-01,9.653367061289767070e-01,-1.022624028437610633e-01,3.666750366627695157e-01,1.028016220397693914e+00
6.839999999999999858e+00,2.820798197000310981e-01,4.032582588803892421e-01,9.653367325954262945e-01,-1.022623831834212210e-01,3.666750370450767571e-01,1.028016188944088638e+00
6.850000000000000533e+00,2.820797769008570044e-01,4.032582840501519050e-01,9.653367583003710228e-01,-1.022623741282351756e-01,3.666750444803167364e-01,1.028016160724287476e+00
6.860000000000000320e+00,2.820797361752511168e-01,4.032583088843473273e-01,9.653367832861770026e-01,-1.022623738932394583e-01,3.666750576374956383e-01,1.028016135367606942e+00
6.870000000000000107e+00,2.820662849127821281e-01,4.032655581864279526e-01,9.653441560239077734e-01,-1.025491581128770424e-01,3.664005263732450501e-01,1.027606678370345916e+00
6.879999999999999893e+00,2.820446814527924895e-01,4.032791006516578958e-01,9.653579600328443533e-01,-1.032410435523887782e-01,3.659093541039197262e-01,1.026824758737772125e+00
6.890000000000000568e+00,2.820272580622015246e-01,4.032912435908846405e-01,9.653701696889147588e-01,-1.041574341923127839e-01,3.654013396968361360e-01,1.025921948766915115e+00
6.900000000000000355e+00,2.820190300795741845e-01,4.032979457993568495e-01,9.653767425698802640e-01,-1.051509262644990672e-01,3.649496480000753995e-01,1.025033387609519897e+00
6.910000000000000142e+00,2.820200926713216094e-01,4.032985619768255647e-01,9.653771438583357289e-01,-1.061186530908956177e-01,3.645721530683815881e-01,1.024228620450706728e+00
6.919999999999999929e+00,2.820286101581446214e-01,4.032938764496761808e-01,9.653722953380967642e-01,-1.069973303370396478e-01,3.642650702000087559e-01,1.023539146361195584e+00
6.929999999999999716e+00,2.820419120898068899e-01,4.032856160242211940e-01,9.653638893469493887e-01,-1.077541590662409177e-01,3.640177489519111353e-01,1.022974110967638905e+00
6.940000000000000391e+00,2.820572721802812599e-01,4.032757195546899376e-01,9.653538538361035037e-01,-1.083783577661354414e-01,3.638185207596474346e-01,1.022529906745819339e+00
6.950000000000000178e+00,2.820724053062380610e-01,4.032658566010142165e-01,9.653438449950112465e-01,-1.088737293066257966e-01,3.636569467279620049e-01,1.022196052734423599e+00
6.959999999999999964e+00,2.820856862388217423e-01,4.032572162303271757e-01,9.653350452075055710e-01,-1.092526711387497573e-01,3.635243697409512587e-01,1.021958877408257083e+00
6.969999999999999751e+00,2.820961653889114684e-01,4.032504764243642903e-01,9.653281371647463027e-01,-1.095318018378571984e-01,3.634135448489813069e-01,1.021803639317425905e+00
6.980000000000000426e+00,2.821034702136442363e-01,4.032458979762054141e-01,9.653233896425725824e-01,-1.097291107629520118e-01,3.633193074290616553e-01,1.021716466275037094e+00
6.990000000000000213e+00,2.821076700303795093e-01,4.032434155732059211e-01,9.653207496839519841e-01,-1.098619462076301789e-01,3.632377096142119233e-01,1.021684802746918086e+00
7.000000000000000000e+00,2.821093702321342267e-01,4.032425397818897306e-01,9.653197639489426995e-01,-1.099458663948075648e-01,3.631656143971682127e-01,1.021697704304378451e+00
7.009999999999999787e+00,2.821091816946678099e-01,4.032427799109481459e-01,9.653199565737982102e-01,-1.099941906495247312e-01,3.631005799286767255e-01,1.021745964073114799e+00
7.020000000000000462e+00,2.821075588265655743e-01,4.032439378655915951e-01,9.653210841980665036e-01,-1.100178182117646924e-01,3.630406974289007160e-01,1.021822073473100501e+00
7.030000000000000249e+00,2.821050028357791617e-01,4.032457620813682531e-01,9.653228669671977125e-01,-1.100253204896634029e-01,3.629844691873468365e-01,1.021920074361869046e+00
7.040000000000000036e+00,2.821018834457967306e-01,4.032479766781415509e-01,9.653250383470997065e-01,-1.100232802906616902e-01,3.629307519465075349e-01,1.022035328512158392e+00
7.049999999999999822e+00,2.820985219330976457e-01,4.032503413587270602e-01,9.653273672691252694e-01,-1.100165071085216495e-01,3.628786421641662652e-01,1.022164322622494792e+00
7.060000000000000497e+00,2.820951748149220228e-01,4.032526677120434333e-01,9.653296715347490231e-01,-1.100083600618037977e-01,3.628274265022645162e-01,1.022304456801154116e+00
7.070000000000000284e+00,2.820920281572987243e-01,4.032548219868621331e-01,9.653318205578518274e-01,-1.100010597716773730e-01,3.627765448873855880e-01,1.022453849986894925e+00
7.080000000000000071e+00,2.820892022922384945e-01,4.032567204671570482e-01,9.653337312285736882e-01,-1.099959610588447101e-01,3.627255554892775957e-01,1.022611169603327541e+00
7.089999999999999858e+00,2.820867617782078507e-01,4.032583212622954383e-01,9.653353603828424001e-01,-1.099937865991252317e-01,3.626741130149861991e-01,1.022775489284641903e+00
7.100000000000000533e+00,2.820847274433245788e-01,4.032596147685811316e-01,9.653366959462218455e-01,-1.099948175560823138e-01,3.626219519881687114e-01,1.022946173395144598e+00
7.110000000000000320e+00,2.820830884934427685e-01,4.032606142720404629e-01,9.653377481188250009e-01,-1.099990417137895748e-01,3.625688688260448322e-01,1.023122785779451149e+00
7.120000000000000107e+00,2.820818132456474614e-01,4.032613477835363391e-01,9.653385416518235340e-01,-1.100062664451925409e-01,3.625147124167785728e-01,1.023305020265193654e+00
7.129999999999999893e+00,2.820808580142236677e-01,4.032618513375531011e-01,9.653391094693239971e-01,-1.100162017672203507e-01,3.624593749705070644e-01,1.023492649206205973e+00
7.140000000000000568e+00,2.820801747730714015e-01,4.032621595995115604e-01,9.653394846794718376e-01,-1.100285160829318348e-01,3.624027842681844525e-01,1.023685487102283131e+00
7.150000000000000355e+00,2.820797168153968970e-01,4.032622981252483307e-01,9.653396941177566637e-01,-1.100428745592399310e-01,3.623448997485990142e-01,1.023883366151399743e+00
7.160000000000000142e+00,2.820794397739705417e-01,4.032623021233310845e-01,9.653397708256344911e-01,-1.100589662012725622e-01,3.622857040895012815e-01,1.024086117060506451e+00
7.169999999999999929e+00,2.820793038540337361e-01,4.032622416290839729e-01,9.653397705568522724e-01,-1.100765169201148447e-01,3.622252019674321866e-01,1.024293558904869395e+00
7.179999999999999716e+00,2.820792741140457638e-01,4.032621596454857293e-01,9.653397298905467272e-01,-1.100952922520215260e-01,3.621634133099008723e-01,1.024505493177336968e+00
7.190000000000000391e+00,2.820793212086615820e-01,4.032620727845508957e-01,9.653396664582353237e-01,-1.101150974955668604e-01,3.621003720512324664e-01,1.024721702043642546e+00
7.200000000000000178e+00,2.820794216189919101e-01,4.032619874739561960e-01,9.653395898146086562e-01,-1.101357751597355633e-01,3.620361246942068734e-01,1.024941948373115030e+00
7.209999999999999964e+00,2.820795539604298852e-01,4.032619061884000211e-01,9.653395062796945592e-01,-1.101572003535665062e-01,3.619707283777631734e-01,1.025165976601001949e+00
7.219999999999999751e+00,2.820796942278078756e-01,4.032618298796638578e-01,9.653394214588388866e-01,-1.101792752847202822e-01,3.619042490953573443e-01,1.025393514198040590e+00
7.230000000000000426e+00,2.820798281218964143e-01,4.032617590154629061e-01,9.653393388495498106e-01,-1.102019230054533533e-01,3.618367600130595885e-01,1.025624273666050135e+00
7.240000000000000213e+00,2.820799483648466777e-01,4.032616938517795679e-01,9.653392604396333621e-01,-1.102250825888138469e-01,3.617683404938479841e-01,1.025857954266974126e+00
7.250000000000000000e+00,2.820800512787541847e-01,4.032616345474557829e-01,9.653391873838172987e-01,-1.102487048555076121e-01,3.616990753076771425e-01,1.026094243614174673e+00
7.259999999999999787e+00,2.820801350561424337e-01,4.032615812233004138e-01,9.653391203735107728e-01,-1.102727486636562587e-01,3.616290539505992996e-01,1.026332819077509839e+00
7.270000000000000462e+00,2.820801988255600690e-01,4.032615344055753281e-01,9.653390601354477907e-01,-1.102971796920954733e-01,3.615583731980305249e-01,1.026573349544681601e+00
7.280000000000000249e+00,2.820802387171618686e-01,4.032614962056103591e-01,9.653390091722849897e-01,-1.103219821169609677e-01,3.614871484468564766e-01,1.026815496143278716e+00
7.290000000000000036e+00,2.820802478253428003e-01,4.032614679978456795e-01,9.653389701925372268e-01,-1.103471467527237238e-01,3.614154933682218185e-01,1.027058907221648942e+00
7.299999999999999822e+00,2.820802231169995955e-01,4.032614504064822025e-01,9.653389444436855094e-01,-1.103726517226917975e-01,3.613435143920105119e-01,1.027303224017880767e+00
7.310000000000000497e+00,2.820801638462600569e-01,4.032614431968685187e-01,9.653389320104347471e-01,-1.103984625070710685e-01,3.612713119134705053e-01,1.027548082042023747e+00
7.320000000000000284e+00,2.820800703263408593e-01,4.032614444449165170e-01,9.653389315533397186e-01,-1.104245282973338182e-01,3.611989761915677666e-01,1.027793110211570271e+00
7.330000000000000071e+00,2.820799477449199566e-01,4.032614531238791766e-01,9.653389411741428727e-01,-1.104507879522830666e-01,3.611266065288902261e-01,1.028037938490822256e+00
7.339999999999999858e+00,2.820798046870173770e-01,4.032614689014952791e-01,9.653389586175311621e-01,-1.104771735375015135e-01,3.610543102869859799e-01,1.028282197014843469e+00
7.350000000000000533e+00,2.820796452799198550e-01,4.032614853918836673e-01,9.653389786068083955e-01,-1.105036250854315449e-01,3.609822041858545827e-01,1.028525508945351774e+00
7.360000000000000320e+00,2.820794711187493142e-01,4.032614817967178356e-01,9.653389867483582742e-01,-1.105300878151737470e-01,3.609104106364056097e-01,1.028767489606392971e+00
7.370000000000000107e+00,2.820792829305063809e-01,4.032614451587929194e-01,9.653389741669374802e-01,-1.105565099398630041e-01,3.608390565916656523e-01,1.029007747077280044e+00
7.379999999999999893e+00,2.820790810945984495e-01,4.032613710137650243e-01,9.653389378155399214e-01,-1.105828405612450799e-01,3.607682720108949526e-01,1.029245882652682909e+00
7.390000000000000568e+00,2.820788658399736581e-01,4.032612601410631159e-01,9.653388782287474212e-01,-1.106090282289162730e-01,3.606981892935683942e-01,1.029481491410140670e+00
7.400000000000000355e+00,2.820786373406880543e-01,4.032611162534097127e-01,9.653387979375243066e-01,-1.106350202643016090e-01,3.606289429558343085e-01,1.029714162829545199e+00
7.410000000000000142e+00,2.820783996255555870e-01,4.032609445164944684e-01,9.653386997908945943e-01,-1.106607614248279331e-01,3.605606682978805821e-01,1.029943481267695082e+00
7.419999999999999929e+00,2.820781837750728771e-01,4.032607507792469459e-01,9.653385823699550672e-01,-1.106861931627393658e-01,3.604935029821784709e-01,1.030169027133869708e+00
7.429999999999999716e+00,2.820780166477525053e-01,4.032605403868469995e-01,9.653384444209863746e-01,-1.107112555617872085e-01,3.604275857780616654e-01,1.030390375960495541e+00
7.440000000000000391e+00,2.820779085904711048e-01,4.032603178293598378e-01,9.653382869313777981e-01,-1.107358876377518425e-01,3.603630575072103159e-01,1.030607098941634714e+00
7.450000000000000178e+00,2.820778600238934564e-01,4.032600867921494747e-01,9.653381121546802390e-01,-1.107600267711605635e-01,3.603000608932928617e-01,1.030818763733514887e+00
7.459999999999999964e+00,2.820778659513372699e-01,4.032598502312496058e-01,9.653379229019141139e-01,-1.107836084758831302e-01,3.602387401804901246e-01,1.031024934859483544e+00
7.469999999999999751e+00,2.820779188877111099e-01,4.032596104618403343e-01,9.653377220735057662e-01,-1.108065664454657984e-01,3.601792409159673136e-01,1.031225174081166207e+00
7.480000000000000426e+00,2.820780106680132460e-01,4.032593692487103088e-01,9.653375123761002152e-01,-1.108288327507985782e-01,3.601217097926481814e-01,1.031419040756112127e+00
7.490000000000000213e+00,2.820781332038064249e-01,4.032591294709612084e-01,9.653372973056123518e-01,-1.108503387298242077e-01,3.600662944544895105e-01,1.031606091960857841e+00
7.500000000000000000e+00,2.820782785254358216e-01,4.032588979330108958e-01,9.653370830475312969e-01,-1.108710160437939712e-01,3.600131433341799414e-01,1.031785882345456207e+00
7.509999999999999787e+00,2.820784402255667178e-01,4.032586784999446783e-01,9.653368734981677690e-01,-1.108907944868906953e-01,3.599624055685960444e-01,1.031957965634172858e+00
7.520000000000000462e+00,2.820786134749412311e-01,4.032584721104061631e-01,9.653366702637662389e-01,-1.109096025235759009e-01,3.599142307589844880e-01,1.032121895164366254e+00
7.530000000000000249e+00,2.820787941619452011e-01,4.032582780218011975e-01,9.653364742246707264e-01,-1.109273679647779509e-01,3.598687687956428349e-01,1.032277224134618310e+00
7.540000000000000036e+00,2.820789759425716969e-01,4.032580946451878035e-01,9.653362874411819394e-01,-1.109440185545435414e-01,3.598261696649672770e-01,1.032423505916154838e+00
7.549999999999999822e+00,2.820791541163298333e-01,4.032579203564320980e-01,9.653361093217062150e-01,-1.109594822798544156e-01,3.597865831511866119e-01,1.032560294475881379e+00
7.560000000000000497e+00,2.820793262308689542e-01,4.032577534858751700e-01,9.653359387558592131e-01,-1.109736875285815549e-01,3.597501585298511495e-01,1.032687144915435340e+00
7.570000000000000284e+00,2.820794912687247802e-01,4.032575924913981980e-01,9.653357746097811498e-01,-1.109865635151627700e-01,3.597170451707000782e-01,1.032803614386878177e+00
7.580000000000000071e+00,2.820796491329369271e-01,4.032574360292752735e-01,9.653356157951676897e-01,-1.109980401951385365e-01,3.596873886328927905e-01,1.032909261005177548e+00
7.589999999999999858e+00,2.820798002313439357e-01,4.032572830441938927e-01,9.653354613777588300e-01,-1.110080491297731481e-01,3.596613360861223851e-01,1.033003646852339585e+00
7.600000000000000533e+00,2.820799452320283951e-01,4.032571327035902042e-01,9.653353105577209270e-01,-1.110165233658427647e-01,3.596390324699748064e-01,1.033086337357480566e+00
7.610000000000000320e+00,2.820800848437197139e-01,4.032569842514540648e-01,9.653351625580567363e-01,-1.110233999704335756e-01,3.596206228959865081e-01,1.033156902653669551e+00
7.620000000000000107e+00,2.820680836216946097e-01,4.032632350648472919e-01,9.653416235294336456e-01,-1.113014341358960629e-01,3.593833034134179538e-01,1.032788376281193576e+00
7.629999999999999893e+00,2.820477773930370469e-01,4.032756428132123205e-01,9.653544160071760860e-01,-1.119403072960455936e-01,3.588976938218789159e-01,1.032031342659178508e+00
7.640000000000000568e+00,2.820311293179446621e-01,4.032869175130236461e-01,9.653658752347638039e-01,-1.127687065079231304e-01,3.583870704183853007e-01,1.031132146321944942e+00
7.650000000000000355e+00,2.820230712048908961e-01,4.032931471437294912e-01,9.653720655344002477e-01,-1.136488292564856034e-01,3.579389548147584033e-01,1.030218743914227408e+00
7.660000000000000142e+00,2.820238593122913473e-01,4.032935481486659701e-01,9.653723192282224197e-01,-1.144848640148654478e-01,3.575770191384785579e-01,1.029353954563969609e+00
7.669999999999999929e+00,2.820318054693209953e-01,4.032887692534805613e-01,9.653674788909744064e-01,-1.152182629398593033e-01,3.572987841164628753e-01,1.028564059848527723e+00
7.679999999999999716e+00,2.820442730335961379e-01,4.032805032914996146e-01,9.653592337378813504e-01,-1.158198242265181116e-01,3.570927503178268347e-01,1.027855009492285143e+00
7.690000000000000391e+00,2.820586603702433526e-01,4.032707165906191382e-01,9.653494636701506204e-01,-1.162815705384265541e-01,3.569457040027127492e-01,1.027221973900617424e+00
7.700000000000000178e+00,2.820728028859085801e-01,4.032611102296424499e-01,9.653398259451407837e-01,-1.166088032133821561e-01,3.568455129130599368e-01,1.026655035409724359e+00
7.709999999999999964e+00,2.820851749224627669e-01,4.032528091564349659e-01,9.653314419676151115e-01,-1.168149948513786535e-01,3.567817878735770054e-01,1.026142646266393177e+00
7.719999999999999751e+00,2.820948964058399011e-01,4.032464503086562457e-01,9.653249539044468364e-01,-1.169177029205053647e-01,3.567461099655264145e-01,1.025673612032211190e+00
7.730000000000000426e+00,2.821016403690830843e-01,4.032422562284036505e-01,9.653205957151533845e-01,-1.169357577868155584e-01,3.567317595820971299e-01,1.025238183301832251e+00
7.740000000000000213e+00,2.821055029053769481e-01,4.032401417271855304e-01,9.653182887348071839e-01,-1.168874854766705773e-01,3.567333805532001412e-01,1.024828584015698540e+00
7.750000000000000000e+00,2.821069771474645216e-01,4.032396201943925229e-01,9.653175931374411434e-01,-1.167896734083909427e-01,3.567466624256833141e-01,1.024439185634356653e+00
7.759999999999999787e+00,2.821068450511113324e-01,4.032401768883246973e-01,9.653180009135030604e-01,-1.166571218536014698e-01,3.567680989990364981e-01,1.024066454650115032e+00
7.770000000000000462e+00,2.821054929377010967e-01,4.032415777716883420e-01,9.653192638751098009e-01,-1.165025455001411497e-01,3.567947832795095309e-01,1.023708760128474449e+00
7.780000000000000249e+00,2.821033021585331313e-01,4.032435311084407448e-01,9.653210994240334353e-01,-1.163366228357526483e-01,3.568242553876609380e-01,1.023366160118865498e+00
7.790000000000000036e+00,2.821006563157584801e-01,4.032456611910023581e-01,9.653231696097358538e-01,-1.161682054747076032e-01,3.568543990176074043e-01,1.023040156815033352e+00
7.799999999999999822e+00,2.820978775175270181e-01,4.032476907111303688e-01,9.653252166875849749e-01,-1.160046612464282617e-01,3.568833569764783831e-01,1.022733416297458398e+00
7.810000000000000497e+00,2.820952058560861064e-01,4.032494912271191723e-01,9.653271011700116366e-01,-1.158521712906188522e-01,3.569094627207746173e-01,1.022449519398106910e+00
7.820000000000000284e+00,2.820928028996027570e-01,4.032510741396093668e-01,9.653287949895300590e-01,-1.157159888863859565e-01,3.569311830223800830e-01,1.022192756263352598e+00
7.830000000000000071e+00,2.820907533090035169e-01,4.032524570350772830e-01,9.653302900272006104e-01,-1.156006550652619869e-01,3.569470961673346654e-01,1.021967968900559853e+00
7.839999999999999858e+00,2.820751252282899801e-01,4.032628051904345590e-01,9.653402012845809788e-01,-1.159150445037178262e-01,3.565726438530175124e-01,1.021480036892071785e+00
7.850000000000000533e+00,2.820523918620452264e-01,4.032783611503937826e-01,9.653556457963293758e-01,-1.166024821678222495e-01,3.560252052111597121e-01,1.020691888491807697e+00
7.860000000000000320e+00,2.820347536115998532e-01,4.032907661270862532e-01,9.653680698073996425e-01,-1.174630799159252642e-01,3.554929039294258963e-01,1.019803677946262699e+00
7.870000000000000107e+00,2.820267428870311122e-01,4.032966682605297337e-01,9.653739866604670317e-01,-1.183545509089127118e-01,3.550409213993472313e-01,1.018925569946161014e+00
7.879999999999999893e+00,2.820282626805986070e-01,4.032957928998108232e-01,9.653731719539802025e-01,-1.191801531323405244e-01,3.546847568353244662e-01,1.018112648421135136e+00
7.890000000000000568e+00,2.820372744858185565e-01,4.032893340286258232e-01,9.653669188869896667e-01,-1.198817072478272211e-01,3.544193162604710734e-01,1.017387952858164635e+00
7.900000000000000355e+00,2.820508921977098460e-01,4.032793711168828898e-01,9.653572248759622054e-01,-1.204308457485069594e-01,3.542323853795114608e-01,1.016756121847111949e+00
7.910000000000000142e+00,2.820663422594373304e-01,4.032680884739247018e-01,9.653461658069092399e-01,-1.208205967376724393e-01,3.541105108079203867e-01,1.016211726175189067e+00
7.919999999999999929e+00,2.820813517395598380e-01,4.032572773784511844e-01,9.653354851473717746e-01,-1.210574592869876759e-01,3.540412453226829403e-01,1.015744396863266674e+00
7.930000000000000604e+00,2.820943330085036171e-01,4.032480901218339908e-01,9.653263361355683969e-01,-1.211563730062977379e-01,3.540137311327626324e-01,1.015342005511926438e+00
7.940000000000000391e+00,2.821043778467682839e-01,4.032411575721084329e-01,9.653193624076337187e-01,-1.211366033051931856e-01,3.540189234249097039e-01,1.014992536602983719e+00
7.950000000000000178e+00,2.821111545378784946e-01,4.032366781347814788e-01,9.653147817544145415e-01,-1.210189334265960592e-01,3.540493531060447396e-01,1.014685142650344929e+00
7.959999999999999964e+00,2.821147741622629934e-01,4.032345341788666770e-01,9.653124867552764776e-01,-1.208238683068068448e-01,3.540988402487031395e-01,1.014410676528036070e+00
7.969999999999999751e+00,2.821158568789081666e-01,4.032341510415979879e-01,9.653119546723231137e-01,-1.205705628435539828e-01,3.541622062556434858e-01,1.014161890273550970e+00
7.980000000000000426e+00,2.821150831974565398e-01,4.032350682218021620e-01,9.653127303896814615e-01,-1.202763716943472255e-01,3.542350626822259874e-01,1.013933402391772987e+00
7.990000000000000213e+00,2.821128448961912061e-01,4.032370054194887588e-01,9.653145333437285203e-01,-1.199566706490533680e-01,3.543135938504379800e-01,1.013721546740625978e+00
8.000000000000000000e+00,2.821095700092592917e-01,4.032396241401427495e-01,9.653170432131558121e-01,-1.196248974674588988e-01,3.543944332796131746e-01,1.013524192902165666e+00
8.009999999999999787e+00,2.821056918086286003e-01,4.032425060228189695e-01,9.653198891602674525e-01,-1.192927377269573513e-01,3.544745915169935091e-01,1.013340537820717646e+00
8.019999999999999574e+00,2.821016425343078060e-01,4.032453779550115303e-01,9.653227855928434575e-01,-1.189706390516639817e-01,3.545513924780336334e-01,1.013170741571018496e+00
8.029999999999999361e+00,2.820976491571462463e-01,4.032481863911690501e-01,9.653256397141304346e-01,-1.186678038972225208e-01,3.546221936469283187e-01,1.013015871436975912e+00
8.040000000000000924e+00,2.820938566266730230e-01,4.032508984499245108e-01,9.653283973280314401e-01,-1.183923074451763702e-01,3.546844838005791534e-01,1.012877693664845591e+00
8.050000000000000711e+00,2.820903546761598379e-01,4.032534816138829692e-01,9.653310180989532752e-01,-1.181515482486565766e-01,3.547358746199718582e-01,1.012758481427729951e+00
8.060000000000000497e+00,2.820718768491875528e-01,4.032658539259710850e-01,9.653428517814760523e-01,-1.183697040065712913e-01,3.543661880656719387e-01,1.012342033684320075e+00
8.070000000000000284e+00,2.820455389198557872e-01,4.032838101130548636e-01,9.653607234325556341e-01,-1.190223998121039961e-01,3.537956988384238777e-01,1.011598906517199747e+00
8.080000000000000071e+00,2.820247547604359806e-01,4.032983269715573194e-01,9.653753251206746988e-01,-1.199032421632027223e-01,3.532190929911224186e-01,1.010743835626348730e+00
8.089999999999999858e+00,2.820146392508349198e-01,4.033057115359368061e-01,9.653827968587939123e-01,-1.208633203712657783e-01,3.527074872291502405e-01,1.009898815832216412e+00
8.099999999999999645e+00,2.820150678234732422e-01,4.033058617718254246e-01,9.653830143444264156e-01,-1.218005191763318201e-01,3.522805643181806112e-01,1.009127643566197330e+00
8.109999999999999432e+00,2.820238625170812807e-01,4.033000144521967645e-01,9.653773143847399485e-01,-1.226520384828160143e-01,3.519359035540331471e-01,1.008459170450554998e+00
8.120000000000000995e+00,2.820379944239707615e-01,4.032902868792463402e-01,9.653677297605099961e-01,-1.233854795900974494e-01,3.516629462983868470e-01,1.007901388561698974e+00
8.130000000000000782e+00,2.820544686248058763e-01,4.032788717651890065e-01,9.653564129370123537e-01,-1.239900518509838429e-01,3.514492597260898132e-01,1.007450290533997483e+00
8.140000000000000568e+00,2.820707976453147303e-01,4.032675851207080941e-01,9.653451674467666832e-01,-1.244691614387568729e-01,3.512831461880087658e-01,1.007095470195359832e+00
8.150000000000000355e+00,2.820852183190807883e-01,4.032576922081743120e-01,9.653352596010609243e-01,-1.248346378261857986e-01,3.511545565412523273e-01,1.006823658291109425e+00
8.160000000000000142e+00,2.820966970044690436e-01,4.032499071090548948e-01,9.653274161282565657e-01,-1.251025117847414658e-01,3.510552511706223067e-01,1.006620913511908189e+00
8.169999999999999929e+00,2.821048225170733614e-01,4.032444834914741816e-01,9.653219097306388052e-01,-1.252901092003692873e-01,3.509786523081427911e-01,1.006473923532618997e+00
8.179999999999999716e+00,2.821096537770009238e-01,4.032413392128025853e-01,9.653186769209182172e-01,-1.254141868956560879e-01,3.509195944948991785e-01,1.006370715524235404e+00
8.189999999999999503e+00,2.821116695601695867e-01,4.032401014327496314e-01,9.653173552457290363e-01,-1.254898394720281862e-01,3.508740593637434402e-01,1.006300980995715522e+00
8.199999999999999289e+00,2.821117135334343939e-01,4.032400827658160214e-01,9.653172999354149297e-01,-1.255299759575589369e-01,3.508389381653446160e-01,1.006256150765980628e+00
8.210000000000000853e+00,2.821102307800612552e-01,4.032410259646193040e-01,9.653182324935665193e-01,-1.255454773326166173e-01,3.508118943877038820e-01,1.006229255805723088e+00
8.220000000000000639e+00,2.821076532654535063e-01,4.032426824112883001e-01,9.653198891300801554e-01,-1.255450757234847503e-01,3.507912024762580572e-01,1.006214732229447906e+00
8.230000000000000426e+00,2.821044188693616062e-01,4.032447657686076270e-01,9.653219862476650759e-01,-1.255348613801522406e-01,3.507753541591858149e-01,1.006208481826975198e+00
8.240000000000000213e+00,2.821008892978162375e-01,4.032469986567865927e-01,9.653242636293569712e-01,-1.255192970250623985e-01,3.507632068789232616e-01,1.006207495928274520e+00
8.250000000000000000e+00,2.820973615980447713e-01,4.032491548084619071e-01,9.653264978122121365e-01,-1.255015200399980935e-01,3.507539049513268004e-01,1.006209619712181480e+00
8.259999999999999787e+00,2.820940816846185251e-01,4.032511035799688504e-01,9.653285429854396860e-01,-1.254836039128179037e-01,3.507467891448322050e-01,1.006213358882333209e+00
8.269999999999999574e+00,2.820912001899557042e-01,4.032527809644432804e-01,9.653303197862694862e-01,-1.254668402265089744e-01,3.507413590004761494e-01,1.006217711643379475e+00
8.279999999999999361e+00,2.820742690433540867e-01,4.032622353941456295e-01,9.653399282622022737e-01,-1.257367565314188307e-01,3.504411774618384490e-01,1.005845027519280732e+00
8.290000000000000924e+00,2.820495315885767629e-01,4.032770733950752362e-01,9.653553210481051750e-01,-1.263819322368963383e-01,3.498999483657980747e-01,1.005118103327589552e+00
8.300000000000000711e+00,2.820302030980615382e-01,4.032891250289710738e-01,9.653678725665127969e-01,-1.272075356326958784e-01,3.493426703194070781e-01,1.004260385961229574e+00
8.310000000000000497e+00,2.820213596746370399e-01,4.032948523343456992e-01,9.653738428615757927e-01,-1.280586499190453642e-01,3.488657783876638607e-01,1.003394486043630573e+00
8.320000000000000284e+00,2.820230800475024835e-01,4.032937975007159226e-01,9.653728466513857853e-01,-1.288270840010382612e-01,3.485021608595097464e-01,1.002584170296107358e+00
8.330000000000000071e+00,2.820332364357281407e-01,4.032870280711888800e-01,9.653661139286394688e-01,-1.294457096181102773e-01,3.482552800144294025e-01,1.001858369347512934e+00
8.339999999999999858e+00,2.820486915830970331e-01,4.032765793858126835e-01,9.653556798978891740e-01,-1.298798148906546712e-01,3.481161376824914444e-01,1.001225623326322367e+00
8.349999999999999645e+00,2.820663864459368453e-01,4.032646105687189286e-01,9.653436501732515218e-01,-1.301183109115764125e-01,3.480711674529581856e-01,1.000683095544319334e+00
8.359999999999999432e+00,2.820837565618615761e-01,4.032529434339128804e-01,9.653318530675359943e-01,-1.301665996139944048e-01,3.481059436406282459e-01,1.000222114709904409e+00
8.370000000000000995e+00,2.820989612993481388e-01,4.032428733455294401e-01,9.653215988515176926e-01,-1.300404992194550968e-01,3.482067205988043090e-01,9.998315588940200893e-01
8.380000000000000782e+00,2.821109025222326983e-01,4.032351517146185449e-01,9.653136576199832231e-01,-1.297617713190010180e-01,3.483609694775425814e-01,9.994999159060682370e-01
8.390000000000000568e+00,2.821191248444605004e-01,4.032300722243136182e-01,9.653083408766586215e-01,-1.293549644253650655e-01,3.485574509379825159e-01,9.992164624539389139e-01
8.400000000000000355e+00,2.821236691341542646e-01,4.032275887090839284e-01,9.653056066356104914e-01,-1.288453964021035736e-01,3.487861534020718635e-01,9.989718307579318335e-01
8.410000000000000142e+00,2.821251043696366145e-01,4.032271777694937942e-01,9.653049746746937831e-01,-1.282579345072597798e-01,3.490380577050496425e-01,9.987582655001782106e-01
8.419999999999999929e+00,2.821242063731027039e-01,4.032283383853482173e-01,9.653059436547849481e-01,-1.276157410963119632e-01,3.493048141119952654e-01,9.985698237187107251e-01
8.429999999999999716e+00,2.821214191349263323e-01,4.032307897189387202e-01,9.653082222870862372e-01,-1.269403866698081418e-01,3.495787739328297117e-01,9.984020976962965088e-01
8.439999999999999503e+00,2.821172199120766111e-01,4.032341545857540677e-01,9.653114619855124312e-01,-1.262518064912517002e-01,3.498528267288095184e-01,9.982520660451087435e-01
8.449999999999999289e+00,2.821121632139878543e-01,4.032378946026791144e-01,9.653151756569092745e-01,-1.255683169492613216e-01,3.501202618809604594e-01,9.981179269496721629e-01
8.460000000000000853e+00,2.821066814581745796e-01,4.032418304007339693e-01,9.653191368411386808e-01,-1.249070660929454818e-01,3.503746492292417192e-01,9.979987644214434184e-01
8.470000000000000639e+00,2.821010289968162721e-01,4.032458874541653970e-01,9.653232348398196327e-01,-1.242842095804079922e-01,3.506098148244507495e-01,9.978943837527943783e-01
8.480000000000000426e+00,2.820954106446375009e-01,4.032499806385003716e-01,9.653273643498908596e-01,-1.237149979759212537e-01,3.508197414283619198e-01,9.978052023043751939e-01
8.490000000000000213e+00,2.820899706565831444e-01,4.032540348359716642e-01,9.653314445521052889e-01,-1.232139887428433112e-01,3.509985237924684864e-01,9.977321130694285500e-01
8.500000000000000000e+00,2.820678001997912188e-01,4.032692481260053419e-01,9.653459065127172334e-01,-1.233172488172314257e-01,3.506301735588455148e-01,9.973812747689498881e-01
8.509999999999999787e+00,2.820372153891037015e-01,4.032899968069904029e-01,9.653666001069427516e-01,-1.239246787338273426e-01,3.500342830304102315e-01,9.966838489398016643e-01
8.519999999999999574e+00,2.820130732149685460e-01,4.033064203155870553e-01,9.653832593100760695e-01,-1.248000212492141603e-01,3.494212207409478355e-01,9.958544170812414498e-01
8.529999999999999361e+00,2.820010331496268785e-01,4.033146822385583197e-01,9.653917834465499670e-01,-1.257794462247364131e-01,3.488694044374294201e-01,9.950204669280564573e-01
8.540000000000000924e+00,2.820009518571950369e-01,4.033149119564168328e-01,9.653921943478903644e-01,-1.267500455931386272e-01,3.484036331822563115e-01,9.942508664742657487e-01
8.550000000000000711e+00,2.820103884386755966e-01,4.033085467769568222e-01,9.653860223005943375e-01,-1.276412556747440197e-01,3.480244107920274499e-01,9.935784115086534474e-01
8.560000000000000497e+00,2.820259946642746929e-01,4.032979085094637317e-01,9.653755074056645791e-01,-1.284153336511940635e-01,3.477224365320919497e-01,9.930138852078800316e-01
8.570000000000000284e+00,2.820444382154408958e-01,4.032853668366049860e-01,9.653630007578400951e-01,-1.290580690684836607e-01,3.474854704638408176e-01,9.925551209793161966e-01
8.580000000000000071e+00,2.820629366014051898e-01,4.032728792147292074e-01,9.653504678039174225e-01,-1.295709160625325984e-01,3.473014007651765711e-01,9.921928425881568758e-01
8.589999999999999858e+00,2.820794964433951391e-01,4.032618154073523975e-01,9.653392973588642567e-01,-1.299648219732972565e-01,3.471594701081738288e-01,9.919144077705270846e-01
8.599999999999999645e+00,2.820929237850581806e-01,4.032529599725466207e-01,9.653303000036432824e-01,-1.302556724287105838e-01,3.470506337953914722e-01,9.917061617099560689e-01
8.609999999999999432e+00,2.821027114978682526e-01,4.032466079920767887e-01,9.653237982241507087e-01,-1.304611189914370029e-01,3.469675279897911357e-01,9.915548590694449604e-01
8.620000000000000995e+00,2.821088749734937950e-01,4.032426954109140649e-01,9.653197518044830394e-01,-1.305985118550024582e-01,3.469042800448771668e-01,9.914484610179554736e-01
8.630000000000000782e+00,2.821118178343786642e-01,4.032409105698134266e-01,9.653178571298984822e-01,-1.306836674330576764e-01,3.468562726526620010e-01,9.913765189088278307e-01
8.640000000000000568e+00,2.821124458096048171e-01,4.032405384744280896e-01,9.653174348335202826e-01,-1.307302167238073021e-01,3.468199022926557462e-01,9.913302956683516243e-01
8.650000000000000355e+00,2.821113400005988980e-01,4.032411941821164580e-01,9.653180914968179094e-01,-1.307496424855132122e-01,3.467924203314223797e-01,9.913026673113780607e-01
8.660000000000000142e+00,2.821089599921783875e-01,4.032426379983901077e-01,9.653195614987551965e-01,-1.307514073089516837e-01,3.467718191216596635e-01,9.912878958369519822e-01
8.669999999999999929e+00,2.821057835646234024e-01,4.032445799041155521e-01,9.653215484728832063e-01,-1.307421319903035728e-01,3.467563917905405746e-01,9.912817260140939224e-01
8.679999999999999716e+00,2.821022093072638737e-01,4.032467442043499717e-01,9.653237880368897850e-01,-1.307266807515868046e-01,3.467448364453671328e-01,9.912810307381694219e-01
8.689999999999999503e+00,2.820985648112702138e-01,4.032488803118446374e-01,9.653260341414517942e-01,-1.307084973562402386e-01,3.467361913916875427e-01,9.912835656346026258e-01
8.700000000000001066e+00,2.820951227276840556e-01,4.032508383744981550e-01,9.653281217236966416e-01,-1.306898867307760004e-01,3.467297325817941256e-01,9.912877718425796569e-01
8.710000000000000853e+00,2.820920631804891276e-01,4.032525422498438039e-01,9.653299564988380155e-01,-1.306722984774228158e-01,3.467249167585923497e-01,9.912926020469861044e-01
8.720000000000000639e+00,2.820744698599715883e-01,4.032622494176493766e-01,9.653398619382703716e-01,-1.309472967086612039e-01,3.464178674518683665e-01,9.909305174610568701e-01
8.730000000000000426e+00,2.820489371540637058e-01,4.032771566965517307e-01,9.653554831533844860e-01,-1.316033982665253121e-01,3.458553747543963719e-01,9.902205121207533489e-01
8.740000000000000213e+00,2.820290601338162895e-01,4.032890700932665329e-01,9.653680694747647228e-01,-1.324402682690398736e-01,3.452674091066578743e-01,9.893788689831197747e-01
8.750000000000000000e+00,2.820199926014967939e-01,4.032945984497038339e-01,9.653739579238767021e-01,-1.332998805153814137e-01,3.447573188442475955e-01,9.885261837294236908e-01
8.759999999999999787e+00,2.820217755927383885e-01,4.032934162215875973e-01,9.653728633476452714e-01,-1.340721207877440535e-01,3.443634455152664864e-01,9.877261171894327063e-01
8.769999999999999574e+00,2.820322014286115730e-01,4.032866364798118330e-01,9.653660676056432521e-01,-1.346886386467167074e-01,3.440925797040300660e-01,9.870080576029738317e-01
8.779999999999999361e+00,2.820480535777088460e-01,4.032762796871330324e-01,9.653556102941834860e-01,-1.351139058103414670e-01,3.439372682071424880e-01,9.863810887800065208e-01
8.790000000000000924e+00,2.820661986156839385e-01,4.032644657462920446e-01,9.653435880351692866e-01,-1.353365394286099588e-01,3.438842471255625366e-01,9.858428723743341004e-01
8.800000000000000711e+00,2.820840119336701646e-01,4.032529745846256120e-01,9.653318138913362656e-01,-1.353620116252798877e-01,3.439186411264864018e-01,9.853851489165894595e-01
8.810000000000000497e+00,2.820996099417772407e-01,4.032430682584449144e-01,9.653215852079419790e-01,-1.352065235857717873e-01,3.440258403056463687e-01,9.849971334084907104e-01
8.820000000000000284e+00,2.821118678276172687e-01,4.032354771291797313e-01,9.653136636862074127e-01,-1.348924630162399996e-01,3.441922670438388177e-01,9.846675873603990548e-01
8.830000000000000071e+00,2.821203174536851543e-01,4.032304778169669701e-01,9.653083521066464501e-01,-1.344451783234233977e-01,3.444055826905296214e-01,9.843860056116189305e-01
8.839999999999999858e+00,2.821249998411342053e-01,4.032280122801618627e-01,9.653056007479255962e-01,-1.338908615231715893e-01,3.446546885193454424e-01,9.841432130791482047e-01
8.849999999999999645e+00,2.821264852966682835e-01,4.032275737884550293e-01,9.653049395523024545e-01,-1.332554070842423277e-01,3.449296071850412870e-01,9.839315604870515486e-01
8.859999999999999432e+00,2.821255627987471204e-01,4.032286627710776616e-01,9.653058648405534736e-01,-1.325630749231351824e-01,3.452211121606282296e-01,9.837451875658493883e-01
8.870000000000000995e+00,2.821226924737646469e-01,4.032310337104402231e-01,9.653081061581857414e-01,-1.318364894917777030e-01,3.455207646878067917e-01,9.835797463893668491e-01
8.880000000000000782e+00,2.821183636148606455e-01,4.032343397661867224e-01,9.653113336547721746e-01,-1.310966397995849686e-01,3.458207311612970791e-01,9.834322352756234009e-01
8.890000000000000568e+00,2.821131439634939064e-01,4.032380332447181859e-01,9.653150505025379635e-01,-1.303628715091666723e-01,3.461136445092876102e-01,9.833008436151986498e-01
8.900000000000000355e+00,2.821074845334690662e-01,4.032419141847233268e-01,9.653190120833182730e-01,-1.296533472850024404e-01,3.463924669260502465e-01,9.831846200661746860e-01
8.910000000000000142e+00,2.821016483468317682e-01,4.032459113489479385e-01,9.653231079615738341e-01,-1.289852439266545026e-01,3.466504628371725460e-01,9.830833058460176632e-01
8.919999999999999929e+00,2.820958469967196347e-01,4.032499423090463164e-01,9.653272329684894348e-01,-1.283748222840769282e-01,3.468810941780883228e-01,9.829972375015203490e-01
8.929999999999999716e+00,2.820902318705010292e-01,4.032539339497107633e-01,9.653313048822698139e-01,-1.278376396752614608e-01,3.470779631069359494e-01,9.829272145203441502e-01
8.939999999999999503e+00,2.820674663180186004e-01,4.032691602945578935e-01,9.653458915928193607e-01,-1.279349325330840781e-01,3.467093765140503159e-01,9.825924894883865113e-01
8.950000000000001066e+00,2.820360737237709303e-01,4.032897814079366428e-01,9.653666790434530798e-01,-1.285487660504351926e-01,3.460942172885350665e-01,9.819146242230012422e-01
8.960000000000000853e+00,2.820113123111198106e-01,4.033059632830063301e-01,9.653833149595654195e-01,-1.294361965698464789e-01,3.454497513301535982e-01,9.811024569351722846e-01
8.970000000000000639e+00,2.819989616486017203e-01,4.033140035465311302e-01,9.653917581929611913e-01,-1.304306225343797865e-01,3.448615138603937091e-01,9.802823619176412873e-01
8.980000000000000426e+00,2.819988688631585583e-01,4.033141257199466811e-01,9.653920973962225593e-01,-1.314172872574513318e-01,3.443595981429004582e-01,9.795234943543761341e-01
8.990000000000000213e+00,2.820085270903954777e-01,4.033077843837142296e-01,9.653858917246671556e-01,-1.323242873015837429e-01,3.439476995334757592e-01,9.788592809274510032e-01
9.000000000000000000e+00,2.820245082862773423e-01,4.032972723743738497e-01,9.653753788527639212e-01,-1.331129409285139731e-01,3.436180288720940834e-01,9.783011094213048819e-01
9.009999999999999787e+00,2.820434036547728729e-01,4.032849139340019540e-01,9.653628963875460212e-01,-1.337684489599146320e-01,3.433587305081822194e-01,9.778472980394271596e-01
9.019999999999999574e+00,2.820623668211623136e-01,4.032726238264121021e-01,9.653503949843481591e-01,-1.342919742161917673e-01,3.431574088454180105e-01,9.774889338233588854e-01
9.029999999999999361e+00,2.820793568630426407e-01,4.032617404848048981e-01,9.653392526152221320e-01,-1.346944077731009326e-01,3.430026819961870532e-01,9.772136393285522082e-01
9.040000000000000924e+00,2.820931488904738771e-01,4.032530302450224036e-01,9.653302742018866622e-01,-1.349917486263042810e-01,3.428847521748182858e-01,9.770079507099613814e-01
9.050000000000000711e+00,2.821032196772453315e-01,4.032467812174416188e-01,9.653237809386195911e-01,-1.352018704345573363e-01,3.427955008900004930e-01,9.768587598131580618e-01
9.060000000000000497e+00,2.821095804956281761e-01,4.032429304255817915e-01,9.653197341958497102e-01,-1.353424028215039765e-01,3.427283677754756619e-01,9.767541262028167637e-01
9.070000000000000284e+00,2.821126369354451380e-01,4.032411737576078181e-01,9.653178351048814498e-01,-1.354294594482912117e-01,3.426781459635812044e-01,9.766836717875861940e-01
9.080000000000000071e+00,2.821133055098192788e-01,4.032408075716106821e-01,9.653174090732697943e-01,-1.354769572765578411e-01,3.426407482650482006e-01,9.766387107370088083e-01
9.089999999999999858e+00,2.821121868614437367e-01,4.032414464240537399e-01,9.653180580377267450e-01,-1.354966399291776258e-01,3.426130393430270593e-01,9.766121555796075659e-01
9.099999999999999645e+00,2.821097542542329029e-01,4.032428593900482250e-01,9.653195192992696239e-01,-1.354981963180336424e-01,3.425927140864319931e-01,9.765982951574190274e-01
9.109999999999999432e+00,2.821064978653700095e-01,4.032447641332631560e-01,9.653215000648568411e-01,-1.354884242473442524e-01,3.425778554401007203e-01,9.765928975451730887e-01
9.120000000000000995e+00,2.821028257060269606e-01,4.032468969080902910e-01,9.653237415264394050e-01,-1.354723256232657491e-01,3.425670128625163957e-01,9.765928519443562994e-01
9.130000000000000782e+00,2.820990759253330649e-01,4.032490070461477449e-01,9.653259947952255171e-01,-1.354534409781663062e-01,3.425591241413127319e-01,9.765959290720749308e-01
9.140000000000000568e+00,2.820955305701995930e-01,4.032509404658261576e-01,9.653280898867357962e-01,-1.354341408867258123e-01,3.425534018767377731e-01,9.766005858571827902e-01
9.150000000000000355e+00,2.820923767998617659e-01,4.032526223445497271e-01,9.653299318511383564e-01,-1.354159164221978850e-01,3.425492552980156091e-01,9.766057832753767265e-01
9.160000000000000142e+00,2.820742766177377625e-01,4.032625027488991876e-01,9.653400490606479645e-01,-1.356952561019990622e-01,3.422364103389364254e-01,9.762548277154032839e-01
9.169999999999999929e+00,2.820481538696257284e-01,4.032773870770742786e-01,9.653557925145465068e-01,-1.363602509729601175e-01,3.416549858231202608e-01,9.755638044162312505e-01
9.179999999999999716e+00,2.820279601308565698e-01,4.032890379504241452e-01,9.653682802326777335e-01,-1.372049388807660419e-01,3.410387305960880244e-01,9.747423477710573936e-01
9.189999999999999503e+00,2.820189247039946445e-01,4.032942256886610233e-01,9.653739354162446107e-01,-1.380675763269292866e-01,3.404970993843249860e-01,9.739094491290870570e-01
9.200000000000001066e+00,2.820210596265773639e-01,4.032927217550056342e-01,9.653725504513994693e-01,-1.388353618596288308e-01,3.400735050638413193e-01,9.731290737140123603e-01
9.210000000000000853e+00,2.820329598905992885e-01,4.032855311620933692e-01,9.653652045666842874e-01,-1.394033660974181854e-01,3.397965556589654379e-01,9.724588870028318954e-01
9.220000000000000639e+00,2.820557109968365173e-01,4.032737619150321695e-01,9.653524306221298312e-01,-1.395924451864823113e-01,3.397567226354675785e-01,9.720708318099259282e-01
9.230000000000000426e+00,2.820842174056120699e-01,4.032578500574530156e-01,9.653355563946682816e-01,-1.395865671003745367e-01,3.398909792054317092e-01,9.718769183379786236e-01
9.240000000000000213e+00,2.821168665265652575e-01,4.032360848800455311e-01,9.653139048183505544e-01,-1.395272049486114829e-01,3.401386497887521898e-01,9.717669957732141262e-01
9.250000000000000000e+00,2.821542704761393350e-01,4.032071543787576484e-01,9.652864537252467958e-01,-1.394646361884392949e-01,3.404601698844991753e-01,9.716807710306822887e-01
9.259999999999999787e+00,2.821968740738623471e-01,4.031711041596728884e-01,9.652530892285393627e-01,-1.394081712474994073e-01,3.408293009343388302e-01,9.715891121689401722e-01
9.269999999999999574e+00,2.822443237676587890e-01,4.031290721928593168e-01,9.652146202252845919e-01,-1.393536427584518567e-01,3.412293678440741496e-01,9.714801250351143835e-01
9.279999999999999361e+00,2.822956076763368238e-01,4.030827454544390065e-01,9.651723910830681818e-01,-1.392943161007071939e-01,3.416502504114119487e-01,9.713515740422216105e-01
9.290000000000000924e+00,2.823493650701145441e-01,4.030339172676148385e-01,9.651279090824822493e-01,-1.392245364866844526e-01,3.420858076880995968e-01,9.712065612218635513e-01
9.300000000000000711e+00,2.824041235482517842e-01,4.029842447499024094e-01,9.650826190749022260e-01,-1.391407251025245928e-01,3.425313808078382927e-01,9.710505010353812638e-01
9.310000000000000497e+00,2.824584387313677225e-01,4.029351616124665636e-01,9.650378089369355816e-01,-1.390413509155163096e-01,3.429822587468283057e-01,9.708891704431774627e-01
9.320000000000000284e+00,2.825109758760448453e-01,4.028878561482205911e-01,9.649945756804435559e-01,-1.389257576776551928e-01,3.434333822189445384e-01,9.707281320413013725e-01
9.330000000000000071e+00,2.825603944098173392e-01,4.028432046414783252e-01,9.649537967602898059e-01,-1.387884513877893911e-01,3.438790493189859965e-01,9.705733729072503202e-01
9.339999999999999858e+00,2.826054071833696835e-01,4.028022977117611259e-01,9.649164760552449982e-01,-1.386339414543912019e-01,3.443116983893227956e-01,9.704283216423266190e-01
9.349999999999999645e+00,2.826449985675933418e-01,4.027661007799361315e-01,9.648834865081944434e-01,-1.384661124574080304e-01,3.447237978576572770e-01,9.702961255376066907e-01
9.359999999999999432e+00,2.826782810135965440e-01,4.027354343827818095e-01,9.648555685593220854e-01,-1.382875780951672018e-01,3.451069899626648674e-01,9.701799094927543443e-01
9.370000000000000995e+00,2.827044138174381605e-01,4.027110747032291993e-01,9.648334185102463989e-01,-1.381006077094277806e-01,3.454529276422864115e-01,9.700829128511295751e-01
9.380000000000000782e+00,2.826814027534976237e-01,4.027381021021009255e-01,9.648539433837701740e-01,-1.378354822842720317e-01,3.454240948482737994e-01,9.700912897389466494e-01
9.390000000000000568e+00,2.826065019312383186e-01,4.028146602172568702e-01,9.649204482360097535e-01,-1.376449275466312405e-01,3.452580235285529486e-01,9.700960529576242442e-01
9.400000000000000355e+00,2.825091986583988524e-01,4.029089526155832934e-01,9.650047915335906445e-01,-1.375568251758591265e-01,3.451089558636917798e-01,9.700948390464303461e-01
9.410000000000000142e+00,2.824090324165968169e-01,4.030021748021179739e-01,9.650896453785499096e-01,-1.375294268259855401e-01,3.449959390425711980e-01,9.700959153066811558e-01
9.419999999999999929e+00,2.823167691238720467e-01,4.030852077477301565e-01,9.651662014258340916e-01,-1.375320132797789585e-01,3.449084928601743316e-01,9.700982521087075927e-01
9.429999999999999716e+00,2.822373847569979444e-01,4.031547752242246596e-01,9.652309300500608868e-01,-1.375484361620246399e-01,3.448362273233522846e-01,9.700990922067007638e-01
9.439999999999999503e+00,2.821724149528151981e-01,4.032104453464429028e-01,9.652830825277388671e-01,-1.375708027288832513e-01,3.447735343935020014e-01,9.700969749511504370e-01
9.450000000000001066e+00,2.821213952756999044e-01,4.032534321292009505e-01,9.653235274798173116e-01,-1.375951896995150636e-01,3.447180922067508702e-01,9.700919167594255210e-01
9.460000000000000853e+00,2.820828233633024262e-01,4.032856277005280599e-01,9.653538757893744826e-01,-1.376196393653792704e-01,3.446690971290555239e-01,9.700846810847078006e-01
9.470000000000000639e+00,2.820547547830753454e-01,4.033090668379957777e-01,9.653759531233253588e-01,-1.376433010870358187e-01,3.446262719290430487e-01,9.700761235444139707e-01
9.480000000000000426e+00,2.820351734825766732e-01,4.033256493406717214e-01,9.653915024934922595e-01,-1.376658310552043574e-01,3.445894091959840755e-01,9.700670239923230298e-01
9.490000000000000213e+00,2.820222067908344510e-01,4.033370099604474124e-01,9.654020507551368535e-01,-1.376870701460100876e-01,3.445581232510420144e-01,9.700580048296119084e-01
9.500000000000000000e+00,2.820142116906656504e-01,4.033444983808128770e-01,9.654088777363837304e-01,-1.377071638872626458e-01,3.445320191334427240e-01,9.700494146925916494e-01
9.509999999999999787e+00,2.820098144685477815e-01,4.033491903569658144e-01,9.654130195793415581e-01,-1.377263320496285304e-01,3.445107081059777809e-01,9.700414371478854880e-01
9.519999999999999574e+00,2.820078596884701416e-01,4.033519115265822297e-01,9.654152991746853818e-01,-1.377447255784446378e-01,3.444936810071798639e-01,9.700341461346431160e-01
9.529999999999999361e+00,2.820072339665909977e-01,4.033532832947673286e-01,9.654163722451658547e-01,-1.377624864165996055e-01,3.444804144666752665e-01,9.700275350587505008e-01
9.540000000000000924e+00,2.820073304303772899e-01,4.033538332558545547e-01,9.654167279870906615e-01,-1.377797291386963774e-01,3.444704140735032616e-01,9.700215696501284235e-01
9.550000000000000711e+00,2.820078679343939743e-01,4.033540332065719825e-01,9.654167504293247326e-01,-1.377965470902996481e-01,3.444632285971459540e-01,9.700161865628511570e-01
9.560000000000000497e+00,2.820086486210919285e-01,4.033540950207262776e-01,9.654166264718480051e-01,-1.378130049133610147e-01,3.444584516028049159e-01,9.700113112248968106e-01
9.570000000000000284e+00,2.820095367424053645e-01,4.033540928021793204e-01,9.654164353201790671e-01,-1.378291509038244711e-01,3.444557324714445090e-01,9.700068738079906661e-01
9.580000000000000071e+00,2.820104444444832548e-01,4.033540235844791932e-01,9.654161935624248070e-01,-1.378450201314676549e-01,3.444547761022572763e-01,9.700028051328606349e-01
9.589999999999999858e+00,2.820113193700261034e-01,4.033538816229714219e-01,9.654159084139379843e-01,-1.378606330472529895e-01,3.444553268567019377e-01,9.699990358733953100e-01
9.599999999999999645e+00,2.820112287684537478e-01,4.033536784350433280e-01,9.654157993481056188e-01,-1.378264699921101510e-01,3.443581003075559255e-01,9.699789222749153339e-01
9.609999999999999432e+00,2.820103442377132064e-01,4.033546170717013934e-01,9.654166310998334444e-01,-1.377981870794213193e-01,3.442752674005299385e-01,9.699763516522390550e-01
9.620000000000000995e+00,2.820096845940946451e-01,4.033560941137244171e-01,9.654178081795398159e-01,-1.378124251917203780e-01,3.442903567463568293e-01,9.699998785736566598e-01
9.630000000000000782e+00,2.820099743349906984e-01,4.033569601800438553e-01,9.654183679852921252e-01,-1.378662933473989716e-01,3.444147777177152259e-01,9.700425298956749653e-01
9.640000000000000568e+00,2.820116320730517989e-01,4.033572582219467906e-01,9.654182351769755588e-01,-1.379504513206114280e-01,3.446435136737209248e-01,9.700964872436186326e-01
9.650000000000000355e+00,2.820145946389967517e-01,4.033573490811309115e-01,9.654176582601128320e-01,-1.380554841014976497e-01,3.449710799163471786e-01,9.701573752147851781e-01
9.660000000000000142e+00,2.820184583465173422e-01,4.033577389059780915e-01,9.654170598882433341e-01,-1.381741737046553453e-01,3.453943514346579091e-01,9.702240543241611448e-01
9.669999999999999929e+00,2.820227326092618059e-01,4.033586937268909267e-01,9.654167144337671980e-01,-1.383008166720332555e-01,3.459117056614964825e-01,9.702976723237851653e-01
9.679999999999999716e+00,2.820268897582290935e-01,4.033603258928324387e-01,9.654168122439674704e-01,-1.384311995233505066e-01,3.465255479383156922e-01,9.703821132113453762e-01
9.689999999999999503e+00,2.820307031631758554e-01,4.033629849167219006e-01,9.654176504854672380e-01,-1.385643806728072136e-01,3.472383393801287688e-01,9.704831020107282935e-01
9.700000000000001066e+00,2.820343388196128176e-01,4.033668434928068258e-01,9.654193136668179909e-01,-1.386937545794960647e-01,3.480587494242881053e-01,9.706141936908924128e-01
9.710000000000000853e+00,2.820390223651373374e-01,4.033715046568913665e-01,9.654213037224096405e-01,-1.388028517773855219e-01,3.490436664654462673e-01,9.708292329216212657e-01
9.720000000000000639e+00,2.820423951907651272e-01,4.033797209438742537e-01,9.654259044222687214e-01,-1.389734546600670251e-01,3.506716106245376663e-01,9.712726746270532452e-01
9.730000000000000426e+00,2.820399939300977099e-01,4.033912458219918173e-01,9.654342883233595352e-01,-1.394242479964606929e-01,3.534500718612955117e-01,9.721631699466311005e-01
9.740000000000000213e+00,2.820405171419340107e-01,4.033928037096747854e-01,9.654354869199912592e-01,-1.399646874635452065e-01,3.567567263138042843e-01,9.733499336701174620e-01
9.750000000000000000e+00,2.820462578139610876e-01,4.033825106860835508e-01,9.654275382199150046e-01,-1.404632379161860345e-01,3.602839549892599691e-01,9.747229410987583442e-01
9.759999999999999787e+00,2.820561923669527848e-01,4.033635221726339926e-01,9.654127337999677261e-01,-1.408583941175143572e-01,3.638644443648836879e-01,9.762159756202098970e-01
9.769999999999999574e+00,2.820682847204073473e-01,4.033401578020199829e-01,9.653943893526331088e-01,-1.411292214178341275e-01,3.674049775004953333e-01,9.777850090604619515e-01
9.779999999999999361e+00,2.820804975878225540e-01,4.033160313179182666e-01,9.653754284889463078e-01,-1.412772349435104102e-01,3.708500800987877821e-01,9.793967537828938141e-01
9.790000000000000924e+00,2.820913067222239889e-01,4.032933853948281189e-01,9.653577362077437884e-01,-1.413159610108272179e-01,3.741626255669255885e-01,9.810228196049719518e-01
9.800000000000000711e+00,2.820997315905542924e-01,4.032737339048114156e-01,9.653425730934585003e-01,-1.412645921431062435e-01,3.773134462479734164e-01,9.826365617739269975e-01
9.810000000000000497e+00,2.821053313438313115e-01,4.032578003547509504e-01,9.653305414521434757e-01,-1.411439916760260926e-01,3.802761374895076707e-01,9.842117294739909372e-01
9.820000000000000284e+00,2.821081382350805189e-01,4.032456240956069360e-01,9.653216664085207954e-01,-1.409744757348426192e-01,3.830245434931563442e-01,9.857219306023562444e-01
9.830000000000000071e+00,2.821087831101518617e-01,4.032368259183274350e-01,9.653155580431393989e-01,-1.407746936479457589e-01,3.855316479245275429e-01,9.871404682886186777e-01
9.839999999999999858e+00,2.821076744427076788e-01,4.032308192541238512e-01,9.653117231484933392e-01,-1.405612190818717744e-01,3.877691920877171516e-01,9.884403651410071934e-01
9.849999999999999645e+00,2.821051775193136324e-01,4.032269541059872453e-01,9.653096383462579366e-01,-1.403484537967652213e-01,3.897076110753983080e-01,9.895945042200386954e-01
9.859999999999999432e+00,2.821016559470993501e-01,4.032247239089613577e-01,9.653088830794162023e-01,-1.401465301884647907e-01,3.913213792390998758e-01,9.905781209597636083e-01
9.870000000000000995e+00,2.820973736259655418e-01,4.032239393997477661e-01,9.653092785957315680e-01,-1.399578167767445147e-01,3.926190939665360480e-01,9.913858924606734346e-01
9.880000000000000782e+00,2.820925936964770453e-01,4.032246548199541758e-01,9.653108173006792470e-01,-1.397857857254493907e-01,3.936425682913240465e-01,9.920351672277520905e-01
9.890000000000000568e+00,2.820876945322896567e-01,4.032270015174820310e-01,9.653135098191546470e-01,-1.396341151454718044e-01,3.944449193782233465e-01,9.925531036781797267e-01
9.900000000000000355e+00,2.820830575280556807e-01,4.032307358018862864e-01,9.653171023801797590e-01,-1.395045992883597041e-01,3.950777137666431904e-01,9.929687032845336825e-01
9.910000000000000142e+00,2.820789480273510619e-01,4.032353829122673483e-01,9.653212107651841789e-01,-1.393968283596747071e-01,3.955857618142840093e-01,9.933087874739108258e-01
9.919999999999999929e+00,2.820755625841925851e-01,4.032404197687450287e-01,9.653254355027922617e-01,-1.393086382820891422e-01,3.960055694293950213e-01,9.935962935882896030e-01
9.929999999999999716e+00,2.820730050159845903e-01,4.032453453423178180e-01,9.653294108086440950e-01,-1.392368183913276769e-01,3.963655614811218975e-01,9.938498000180422398e-01
9.939999999999999503e+00,2.820712888482168612e-01,4.032497538837684914e-01,9.653328542980421645e-01,-1.391777615773116816e-01,3.966871054459767953e-01,9.940837128718833515e-01
9.950000000000001066e+00,2.820703514231788778e-01,4.032534983268198370e-01,9.653356754301392062e-01,-1.391280281352237636e-01,3.969858137742039439e-01,9.943087669776988768e-01
9.960000000000000853e+00,2.820700531240016851e-01,4.032566549192523331e-01,9.653379522354790243e-01,-1.390846286993676351e-01,3.972725973852274106e-01,9.945325252197678711e-01
9.970000000000000639e+00,2.820701609508016738e-01,4.032592791090746642e-01,9.653397660380869105e-01,-1.390450811879524462e-01,3.975547290898613362e-01,9.947599935126935078e-01
9.980000000000000426e+00,2.820704812294996811e-01,4.032613366359710239e-01,9.653411312220940843e-01,-1.390074423504154277e-01,3.978367026871187928e-01,9.949941495040065531e-01
9.990000000000000213e+00,2.820709102420690950e-01,4.032627857630833312e-01,9.653420417192608571e-01,-1.389703335912749749e-01,3.981209098662276680e-01,9.952363566995041655e-01
1.000000000000000000e+01,2.820713942879602976e-01,4.032636499044670031e-01,9.653425268939136439e-01,-1.389329171462407309e-01,3.984081702177453832e-01,9.954867014117335655e-01
1.000999999999999979e+01,2.820719461601250422e-01,4.032639990160751253e-01,9.653426354081691141e-01,-1.388948001817922329e-01,3.986981445652737488e-01,9.957442883174363324e-01
1.001999999999999957e+01,2.820725817006907721e-01,4.032640480577375786e-01,9.653425129470231125e-01,-1.388559379025590401e-01,3.989896596663236039e-01,9.960074828189742213e-01
1.002999999999999936e+01,2.820732325560244558e-01,4.032639451378290940e-01,9.653422738207353415e-01,-1.388166309062528470e-01,3.992809734974450131e-01,9.962740775264649074e-01
1.004000000000000092e+01,2.820738841295602484e-01,4.032636227260864015e-01,9.653418763071693887e-01,-1.387773081002947884e-01,3.995698495197947953e-01,9.965414366654968825e-01
1.005000000000000071e+01,2.820745741200018641e-01,4.032629716584871238e-01,9.653412404763260790e-01,-1.387384291325376995e-01,3.998536630403447534e-01,9.968065930135281416e-01
1.006000000000000050e+01,2.820753133879432828e-01,4.032619951699945027e-01,9.653403676182171766e-01,-1.387005871327882944e-01,4.001295997774149682e-01,9.970663353235784676e-01
1.007000000000000028e+01,2.820760924950224124e-01,4.032607851912410890e-01,9.653393230637330458e-01,-1.386644575120959122e-01,4.003947010082663516e-01,9.973172622994613823e-01
1.008000000000000007e+01,2.820769032414780497e-01,4.032594146189597550e-01,9.653381586423904759e-01,-1.386307216187547819e-01,4.006459120786723949e-01,9.975558498173051625e-01
1.008999999999999986e+01,2.820777401184858535e-01,4.032579345372419022e-01,9.653369106533586930e-01,-1.386000518155036665e-01,4.008801106643897771e-01,9.977784865065092434e-01
1.009999999999999964e+01,2.820785996992504763e-01,4.032563799151485107e-01,9.653356039366461916e-01,-1.385731047264644189e-01,4.010941230214453146e-01,9.979814985848840525e-01
1.010999999999999943e+01,2.820794799488355875e-01,4.032547743827735176e-01,9.653342553391189851e-01,-1.385505192160013666e-01,4.012847407109464415e-01,9.981611741332224730e-01
1.012000000000000099e+01,2.820803394543108245e-01,4.032531899513939755e-01,9.653329275046875768e-01,-1.385308353066444231e-01,4.014460499789657688e-01,9.983136003784714996e-01
1.013000000000000078e+01,2.820809810752309965e-01,4.032519411325976022e-01,9.653318908135546383e-01,-1.385079607886426922e-01,4.015698317920062821e-01,9.984374421938617683e-01
1.014000000000000057e+01,2.820812479452838306e-01,4.032513401464277170e-01,9.653313990150890200e-01,-1.384792124376615086e-01,4.016580589547030788e-01,9.985370509589983623e-01
1.015000000000000036e+01,2.820812700351137403e-01,4.032512578789952951e-01,9.653313440876284401e-01,-1.384446750832523942e-01,4.017184542548137283e-01,9.986192906024828897e-01
1.016000000000000014e+01,2.820811723144195926e-01,4.032517050190071450e-01,9.653317042958853289e-01,-1.384054771842407883e-01,4.017599745529292221e-01,9.986911627262261559e-01
1.016999999999999993e+01,2.820808729592519937e-01,4.032527828981833373e-01,9.653325547250403149e-01,-1.383630920759844340e-01,4.017908915267342507e-01,9.987587616313879924e-01
1.017999999999999972e+01,2.820803382994382935e-01,4.032544476742789263e-01,9.653338627512658698e-01,-1.383187919136344701e-01,4.018179412425427754e-01,9.988269722225147085e-01
1.018999999999999950e+01,2.820796248968711617e-01,4.032565062281360246e-01,9.653354789420703908e-01,-1.382734977588129244e-01,4.018461232840188635e-01,9.988994271319509011e-01
1.020000000000000107e+01,2.820788330299945912e-01,4.032586772192889857e-01,9.653371868840487924e-01,-1.382278123709219375e-01,4.018788716222277402e-01,9.989786389003344480e-01
1.021000000000000085e+01,2.820780592517164176e-01,4.032607321992698890e-01,9.653388082422723615e-01,-1.381821392688097061e-01,4.019183175257216578e-01,9.990661561207658803e-01
1.022000000000000064e+01,2.820773801929389868e-01,4.032625185761786746e-01,9.653402212645134650e-01,-1.381367548154787128e-01,4.019655724158897048e-01,9.991627427327774980e-01
1.023000000000000043e+01,2.820768494057699360e-01,4.032639473606796088e-01,9.653413528420469181e-01,-1.380918622021167219e-01,4.020209819248828365e-01,9.992685435154291529e-01
1.024000000000000021e+01,2.820764987060614959e-01,4.032649791278690721e-01,9.653421685409872000e-01,-1.380476327947856019e-01,4.020843368473975832e-01,9.993832209036951353e-01
1.025000000000000000e+01,2.820763415030219656e-01,4.032656104440017208e-01,9.653426625836621922e-01,-1.380042346187273783e-01,4.021550397342061323e-01,9.995060633092109903e-01
1.025999999999999979e+01,2.820763460454584481e-01,4.032658638791566386e-01,9.653428554122682748e-01,-1.379618503580569144e-01,4.022322327792311469e-01,9.996360685908066701e-01
1.026999999999999957e+01,2.820764422647504266e-01,4.032658719871077824e-01,9.653428489293662818e-01,-1.379206733050795941e-01,4.023148984921645077e-01,9.997720162527092835e-01
1.027999999999999936e+01,2.820765890187243996e-01,4.032657775278792323e-01,9.653427477098199816e-01,-1.378809171792458044e-01,4.024019131383110848e-01,9.999125058198249372e-01
1.029000000000000092e+01,2.820767513582154162e-01,4.032655231090276904e-01,9.653425212558623958e-01,-1.378428543802371342e-01,4.024921119323296992e-01,1.000055981467420141e+00
1.030000000000000071e+01,2.820768891482102192e-01,4.032650925381459639e-01,9.653421689037506859e-01,-1.378068648885730774e-01,4.025843593490796013e-01,1.000200762914908559e+00
1.031000000000000050e+01,2.820770133067045937e-01,4.032644126573373122e-01,9.653416396498145646e-01,-1.377731998368812438e-01,4.026773983983319427e-01,1.000345057230933143e+00
1.032000000000000028e+01,2.820771938544421320e-01,4.032634485488106879e-01,9.653408979174999960e-01,-1.377421117627323777e-01,4.027700040892248645e-01,1.000486999401100752e+00
1.033000000000000007e+01,2.820775018352793539e-01,4.032622228570210132e-01,9.653399470707352270e-01,-1.377139043745896074e-01,4.028609908300658793e-01,1.000624651638980733e+00
1.033999999999999986e+01,2.820779585496220321e-01,4.032608170186511298e-01,9.653388392306524457e-01,-1.376889265198556755e-01,4.029491988088037546e-01,1.000756000659960954e+00
1.034999999999999964e+01,2.820785625273063979e-01,4.032592965386662121e-01,9.653376196505258910e-01,-1.376675341312609824e-01,4.030335003757349321e-01,1.000878988638089995e+00
1.035999999999999943e+01,2.820793010194521111e-01,4.032577060630654353e-01,9.653363214485330968e-01,-1.376500875834672510e-01,4.031127942367574435e-01,1.000991526302330792e+00
1.037000000000000099e+01,2.820801561036326288e-01,4.032560753662690067e-01,9.653349686723837753e-01,-1.376369524455930693e-01,4.031859985670407931e-01,1.001091502919081222e+00
1.038000000000000078e+01,2.820810629784804568e-01,4.032544773402566007e-01,9.653336291258518553e-01,-1.376263891482497892e-01,4.032488773116655323e-01,1.001176422243633013e+00
1.039000000000000057e+01,2.820817749481279169e-01,4.032532178842529458e-01,9.653325771342513573e-01,-1.376121507899531748e-01,4.032920878736079850e-01,1.001244741013562978e+00
1.040000000000000036e+01,2.820820794778460816e-01,4.032526062589417148e-01,9.653320758821613001e-01,-1.375919347931538750e-01,4.033141438318364469e-01,1.001298679067262665e+00
1.041000000000000014e+01,2.820821048996249303e-01,4.032525274473564014e-01,9.653320285029224346e-01,-1.375666665454452209e-01,4.033186749626484491e-01,1.001342189259483817e+00
1.041999999999999993e+01,2.820818951572178213e-01,4.032530178088103989e-01,9.653324465581409886e-01,-1.375386269827384433e-01,4.033108494552354317e-01,1.001379316760086846e+00
1.042999999999999972e+01,2.820813330539795327e-01,4.032541405765209808e-01,9.653333852619184752e-01,-1.375104586313293242e-01,4.032958249045198174e-01,1.001413588971264756e+00
1.043999999999999950e+01,2.820804294113712918e-01,4.032557962818556496e-01,9.653347661799444035e-01,-1.374844743398919433e-01,4.032778818978587365e-01,1.001447791169591817e+00
1.045000000000000107e+01,2.820792819456733325e-01,4.032577936232380478e-01,9.653364333093814587e-01,-1.374624530562830182e-01,4.032602344161687058e-01,1.001483965623845229e+00
1.046000000000000085e+01,2.820780223312880364e-01,4.032599161093896045e-01,9.653382081993753250e-01,-1.374456199630850195e-01,4.032451056278198998e-01,1.001523511190185678e+00
1.047000000000000064e+01,2.820767820229669876e-01,4.032619636472767333e-01,9.653399246563904024e-01,-1.374347031926822227e-01,4.032338946815476888e-01,1.001567304890508048e+00
1.048000000000000043e+01,2.820756729897567761e-01,4.032637744660237389e-01,9.653414472863515172e-01,-1.374300203638286477e-01,4.032273622320544093e-01,1.001615815193326764e+00
1.049000000000000021e+01,2.820747792212445759e-01,4.032652331226102560e-01,9.653426785081646866e-01,-1.374315698432212463e-01,4.032257997855207554e-01,1.001669195482292940e+00
1.050000000000000000e+01,2.820741552563405530e-01,4.032662695611943238e-01,9.653435581238190011e-01,-1.374391144382235697e-01,4.032291751190402729e-01,1.001727356254282997e+00
1.050999999999999979e+01,2.820738289994294545e-01,4.032668530721160161e-01,9.653440585732843138e-01,-1.374522529563018958e-01,4.032372393836705093e-01,1.001790017924629073e+00
1.051999999999999957e+01,2.820737760658910687e-01,4.032670132930055162e-01,9.653442032540340279e-01,-1.374704765072971291e-01,4.032496143707300917e-01,1.001856747268517145e+00
1.052999999999999936e+01,2.820738890686951827e-01,4.032669635764071225e-01,9.653441552851175222e-01,-1.374932159321574365e-01,4.032658574170178700e-01,1.001926984623454420e+00
1.054000000000000092e+01,2.820740946674624161e-01,4.032667883684081245e-01,9.653439862016220951e-01,-1.375198550721372370e-01,4.032854851728649437e-01,1.002000057881909045e+00
1.055000000000000071e+01,2.820743483915000294e-01,4.032664117144261762e-01,9.653436548315528221e-01,-1.375497717696792799e-01,4.033080239505224540e-01,1.002075197876819646e+00
1.056000000000000050e+01,2.820746138401092340e-01,4.032658538588543284e-01,9.653431853267794294e-01,-1.375824460828235785e-01,4.033330860716234367e-01,1.002151545375468134e+00
1.057000000000000028e+01,2.820749774073206817e-01,4.032650657264943428e-01,9.653425305536451617e-01,-1.376172186589553204e-01,4.033601920460468393e-01,1.002228150717188626e+00
1.058000000000000007e+01,2.820755199271577363e-01,4.032640216163924096e-01,9.653416587188113906e-01,-1.376534050990022851e-01,4.033889044614503150e-01,1.002304007399195118e+00
1.058999999999999986e+01,2.820762721347924162e-01,4.032627255670361288e-01,9.653405672313173369e-01,-1.376903620713989806e-01,4.034188322181249120e-01,1.002378041306375422e+00
1.059999999999999964e+01,2.820772340123427480e-01,4.032611991400683604e-01,9.653392711326553854e-01,-1.377274772513274459e-01,4.034496291959144276e-01,1.002449118738969247e+00
1.060999999999999943e+01,2.820783882988703306e-01,4.032594726082162628e-01,9.653377947121619673e-01,-1.377641639752625602e-01,4.034809859729505677e-01,1.002516056118591070e+00
1.062000000000000099e+01,2.820797087161444061e-01,4.032575838251921119e-01,9.653361692328921162e-01,-1.377998601512964438e-01,4.035126218665567865e-01,1.002577629230786638e+00
1.063000000000000078e+01,2.820811627413425948e-01,4.032555919983550341e-01,9.653344418512765923e-01,-1.378340334096183617e-01,4.035442764360618884e-01,1.002632580667128126e+00
1.064000000000000057e+01,2.820826655070541311e-01,4.032536069564923165e-01,9.653327098225632508e-01,-1.378640902373963750e-01,4.035723069051019851e-01,1.002679247827894526e+00
1.065000000000000036e+01,2.820839036136417177e-01,4.032520372701885458e-01,9.653313315232129321e-01,-1.378835096885145384e-01,4.035867654895615164e-01,1.002716282093526923e+00
1.066000000000000014e+01,2.820845593303493160e-01,4.032512802980240951e-01,9.653306513853920912e-01,-1.378906838699052173e-01,4.035847142736981863e-01,1.002745011561833266e+00
1.066999999999999993e+01,2.820847116897970408e-01,4.032512272219451743e-01,9.653305887943871566e-01,-1.378878761278466147e-01,4.035681978087112820e-01,1.002767970665761510e+00
1.067999999999999972e+01,2.820844617307663449e-01,4.032518627755655172e-01,9.653311089578668902e-01,-1.378788749434318728e-01,4.035409627199693650e-01,1.002787725439782118e+00
1.068999999999999950e+01,2.820837006283611892e-01,4.032531836320010221e-01,9.653322199191924913e-01,-1.378679241469864813e-01,4.035070301724061337e-01,1.002806412167786654e+00
1.070000000000000107e+01,2.820824651483762602e-01,4.032550464133923818e-01,9.653338082094720107e-01,-1.378588183689916646e-01,4.034698304148923165e-01,1.002825625843718482e+00
1.071000000000000085e+01,2.820808900215754367e-01,4.032572367985039485e-01,9.653356945778071019e-01,-1.378545861444160914e-01,4.034319856462956766e-01,1.002846465466525228e+00
1.072000000000000064e+01,2.820791482151810969e-01,4.032595279522246390e-01,9.653376849265333792e-01,-1.378574217210369324e-01,4.033953434599201748e-01,1.002869635439795903e+00
1.073000000000000043e+01,2.820774112251082100e-01,4.032617166413049459e-01,9.653396024586110569e-01,-1.378687334017463795e-01,4.033611016061147136e-01,1.002895548083059030e+00
1.074000000000000021e+01,2.820758259824809877e-01,4.032636417327002953e-01,9.653413047139934866e-01,-1.378892473100208349e-01,4.033299565559207989e-01,1.002924407706743404e+00
1.075000000000000000e+01,2.820745041925706298e-01,4.032651901714372489e-01,9.653426896895767051e-01,-1.379191303906285859e-01,4.033022432230641829e-01,1.002956271429134461e+00
1.075999999999999979e+01,2.820735201713107654e-01,4.032662949532319629e-01,9.653436948417044583e-01,-1.379581119062715244e-01,4.032780520755656628e-01,1.002991088795986974e+00
1.076999999999999957e+01,2.820729138433333283e-01,4.032669285892173661e-01,9.653442919960012469e-01,-1.380055928791859010e-01,4.032573240477954624e-01,1.003028724931792182e+00
1.077999999999999936e+01,2.820726868347668836e-01,4.032671182658032483e-01,9.653444979714296270e-01,-1.380607398912042649e-01,4.032399173097458434e-01,1.003068972005178638e+00
1.079000000000000092e+01,2.820727268423891543e-01,4.032670751144158960e-01,9.653444748003278120e-01,-1.381225652494240952e-01,4.032256633241338428e-01,1.003111552938597439e+00
1.080000000000000071e+01,2.820729158199977160e-01,4.032669015248699362e-01,9.653443138806825363e-01,-1.381899672236421017e-01,4.032143821806940531e-01,1.003156118477803060e+00
1.081000000000000050e+01,2.820731991370599157e-01,4.032665234372441732e-01,9.653439773825542858e-01,-1.382617821390953461e-01,4.032059200839818724e-01,1.003202249510539268e+00
1.082000000000000028e+01,2.820735641726263565e-01,4.032659614631365907e-01,9.653434859381925248e-01,-1.383369203429903327e-01,4.032002289164289821e-01,1.003249452787263740e+00
1.083000000000000007e+01,2.820740836222075387e-01,4.032651687932711226e-01,9.653427966616877631e-01,-1.384141468116306395e-01,4.031971868075081011e-01,1.003297151186770098e+00
1.083999999999999986e+01,2.820748296459669735e-01,4.032641190909435069e-01,9.653418790108275749e-01,-1.384921790574847600e-01,4.031967148784625365e-01,1.003344713835833790e+00
1.084999999999999964e+01,2.820758245112203744e-01,4.032628162126111748e-01,9.653407319874721670e-01,-1.385697717491234660e-01,4.031987875440397051e-01,1.003391441119254601e+00
1.085999999999999943e+01,2.820770603789301556e-01,4.032612818111467878e-01,9.653393723240475399e-01,-1.386457109644971541e-01,4.032034298144732687e-01,1.003436570890490875e+00
1.087000000000000099e+01,2.820785130778197258e-01,4.032595463934410263e-01,9.653378259360788638e-01,-1.387188112156685638e-01,4.032107069719993442e-01,1.003479286802685611e+00
1.088000000000000078e+01,2.820801512774464004e-01,4.032576433508409108e-01,9.653361221456174812e-01,-1.387879133313252578e-01,4.032207160702960258e-01,1.003518728440362606e+00
1.089000000000000057e+01,2.820819423360471645e-01,4.032556050574985784e-01,9.653342899216879047e-01,-1.388518822256742946e-01,4.032335787908167268e-01,1.003554004047778392e+00
1.090000000000000036e+01,2.820837881947836912e-01,4.032535578548969157e-01,9.653324406096519539e-01,-1.389075276380695445e-01,4.032458841506935676e-01,1.003583876461948021e+00
1.091000000000000014e+01,2.820853289950412957e-01,4.032519623696976252e-01,9.653309778998566681e-01,-1.389479759740700204e-01,4.032472611770840931e-01,1.003607322211431452e+00
1.091999999999999993e+01,2.820861969368047562e-01,4.032512046771076220e-01,9.653302489240449535e-01,-1.389718944056251015e-01,4.032339760759030556e-01,1.003625416735265841e+00
1.092999999999999972e+01,2.820864291462796825e-01,4.032511633433569220e-01,9.653301735508177384e-01,-1.389823051752117622e-01,4.032072733886378768e-01,1.003640098212518206e+00
1.093999999999999950e+01,2.820861451729150815e-01,4.032518181928947398e-01,9.653307107101954943e-01,-1.389839587307653557e-01,4.031702207367133250e-01,1.003653240732294449e+00
1.095000000000000107e+01,2.820852443218485606e-01,4.032531644232257850e-01,9.653318656648665064e-01,-1.389821087798901178e-01,4.031263227624167778e-01,1.003666313224404583e+00
1.096000000000000085e+01,2.820837786437299100e-01,4.032550573655847570e-01,9.653335209971154462e-01,-1.389815038039912132e-01,4.030786497531399504e-01,1.003680327941765649e+00
1.097000000000000064e+01,2.820819075125902131e-01,4.032572816205975963e-01,9.653354916424200516e-01,-1.389859850886916992e-01,4.030295912583424234e-01,1.003695915756063428e+00
1.098000000000000043e+01,2.820798323456616408e-01,4.032596088653180311e-01,9.653375765439652367e-01,-1.389983871713205976e-01,4.029808633685891261e-01,1.003713431747201623e+00
1.099000000000000021e+01,2.820777525555994703e-01,4.032618338929892521e-01,9.653395916550061573e-01,-1.390205806217125750e-01,4.029336106750042168e-01,1.003733050164322460e+00
1.100000000000000000e+01,2.820758395328986645e-01,4.032637933245695194e-01,9.653413877433354440e-01,-1.390535864617766237e-01,4.028885365808814734e-01,1.003754835015266966e+00
1.100999999999999979e+01,2.820742243725410381e-01,4.032653718896672124e-01,9.653428570728865843e-01,-1.390977187660873693e-01,4.028460290185620907e-01,1.003778785020787545e+00
1.101999999999999957e+01,2.820729951454850060e-01,4.032665006586691470e-01,9.653439327222879118e-01,-1.391527296395666802e-01,4.028062675961885941e-01,1.003804857213791202e+00
1.102999999999999936e+01,2.820722001640387777e-01,4.032671507631452323e-01,9.653445836233424115e-01,-1.392179417511402728e-01,4.027693072100077543e-01,1.003832974798855249e+00
1.104000000000000092e+01,2.820718503962263979e-01,4.032673477792937389e-01,9.653448235904635855e-01,-1.392923650685596315e-01,4.027351463955898825e-01,1.003863025981506452e+00
1.105000000000000071e+01,2.820718403732563884e-01,4.032673041215660836e-01,9.653448140980335213e-01,-1.393747958554454325e-01,4.027037705991622363e-01,1.003894855901997341e+00
1.106000000000000050e+01,2.820720212750956746e-01,4.032671224980851621e-01,9.653446520343550441e-01,-1.394638741973162066e-01,4.026751688212439340e-01,1.003928254165588729e+00
1.107000000000000028e+01,2.820723353993997429e-01,4.032667270040193874e-01,9.653442990859806283e-01,-1.395581432918344689e-01,4.026493648930832836e-01,1.003962951194606434e+00
1.108000000000000007e+01,2.820727823718614524e-01,4.032661399406330949e-01,9.653437750586525423e-01,-1.396561996849002840e-01,4.026264977803948875e-01,1.003998607914300401e+00
1.108999999999999986e+01,2.820734236227448455e-01,4.032653166674386447e-01,9.653430406942788977e-01,-1.397564874868425511e-01,4.026066431278073621e-01,1.004034801488741468e+00
1.109999999999999964e+01,2.820743250133909696e-01,4.032642317119433106e-01,9.653420672886046106e-01,-1.398573890176679491e-01,4.025899206758777327e-01,1.004071053564653537e+00
1.110999999999999943e+01,2.820755027959955807e-01,4.032628898461217970e-01,9.653408556981479816e-01,-1.399573186794609014e-01,4.025765072880631568e-01,1.004106813403235154e+00
1.112000000000000099e+01,2.820769436508974715e-01,4.032613136040408275e-01,9.653394244022169834e-01,-1.400547201345262727e-01,4.025666337892576108e-01,1.004141463406408974e+00
1.113000000000000078e+01,2.820786186067645307e-01,4.032595342874510380e-01,9.653378008792845577e-01,-1.401480651572408753e-01,4.025605736215333019e-01,1.004174327224199859e+00
1.114000000000000057e+01,2.820804922633156631e-01,4.032575859684990327e-01,9.653360157946924147e-01,-1.402358529419062971e-01,4.025586338342028725e-01,1.004204680230651459e+00
1.115000000000000036e+01,2.820825286153103018e-01,4.032555016405273696e-01,9.653340992721517466e-01,-1.403166091378675040e-01,4.025611485631142017e-01,1.004231763407876787e+00
1.116000000000000014e+01,2.820846192784072226e-01,4.032534132337200483e-01,9.653321686620552899e-01,-1.403867687993427815e-01,4.025648379958448042e-01,1.004254570940875446e+00
1.116999999999999993e+01,2.820863640439664199e-01,4.032517973800274214e-01,9.653306470852908161e-01,-1.404392530829372543e-01,4.025591152337822387e-01,1.004272382358208482e+00
1.117999999999999972e+01,2.820873505070988774e-01,4.032510427270233344e-01,9.653298929449242172e-01,-1.404731406101577262e-01,4.025398253993709985e-01,1.004286126202943663e+00
1.118999999999999950e+01,2.820876036577804613e-01,4.032510259163832878e-01,9.653298280911164486e-01,-1.404922810494779184e-01,4.025078002877789940e-01,1.004297317057927907e+00
1.120000000000000107e+01,2.820872146012263770e-01,4.032517338468932788e-01,9.653304216186515685e-01,-1.405024260951892312e-01,4.024657839558248296e-01,1.004307322639651501e+00
1.121000000000000085e+01,2.820860908824072144e-01,4.032531568678666689e-01,9.653316740826841658e-01,-1.405098189020852484e-01,4.024170463237005668e-01,1.004317124735711442e+00
1.122000000000000064e+01,2.820843127401082007e-01,4.032551425316812654e-01,9.653334572230927169e-01,-1.405200720146272397e-01,4.023644999602195571e-01,1.004327322931913624e+00
1.123000000000000043e+01,2.820820735093523268e-01,4.032574673444212499e-01,9.653355735393701620e-01,-1.405377128668162945e-01,4.023104373478368356e-01,1.004338231549803062e+00
1.124000000000000021e+01,2.820796091498903313e-01,4.032598951171274537e-01,9.653378094302391688e-01,-1.405660626292340454e-01,4.022565206190402143e-01,1.004349988799445148e+00
1.125000000000000000e+01,2.820771503797118718e-01,4.032622135550692488e-01,9.653399693994375586e-01,-1.406072817432555688e-01,4.022038704392987829e-01,1.004362645442025803e+00
1.125999999999999979e+01,2.820748943175215850e-01,4.032642534053859085e-01,9.653418946785830013e-01,-1.406625015449389504e-01,4.021531871797345836e-01,1.004376223856781047e+00
1.126999999999999957e+01,2.820729911669178636e-01,4.032658950005489351e-01,9.653434703368191094e-01,-1.407319913580443171e-01,4.021048707389525689e-01,1.004390749365431379e+00
1.127999999999999936e+01,2.820715414409461497e-01,4.032670665684387479e-01,9.653446246901542516e-01,-1.408153303101090936e-01,4.020591239615283752e-01,1.004406259941707180e+00
1.129000000000000092e+01,2.820705998439519413e-01,4.032677378464115114e-01,9.653453241633160875e-01,-1.409115661624402993e-01,4.020160342451350455e-01,1.004422801148739941e+00
1.130000000000000071e+01,2.820701795653994814e-01,4.032679365653568659e-01,9.653455833823251231e-01,-1.410193542967471680e-01,4.019756387204846959e-01,1.004440413003046650e+00
1.131000000000000050e+01,2.820701640698666246e-01,4.032678849919775765e-01,9.653455722966075570e-01,-1.411370792197400581e-01,4.019379694570577866e-01,1.004459112775521579e+00
1.132000000000000028e+01,2.820703778161983144e-01,4.032676730550200928e-01,9.653453839465899744e-01,-1.412629260609928605e-01,4.019030660483537964e-01,1.004478873842029163e+00
1.133000000000000007e+01,2.820707915436883595e-01,4.032672235990045762e-01,9.653449745515241265e-01,-1.413949484193393613e-01,4.018710060456957556e-01,1.004499617719689430e+00
1.133999999999999986e+01,2.820714136907447322e-01,4.032665642789402538e-01,9.653443659926341791e-01,-1.415312368608960258e-01,4.018419877373654026e-01,1.004521197106788444e+00
1.134999999999999964e+01,2.820722853899625404e-01,4.032656549503812471e-01,9.653435257544026316e-01,-1.416697223709730280e-01,4.018161521748719323e-01,1.004543378248146990e+00
1.135999999999999943e+01,2.820734598648558800e-01,4.032644733695023853e-01,9.653424297386899999e-01,-1.418082604374610312e-01,4.017936833573422795e-01,1.004565868340482782e+00
1.137000000000000099e+01,2.820749431821475417e-01,4.032630270664138150e-01,9.653410827196494681e-01,-1.419447337016121746e-01,4.017748240628250533e-01,1.004588297116276507e+00
1.138000000000000078e+01,2.820767139128583234e-01,4.032613408552405132e-01,9.653395064135921189e-01,-1.420770519821903666e-01,4.017598726411047982e-01,1.004610221904616241e+00
1.139000000000000057e+01,2.820787367181255001e-01,4.032594478635455060e-01,9.653377309039185006e-01,-1.422031529860333099e-01,4.017491711660906017e-01,1.004631135822365184e+00
1.140000000000000036e+01,2.820809712665264812e-01,4.032573835779659777e-01,9.653357889008786774e-01,-1.423210030515042746e-01,4.017430962131425809e-01,1.004650478788162715e+00
1.141000000000000014e+01,2.820833777763787076e-01,4.032551821034807693e-01,9.653337121291256651e-01,-1.424285975318483610e-01,4.017420530013062763e-01,1.004667652660562016e+00
1.141999999999999993e+01,2.820858397741467516e-01,4.032529650696861645e-01,9.653316126201950675e-01,-1.425217905521697914e-01,4.017427462981320585e-01,1.004681872205456461e+00
1.142999999999999972e+01,2.820879277940896990e-01,4.032511463423057996e-01,9.653298768359782622e-01,-1.425930218764890900e-01,4.017340011523783394e-01,1.004692451974045442e+00
1.143999999999999950e+01,2.820891670268197426e-01,4.032501831483722987e-01,9.653289226146872792e-01,-1.426415740174945546e-01,4.017105420558048090e-01,1.004699644430715910e+00
1.145000000000000107e+01,2.820895180069249442e-01,4.032500468234890278e-01,9.653287495246871686e-01,-1.426720127901784374e-01,4.016720432511565742e-01,1.004703964754773526e+00
1.146000000000000085e+01,2.820890890678046103e-01,4.032506813837736237e-01,9.653292958413527414e-01,-1.426910122600054676e-01,4.016202622246256571e-01,1.004705771935877401e+00
1.147000000000000064e+01,2.820878059182592712e-01,4.032520567927582733e-01,9.653305446432783876e-01,-1.427057774717657712e-01,4.015577668656950538e-01,1.004705192739255626e+00
1.148000000000000043e+01,2.820857676662498204e-01,4.032540171405036844e-01,9.653323614519216944e-01,-1.427228553900019015e-01,4.014870547520305033e-01,1.004702170272141704e+00
1.149000000000000021e+01,2.820831912399943131e-01,4.032563643748461324e-01,9.653345612421851962e-01,-1.427475954555778859e-01,4.014102390452724545e-01,1.004696567527397333e+00
1.150000000000000000e+01,2.820803375446181982e-01,4.032589019717471301e-01,9.653369522189341190e-01,-1.427839820551800587e-01,4.013289973669063038e-01,1.004688268483340252e+00
1.150999999999999979e+01,2.820774693241477338e-01,4.032614114239298497e-01,9.653393279288164930e-01,-1.428346409573396925e-01,4.012446213890726865e-01,1.004677259650522014e+00
1.151999999999999957e+01,2.820748158642117920e-01,4.032636921758844806e-01,9.653415014844367592e-01,-1.429009906900539084e-01,4.011581018573131541e-01,1.004663657245631780e+00
1.152999999999999936e+01,2.820725547787615306e-01,4.032655864074995988e-01,9.653433261124948483e-01,-1.429834366301877546e-01,4.010702195449987739e-01,1.004647706034750509e+00
1.154000000000000092e+01,2.820708069846917798e-01,4.032669875428926964e-01,9.653447019847516408e-01,-1.430815704559615653e-01,4.009816260844616398e-01,1.004629760367522495e+00
1.155000000000000071e+01,2.820696401202539283e-01,4.032678385827584977e-01,9.653455744071681721e-01,-1.431943550204665405e-01,4.008929089475467000e-01,1.004610254923266055e+00
1.156000000000000050e+01,2.820690750809287106e-01,4.032681434239629992e-01,9.653459400598694007e-01,-1.433202861425304508e-01,4.008046400444901236e-01,1.004589671056160372e+00
1.157000000000000028e+01,2.820689997326167875e-01,4.032681315121029453e-01,9.653459728895769087e-01,-1.434575436005033344e-01,4.007174177816650862e-01,1.004568499937190440e+00
1.158000000000000007e+01,2.820692081505490889e-01,4.032679179467163477e-01,9.653457881141376262e-01,-1.436040601383769266e-01,4.006318693686299337e-01,1.004547217794504954e+00
1.158999999999999986e+01,2.820696774495350390e-01,4.032674431800405412e-01,9.653453531474022187e-01,-1.437576109003099734e-01,4.005486728374737515e-01,1.004526262716625595e+00
1.159999999999999964e+01,2.820704130673042376e-01,4.032667538488544645e-01,9.653447034982319819e-01,-1.439159884637721820e-01,4.004686379715637901e-01,1.004506011528018217e+00
1.160999999999999943e+01,2.820714413687613331e-01,4.032658207107876480e-01,9.653438169458847806e-01,-1.440768138586686342e-01,4.003925304367929039e-01,1.004486760678833690e+00
1.162000000000000099e+01,2.820728069922953662e-01,4.032646280335961952e-01,9.653426755395280168e-01,-1.442376172814436308e-01,4.003211635494280385e-01,1.004468751071972088e+00
1.163000000000000078e+01,2.820745086886680131e-01,4.032631861696842068e-01,9.653412874758413587e-01,-1.443959492649940779e-01,4.002554144905033917e-01,1.004452146157071457e+00
1.164000000000000057e+01,2.820765188922033095e-01,4.032615203917464530e-01,9.653396760715633462e-01,-1.445493842340396795e-01,4.001962198995707154e-01,1.004437035292557789e+00
1.165000000000000036e+01,2.820787977448956929e-01,4.032596597998738819e-01,9.653378696394878666e-01,-1.446955218191528780e-01,4.001445631342838705e-01,1.004423441835764708e+00
1.166000000000000014e+01,2.820813060379895876e-01,4.032576080418581732e-01,9.653358790297622560e-01,-1.448319765987106100e-01,4.001014655414821819e-01,1.004411340145390463e+00
1.166999999999999993e+01,2.820840052713333712e-01,4.032553701779766353e-01,9.653337159779064036e-01,-1.449563972732320072e-01,4.000679788482394694e-01,1.004400664299851087e+00
1.167999999999999972e+01,2.820867852259439368e-01,4.032530223765425359e-01,9.653314599156690434e-01,-1.450641205014116253e-01,4.000412530072799400e-01,1.004391106406474998e+00
1.168999999999999950e+01,2.820892353422672638e-01,4.032509222486230782e-01,9.653294537913772455e-01,-1.451461377690366483e-01,4.000086592984933853e-01,1.004381553672537342e+00
1.170000000000000107e+01,2.820908907853243996e-01,4.032495220717166595e-01,9.653281089688825478e-01,-1.451996442255133191e-01,3.999612525803742380e-01,1.004370549223438491e+00
1.171000000000000085e+01,2.820915638444597695e-01,4.032490103148860250e-01,9.653275980241793341e-01,-1.452272109755388951e-01,3.998945045021649602e-01,1.004356493231974401e+00
1.172000000000000064e+01,2.820914518954601991e-01,4.032492017442392829e-01,9.653277612023767329e-01,-1.452339723489079470e-01,3.998064147930955325e-01,1.004337764439011016e+00
1.173000000000000043e+01,2.820905854838092752e-01,4.032500311393980574e-01,9.653285379015758005e-01,-1.452258533139954844e-01,3.996964574572045015e-01,1.004312889362155348e+00
1.174000000000000021e+01,2.820890079596600764e-01,4.032513705502113188e-01,9.653298232702989257e-01,-1.452087667526288373e-01,3.995651102570740854e-01,1.004280684322551798e+00
1.175000000000000000e+01,2.820868817464324829e-01,4.032530521983663241e-01,9.653314638966108419e-01,-1.451879143304217190e-01,3.994133489929682646e-01,1.004240309992768587e+00
1.175999999999999979e+01,2.820844248931955178e-01,4.032549257184797065e-01,9.653333084562972788e-01,-1.451675346289235669e-01,3.992424621845616084e-01,1.004191308987599118e+00
1.176999999999999957e+01,2.820818631084960337e-01,4.032568601071458980e-01,9.653352180726652021e-01,-1.451508449780826160e-01,3.990539699941987872e-01,1.004133616144601282e+00
1.177999999999999936e+01,2.820794053129611068e-01,4.032587089302530070e-01,9.653370472972906402e-01,-1.451400856153058083e-01,3.988495850375404217e-01,1.004067543934163975e+00
1.179000000000000092e+01,2.820772219669047676e-01,4.032603398783689563e-01,9.653386685605279682e-01,-1.451366578385870354e-01,3.986311921910260514e-01,1.003993727754262544e+00
1.180000000000000071e+01,2.820754360845465492e-01,4.032616519289329293e-01,9.653399856736833984e-01,-1.451412786129602228e-01,3.984008378307100084e-01,1.003913061300979903e+00
1.181000000000000050e+01,2.820741233477955801e-01,4.032625806300544902e-01,9.653409374156780576e-01,-1.451541297368296735e-01,3.981607216568959773e-01,1.003826631074529185e+00
1.182000000000000028e+01,2.820733176132669273e-01,4.032630961893110544e-01,9.653414951197559768e-01,-1.451749904630092458e-01,3.979131883745300469e-01,1.003735655031022800e+00
1.183000000000000007e+01,2.820729968788159847e-01,4.032632508128725091e-01,9.653416967958909911e-01,-1.452033545984954266e-01,3.976607202220709958e-01,1.003641427294740485e+00
1.183999999999999986e+01,2.820729909023489412e-01,4.032632481142848224e-01,9.653417100634756887e-01,-1.452385278788859979e-01,3.974059277420103342e-01,1.003545269958852293e+00
1.184999999999999964e+01,2.820731604138486115e-01,4.032632000070635603e-01,9.653416373665948402e-01,-1.452796820384237297e-01,3.971515394397088228e-01,1.003448503778396672e+00
1.185999999999999943e+01,2.820734497556234843e-01,4.032631143360797532e-01,9.653414989356506881e-01,-1.453259875638545362e-01,3.969004324204697953e-01,1.003352411625292762e+00
1.187000000000000099e+01,2.820739279998971116e-01,4.032629046077458868e-01,9.653412269230653431e-01,-1.453764546422295356e-01,3.966554818065250454e-01,1.003258219597753742e+00
1.188000000000000078e+01,2.820746781165482386e-01,4.032625153027341036e-01,9.653407694643079129e-01,-1.454300030725678150e-01,3.964196343818806589e-01,1.003167117014217569e+00
1.189000000000000057e+01,2.820757254377071477e-01,4.032619275455006091e-01,9.653401097773535167e-01,-1.454855734880429741e-01,3.961959182385872968e-01,1.003080228792258888e+00
1.190000000000000036e+01,2.820770599496058573e-01,4.032611457534419630e-01,9.653392534143008241e-01,-1.455421292713740267e-01,3.959874326782176768e-01,1.002998615694845608e+00
1.191000000000000014e+01,2.820786524585712218e-01,4.032601873838844164e-01,9.653382184501430041e-01,-1.455986584240986648e-01,3.957973317015828774e-01,1.002923279770666420e+00
1.191999999999999993e+01,2.820804685725916694e-01,4.032590576787529746e-01,9.653370156449472272e-01,-1.456541656477804425e-01,3.956288127747331629e-01,1.002855178281875759e+00
1.192999999999999972e+01,2.820824744314014976e-01,4.032577511026004258e-01,9.653356483588398929e-01,-1.457076791057550502e-01,3.954851083953586088e-01,1.002795237138764506e+00
1.193999999999999950e+01,2.820848323205130681e-01,4.032560800141357649e-01,9.653339477891843545e-01,-1.457567909166307130e-01,3.953701098481233744e-01,1.002743537644960936e+00
1.195000000000000107e+01,2.820885716965587653e-01,4.032529098996873174e-01,9.653309143170568651e-01,-1.457846898811820668e-01,3.952796575837354554e-01,1.002695752184054712e+00
1.196000000000000085e+01,2.820948304123505612e-01,4.032469358462568154e-01,9.653254361920804438e-01,-1.457554284502393660e-01,3.951914043309897040e-01,1.002645469517867038e+00
1.197000000000000064e+01,2.821041823345027955e-01,4.032375556974684416e-01,9.653170115690070663e-01,-1.456256699505024677e-01,3.950764179200491055e-01,1.002587745063649116e+00
1.198000000000000043e+01,2.821164657808977738e-01,4.032250357877435465e-01,9.653058382027492890e-01,-1.453546388578705606e-01,3.949073978886536995e-01,1.002519924016132435e+00
1.199000000000000021e+01,2.821309154361221760e-01,4.032102935843567826e-01,9.652926819818352655e-01,-1.449091744266634285e-01,3.946622596220819013e-01,1.002441608490113767e+00
1.200000000000000000e+01,2.821464002323336717e-01,4.031945918764028303e-01,9.652786316034536185e-01,-1.442658756833081757e-01,3.943252811720602824e-01,1.002354259490851662e+00
1.200999999999999979e+01,2.821616772741543655e-01,4.031792645740828185e-01,9.652648537965078379e-01,-1.434114853633885467e-01,3.938869864059463266e-01,1.002260710438613200e+00
1.201999999999999957e+01,2.821755866705739080e-01,4.031655169535342531e-01,9.652524140657539053e-01,-1.423422477393232466e-01,3.933434500233895514e-01,1.002164710132836367e+00
1.203000000000000114e+01,2.821871716551763165e-01,4.031543066941117304e-01,9.652421709646695769e-01,-1.410627302915393733e-01,3.926954035668125953e-01,1.002070530425162920e+00
1.204000000000000092e+01,2.821957134878944062e-01,4.031462935348241183e-01,9.652347425293348326e-01,-1.395844293315178231e-01,3.919473370724936290e-01,1.001982641026025078e+00
1.205000000000000071e+01,2.822007645227607164e-01,4.031418423500020554e-01,9.652304839068589493e-01,-1.379243573557817626e-01,3.911066918043860086e-01,1.001905441827835919e+00
1.206000000000000050e+01,2.822021428104201091e-01,4.031409707391838682e-01,9.652294596972830210e-01,-1.361037210094737659e-01,3.901831675703145708e-01,1.001843043174245551e+00
1.207000000000000028e+01,2.822000236244200932e-01,4.031432836674925246e-01,9.652313946884113482e-01,-1.341467568269504862e-01,3.891881532290429879e-01,1.001799085682637536e+00
1.208000000000000007e+01,2.821948150196216809e-01,4.031486965863299021e-01,9.652361290292944540e-01,-1.320798263684253571e-01,3.881342968042976183e-01,1.001776572235045126e+00
1.208999999999999986e+01,2.821867047141871643e-01,4.031569900684244812e-01,9.652434714146410633e-01,-1.299305941367839834e-01,3.870351279688310497e-01,1.001777747253628892e+00
1.209999999999999964e+01,2.821759931046565750e-01,4.031678107258859223e-01,9.652531277781356556e-01,-1.277273786942457190e-01,3.859047723438650546e-01,1.001804012463828775e+00
1.210999999999999943e+01,2.821631005978917917e-01,4.031805363555576727e-01,9.652645897964747812e-01,-1.254985968485346493e-01,3.847577451406683502e-01,1.001855905157729598e+00
1.212000000000000099e+01,2.821485359017051886e-01,4.031946691503933144e-01,9.652774087103408451e-01,-1.232725494990842829e-01,3.836086844087353565e-01,1.001932964337437726e+00
1.213000000000000078e+01,2.821326490242283547e-01,4.032099937197400341e-01,9.652913577393655853e-01,-1.210774307032782549e-01,3.824724125223235571e-01,1.002033684283900827e+00
1.214000000000000057e+01,2.821157500963397680e-01,4.032262997499559964e-01,9.653062245634239646e-01,-1.189409776169743360e-01,3.813637833416711476e-01,1.002155603749978585e+00
1.215000000000000036e+01,2.820981323167342514e-01,4.032433584198402698e-01,9.653217871243103820e-01,-1.168903503027919760e-01,3.802975587535690760e-01,1.002295351577566773e+00
1.216000000000000014e+01,2.820800550358810721e-01,4.032609514481433344e-01,9.653378375152783519e-01,-1.149521360012790705e-01,3.792883555541453622e-01,1.002448715528247325e+00
1.216999999999999993e+01,2.820617339496989673e-01,4.032788886048579435e-01,9.653541834828619495e-01,-1.131523992847691951e-01,3.783506218513259522e-01,1.002610748079385550e+00
1.217999999999999972e+01,2.820433369786543576e-01,4.032970174043976619e-01,9.653706401430027784e-01,-1.115168489019583431e-01,3.774986226100171538e-01,1.002775894254481326e+00
1.218999999999999950e+01,2.820249773876443711e-01,4.033152248260922224e-01,9.653871071356230349e-01,-1.100709649747904639e-01,3.767464705553268955e-01,1.002938140793907085e+00
1.220000000000000107e+01,2.820069295037920809e-01,4.033332003711550540e-01,9.654033346033489282e-01,-1.088394382807218730e-01,3.761115249615317180e-01,1.003090374251444761e+00
1.221000000000000085e+01,2.819904191318801101e-01,4.033495585161153141e-01,9.654181674974258165e-01,-1.078352466613114458e-01,3.756096956315110313e-01,1.003221851414340282e+00
1.222000000000000064e+01,2.819769803339635672e-01,4.033625398854708832e-01,9.654300840206285761e-01,-1.070483828508637658e-01,3.752354238947870346e-01,1.003321950613381919e+00
1.223000000000000043e+01,2.819677034963479767e-01,4.033709592638397012e-01,9.654380248150531418e-01,-1.064549332458973874e-01,3.749711822489248947e-01,1.003383341503203185e+00
1.224000000000000021e+01,2.819630283052646513e-01,4.033744523024175299e-01,9.654416250770865293e-01,-1.060247332550334765e-01,3.747962755589689388e-01,1.003402455672154137e+00
1.225000000000000000e+01,2.819626014477309983e-01,4.033736320961238686e-01,9.654413310707609108e-01,-1.057275813038454360e-01,3.746910003569320358e-01,1.003379011029785994e+00
1.225999999999999979e+01,2.819657970513302359e-01,4.033691162622547455e-01,9.654376726827978983e-01,-1.055351276460501642e-01,3.746383916276210257e-01,1.003315093741096398e+00
1.226999999999999957e+01,2.819720302986283289e-01,4.033616909599710421e-01,9.654313246953094563e-01,-1.054224088769125378e-01,3.746246464617435934e-01,1.003214272104600235e+00
1.228000000000000114e+01,2.819805487516653386e-01,4.033522497858987865e-01,9.654230676304026426e-01,-1.053683333147723139e-01,3.746389048041703917e-01,1.003080908730924703e+00
1.229000000000000092e+01,2.819905586775554585e-01,4.033416553624211698e-01,9.654136699738630201e-01,-1.053555728129800528e-01,3.746728392509731664e-01,1.002919662597310024e+00
1.230000000000000071e+01,2.820013010428968347e-01,4.033306752143142049e-01,9.654038280197082544e-01,-1.053708582342949146e-01,3.747203579749700530e-01,1.002734963503486565e+00
1.231000000000000050e+01,2.820121377890165704e-01,4.033199106269206302e-01,9.653940976698838217e-01,-1.054041124989658212e-01,3.747769376255698504e-01,1.002530992276246424e+00
1.232000000000000028e+01,2.820225747191981713e-01,4.033097928399601018e-01,9.653848863754976861e-01,-1.054478885636814245e-01,3.748392464434528448e-01,1.002311617487829487e+00
1.233000000000000007e+01,2.820322625391313287e-01,4.033005986726176939e-01,9.653764635870339950e-01,-1.054968811429701364e-01,3.749048363228755232e-01,1.002080390920314423e+00
1.233999999999999986e+01,2.820409808890632086e-01,4.032924949259654723e-01,9.653689944286439895e-01,-1.055474835223117747e-01,3.749718976326087971e-01,1.001840576906225522e+00
1.234999999999999964e+01,2.820486185252250033e-01,4.032855613585353272e-01,9.653625602151394425e-01,-1.055973857000014893e-01,3.750390723103166901e-01,1.001595205363073671e+00
1.235999999999999943e+01,2.820551566189128390e-01,4.032797778030941527e-01,9.653571533072557997e-01,-1.056452214578740556e-01,3.751053136634823759e-01,1.001347139392883001e+00
1.237000000000000099e+01,2.820606437610906347e-01,4.032750581354194175e-01,9.653527057071685791e-01,-1.056902990085619443e-01,3.751697830819778479e-01,1.001099128136248462e+00
1.238000000000000078e+01,2.820651629277637351e-01,4.032712795492660596e-01,9.653491159758659235e-01,-1.057323976555868544e-01,3.752317791935669833e-01,1.000853849063805256e+00
1.239000000000000057e+01,2.820687882189218953e-01,4.032683034330362126e-01,9.653462733301507726e-01,-1.057716263493300862e-01,3.752906920783229960e-01,1.000613936835351492e+00
1.240000000000000036e+01,2.820716245456276194e-01,4.032660009357349473e-01,9.653440675479024735e-01,-1.058082568135289836e-01,3.753459557482811126e-01,1.000382028351484598e+00
1.241000000000000014e+01,2.820738231747772495e-01,4.032642589008897938e-01,9.653423891693375669e-01,-1.058426098733206144e-01,3.753970113852163615e-01,1.000160790239087216e+00
1.241999999999999993e+01,2.820755437836019452e-01,4.032629670459793592e-01,9.653411278751760083e-01,-1.058750127866806556e-01,3.754432906611587795e-01,9.999529211558985109e-01
1.242999999999999972e+01,2.820769184096794668e-01,4.032620235276634935e-01,9.653401848414073783e-01,-1.059057916264401766e-01,3.754842209678272424e-01,9.997611508853910811e-01
1.243999999999999950e+01,2.820780528956313704e-01,4.032613395684251367e-01,9.653394758370481554e-01,-1.059352472414014368e-01,3.755192203600828393e-01,9.995882444975641157e-01
1.245000000000000107e+01,2.820790295159651406e-01,4.032608399588458736e-01,9.653389314711519065e-01,-1.059636757958565961e-01,3.755476953292887221e-01,9.994369995316447763e-01
1.246000000000000085e+01,2.820799122833683725e-01,4.032604361143319327e-01,9.653384713826018704e-01,-1.059898187791589591e-01,3.755716305127077548e-01,9.993088984577032097e-01
1.247000000000000064e+01,2.820807078419952374e-01,4.032600676414827001e-01,9.653380352329711256e-01,-1.060078783779188488e-01,3.755987751675768371e-01,9.991994512205667478e-01
1.248000000000000043e+01,2.820813308514296125e-01,4.032597554463430156e-01,9.653376494598195912e-01,-1.060143758472534142e-01,3.756330572404139034e-01,9.991006755448568200e-01
1.249000000000000021e+01,2.820816751550606072e-01,4.032595587293180128e-01,9.653373805138997232e-01,-1.060087469479674555e-01,3.756751714145463161e-01,9.990040279231969800e-01
1.250000000000000000e+01,2.820817110329637001e-01,4.032594933388385927e-01,9.653372536493959322e-01,-1.059921757294028100e-01,3.757244699499566187e-01,9.989017249235514484e-01
1.250999999999999979e+01,2.820815058519907659e-01,4.032594957819136683e-01,9.653372208940430577e-01,-1.059667665789918861e-01,3.757799015286304445e-01,9.987873561361265695e-01
1.251999999999999957e+01,2.820811232491660658e-01,4.032595302629071732e-01,9.653372510699391729e-01,-1.059349925455004005e-01,3.758404271060831747e-01,9.986560710154011034e-01
1.253000000000000114e+01,2.820806177816308491e-01,4.032595897021814535e-01,9.653373319266514985e-01,-1.058992918654805410e-01,3.759051556100693192e-01,9.985045688942737474e-01
1.254000000000000092e+01,2.820800357825745119e-01,4.032597172676377628e-01,9.653374854076541833e-01,-1.058618409766423629e-01,3.759733531604148582e-01,9.983309684662549088e-01
1.255000000000000071e+01,2.820794282725430091e-01,4.032599158557512720e-01,9.653377035016005303e-01,-1.058243898712324105e-01,3.760443995088849078e-01,9.981346504514909679e-01
1.256000000000000050e+01,2.820788403093270613e-01,4.032601325919937807e-01,9.653379406182601707e-01,-1.057882481914443618e-01,3.761177492426207580e-01,9.979160644591597018e-01
1.257000000000000028e+01,2.820783011775942484e-01,4.032603398522665028e-01,9.653381712601341036e-01,-1.057543477349055100e-01,3.761928942036436019e-01,9.976765232052354770e-01
1.258000000000000007e+01,2.820778289273881967e-01,4.032605245271833061e-01,9.653383820365709633e-01,-1.057232961592289300e-01,3.762693307318174529e-01,9.974180304634949756e-01
1.258999999999999986e+01,2.820774323868753819e-01,4.032606796358546020e-01,9.653385657038950907e-01,-1.056954420005934286e-01,3.763465290354510162e-01,9.971431260143528430e-01
1.259999999999999964e+01,2.820771195483729454e-01,4.032608011435311335e-01,9.653387171330438665e-01,-1.056709260951554652e-01,3.764239110508774133e-01,9.968547610504508993e-01
1.260999999999999943e+01,2.820768971859038410e-01,4.032608864917913150e-01,9.653388324612520721e-01,-1.056497450231047713e-01,3.765008494306019138e-01,9.965561941954915737e-01
1.262000000000000099e+01,2.820767690043269327e-01,4.032609345559508562e-01,9.653389096422119176e-01,-1.056318139609559725e-01,3.765766666880810409e-01,9.962509026211339158e-01
1.263000000000000078e+01,2.820767353050748216e-01,4.032609445221422284e-01,9.653389478357152775e-01,-1.056170106175380041e-01,3.766506319548681425e-01,9.959425105093848707e-01
1.264000000000000057e+01,2.820767957715960561e-01,4.032609121313410205e-01,9.653389439140508399e-01,-1.056051790092423642e-01,3.767219482358886151e-01,9.956347427744046685e-01
1.265000000000000036e+01,2.820769491171585264e-01,4.032608360930003411e-01,9.653388969533990283e-01,-1.055961834662245968e-01,3.767898108002618596e-01,9.953314008001438173e-01
1.266000000000000014e+01,2.820771931566983803e-01,4.032607196790165549e-01,9.653388093137743597e-01,-1.055899406458678524e-01,3.768534228301981814e-01,9.950363361779825944e-01
1.266999999999999993e+01,2.820775252730424176e-01,4.032605647702005025e-01,9.653386824859864213e-01,-1.055864002322046968e-01,3.769119541596391842e-01,9.947534164382478838e-01
1.267999999999999972e+01,2.820779420148578076e-01,4.032603720779504020e-01,9.653385173763207039e-01,-1.055855491231732501e-01,3.769645480857208297e-01,9.944865148250515707e-01
1.268999999999999950e+01,2.820784399472742177e-01,4.032601430560140976e-01,9.653383153896768487e-01,-1.055874105849392008e-01,3.770103227670610901e-01,9.942395030028157166e-01
1.270000000000000107e+01,2.820790186871441896e-01,4.032598916815750556e-01,9.653380855183704146e-01,-1.055920319004924196e-01,3.770483781365536746e-01,9.940162548879794002e-01
1.271000000000000085e+01,2.820796777611560002e-01,4.032596312551829931e-01,9.653378362424555048e-01,-1.055994897721779374e-01,3.770777973554543805e-01,9.938206443047727934e-01
1.272000000000000064e+01,2.820803666273073995e-01,4.032593627866356556e-01,9.653375700202156962e-01,-1.056087193829378240e-01,3.771013376200165745e-01,9.936551573530764125e-01
1.273000000000000043e+01,2.820809524236077559e-01,4.032591532363219988e-01,9.653373346043272463e-01,-1.056149617577628874e-01,3.771298327493335378e-01,9.935158090733594571e-01
1.274000000000000021e+01,2.820813773684210379e-01,4.032590550952724340e-01,9.653371699245271165e-01,-1.056141355684585281e-01,3.771684537732729048e-01,9.933945649878779260e-01
1.275000000000000000e+01,2.820816288607049249e-01,4.032590749778196537e-01,9.653370891297102796e-01,-1.056039713812206432e-01,3.772177530493878717e-01,9.932825514049651305e-01
1.275999999999999979e+01,2.820816979419802362e-01,4.032591549806648912e-01,9.653370662721217910e-01,-1.055844111959040460e-01,3.772763313870139967e-01,9.931715589759660956e-01
1.276999999999999957e+01,2.820816029211819509e-01,4.032591615905851135e-01,9.653370160236094399e-01,-1.055561195851630607e-01,3.773421857798185952e-01,9.930547847378127235e-01
1.278000000000000114e+01,2.820813663054335119e-01,4.032590396915760600e-01,9.653369039517005756e-01,-1.055200676069257271e-01,3.774134210141504853e-01,9.929270576736733966e-01
1.279000000000000092e+01,2.820810191958854074e-01,4.032588064219261303e-01,9.653367415019992182e-01,-1.054775823267964791e-01,3.774885115717305784e-01,9.927847480389181412e-01
1.280000000000000071e+01,2.820805974445993458e-01,4.032585202331618324e-01,9.653365655428617353e-01,-1.054300999622461710e-01,3.775662977546124788e-01,9.926256315158685783e-01
1.281000000000000050e+01,2.820801313018271861e-01,4.032582751470434879e-01,9.653364366965875298e-01,-1.053790112442959392e-01,3.776459139393564812e-01,9.924486989645717738e-01
1.282000000000000028e+01,2.820796484612392852e-01,4.032581293485518192e-01,9.653363903087763820e-01,-1.053255476173565741e-01,3.777267037439556718e-01,9.922539732325004191e-01
1.283000000000000007e+01,2.820791735719537230e-01,4.032581006401156909e-01,9.653364338994783189e-01,-1.052707492799360017e-01,3.778081373690126421e-01,9.920423202969048670e-01
1.283999999999999986e+01,2.820787273109764404e-01,4.032581803621521077e-01,9.653365572209792189e-01,-1.052154710945386734e-01,3.778897422761378633e-01,9.918152722341003757e-01
1.284999999999999964e+01,2.820783260684250893e-01,4.032583115985249878e-01,9.653367179010388099e-01,-1.051604084314047144e-01,3.779710628830986185e-01,9.915748808886593046e-01
1.285999999999999943e+01,2.820779824158858862e-01,4.032584415672045841e-01,9.653368769858591270e-01,-1.051061322598041553e-01,3.780516241373763631e-01,9.913235885421060045e-01
1.287000000000000099e+01,2.820777101000624953e-01,4.032585491905115171e-01,9.653370166497483584e-01,-1.050531174681506030e-01,3.781309032124400282e-01,9.910641232457333416e-01
1.288000000000000078e+01,2.820775270572298266e-01,4.032586262294859392e-01,9.653371266540176077e-01,-1.050017575637997025e-01,3.782083227721548813e-01,9.907994251217031589e-01
1.289000000000000057e+01,2.820774425133201202e-01,4.032586680474348206e-01,9.653372011311036616e-01,-1.049524139015010904e-01,3.782832542630528705e-01,9.905325755302448743e-01
1.290000000000000036e+01,2.820774514495820173e-01,4.032586665366874046e-01,9.653372352034489401e-01,-1.049054293296589752e-01,3.783549805748668837e-01,9.902667301133027955e-01
1.291000000000000014e+01,2.820775415358494631e-01,4.032586324241390630e-01,9.653372385500799124e-01,-1.048611934347114527e-01,3.784228022108193645e-01,9.900051126739584095e-01
1.291999999999999993e+01,2.820777069004219428e-01,4.032586406437261850e-01,9.653372626594971528e-01,-1.048201124515573679e-01,3.784859885272354174e-01,9.897509868687762724e-01
1.292999999999999972e+01,2.820779442302546736e-01,4.032587547025694441e-01,9.653373506615103850e-01,-1.047825907859574607e-01,3.785437518665120682e-01,9.895076279746247705e-01
1.293999999999999950e+01,2.820782520839598684e-01,4.032590005237507436e-01,9.653375201431112496e-01,-1.047491727379568499e-01,3.785952318434723796e-01,9.892783463676761979e-01
1.295000000000000107e+01,2.820786278933031244e-01,4.032593816829981859e-01,9.653377730776169230e-01,-1.047202723396206681e-01,3.786395283738498430e-01,9.890664378867819462e-01
1.296000000000000085e+01,2.820790621905881479e-01,4.032598511646604544e-01,9.653380777900454346e-01,-1.046958135704921661e-01,3.786756747761265141e-01,9.888752408776583236e-01
1.297000000000000064e+01,2.820794943855787218e-01,4.032603678866837349e-01,9.653384173397963064e-01,-1.046762956752389090e-01,3.787028076486034789e-01,9.887079956774694756e-01
1.298000000000000043e+01,2.820799053137203471e-01,4.032608738444400931e-01,9.653387481746467103e-01,-1.046617129268784807e-01,3.787239669994509894e-01,9.885668603981506708e-01
1.299000000000000021e+01,2.820803189514865528e-01,4.032612079074878730e-01,9.653389331919204341e-01,-1.046493815043256642e-01,3.787508404831025910e-01,9.884486091298901878e-01
1.300000000000000000e+01,2.820806326391356311e-01,4.032613128309932571e-01,9.653389452727479947e-01,-1.046365079309136414e-01,3.787887338271654358e-01,9.883465897794917465e-01
1.300999999999999979e+01,2.820808157574482555e-01,4.032613657680125252e-01,9.653389129154141823e-01,-1.046202532500657839e-01,3.788378111590499087e-01,9.882534952843189391e-01
1.301999999999999957e+01,2.820808775561244874e-01,4.032613359610085491e-01,9.653388213047741084e-01,-1.045985937840256674e-01,3.788962388497119083e-01,9.881626267508649697e-01
1.303000000000000114e+01,2.820808509994812696e-01,4.032610760216367440e-01,9.653385741989969349e-01,-1.045703561183712604e-01,3.789616321307603952e-01,9.880684284505640846e-01
1.304000000000000092e+01,2.820807966370194597e-01,4.032605669348874877e-01,9.653381567518450890e-01,-1.045351191851644213e-01,3.790318209653323889e-01,9.879666679206692281e-01
1.305000000000000071e+01,2.820807357242553493e-01,4.032598707653798908e-01,9.653376140613749712e-01,-1.044930117323503438e-01,3.791050731758277559e-01,9.878543985725448673e-01
1.306000000000000050e+01,2.820806637399654870e-01,4.032590832879555665e-01,9.653370168957017272e-01,-1.044445228711895768e-01,3.791801001952063155e-01,9.877298262277911522e-01
1.307000000000000028e+01,2.820805661841846446e-01,4.032583101017113147e-01,9.653364430446039757e-01,-1.043903590185707442e-01,3.792559799721767488e-01,9.875921389761453950e-01
1.308000000000000007e+01,2.820804269620183491e-01,4.032576524038741228e-01,9.653359664622006564e-01,-1.043313413651567600e-01,3.793320579037094409e-01,9.874413342187562392e-01
1.308999999999999986e+01,2.820802376977550874e-01,4.032571681599159685e-01,9.653356292793895399e-01,-1.042683248907034788e-01,3.794078562247287789e-01,9.872780675150847340e-01
1.309999999999999964e+01,2.820799971470898670e-01,4.032568790985895935e-01,9.653354469373107705e-01,-1.042021615193999134e-01,3.794829922379313047e-01,9.871035093178168740e-01
1.310999999999999943e+01,2.820797228383800093e-01,4.032567851113398882e-01,9.653354162417938644e-01,-1.041336837845597968e-01,3.795571219102636396e-01,9.869192230080482409e-01
1.312000000000000099e+01,2.820794498321804733e-01,4.032568346675777793e-01,9.653354958814620579e-01,-1.040637064361179809e-01,3.796298981232990033e-01,9.867270619756831618e-01
1.313000000000000078e+01,2.820791998810324164e-01,4.032569263432537188e-01,9.653356127362581196e-01,-1.039930200277954658e-01,3.797009437355409189e-01,9.865290907331425441e-01
1.314000000000000057e+01,2.820789887027136400e-01,4.032570132160375742e-01,9.653357311390003970e-01,-1.039223873199295184e-01,3.797698389639228012e-01,9.863275275698084599e-01
1.315000000000000036e+01,2.820788457003293725e-01,4.032570949579499242e-01,9.653358432207844730e-01,-1.038525025069883256e-01,3.798360904891172063e-01,9.861247060594211522e-01
1.316000000000000014e+01,2.820787853560213221e-01,4.032571836690312939e-01,9.653359528706165760e-01,-1.037840292338150783e-01,3.798991067733155647e-01,9.859230067056028446e-01
1.316999999999999993e+01,2.820787927256264704e-01,4.032573529639820187e-01,9.653361126931018221e-01,-1.037177304464006883e-01,3.799583440655247557e-01,9.857248456477006870e-01
1.317999999999999972e+01,2.820788580544954516e-01,4.032576681753691217e-01,9.653363684630485997e-01,-1.036543690460266787e-01,3.800132037356726555e-01,9.855326541379896277e-01
1.318999999999999950e+01,2.820789712218991219e-01,4.032581562821659915e-01,9.653367397289603913e-01,-1.035946837088475431e-01,3.800630244638545374e-01,9.853488649782874420e-01
1.320000000000000107e+01,2.820790706403827341e-01,4.032588191712070391e-01,9.653372378901019513e-01,-1.035394003013457853e-01,3.801070905982873449e-01,9.851759056125979352e-01
1.321000000000000085e+01,2.820790944229070729e-01,4.032596435170803795e-01,9.653378645026002847e-01,-1.034892334302975059e-01,3.801446404936273948e-01,9.850161959824728086e-01
1.322000000000000064e+01,2.820790193464646212e-01,4.032605822105613802e-01,9.653385914443984861e-01,-1.034448798603951197e-01,3.801748771766893520e-01,9.848721560845890011e-01
1.323000000000000043e+01,2.820788451737348268e-01,4.032615752999544334e-01,9.653393777559038380e-01,-1.034070511950568871e-01,3.801969705757575757e-01,9.847462085311017299e-01
1.324000000000000021e+01,2.820786169730228332e-01,4.032625467144500542e-01,9.653401559364184203e-01,-1.033764091257972639e-01,3.802139992247454692e-01,9.846400947273495907e-01
1.325000000000000000e+01,2.820785060802053490e-01,4.032632768452016347e-01,9.653407218522450650e-01,-1.033521075050428950e-01,3.802375369943429839e-01,9.845518307364929944e-01
1.325999999999999979e+01,2.820785678134444807e-01,4.032635956612178885e-01,9.653409389609737268e-01,-1.033315238360729277e-01,3.802729071923944271e-01,9.844766220778158328e-01
1.326999999999999957e+01,2.820786584538506614e-01,4.032636849198332207e-01,9.653409576924275592e-01,-1.033114805720612150e-01,3.803203929030836705e-01,9.844090487339008932e-01
1.328000000000000114e+01,2.820787475013796786e-01,4.032635158076084414e-01,9.653407704292215064e-01,-1.032889642457463647e-01,3.803782102182539648e-01,9.843442246132294571e-01
1.329000000000000092e+01,2.820789227299818624e-01,4.032629792164607041e-01,9.653402975888148996e-01,-1.032615486347034511e-01,3.804439599798872806e-01,9.842781496251289397e-01
1.330000000000000071e+01,2.820792303284344604e-01,4.032621051883562568e-01,9.653395604645064187e-01,-1.032275657086062920e-01,3.805154333783007936e-01,9.842078329930988856e-01
1.331000000000000050e+01,2.820796460187029453e-01,4.032609998861634848e-01,9.653386430217472114e-01,-1.031860517347336637e-01,3.805908444919747224e-01,9.841312364007807068e-01
1.332000000000000028e+01,2.820801138820593357e-01,4.032597962260339730e-01,9.653376516483219705e-01,-1.031366291493729104e-01,3.806688413866951004e-01,9.840471489316755527e-01
1.333000000000000007e+01,2.820805709462054223e-01,4.032586224613868842e-01,9.653366895217935229e-01,-1.030793821058186566e-01,3.807484341002890793e-01,9.839550451681169374e-01
1.333999999999999986e+01,2.820809610270505474e-01,4.032575850488120395e-01,9.653358425902071049e-01,-1.030147433907737942e-01,3.808288986195173531e-01,9.838549493969055426e-01
1.334999999999999964e+01,2.820812411132376241e-01,4.032567617154464434e-01,9.653351738414093219e-01,-1.029433995801404128e-01,3.809096862277958628e-01,9.837473159528845601e-01
1.335999999999999943e+01,2.820813830204056405e-01,4.032562010422245380e-01,9.653347228674356018e-01,-1.028662131794483292e-01,3.809903422157796538e-01,9.836329263879549645e-01
1.337000000000000099e+01,2.820813722480007835e-01,4.032559259666125273e-01,9.653345086071163372e-01,-1.027841646406606191e-01,3.810704524119536973e-01,9.835128072605398009e-01
1.338000000000000078e+01,2.820812311296630459e-01,4.032558993791772739e-01,9.653345023456805230e-01,-1.026983059947315091e-01,3.811495993578008501e-01,9.833881641420680886e-01
1.339000000000000057e+01,2.820810292013897769e-01,4.032559724057380168e-01,9.653345908505184259e-01,-1.026097264558337857e-01,3.812273322572693468e-01,9.832603273102353825e-01
1.340000000000000036e+01,2.820808110671400026e-01,4.032560672380806621e-01,9.653347123828988074e-01,-1.025195377601786084e-01,3.813031577345976086e-01,9.831307103870240427e-01
1.341000000000000014e+01,2.820806144666830328e-01,4.032562135070578702e-01,9.653348779066286411e-01,-1.024288247759898574e-01,3.813765143947668856e-01,9.830007869078161153e-01
1.341999999999999993e+01,2.820804776538329839e-01,4.032564205438479155e-01,9.653350838395174938e-01,-1.023385911270823789e-01,3.814467159247071359e-01,9.828720568023872062e-01
1.342999999999999972e+01,2.820803902722203715e-01,4.032567563621919926e-01,9.653353777505144784e-01,-1.022499671939245819e-01,3.815131404977946672e-01,9.827460254998436895e-01
1.343999999999999950e+01,2.820803001909116259e-01,4.032572721640004243e-01,9.653358030370332576e-01,-1.021640796246361255e-01,3.815751016243497107e-01,9.826241877436472372e-01
1.345000000000000107e+01,2.820801213116236883e-01,4.032579837534167599e-01,9.653363850596055062e-01,-1.020820139569171836e-01,3.816318463990268084e-01,9.825080282349809568e-01
1.346000000000000085e+01,2.820798089672403863e-01,4.032588858361416118e-01,9.653371279256959259e-01,-1.020048168526160176e-01,3.816825605783182307e-01,9.823990204050260244e-01
1.347000000000000064e+01,2.820793498093190355e-01,4.032599611183910193e-01,9.653380220510308085e-01,-1.019335047695207747e-01,3.817263802432869779e-01,9.822986254333354594e-01
1.348000000000000043e+01,2.820787492325501078e-01,4.032611843635838800e-01,9.653390489762407878e-01,-1.018690724161322586e-01,3.817624019398098700e-01,9.822082948659595081e-01
1.349000000000000021e+01,2.820780268093754928e-01,4.032625030162654833e-01,9.653401688500011790e-01,-1.018124905159619731e-01,3.817896918109437987e-01,9.821294810457754654e-01
1.350000000000000000e+01,2.820772477829526781e-01,4.032638235755651168e-01,9.653412989555405499e-01,-1.017651807841219169e-01,3.818110178449672931e-01,9.820633745272705495e-01
1.350999999999999979e+01,2.820766270731692726e-01,4.032648918196515830e-01,9.653422049383274528e-01,-1.017284619667000178e-01,3.818372971233876534e-01,9.820092026569301469e-01
1.351999999999999957e+01,2.820763598507046721e-01,4.032654278153335881e-01,9.653426484153553311e-01,-1.017007694546322311e-01,3.818738450890026837e-01,9.819642370781279661e-01
1.353000000000000114e+01,2.820763463925491377e-01,4.032655417175503576e-01,9.653427194594391691e-01,-1.016789921495890314e-01,3.819213045441340326e-01,9.819252718667300650e-01
1.354000000000000092e+01,2.820764421460710270e-01,4.032652976606538320e-01,9.653424939136237004e-01,-1.016597246099938817e-01,3.819784247665193866e-01,9.818894255630312706e-01
1.355000000000000071e+01,2.820767207377994912e-01,4.032646330962136316e-01,9.653419253488688678e-01,-1.016397221623758923e-01,3.820432631049135441e-01,9.818544208057908840e-01
1.356000000000000050e+01,2.820772299877238876e-01,4.032635996420067537e-01,9.653410492054687042e-01,-1.016163689221864647e-01,3.821139600323121832e-01,9.818186131134204464e-01
1.357000000000000028e+01,2.820779298706767024e-01,4.032623196017421918e-01,9.653399633659994761e-01,-1.015877791668136909e-01,3.821889845515066830e-01,9.817809266037631488e-01
1.358000000000000007e+01,2.820787386723728751e-01,4.032609377295700570e-01,9.653387873364830396e-01,-1.015527562566204550e-01,3.822671521120464821e-01,9.817407491535382613e-01
1.358999999999999986e+01,2.820795641924035424e-01,4.032595908354472125e-01,9.653376360170947690e-01,-1.015107028218121682e-01,3.823475674428538640e-01,9.816978279135446517e-01
1.359999999999999964e+01,2.820803223054769160e-01,4.032583914178716755e-01,9.653366052393815844e-01,-1.014615147700559661e-01,3.824295454426260843e-01,9.816521787136887056e-01
1.360999999999999943e+01,2.820809462887707286e-01,4.032574212618915688e-01,9.653357657667033243e-01,-1.014054760393730825e-01,3.825125345599708626e-01,9.816040126545378941e-01
1.362000000000000099e+01,2.820813899077047604e-01,4.032567314655402524e-01,9.653351628324752243e-01,-1.013431630427234081e-01,3.825960533136640307e-01,9.815536791090360147e-01
1.363000000000000078e+01,2.820816266587879984e-01,4.032563460978834669e-01,9.653348188765715765e-01,-1.012753618467419486e-01,3.826796396380631182e-01,9.815016218144554383e-01
1.364000000000000057e+01,2.820816571977055598e-01,4.032562447754061696e-01,9.653347207015025022e-01,-1.012029992403527950e-01,3.827628157552194210e-01,9.814483460781866508e-01
1.365000000000000036e+01,2.820815581100365455e-01,4.032562804967890768e-01,9.653347555925757550e-01,-1.011270855152727882e-01,3.828450641838014312e-01,9.813943960168567404e-01
1.366000000000000014e+01,2.820813973182959011e-01,4.032563538790554514e-01,9.653348433365710468e-01,-1.010486834238722709e-01,3.829258238273743897e-01,9.813403365010358037e-01
1.366999999999999993e+01,2.820812197129469179e-01,4.032564707204883137e-01,9.653349777700286349e-01,-1.009688541832705067e-01,3.830044633694043021e-01,9.812867417157649097e-01
1.367999999999999972e+01,2.820810744249019342e-01,4.032566454302543013e-01,9.653351564058239020e-01,-1.008885669443907729e-01,3.830802266989059568e-01,9.812341887605261492e-01
1.368999999999999950e+01,2.820809519891073203e-01,4.032569537888618383e-01,9.653354314612669906e-01,-1.008089117399988272e-01,3.831524242077971598e-01,9.811832430202158672e-01
1.370000000000000107e+01,2.820807701033345993e-01,4.032574477223319076e-01,9.653358521245567481e-01,-1.007309779584669440e-01,3.832203027813805285e-01,9.811344411137216115e-01
1.371000000000000085e+01,2.820804533814830761e-01,4.032581434246438334e-01,9.653364423481602952e-01,-1.006557974497673813e-01,3.832830415974439742e-01,9.810883041874400856e-01
1.372000000000000064e+01,2.820799712398434633e-01,4.032590353025318763e-01,9.653372035634997239e-01,-1.005843497655037888e-01,3.833397605357065085e-01,9.810453397477295612e-01
1.373000000000000043e+01,2.820793208975530542e-01,4.032601054578396904e-01,9.653381237844916862e-01,-1.005175716469530328e-01,3.833895316851730906e-01,9.810060426625633045e-01
1.374000000000000021e+01,2.820785152570539633e-01,4.032613297394300744e-01,9.653391838535974045e-01,-1.004563636027623885e-01,3.834313874359461249e-01,9.809708983564402462e-01
1.375000000000000000e+01,2.820775750945796467e-01,4.032626799802835893e-01,9.653403603700380087e-01,-1.004015992612345420e-01,3.834643280512610164e-01,9.809403883946903324e-01
1.375999999999999979e+01,2.820765618627167348e-01,4.032640600753293891e-01,9.653415716123651125e-01,-1.003552025729465558e-01,3.834899187616787608e-01,9.809150117771996413e-01
1.376999999999999957e+01,2.820756699156616865e-01,4.032651529390670064e-01,9.653425503972908883e-01,-1.003212559454041419e-01,3.835149533928056131e-01,9.808943360040762727e-01
1.378000000000000114e+01,2.820750861047939262e-01,4.032656772182104388e-01,9.653430614940785581e-01,-1.003014933742570475e-01,3.835417542190187046e-01,9.808762812285696242e-01
1.379000000000000092e+01,2.820748847502081436e-01,4.032657623007026571e-01,9.653431756784365270e-01,-1.002956555163257157e-01,3.835693621619748472e-01,9.808582762753362827e-01
1.380000000000000071e+01,2.820749240513016343e-01,4.032656105370154842e-01,9.653430573731724973e-01,-1.003026213783269893e-01,3.835957904431833154e-01,9.808379932209310148e-01
1.381000000000000050e+01,2.820750562120558635e-01,4.032651907498658317e-01,9.653427192015223701e-01,-1.003209178783261851e-01,3.836189659030692645e-01,9.808136034161898387e-01
1.382000000000000028e+01,2.820752026093843456e-01,4.032645065640287352e-01,9.653421856867224760e-01,-1.003490139130584352e-01,3.836372171106097739e-01,9.807838600306222343e-01
1.383000000000000007e+01,2.820753665945094357e-01,4.032636365951733914e-01,9.653415148900239551e-01,-1.003854156706190659e-01,3.836494006442623395e-01,9.807480772080739984e-01
1.383999999999999986e+01,2.820755858529430671e-01,4.032626757110758797e-01,9.653407690698166954e-01,-1.004288030071393834e-01,3.836548913044528497e-01,9.807060053339218264e-01
1.384999999999999964e+01,2.820758629130384887e-01,4.032617130344985368e-01,9.653400116347508053e-01,-1.004780410563732296e-01,3.836534991732127309e-01,9.806577324578079624e-01
1.385999999999999943e+01,2.820761747194339142e-01,4.032608211053635427e-01,9.653392984511547370e-01,-1.005321531934884050e-01,3.836453647883568130e-01,9.806036000241709072e-01
1.387000000000000099e+01,2.820764895180221665e-01,4.032600520295233637e-01,9.653386724604300362e-01,-1.005902853161580873e-01,3.836308645592680366e-01,9.805441343002363475e-01
1.388000000000000078e+01,2.820767765893156254e-01,4.032594379897079806e-01,9.653381623972181469e-01,-1.006516708079419620e-01,3.836105338918976981e-01,9.804799929750457332e-01
1.389000000000000057e+01,2.820770111087548826e-01,4.032589940513401361e-01,9.653377838887038376e-01,-1.007155993649222758e-01,3.835850081394412414e-01,9.804119247819044203e-01
1.390000000000000036e+01,2.820771741347851691e-01,4.032587339112362890e-01,9.653375502885682691e-01,-1.007813966929076988e-01,3.835549780411747212e-01,9.803407365195199175e-01
1.391000000000000014e+01,2.820772700991974191e-01,4.032586450366380526e-01,9.653374531490188648e-01,-1.008484083548311233e-01,3.835211553593169120e-01,9.802672660732243415e-01
1.391999999999999993e+01,2.820773295356123200e-01,4.032586307338742460e-01,9.653374218437799081e-01,-1.009159629093626803e-01,3.834842574926534686e-01,9.801923796048659376e-01
1.392999999999999972e+01,2.820773858609940121e-01,4.032586396251617855e-01,9.653374142942158231e-01,-1.009833279010204227e-01,3.834449717961282977e-01,9.801169670125943201e-01
1.393999999999999950e+01,2.820774614876057629e-01,4.032586464014064065e-01,9.653374079185707002e-01,-1.010497193060734544e-01,3.834039373575329201e-01,9.800419158653688179e-01
1.395000000000000107e+01,2.820775532095304294e-01,4.032586889495923810e-01,9.653374287892121375e-01,-1.011144213757980692e-01,3.833618820554985374e-01,9.799681257222561115e-01
1.396000000000000085e+01,2.820776515555607489e-01,4.032588608840868005e-01,9.653375420506959959e-01,-1.011767143545993647e-01,3.833195102755272976e-01,9.798964815036538267e-01
1.397000000000000064e+01,2.820777534104865758e-01,4.032592052915047187e-01,9.653377770536534230e-01,-1.012358161199261863e-01,3.832774741753227632e-01,9.798278595270992763e-01
1.398000000000000043e+01,2.820778606412648881e-01,4.032596873226430567e-01,9.653381089626645872e-01,-1.012908829095928998e-01,3.832364017508047005e-01,9.797631428217210559e-01
1.399000000000000021e+01,2.820779754362310876e-01,4.032602618046694509e-01,9.653385059929906475e-01,-1.013410407862530699e-01,3.831968924882342420e-01,9.797032068764712776e-01
1.400000000000000000e+01,2.820780871694571479e-01,4.032608964834606957e-01,9.653389475365349304e-01,-1.013853977387886851e-01,3.831595226658465192e-01,9.796489164111708003e-01
1.400999999999999979e+01,2.820781488588123831e-01,4.032615688491985595e-01,9.653394261045831204e-01,-1.014230502797474620e-01,3.831248517312981217e-01,9.796011293380419982e-01
1.401999999999999957e+01,2.820781755099782129e-01,4.032622153943193899e-01,9.653398905311372236e-01,-1.014544471350640187e-01,3.830960303043253190e-01,9.795608814242063866e-01
1.403000000000000114e+01,2.820782470380679974e-01,4.032625941858635765e-01,9.653401429187630223e-01,-1.014822329462780892e-01,3.830802498787171939e-01,9.795287237757159815e-01
1.404000000000000092e+01,2.820783670437568280e-01,4.032627238031541439e-01,9.653401836833107597e-01,-1.015050902344899059e-01,3.830781731734198003e-01,9.795035440817152494e-01
1.405000000000000071e+01,2.820787956226843973e-01,4.032624080254627597e-01,9.653398317987625932e-01,-1.015188013481615054e-01,3.830862729940933686e-01,9.794837638021209880e-01
1.406000000000000050e+01,2.820797165188679290e-01,4.032614477574338885e-01,9.653389237179443860e-01,-1.015184575192809302e-01,3.830998861337532868e-01,9.794679981138948444e-01
1.407000000000000028e+01,2.820811208670659931e-01,4.032598745255181472e-01,9.653374896482632694e-01,-1.014996897406256066e-01,3.831147292633110824e-01,9.794552794176197841e-01
1.408000000000000007e+01,2.820828816035144682e-01,4.032578588042617374e-01,9.653356768832557222e-01,-1.014591836090782684e-01,3.831274117538562840e-01,9.794450381616131018e-01
1.408999999999999986e+01,2.820848174640055994e-01,4.032556280904871504e-01,9.653336815252484548e-01,-1.013948429198185536e-01,3.831355261458930794e-01,9.794370073340886718e-01
1.409999999999999964e+01,2.820867390192697277e-01,4.032534112081681554e-01,9.653317014889652992e-01,-1.013057612394649004e-01,3.831375527194729180e-01,9.794311172858721770e-01
1.410999999999999943e+01,2.820884777301128632e-01,4.032514054497927103e-01,9.653299083683705151e-01,-1.011920926878858429e-01,3.831326951972808814e-01,9.794274065412428287e-01
1.412000000000000099e+01,2.820899011561348035e-01,4.032497612006572529e-01,9.653284339398019442e-01,-1.010548791041067790e-01,3.831207086744244372e-01,9.794259550085013810e-01
1.413000000000000078e+01,2.820909180629597723e-01,4.032485785303321912e-01,9.653273668439895649e-01,-1.008958713048010158e-01,3.831017541756789879e-01,9.794268437865327748e-01
1.414000000000000057e+01,2.820914769067749406e-01,4.032479109911048520e-01,9.653267554967339681e-01,-1.007173563503259983e-01,3.830762703445411144e-01,9.794301264017669650e-01
1.415000000000000036e+01,2.820915662734679308e-01,4.032477532423409117e-01,9.653265999113475049e-01,-1.005220037082178580e-01,3.830448699873935103e-01,9.794358118523995849e-01
1.416000000000000014e+01,2.820913065280698517e-01,4.032478855843329990e-01,9.653267311218229896e-01,-1.003127319411677293e-01,3.830082667411610631e-01,9.794438598237484861e-01
1.416999999999999993e+01,2.820908550547230886e-01,4.032482244224868673e-01,9.653270635587314352e-01,-1.000926216703629246e-01,3.829672373723762568e-01,9.794541778402945376e-01
1.417999999999999972e+01,2.820902299056690654e-01,4.032488703083285664e-01,9.653276588943652259e-01,-9.986484512796015012e-02,3.829225846808053668e-01,9.794666172217583178e-01
1.418999999999999950e+01,2.820893451743216596e-01,4.032498573902005279e-01,9.653285522552660369e-01,-9.963257915749192117e-02,3.828750812708227591e-01,9.794809694513498810e-01
1.420000000000000107e+01,2.820882492575602085e-01,4.032511134117117146e-01,9.653296826420000309e-01,-9.939885458539009233e-02,3.828253910484903932e-01,9.794969853458580511e-01
1.421000000000000085e+01,2.820869188416468276e-01,4.032526504892012253e-01,9.653310612818413183e-01,-9.916680265163155261e-02,3.827742836696995665e-01,9.795143650391548995e-01
1.422000000000000064e+01,2.820853279492958610e-01,4.032544716665107387e-01,9.653326943205986499e-01,-9.893951965308971086e-02,3.827224792677670351e-01,9.795327410847928240e-01
1.423000000000000043e+01,2.820834837335882139e-01,4.032565577996327089e-01,9.653345666034006678e-01,-9.872000688759591247e-02,3.826706443088754850e-01,9.795517007917871055e-01
1.424000000000000021e+01,2.820814116225557333e-01,4.032588778081053205e-01,9.653366513527507076e-01,-9.851117734998403319e-02,3.826193924462438223e-01,9.795707902783038490e-01
1.425000000000000000e+01,2.820791452255799192e-01,4.032613958350586003e-01,9.653389169283251858e-01,-9.831586581365814315e-02,3.825692924055530963e-01,9.795895209893377142e-01
1.425999999999999979e+01,2.820767198244813478e-01,4.032640758720712482e-01,9.653413312344559793e-01,-9.813684225748431356e-02,3.825208755999434662e-01,9.796073783701623183e-01
1.426999999999999957e+01,2.820741684342871758e-01,4.032668847707330251e-01,9.653438644849392514e-01,-9.797682849371043556e-02,3.824746428602360249e-01,9.796238322212964533e-01
1.428000000000000114e+01,2.820715639596039770e-01,4.032696533431370800e-01,9.653463622233586783e-01,-9.783546636266345076e-02,3.824411921691311389e-01,9.796348479438489187e-01
1.429000000000000092e+01,2.820690227718163356e-01,4.032716345172686068e-01,9.653482215365268848e-01,-9.770326530652928554e-02,3.824435023437490755e-01,9.796142540194968662e-01
1.430000000000000071e+01,2.820663947592546572e-01,4.032727608835267596e-01,9.653494213707439764e-01,-9.757469561264534019e-02,3.824731369924059265e-01,9.795169245618653431e-01
1.431000000000000050e+01,2.820633616167659286e-01,4.032730939638096146e-01,9.653501090150652386e-01,-9.745205669615922273e-02,3.825043669292946813e-01,9.792952593289605545e-01
1.432000000000000028e+01,2.820597199619512829e-01,4.032728099935589672e-01,9.653504690390679599e-01,-9.734274937305080477e-02,3.825092015250600164e-01,9.789080721791794115e-01
1.433000000000000007e+01,2.820554446769121260e-01,4.032722054351765562e-01,9.653507394690684640e-01,-9.725651799851202373e-02,3.824636406358502549e-01,9.783243552226901230e-01
1.433999999999999986e+01,2.820506635637827220e-01,4.032715734738087088e-01,9.653511304330050224e-01,-9.720387782115798292e-02,3.823496816131414788e-01,9.775240324421899940e-01
1.434999999999999964e+01,2.820456395426806928e-01,4.032711078723167919e-01,9.653517205743602503e-01,-9.719418868382809218e-02,3.821550222904105953e-01,9.764976612875885253e-01
1.435999999999999943e+01,2.820407089551562607e-01,4.032708897780231116e-01,9.653524925007667123e-01,-9.723470485658211593e-02,3.818722234670191007e-01,9.752452684136004857e-01
1.437000000000000099e+01,2.820362221871706154e-01,4.032709082971105419e-01,9.653533619596937898e-01,-9.733019755953367658e-02,3.814977020239512240e-01,9.737748953843298194e-01
1.438000000000000078e+01,2.820324973570587646e-01,4.032710932304495177e-01,9.653542101331590297e-01,-9.748293168309220269e-02,3.810308560183887083e-01,9.721011150647798083e-01
1.439000000000000057e+01,2.820297605898612892e-01,4.032713481603690253e-01,9.653549156073505388e-01,-9.769286328751126958e-02,3.804733947824328610e-01,9.702436380801653382e-01
1.440000000000000036e+01,2.820518510957157332e-01,4.032573100682126932e-01,9.653420396259363434e-01,-9.754811350146558313e-02,3.800356409066441010e-01,9.687230038572091084e-01
1.441000000000000014e+01,2.821202633858712616e-01,4.032172959966480730e-01,9.653018057248755612e-01,-9.693036604867932837e-02,3.796926168737908003e-01,9.677304794546084388e-01
1.441999999999999993e+01,2.822291278663971448e-01,4.031563735683841854e-01,9.652384072699828899e-01,-9.617057398123454726e-02,3.793189047717224760e-01,9.669335485088368376e-01
1.442999999999999972e+01,2.823784508160153695e-01,4.030749184117611295e-01,9.651525271299919995e-01,-9.537600196250457796e-02,3.789155201018425956e-01,9.662415509823931714e-01
1.443999999999999950e+01,2.825649604766264922e-01,4.029755277681216219e-01,9.650463893467564613e-01,-9.457877107249788862e-02,3.784661475935010566e-01,9.655978849096729100e-01
1.445000000000000107e+01,2.827785364525657874e-01,4.028645924771000475e-01,9.649264180841683469e-01,-9.379941983307149567e-02,3.779502856845566305e-01,9.649369534389052872e-01
1.446000000000000085e+01,2.830050280320091649e-01,4.027503592931382381e-01,9.648010745337590732e-01,-9.307254002171419516e-02,3.773516171980880740e-01,9.641889951746011045e-01
1.447000000000000064e+01,2.832241208992971604e-01,4.026438637248214159e-01,9.646821708525635808e-01,-9.246616057668094468e-02,3.766549296422976867e-01,9.632478694151259679e-01
1.448000000000000043e+01,2.834230179071302036e-01,4.025511083951410773e-01,9.645767340545874369e-01,-9.191502170696219665e-02,3.759489024221861486e-01,9.621978632903764872e-01
1.449000000000000021e+01,2.835912487394804393e-01,4.024761808183516809e-01,9.644897744919099791e-01,-9.139443618781463441e-02,3.753111263635305339e-01,9.611116244636008776e-01
1.450000000000000000e+01,2.837213625194277555e-01,4.024212505371448367e-01,9.644243762563990963e-01,-9.090191877025607936e-02,3.747844065989818785e-01,9.600351714877733977e-01
1.450999999999999979e+01,2.838092742324725415e-01,4.023868950848721315e-01,9.643818187840038636e-01,-9.044086756946548289e-02,3.743859134039777548e-01,9.590001448372125203e-01
1.451999999999999957e+01,2.838537700570504807e-01,4.023726679956826091e-01,9.643620708756125426e-01,-9.001646859554954250e-02,3.741147962540086747e-01,9.580285781794717348e-01
1.453000000000000114e+01,2.838563019819813071e-01,4.023772576641429510e-01,9.643639337923786137e-01,-8.963042416450327232e-02,3.739461843476347691e-01,9.571333221834398275e-01
1.454000000000000092e+01,2.838204870628515675e-01,4.023988938175656616e-01,9.643854831405881400e-01,-8.927646984184860190e-02,3.738465304857905291e-01,9.563269344848163156e-01
1.455000000000000071e+01,2.837534151147187989e-01,4.024351192942808297e-01,9.644236648163555525e-01,-8.891403742321676851e-02,3.737477475719001019e-01,9.556228627661915720e-01
1.456000000000000050e+01,2.836650772346774874e-01,4.024822043398458282e-01,9.644739725333785207e-01,-8.853774791132332234e-02,3.736059281155101330e-01,9.550174910906690240e-01
1.457000000000000028e+01,2.835654811699711564e-01,4.025354235444129625e-01,9.645310446764140400e-01,-8.817585161019086959e-02,3.734082337449634581e-01,9.544755411977567938e-01
1.458000000000000007e+01,2.834618333136825208e-01,4.025914807995600864e-01,9.645910193952113021e-01,-8.784671052833489813e-02,3.731579554416347699e-01,9.539693508379786246e-01
1.458999999999999986e+01,2.833582736497884391e-01,4.026483978906687522e-01,9.646515975441314339e-01,-8.756385057205923195e-02,3.728695693016532697e-01,9.534761482184024306e-01
1.459999999999999964e+01,2.832553486534303833e-01,4.027059299006082727e-01,9.647123325468829336e-01,-8.734154977212708892e-02,3.725577381386280806e-01,9.529697607863565345e-01
1.460999999999999943e+01,2.831515654817841066e-01,4.027642086536715738e-01,9.647737273583757434e-01,-8.719822341930708043e-02,3.722434426136495556e-01,9.524206694839080223e-01
1.462000000000000099e+01,2.830462166832257709e-01,4.028223700276211128e-01,9.648353189410080466e-01,-8.712513890217783719e-02,3.719470775305703802e-01,9.518222327377896530e-01
1.463000000000000078e+01,2.829395847521162244e-01,4.028806338756546479e-01,9.648972520700240807e-01,-8.706439475578998943e-02,3.716852258113558793e-01,9.512408516265834502e-01
1.464000000000000057e+01,2.828328505114140468e-01,4.029383649967828163e-01,9.649588916691903551e-01,-8.700673596553085143e-02,3.714718535496305818e-01,9.507079445019052111e-01
1.465000000000000036e+01,2.827277809827331567e-01,4.029944048870157114e-01,9.650191039167438367e-01,-8.695843936314115452e-02,3.713083693576553213e-01,9.502297681189504353e-01
1.466000000000000014e+01,2.826263488438179872e-01,4.030475423485135877e-01,9.650766511177852891e-01,-8.692581242851118994e-02,3.711889490898651611e-01,9.498027128863568702e-01
1.466999999999999993e+01,2.825303046925736750e-01,4.030968312593292691e-01,9.651305068596872649e-01,-8.691231374137299570e-02,3.711057038079318415e-01,9.494204219988463533e-01
1.467999999999999972e+01,2.824409535111991332e-01,4.031417022948906026e-01,9.651800024467579453e-01,-8.691903995349999079e-02,3.710512499902811623e-01,9.490764933080564347e-01
1.468999999999999950e+01,2.823591473239007166e-01,4.031819461312949882e-01,9.652248056106487173e-01,-8.694545237691038431e-02,3.710191864476024559e-01,9.487652405321767013e-01
1.470000000000000107e+01,2.822851616453803114e-01,4.032173827980316538e-01,9.652647174942967645e-01,-8.698899844106691703e-02,3.709963326410093964e-01,9.484782281432164730e-01
1.471000000000000085e+01,2.822182605888721163e-01,4.032487200060383969e-01,9.653003482397919388e-01,-8.705580373909282965e-02,3.709706782127246139e-01,9.482002113256889908e-01
1.472000000000000064e+01,2.821575064777093744e-01,4.032769719297305544e-01,9.653325949232632874e-01,-8.715306576144109252e-02,3.709186535226719483e-01,9.479128168117997300e-01
1.473000000000000043e+01,2.821023888142960567e-01,4.033030654856891717e-01,9.653621829810761223e-01,-8.729133334002908695e-02,3.707972074943844953e-01,9.475875387907778391e-01
1.474000000000000021e+01,2.820481470252431677e-01,4.033300350503376541e-01,9.653918510283363563e-01,-8.765500730821740305e-02,3.705333800987395954e-01,9.471032285301921316e-01
1.475000000000000000e+01,2.819832710460051239e-01,4.033621995491087353e-01,9.654274767330469631e-01,-8.899808437889455970e-02,3.699344113725270278e-01,9.459806116396326514e-01
1.475999999999999979e+01,2.819316961854259063e-01,4.033850119640629561e-01,9.654545391229654161e-01,-9.094156543550273308e-02,3.692170678182787324e-01,9.445019215986226735e-01
1.476999999999999957e+01,2.819128706635601889e-01,4.033973018556246126e-01,9.654673824870569909e-01,-9.234637424706367004e-02,3.687461662816667873e-01,9.433547822573725705e-01
1.478000000000000114e+01,2.819107305556336485e-01,4.034120675988573934e-01,9.654777428169498688e-01,-9.294350125801036089e-02,3.686042932990808429e-01,9.427928948284455268e-01
1.479000000000000092e+01,2.819051242296241599e-01,4.034325892737584129e-01,9.654926469644686815e-01,-9.320710976739254860e-02,3.686530809787804674e-01,9.425392902629816660e-01
1.480000000000000071e+01,2.818916478858864427e-01,4.034558477919960584e-01,9.655111346188101074e-01,-9.336373574309334011e-02,3.687727982599738330e-01,9.424105083396808746e-01
1.481000000000000050e+01,2.818726529224967470e-01,4.034784191472929882e-01,9.655304775002262474e-01,-9.349550909469009352e-02,3.688965650259352635e-01,9.423225088892490664e-01
1.482000000000000028e+01,2.818516307610315352e-01,4.034980743244276358e-01,9.655483945502547627e-01,-9.363259918837177342e-02,3.689947253622587464e-01,9.422390784074788916e-01
1.483000000000000007e+01,2.818314784823471308e-01,4.035137495259171203e-01,9.655634842046658672e-01,-9.378491129257240932e-02,3.690598513701403571e-01,9.421467578203601700e-01
1.483999999999999986e+01,2.818140880665915282e-01,4.035252132905039479e-01,9.655751367216017789e-01,-9.395210889280808386e-02,3.690963945099376975e-01,9.420439823765475174e-01
1.484999999999999964e+01,2.818003603969261861e-01,4.035327942680333457e-01,9.655833497791687092e-01,-9.412897072468399962e-02,3.691133698338350255e-01,9.419349922394318897e-01
1.485999999999999943e+01,2.817904319792720602e-01,4.035370965437121704e-01,9.655884892282331489e-01,-9.431000190742765132e-02,3.691196051616478790e-01,9.418250493778150823e-01
1.487000000000000099e+01,2.817839627069675945e-01,4.035387882153619876e-01,9.655910833665974913e-01,-9.449116051927948512e-02,3.691212542697647203e-01,9.417178900272139552e-01
1.488000000000000078e+01,2.817803654351908049e-01,4.035384943944413383e-01,9.655916985023967891e-01,-9.467000682955664659e-02,3.691219810206500807e-01,9.416155642299153250e-01
1.489000000000000057e+01,2.817789934215105263e-01,4.035367500702184973e-01,9.655908468931417854e-01,-9.484542048990732277e-02,3.691237091842543561e-01,9.415188888573633452e-01
1.490000000000000036e+01,2.817790962142499023e-01,4.035341389036445348e-01,9.655890762258947380e-01,-9.501794443709832283e-02,3.691275044713001607e-01,9.414272402706895804e-01
1.491000000000000014e+01,2.817800974217944399e-01,4.035311705272659477e-01,9.655868476167938086e-01,-9.518870536657422776e-02,3.691345711988376910e-01,9.413396144856875924e-01
1.491999999999999993e+01,2.817816397463216438e-01,4.035279933455084289e-01,9.655843456078767595e-01,-9.535638593075848601e-02,3.691437360695206671e-01,9.412562492395781799e-01
1.492999999999999972e+01,2.817835761205086387e-01,4.035246057896866301e-01,9.655816188666274114e-01,-9.552082518351028007e-02,3.691540376083462527e-01,9.411767393545240612e-01
1.493999999999999950e+01,2.817858553651673148e-01,4.035210145370389800e-01,9.655786843518177065e-01,-9.568226022947966258e-02,3.691649822486409716e-01,9.411006008887971008e-01
1.495000000000000107e+01,2.817884371981004832e-01,4.035172327777928336e-01,9.655755591216793610e-01,-9.584090246102605626e-02,3.691762933554632586e-01,9.410274444793883530e-01
1.496000000000000085e+01,2.817912876306826186e-01,4.035132783296714321e-01,9.655722620147682012e-01,-9.599689035970117301e-02,3.691877969392741154e-01,9.409569657184944091e-01
1.497000000000000064e+01,2.817943744903684267e-01,4.035091727695463981e-01,9.655688140443058343e-01,-9.615032321200819854e-02,3.691993828786079845e-01,9.408889109942226714e-01
1.498000000000000043e+01,2.817976655381934648e-01,4.035049402046201328e-01,9.655652380502357524e-01,-9.630127766952170654e-02,3.692109799425730143e-01,9.408230585956295355e-01
1.499000000000000021e+01,2.818011136498784763e-01,4.035006116250825503e-01,9.655615639378362092e-01,-9.645016936939133922e-02,3.692232505725697722e-01,9.407593093656194672e-01
1.500000000000000000e+01,2.818046494641405775e-01,4.034962211833967860e-01,9.655578296312374853e-01,-9.659774234496712464e-02,3.692376520340064916e-01,9.406977447242216295e-01
1.500999999999999979e+01,2.818082296068802894e-01,4.034917876631307632e-01,9.655540579950467883e-01,-9.674406372938534893e-02,3.692544733160862958e-01,9.406383694904235648e-01
1.501999999999999957e+01,2.818118301809351967e-01,4.034873236174121303e-01,9.655502628154836176e-01,-9.688892553946749919e-02,3.692733846452762037e-01,9.405810857679256509e-01
1.503000000000000114e+01,2.818154321114306748e-01,4.034828427017292940e-01,9.655464568718720164e-01,-9.703218256444309797e-02,3.692940114957682929e-01,9.405257200975106757e-01
1.504000000000000092e+01,2.818189384261545749e-01,4.034783966887570683e-01,9.655426923324177402e-01,-9.717476474361719241e-02,3.693168254254750038e-01,9.404714588535783015e-01
1.505000000000000071e+01,2.818222797060075946e-01,4.034740328791364128e-01,9.655390192146200423e-01,-9.731649430746122653e-02,3.693419794280556334e-01,9.404182000319312174e-01
1.506000000000000050e+01,2.818254446526249901e-01,4.034697751767750695e-01,9.655354568683457428e-01,-9.745664377918954180e-02,3.693693255505283712e-01,9.403664012055914512e-01
1.507000000000000028e+01,2.818284332551185267e-01,4.034656328768737032e-01,9.655320119603331142e-01,-9.759486705830706932e-02,3.693986367610049837e-01,9.403162711974901722e-01
1.508000000000000007e+01,2.818312556191736040e-01,4.034616027378268299e-01,9.655286802825303605e-01,-9.773104198024262779e-02,3.694296894807565512e-01,9.402678626206720791e-01
1.508999999999999986e+01,2.818339295502760855e-01,4.034576742858370091e-01,9.655254508887711751e-01,-9.786514869821330564e-02,3.694623081098472595e-01,9.402211714448860391e-01
1.509999999999999964e+01,2.818364771145645542e-01,4.034538337142740683e-01,9.655223095231911801e-01,-9.799720821379671876e-02,3.694963417914398640e-01,9.401761661055612063e-01
1.510999999999999943e+01,2.818389216955893284e-01,4.034500665740164971e-01,9.655192411408146658e-01,-9.812725125899937617e-02,3.695316318690589075e-01,9.401327928730148775e-01
1.512000000000000099e+01,2.818412772693142387e-01,4.034463605732161451e-01,9.655162337652211102e-01,-9.825593676109276031e-02,3.695697835030756773e-01,9.400915559649597464e-01
1.513000000000000078e+01,2.818435436359376656e-01,4.034426782684776280e-01,9.655132631354105266e-01,-9.838502541560928405e-02,3.696157323124971694e-01,9.400541820082783939e-01
1.514000000000000057e+01,2.818457488633271391e-01,4.034389539458242413e-01,9.655102792288423608e-01,-9.851458886097444467e-02,3.696695566235083663e-01,9.400207641936895175e-01
1.515000000000000036e+01,2.818479251068183311e-01,4.034351464613719074e-01,9.655072461640002990e-01,-9.864418821818052296e-02,3.697297957765562360e-01,9.399907967549701038e-01
1.516000000000000014e+01,2.818500948805197637e-01,4.034312438250713950e-01,9.655041499969826413e-01,-9.877343508737357336e-02,3.697952361953041889e-01,9.399638459706298743e-01
1.516999999999999993e+01,2.818522689006012216e-01,4.034272527710748291e-01,9.655009924110550257e-01,-9.890204981298847398e-02,3.698651331904856399e-01,9.399396434187647920e-01
1.517999999999999972e+01,2.818544477762789935e-01,4.034231894318815459e-01,9.654977839604381717e-01,-9.902983068238180309e-02,3.699390547884491842e-01,9.399180330054999200e-01
1.518999999999999950e+01,2.818566252310635289e-01,4.034190731459931234e-01,9.654945390790544701e-01,-9.915662891991422478e-02,3.700167090033215089e-01,9.398989059301472437e-01
1.520000000000000107e+01,2.818587916640000746e-01,4.034149227517446756e-01,9.654912727164757236e-01,-9.928233585635876102e-02,3.700978374840095952e-01,9.398821589330368376e-01
1.521000000000000085e+01,2.818609371646659256e-01,4.034107546238292485e-01,9.654879982870614441e-01,-9.940687537618567160e-02,3.701821708050458404e-01,9.398676767084805928e-01
1.522000000000000064e+01,2.818630535076365184e-01,4.034065819019394539e-01,9.654847266626886970e-01,-9.953019762798887005e-02,3.702694216190731691e-01,9.398553299934550020e-01
1.523000000000000043e+01,2.818651350748550555e-01,4.034024144874794326e-01,9.654814659353661010e-01,-9.965227307533654211e-02,3.703592947995038021e-01,9.398449809351723250e-01
1.524000000000000021e+01,2.818671789308672682e-01,4.033982594713174663e-01,9.654782216724862032e-01,-9.977308715384401727e-02,3.704515014037566001e-01,9.398364901355034107e-01
1.525000000000000000e+01,2.818693323246244109e-01,4.033939844769156569e-01,9.654748880268646527e-01,-9.988802092527032661e-02,3.705410795914769739e-01,9.398298709165322506e-01
1.525999999999999979e+01,2.818725541831966774e-01,4.033888136301931882e-01,9.654707458721444313e-01,-9.997307501751545589e-02,3.705934401169826420e-01,9.398220146113456241e-01
1.526999999999999957e+01,2.818767256450016578e-01,4.033834470041684495e-01,9.654662356262500023e-01,-1.000388542313206675e-01,3.706101925057999624e-01,9.398091718814696183e-01
1.528000000000000114e+01,2.818815191750542182e-01,4.033785815091472382e-01,9.654619124141172737e-01,-1.000970055132391900e-01,3.706077509079579446e-01,9.397926236837970126e-01
1.529000000000000092e+01,2.818866380130127802e-01,4.033745014147897545e-01,9.654580426686856232e-01,-1.001533798373536316e-01,3.705985708845099813e-01,9.397742406315857666e-01
1.530000000000000071e+01,2.818917915040752842e-01,4.033712226279911883e-01,9.654547071360519706e-01,-1.002102446457921181e-01,3.705899489332163954e-01,9.397553453949292201e-01
1.531000000000000050e+01,2.818967234728656512e-01,4.033684303247195291e-01,9.654517557626340896e-01,-1.002679871710019377e-01,3.705853132144394380e-01,9.397367261689777429e-01
1.532000000000000028e+01,2.819012458912051877e-01,4.033659604949474398e-01,9.654491093161754467e-01,-1.003261707224080979e-01,3.705854903535939493e-01,9.397187293814874831e-01
1.533000000000000007e+01,2.819052508850264371e-01,4.033638594855379900e-01,9.654468222882734985e-01,-1.003841848690091021e-01,3.705899842930550081e-01,9.397014604299006590e-01
1.533999999999999986e+01,2.819087058857584482e-01,4.033621257727755816e-01,9.654449036176671051e-01,-1.004416994127904222e-01,3.705983705950184337e-01,9.396851303053219695e-01
1.534999999999999964e+01,2.819116468857154612e-01,4.033607197705073588e-01,9.654433202875886133e-01,-1.004983818981055321e-01,3.706095830680711800e-01,9.396696575848400013e-01
1.535999999999999943e+01,2.819141510600787215e-01,4.033595900877772200e-01,9.654420211546639319e-01,-1.005540186197256269e-01,3.706225834646681982e-01,9.396549179443672850e-01
1.537000000000000099e+01,2.819163110004772599e-01,4.033586853600032995e-01,9.654409511430627200e-01,-1.006085362817353279e-01,3.706365941830936372e-01,9.396408304732306593e-01
1.538000000000000078e+01,2.819182240015086771e-01,4.033579574462067274e-01,9.654400562308050882e-01,-1.006619168726706343e-01,3.706509669330412260e-01,9.396272900711729603e-01
1.539000000000000057e+01,2.819199811331812855e-01,4.033573646492501497e-01,9.654392879047303255e-01,-1.007141778585782521e-01,3.706652052549664345e-01,9.396141885244845282e-01
1.540000000000000036e+01,2.819216592258231291e-01,4.033568729464925839e-01,9.654386059014902211e-01,-1.007653679838725613e-01,3.706789806639606555e-01,9.396014324682834262e-01
1.541000000000000014e+01,2.819233171227390478e-01,4.033564556245429755e-01,9.654379788440879961e-01,-1.008155564458103337e-01,3.706921083029592334e-01,9.395889443049588730e-01
1.541999999999999993e+01,2.819249936979775772e-01,4.033560935976562289e-01,9.654373848558432947e-01,-1.008648356062446794e-01,3.707045569302409027e-01,9.395766678347843293e-01
1.542999999999999972e+01,2.819267084228860298e-01,4.033557753583272287e-01,9.654368115023845842e-01,-1.009133080188696630e-01,3.707164354225606639e-01,9.395645784584331084e-01
1.543999999999999950e+01,2.819284653840381516e-01,4.033554951243021880e-01,9.654362537367067176e-01,-1.009610605665093030e-01,3.707279172282046398e-01,9.395526767486265252e-01
1.545000000000000107e+01,2.819302581054069501e-01,4.033552507586776192e-01,9.654357114259076722e-01,-1.010081529810313017e-01,3.707391760870575870e-01,9.395409761497958145e-01
1.546000000000000085e+01,2.819320743470107304e-01,4.033550423154004250e-01,9.654351872877854346e-01,-1.010546191973082653e-01,3.707503510106479050e-01,9.395294932081740269e-01
1.547000000000000064e+01,2.819338998834514665e-01,4.033548708940210004e-01,9.654346852540489632e-01,-1.011004747153513433e-01,3.707615351197592890e-01,9.395182417179260836e-01
1.548000000000000043e+01,2.819357212010835667e-01,4.033547378703402631e-01,9.654342093288590387e-01,-1.011457249502474842e-01,3.707727790840217863e-01,9.395072301255974478e-01
1.549000000000000021e+01,2.819375270146073920e-01,4.033546443604884568e-01,9.654337628662625903e-01,-1.011903719772769827e-01,3.707841013231793492e-01,9.394964611402583099e-01
1.550000000000000000e+01,2.819393088970584271e-01,4.033545909403961627e-01,9.654333482259138677e-01,-1.012344188461269112e-01,3.707954996406161441e-01,9.394859325901058211e-01
1.550999999999999979e+01,2.819410612823423090e-01,4.033545775676849465e-01,9.654329667038921148e-01,-1.012778716346261904e-01,3.708069612806765836e-01,9.394756387901259664e-01
1.551999999999999957e+01,2.819427810072857032e-01,4.033546035732391011e-01,9.654326186230713924e-01,-1.013207398476715371e-01,3.708184701729443367e-01,9.394655719333900867e-01
1.553000000000000114e+01,2.819444667447881248e-01,4.033546677702232741e-01,9.654323035354727134e-01,-1.013630358487337957e-01,3.708300112807815241e-01,9.394557232399888269e-01
1.554000000000000092e+01,2.819653988711225967e-01,4.031629993375429599e-01,9.652549293340588754e-01,-1.013941164042217458e-01,3.708362439869175575e-01,9.394475687015739762e-01
1.555000000000000071e+01,2.820043416583024598e-01,4.027976911363243540e-01,9.649039467906657119e-01,-1.014220409894742575e-01,3.708412838525617095e-01,9.394402858007637747e-01
1.556000000000000050e+01,2.820483571915152199e-01,4.024142596005725325e-01,9.644546992417433184e-01,-1.014554645948127082e-01,3.708499770488272729e-01,9.394332509656255770e-01
1.557000000000000028e+01,2.820905504465969771e-01,4.021185326666979476e-01,9.639545207489840228e-01,-1.014953655951017220e-01,3.708624152059143975e-01,9.394262745837647088e-01
1.558000000000000007e+01,2.821276420210661606e-01,4.019779452608691073e-01,9.634324052935973048e-01,-1.015401976790047400e-01,3.708769710040001333e-01,9.394191743102231484e-01
1.558999999999999986e+01,2.821584517508579637e-01,4.020314422382815223e-01,9.629048322107423008e-01,-1.015880382488150713e-01,3.708920083071488571e-01,9.394118165292887346e-01
1.559999999999999964e+01,2.821829134352650814e-01,4.022974069848437861e-01,9.623803519887894620e-01,-1.016372712333358519e-01,3.709064213144763755e-01,9.394041386377697256e-01
1.561000000000000121e+01,2.822014507371747305e-01,4.027792143980914452e-01,9.618625281183236231e-01,-1.016866874338113180e-01,3.709196464834983997e-01,9.393961471357811233e-01
1.562000000000000099e+01,2.822146068228729709e-01,4.034698100419420452e-01,9.613522296681316082e-01,-1.017354503660691661e-01,3.709315667626971735e-01,9.393879167763110605e-01
1.563000000000000078e+01,2.822228466249384060e-01,4.043551264307657656e-01,9.608491755524241063e-01,-1.017829852219451769e-01,3.709422587385438064e-01,9.393795338003170237e-01
1.564000000000000057e+01,2.822264749623493163e-01,4.054165742084167023e-01,9.603529098851782964e-01,-1.018288875519861858e-01,3.709518285292970896e-01,9.393710674560228346e-01
1.565000000000000036e+01,2.822256283977605529e-01,4.066328137922363140e-01,9.598633618227242481e-01,-1.018728891312372653e-01,3.709603944969965261e-01,9.393625812479495796e-01
1.566000000000000014e+01,2.822203106869234368e-01,4.079809854040351569e-01,9.593811164055152663e-01,-1.019148241296245760e-01,3.709680555607833830e-01,9.393541274618044667e-01
1.566999999999999993e+01,2.822104510367369201e-01,4.094375420686713896e-01,9.589074941780068029e-01,-1.019545974718427811e-01,3.709748696840928783e-01,9.393457421159400189e-01
1.567999999999999972e+01,2.821959704189000440e-01,4.109787973721511500e-01,9.584445116999831260e-01,-1.019921850622225457e-01,3.709809190858696093e-01,9.393374696964127413e-01
1.568999999999999950e+01,2.821768463440256780e-01,4.125812725464697572e-01,9.579947748008494912e-01,-1.020276067333536485e-01,3.709862778281668438e-01,9.393293495379786417e-01
1.570000000000000107e+01,2.821531708901934832e-01,4.142219049528146901e-01,9.575613406814854622e-01,-1.020609051666023365e-01,3.709909973609523126e-01,9.393214099085673841e-01
1.571000000000000085e+01,2.821251994999345314e-01,4.158781641566176579e-01,9.571475742592773228e-01,-1.020921353018505173e-01,3.709951111138926061e-01,9.393136686654367518e-01
1.572000000000000064e+01,2.820933857902148678e-01,4.175281072817160211e-01,9.567570163113190418e-01,-1.021213954011351149e-01,3.709987493357107535e-01,9.393061747163714559e-01
1.573000000000000043e+01,2.820584062129147807e-01,4.191503820384170909e-01,9.563932646002015758e-01,-1.021487462415832798e-01,3.710019450858911272e-01,9.392989431902835085e-01
1.574000000000000021e+01,2.820212569546578507e-01,4.207242204175158928e-01,9.560598768068128139e-01,-1.021741556465789735e-01,3.710045718175454255e-01,9.392919485605013552e-01
1.575000000000000000e+01,2.819830811543239113e-01,4.222293685311302447e-01,9.557603187282166513e-01,-1.021977052870131769e-01,3.710066595915396670e-01,9.392851877435945962e-01
1.575999999999999979e+01,2.819451804643665072e-01,4.236460282610665096e-01,9.554979350660507409e-01,-1.022194921583266525e-01,3.710082759078680570e-01,9.392786681753662048e-01
1.576999999999999957e+01,2.819090634792933980e-01,4.249547979179998380e-01,9.552759374764181466e-01,-1.022395862972976660e-01,3.710094764473513274e-01,9.392724010843659377e-01
1.578000000000000114e+01,2.818764059025115065e-01,4.261365829886957779e-01,9.550974285905127203e-01,-1.022580423583536458e-01,3.710103047744213733e-01,9.392663973715632553e-01
1.579000000000000092e+01,2.818489993423245465e-01,4.271724940530469139e-01,9.549654556964535246e-01,-1.022749051899941031e-01,3.710107947834507258e-01,9.392606670479470843e-01
1.580000000000000071e+01,2.818259445196207302e-01,4.280473134007772296e-01,9.548668501790037455e-01,-1.022904832174629103e-01,3.710110933454682791e-01,9.392551593179603309e-01
1.581000000000000050e+01,2.817992346715894048e-01,4.287717383998644882e-01,9.547499716050319440e-01,-1.023062078258225593e-01,3.710118715715841620e-01,9.392496342408951371e-01
1.582000000000000028e+01,2.817634444855320885e-01,4.293847188570730777e-01,9.545849176822781557e-01,-1.023236137358659453e-01,3.710138086117795164e-01,9.392439020813334594e-01
1.583000000000000007e+01,2.817165671023420526e-01,4.299362698909403036e-01,9.543645003926979342e-01,-1.023435172215630268e-01,3.710169891521001850e-01,9.392378137178419850e-01
1.583999999999999986e+01,2.816587330128202948e-01,4.304760807473396178e-01,9.540933150095305404e-01,-1.023661357527306526e-01,3.710213623519960646e-01,9.392313795070852400e-01
1.584999999999999964e+01,2.815910422316335593e-01,4.310473244713772800e-01,9.537810978072217560e-01,-1.023912480176027151e-01,3.710266187813335836e-01,9.392246295153872104e-01
1.586000000000000121e+01,2.815149101900695228e-01,4.316838883352930867e-01,9.534389503232552077e-01,-1.024183540969758749e-01,3.710322482184162940e-01,9.392175533300154422e-01
1.587000000000000099e+01,2.814316815213394607e-01,4.324097067030741037e-01,9.530774066241308740e-01,-1.024468621770344701e-01,3.710377743795615912e-01,9.392101439897720949e-01
1.588000000000000078e+01,2.813424379373271056e-01,4.332392936706427333e-01,9.527056114105409979e-01,-1.024761979595663342e-01,3.710428693246808352e-01,9.392024209487319641e-01
1.589000000000000057e+01,2.812479402649148419e-01,4.341788908617704168e-01,9.523311247477358465e-01,-1.025058477559055575e-01,3.710473573516006596e-01,9.391944291917193599e-01
1.590000000000000036e+01,2.811486581356135162e-01,4.352278517215077969e-01,9.519600400090501013e-01,-1.025353703017207740e-01,3.710511754033059550e-01,9.391862291287776943e-01
1.591000000000000014e+01,2.810448453264267066e-01,4.363800440386105262e-01,9.515972328150080761e-01,-1.025644272405823454e-01,3.710544170179415069e-01,9.391779220616209845e-01
1.591999999999999993e+01,2.809366375289508166e-01,4.376251394954110419e-01,9.512466317732740650e-01,-1.025927358766323128e-01,3.710571853711877033e-01,9.391696025762841238e-01
1.592999999999999972e+01,2.808241574035828525e-01,4.389497247352661113e-01,9.509114509626869216e-01,-1.026199949614559348e-01,3.710593566352899386e-01,9.391612710640953043e-01
1.593999999999999950e+01,2.807076009564010155e-01,4.403382387514940266e-01,9.505943846273632314e-01,-1.026460330297386120e-01,3.710609839354780393e-01,9.391529833657412674e-01
1.595000000000000107e+01,2.805873171346217609e-01,4.417737153850718190e-01,9.502977387406165155e-01,-1.026707446576294591e-01,3.710621613295724264e-01,9.391448037783750591e-01
1.596000000000000085e+01,2.804638711135374884e-01,4.432383596449547825e-01,9.500235144109673291e-01,-1.026940532847248760e-01,3.710629492487121373e-01,9.391367797263946438e-01
1.597000000000000064e+01,2.803380906064112388e-01,4.447139815840434607e-01,9.497734552115151274e-01,-1.027159094183814070e-01,3.710633857832340565e-01,9.391289465678336335e-01
1.598000000000000043e+01,2.802110955312007712e-01,4.461823098749717609e-01,9.495490693303553220e-01,-1.027362892006830203e-01,3.710634997665783197e-01,9.391213317397155702e-01
1.599000000000000021e+01,2.800843090761621634e-01,4.476252102379324471e-01,9.493516408778739368e-01,-1.027551932633772591e-01,3.710633118748428716e-01,9.391139505855792269e-01
1.600000000000000000e+01,2.799594531983264356e-01,4.490248221362047043e-01,9.491822357369900098e-01,-1.027726341069220284e-01,3.710628391904572387e-01,9.391068143985626948e-01
1.601000000000000156e+01,2.798385816366303902e-01,4.503636433438693576e-01,9.490417098203289825e-01,-1.027886109219343369e-01,3.710621006541426348e-01,9.390999452097156253e-01
1.601999999999999957e+01,2.797240315714660253e-01,4.516245415889064141e-01,9.489307218424556378e-01,-1.028031414984548336e-01,3.710611471038653408e-01,9.390933695764225320e-01
1.603000000000000114e+01,2.796182413842009384e-01,4.527907025039950017e-01,9.488497759079834726e-01,-1.028163011631489793e-01,3.710600351100173389e-01,9.390870931543295885e-01
1.603999999999999915e+01,2.795238478564033291e-01,4.538456083227160320e-01,9.487992677839820477e-01,-1.028281262571127674e-01,3.710587732528625726e-01,9.390811188222488726e-01
1.605000000000000071e+01,2.794436305028604739e-01,4.547729562727201857e-01,9.487795562307854702e-01,-1.028386239458611989e-01,3.710573423754066069e-01,9.390754691168294865e-01
1.605999999999999872e+01,2.793766029456927202e-01,4.555575077708654552e-01,9.487760749213088873e-01,-1.028480960376179920e-01,3.710558810656295337e-01,9.390700945284228274e-01
1.607000000000000028e+01,2.793112391395259353e-01,4.562017209947080154e-01,9.487406191691353241e-01,-1.028578484080431427e-01,3.710550487155155897e-01,9.390647750279530470e-01
1.608000000000000185e+01,2.792385116148541901e-01,4.567361149971495560e-01,9.486482538503693274e-01,-1.028692616589605979e-01,3.710555107235856132e-01,9.390593957336631492e-01
1.608999999999999986e+01,2.791538407537300093e-01,4.572043697040367172e-01,9.484966371589428347e-01,-1.028830419512137551e-01,3.710573263879314854e-01,9.390538464736554181e-01
1.610000000000000142e+01,2.790555510161495389e-01,4.576516666477249973e-01,9.482947148695848316e-01,-1.028992959678462771e-01,3.710601411361256208e-01,9.390480450164728765e-01
1.610999999999999943e+01,2.789436313801876843e-01,4.581182035907462313e-01,9.480558689929982075e-01,-1.029178405734501173e-01,3.710635464355684920e-01,9.390419355199747242e-01
1.612000000000000099e+01,2.788189291439997497e-01,4.586361300514478212e-01,9.477940626176822869e-01,-1.029384024421057808e-01,3.710674135778990745e-01,9.390355672320758185e-01
1.612999999999999901e+01,2.786826315325977022e-01,4.592285805664054754e-01,9.475218806694878371e-01,-1.029604422078408965e-01,3.710713705888515901e-01,9.390289552817988605e-01
1.614000000000000057e+01,2.785359577034613454e-01,4.599099807472384338e-01,9.472497518943167050e-01,-1.029833886617413652e-01,3.710750587718195659e-01,9.390221075824496388e-01
1.614999999999999858e+01,2.783800096854081030e-01,4.606870223133235909e-01,9.469858331047300570e-01,-1.030067555731285223e-01,3.710782990968526374e-01,9.390150634036873445e-01
1.616000000000000014e+01,2.782157339029446841e-01,4.615599202229380138e-01,9.467362219242627663e-01,-1.030301594318212138e-01,3.710811131083404102e-01,9.390079100243295951e-01
1.617000000000000171e+01,2.780439575442388844e-01,4.625237121728081324e-01,9.465052911772858790e-01,-1.030531808189007886e-01,3.710833277616857329e-01,9.390006545066812427e-01
1.617999999999999972e+01,2.778654464274672442e-01,4.635694976299771231e-01,9.462960602441659042e-01,-1.030755309357942184e-01,3.710849263818148391e-01,9.389933332681247302e-01
1.619000000000000128e+01,2.776809822107549341e-01,4.646855175479293054e-01,9.461105198929250504e-01,-1.030970157530819303e-01,3.710860053699928107e-01,9.389860147810303870e-01
1.619999999999999929e+01,2.774914442054942088e-01,4.658580550758338878e-01,9.459498892461607467e-01,-1.031174843422113518e-01,3.710866533347763618e-01,9.389787625998700094e-01
1.621000000000000085e+01,2.772978810486632084e-01,4.670721615004814198e-01,9.458148068604792513e-01,-1.031368207353014904e-01,3.710869278705145047e-01,9.389716255260730504e-01
1.621999999999999886e+01,2.771015662596939544e-01,4.683122207070707921e-01,9.457054634032706630e-01,-1.031549456336205289e-01,3.710868704835905141e-01,9.389646421000925613e-01
1.623000000000000043e+01,2.769040365123228709e-01,4.695623717099435823e-01,9.456216873827590907e-01,-1.031718147672875396e-01,3.710865170117455536e-01,9.389578425434530473e-01
1.624000000000000199e+01,2.767071185258049293e-01,4.708068125355367450e-01,9.455629964441265578e-01,-1.031874215798229966e-01,3.710859128676459728e-01,9.389512481182881176e-01
1.625000000000000000e+01,2.765129421122555220e-01,4.720300069198229420e-01,9.455286287345966434e-01,-1.032017825798529215e-01,3.710851236371910389e-01,9.389448852267502366e-01
1.626000000000000156e+01,2.763239331288896428e-01,4.732168126582222412e-01,9.455175675979727856e-01,-1.032149085350140272e-01,3.710841812678219442e-01,9.389387736342476032e-01
1.626999999999999957e+01,2.761427907320093134e-01,4.743525385631296443e-01,9.455285617962917444e-01,-1.032268133704146301e-01,3.710830997483879901e-01,9.389329277052123057e-01
1.628000000000000114e+01,2.759725081996983742e-01,4.754229652936607375e-01,9.455601526651312705e-01,-1.032374853791609981e-01,3.710818634448342923e-01,9.389273628025041063e-01
1.628999999999999915e+01,2.758163350253967083e-01,4.764143113105349658e-01,9.456107092498755584e-01,-1.032469223024170962e-01,3.710804890922244637e-01,9.389221139260319760e-01
1.630000000000000071e+01,2.756775703977402125e-01,4.773131232058714368e-01,9.456784934857620506e-01,-1.032551789862254654e-01,3.710789963696269345e-01,9.389172077529930327e-01
1.630999999999999872e+01,2.755596671260268637e-01,4.781062061012406605e-01,9.457617246842886516e-01,-1.032622987287447613e-01,3.710773776035868887e-01,9.389126519873344234e-01
1.632000000000000028e+01,2.754615818817515160e-01,4.787785723589060849e-01,9.458449225478706701e-01,-1.032685293033059060e-01,3.710757251502850851e-01,9.389083843947413355e-01
1.633000000000000185e+01,2.753693236681217238e-01,4.793234535619348424e-01,9.458832270513440887e-01,-1.032750262635683952e-01,3.710746068490076710e-01,9.389041574296657089e-01
1.633999999999999986e+01,2.752715360619506502e-01,4.797611601491106326e-01,9.458556747547420818e-01,-1.032830355231860592e-01,3.710746620678666008e-01,9.388998166974321657e-01
1.635000000000000142e+01,2.751621809728374002e-01,4.801270509214993765e-01,9.457633223075180284e-01,-1.032931071995762812e-01,3.710759806287046159e-01,9.388953320894761756e-01
1.635999999999999943e+01,2.750386899122718165e-01,4.804599463387149161e-01,9.456179914074176462e-01,-1.033053569421414214e-01,3.710782987033781066e-01,9.388906535461065683e-01
1.637000000000000099e+01,2.749006539434779572e-01,4.807955176300862110e-01,9.454354216121501064e-01,-1.033195748280580362e-01,3.710811623221256794e-01,9.388857360105785643e-01
1.637999999999999901e+01,2.747488726883435262e-01,4.811629818949421100e-01,9.452314232483971512e-01,-1.033354398473672470e-01,3.710842224349704677e-01,9.388805695194977208e-01
1.639000000000000057e+01,2.745846896863299302e-01,4.815838889317679561e-01,9.450199561592445008e-01,-1.033526138233489544e-01,3.710873428944717056e-01,9.388752037608045775e-01
1.639999999999999858e+01,2.744096044486741826e-01,4.820721724443836065e-01,9.448123774826580057e-01,-1.033706634808547187e-01,3.710903260677998472e-01,9.388696720149681818e-01
1.641000000000000014e+01,2.742250649466578261e-01,4.826349106301460190e-01,9.446173685223926419e-01,-1.033891846371879641e-01,3.710930691112243607e-01,9.388640292074199589e-01
1.642000000000000171e+01,2.740323852157389717e-01,4.832733929772670134e-01,9.444411900021543183e-01,-1.034077578161635563e-01,3.710953725223542499e-01,9.388582795028230787e-01
1.642999999999999972e+01,2.738327461965444631e-01,4.839842911731099262e-01,9.442880812258873657e-01,-1.034260370835921178e-01,3.710970922565671182e-01,9.388524217614744316e-01
1.644000000000000128e+01,2.736272387171371778e-01,4.847607824304156487e-01,9.441606822110749642e-01,-1.034437965787549651e-01,3.710982703768226365e-01,9.388465027022774301e-01
1.644999999999999929e+01,2.734169344236350718e-01,4.855935420643047173e-01,9.440604047126135434e-01,-1.034608689405401849e-01,3.710989977070383583e-01,9.388405814929873250e-01
1.646000000000000085e+01,2.732029635516260435e-01,4.864715813456682025e-01,9.439877337917742528e-01,-1.034771208778156315e-01,3.710993465083803344e-01,9.388347075087039029e-01
1.646999999999999886e+01,2.729865842869545478e-01,4.873829254380125930e-01,9.439424571794357011e-01,-1.034924531690786798e-01,3.710993707807232478e-01,9.388289205254050085e-01
1.648000000000000043e+01,2.727692382198340093e-01,4.883151405568921799e-01,9.439238291898446320e-01,-1.035067994998849911e-01,3.710991143948760840e-01,9.388232538147747164e-01
1.649000000000000199e+01,2.725525880955718128e-01,4.892557272211645603e-01,9.439306819743136234e-01,-1.035201264496105333e-01,3.710986236938205729e-01,9.388177372883288463e-01
1.650000000000000000e+01,2.723385466242834174e-01,4.901924011467850839e-01,9.439614967816669644e-01,-1.035324342105695128e-01,3.710979639855651047e-01,9.388124012058149948e-01
1.651000000000000156e+01,2.721292963020039979e-01,4.911132809515072473e-01,9.440144497813048874e-01,-1.035437250267517983e-01,3.710971690844039883e-01,9.388072657520096786e-01
1.651999999999999957e+01,2.719272768433775855e-01,4.920069952552859616e-01,9.440874479254904861e-01,-1.035540077516667601e-01,3.710962588062935996e-01,9.388023466778014914e-01
1.653000000000000114e+01,2.717351645341684607e-01,4.928627239671579119e-01,9.441781571227988445e-01,-1.035633002029838351e-01,3.710952549879341089e-01,9.387976608218219221e-01
1.653999999999999915e+01,2.715558571938094801e-01,4.936701971672407541e-01,9.442840367170135529e-01,-1.035716212614287146e-01,3.710941628197810815e-01,9.387932198383327487e-01
1.655000000000000071e+01,2.713924989209290373e-01,4.944196602846277488e-01,9.444023832150323372e-01,-1.035789586014548569e-01,3.710929669797498609e-01,9.387890500405944305e-01
1.655999999999999872e+01,2.712484161201154098e-01,4.951017803700440978e-01,9.445303790326798898e-01,-1.035853152398907573e-01,3.710916430556555623e-01,9.387851634412723856e-01
1.657000000000000028e+01,2.711269434204364170e-01,4.957074948848759766e-01,9.446651751871334435e-01,-1.035907611456188815e-01,3.710902086906179287e-01,9.387815547887645717e-01
1.658000000000000185e+01,2.710266919402441466e-01,4.962227586359068132e-01,9.447913015858301344e-01,-1.035954865898916916e-01,3.710887537591014973e-01,9.387781724085695334e-01
1.658999999999999986e+01,2.709325960126200417e-01,4.966306455754672111e-01,9.448669903489673727e-01,-1.036003628616874173e-01,3.710877200318154490e-01,9.387748373119111367e-01
1.660000000000000142e+01,2.708328514624946393e-01,4.969392467430906457e-01,9.448735799021832360e-01,-1.036063874351826342e-01,3.710876317612032960e-01,9.387714042429023964e-01
1.660999999999999943e+01,2.707216625270701393e-01,4.971732313848594709e-01,9.448131741526042404e-01,-1.036140095270828426e-01,3.710886100489610429e-01,9.387678599020828907e-01
1.662000000000000099e+01,2.705970746924569736e-01,4.973627506396981479e-01,9.446980060037853955e-01,-1.036233551521682089e-01,3.710904987582331893e-01,9.387641815132432566e-01
1.662999999999999901e+01,2.704594694135510347e-01,4.975369292121435971e-01,9.445439436323799232e-01,-1.036342647791359678e-01,3.710929533314221707e-01,9.387603496286303084e-01
1.664000000000000057e+01,2.703104581491642677e-01,4.977204357816581992e-01,9.443668283631583282e-01,-1.036464627956144718e-01,3.710956265800677278e-01,9.387563498481485968e-01
1.664999999999999858e+01,2.701521229470575935e-01,4.979320496651075678e-01,9.441806371459677827e-01,-1.036596518832777619e-01,3.710982757436596113e-01,9.387521795108396683e-01
1.666000000000000014e+01,2.699865632846613073e-01,4.981844569022609304e-01,9.439967633485860654e-01,-1.036735204147293393e-01,3.711007588773870269e-01,9.387478650442485639e-01
1.667000000000000171e+01,2.698156719199053533e-01,4.984847518803333655e-01,9.438239395487724170e-01,-1.036877393113083690e-01,3.711029320814553389e-01,9.387434289112626118e-01
1.667999999999999972e+01,2.696410379915700206e-01,4.988352777776958735e-01,9.436684908111909742e-01,-1.037020170432869509e-01,3.711046997183207186e-01,9.387388919044628022e-01
1.669000000000000128e+01,2.694639545602567909e-01,4.992345947643898607e-01,9.435347228168460276e-01,-1.037161185420748255e-01,3.711060352042688804e-01,9.387342845782955525e-01
1.669999999999999929e+01,2.692854786115506660e-01,4.996784291836372516e-01,9.434253292419393366e-01,-1.037298599477289168e-01,3.711069566609057624e-01,9.387296422331659063e-01
1.671000000000000085e+01,2.691065163097335344e-01,5.001605300530210796e-01,9.433417579692795485e-01,-1.037430999432808337e-01,3.711075019680179499e-01,9.387249995193350793e-01
1.671999999999999886e+01,2.689279124362290996e-01,5.006733979762943987e-01,9.432845115230610311e-01,-1.037557347263007856e-01,3.711077177277188333e-01,9.387203889781994270e-01
1.673000000000000043e+01,2.687505319305756313e-01,5.012088768741509437e-01,9.432533769068950358e-01,-1.037676927161118590e-01,3.711076524201256666e-01,9.387158401961854803e-01
1.674000000000000199e+01,2.685753262612305403e-01,5.017586138146801211e-01,9.432475915383873311e-01,-1.037789292535023361e-01,3.711073525376570870e-01,9.387113793921177951e-01
1.675000000000000000e+01,2.684033791524650381e-01,5.023143994167620363e-01,9.432659575692450282e-01,-1.037894300665971603e-01,3.711068781371359426e-01,9.387070330533113793e-01
1.676000000000000156e+01,2.682359461579273963e-01,5.028684084236805241e-01,9.433069159176037388e-01,-1.037991930851177580e-01,3.711062761518205688e-01,9.387028214345605193e-01
1.676999999999999957e+01,2.680744846302851037e-01,5.034133569357798210e-01,9.433685954730485212e-01,-1.038082190036742347e-01,3.711055692749312684e-01,9.386987578642995711e-01
1.678000000000000114e+01,2.679206399790037829e-01,5.039425787975089222e-01,9.434488516958308146e-01,-1.038165180091288192e-01,3.711047761517896060e-01,9.386948537101550416e-01
1.678999999999999915e+01,2.677762355177406017e-01,5.044500482125587881e-01,9.435452969512037047e-01,-1.038241070021582307e-01,3.711039119799998121e-01,9.386911179617108969e-01
1.680000000000000071e+01,2.676432709024121892e-01,5.049303596589205245e-01,9.436553344888600758e-01,-1.038310059770065213e-01,3.711029884765839615e-01,9.386875580849732836e-01
1.680999999999999872e+01,2.675239026193610981e-01,5.053786650620707421e-01,9.437762032640194532e-01,-1.038372332743179860e-01,3.711020131499388475e-01,9.386841855738776719e-01
1.682000000000000028e+01,2.674204783230645921e-01,5.057905924250419849e-01,9.439050352211562078e-01,-1.038427798390073181e-01,3.711009718439031713e-01,9.386810148624136207e-01
1.683000000000000185e+01,2.673354767290789247e-01,5.061621130329784224e-01,9.440389151502447396e-01,-1.038476561456895680e-01,3.710998632575063239e-01,9.386780538944207164e-01
1.683999999999999986e+01,2.672668211216170375e-01,5.064807942386958528e-01,9.441634150641898815e-01,-1.038520051105621123e-01,3.710987575851394937e-01,9.386752639019787514e-01
1.685000000000000142e+01,2.671996750617302574e-01,5.067192495943586561e-01,9.442405487905176642e-01,-1.038564181833225852e-01,3.710979834986281034e-01,9.386725072081234522e-01
1.685999999999999943e+01,2.671235161209445375e-01,5.068725341130122519e-01,9.442534688171845270e-01,-1.038615485535051425e-01,3.710979065124015430e-01,9.386696924165575107e-01
1.687000000000000099e+01,2.670342482987923538e-01,5.069535926690227345e-01,9.442041810842196625e-01,-1.038677486131766164e-01,3.710986568696693633e-01,9.386668144614865872e-01
1.687999999999999901e+01,2.669317666192644323e-01,5.069828243557787939e-01,9.441038879329383127e-01,-1.038751392262256545e-01,3.711001583310401530e-01,9.386638713279350510e-01
1.689000000000000057e+01,2.668182186592464311e-01,5.069817673898927568e-01,9.439671142314753904e-01,-1.038836281726502886e-01,3.711021637948702656e-01,9.386608348851609440e-01
1.689999999999999858e+01,2.666967296233241358e-01,5.069696197368348534e-01,9.438084033026612474e-01,-1.038929989005174942e-01,3.711043739434806144e-01,9.386576944646592979e-01
1.691000000000000014e+01,2.665705876540488406e-01,5.069616212435951175e-01,9.436406414220224192e-01,-1.039030118674466596e-01,3.711065286857269108e-01,9.386544379112371495e-01
1.692000000000000171e+01,2.664427656619214324e-01,5.069686079000195189e-01,9.434743965821227318e-01,-1.039134538976523997e-01,3.711084836540057275e-01,9.386510716353170247e-01
1.692999999999999972e+01,2.663157050326642739e-01,5.069972523762803496e-01,9.433178339063303941e-01,-1.039241302118287802e-01,3.711101746215254571e-01,9.386476160950268932e-01
1.694000000000000128e+01,2.661912482965878568e-01,5.070506574170047243e-01,9.431769334990026676e-01,-1.039348432763428504e-01,3.711115386688102480e-01,9.386440908697234464e-01
1.694999999999999929e+01,2.660706775919161604e-01,5.071291001326838632e-01,9.430558314581436452e-01,-1.039454316568325098e-01,3.711125541050883658e-01,9.386405191680189386e-01
1.696000000000000085e+01,2.659548099217128314e-01,5.072307883864454192e-01,9.429571801610057147e-01,-1.039557722902696851e-01,3.711132322940517425e-01,9.386369247623893575e-01
1.696999999999999886e+01,2.658441142468858098e-01,5.073525556398342795e-01,9.428824728123075261e-01,-1.039657744626058256e-01,3.711136047175749852e-01,9.386333310572080313e-01
1.698000000000000043e+01,2.657388294453872368e-01,5.074904577567515007e-01,9.428323094980377572e-01,-1.039753741613882454e-01,3.711137126738967007e-01,9.386297604077358248e-01
1.699000000000000199e+01,2.656390701339126914e-01,5.076402587610542305e-01,9.428066003581143661e-01,-1.039845282132249443e-01,3.711135972636070979e-01,9.386262325049994359e-01
1.700000000000000000e+01,2.655449127954977451e-01,5.077978067591263356e-01,9.428047119322788827e-01,-1.039932134614515447e-01,3.711132999979676050e-01,9.386227643135206522e-01
1.701000000000000156e+01,2.654564571552837093e-01,5.079593079462696448e-01,9.428255676980665800e-01,-1.040014259164211419e-01,3.711128696189187615e-01,9.386193724930032012e-01
1.701999999999999957e+01,2.653738806274997253e-01,5.081215173108829530e-01,9.428677132723813914e-01,-1.040091660436966992e-01,3.711123413273750282e-01,9.386160708323566526e-01
1.703000000000000114e+01,2.652974820847755488e-01,5.082818576226939555e-01,9.429293603857022976e-01,-1.040164401003310091e-01,3.711117400727715343e-01,9.386128700607223596e-01
1.703999999999999915e+01,2.652276716379076138e-01,5.084384604126697127e-01,9.430084230597211015e-01,-1.040232600406817143e-01,3.711110843648410262e-01,9.386097781385343009e-01
1.705000000000000071e+01,2.651649741012429562e-01,5.085901678469121334e-01,9.431025472267772214e-01,-1.040296416415610742e-01,3.711103880497370056e-01,9.386068007637718980e-01
1.705999999999999872e+01,2.651100375164270329e-01,5.087364946770104313e-01,9.432091462703400264e-01,-1.040356022286112320e-01,3.711096611963947134e-01,9.386039421890710610e-01
1.707000000000000028e+01,2.650636244074832115e-01,5.088775513866997668e-01,9.433254480114476870e-01,-1.040411572786247019e-01,3.711089105894397888e-01,9.386012096568412399e-01
1.708000000000000185e+01,2.650266031323719185e-01,5.090139393901402798e-01,9.434485555285946345e-01,-1.040463256570251099e-01,3.711081387667615750e-01,9.385986069532716858e-01
1.708999999999999986e+01,2.650000758977594795e-01,5.091466580494539151e-01,9.435754675386257562e-01,-1.040511026260252520e-01,3.711073370053027953e-01,9.385961375033996523e-01
1.710000000000000142e+01,2.649813665639995652e-01,5.092648945500146684e-01,9.436930534778932289e-01,-1.040555303353449257e-01,3.711065439278001254e-01,9.385937736363564321e-01
1.710999999999999943e+01,2.649573210797169787e-01,5.093307070459441865e-01,9.437678408607240721e-01,-1.040599232812872005e-01,3.711060037391637478e-01,9.385914156188064350e-01
1.712000000000000099e+01,2.649201905462921225e-01,5.093260000690087441e-01,9.437850512456598118e-01,-1.040646232802633908e-01,3.711059641867489045e-01,9.385890333017652409e-01
1.712999999999999901e+01,2.648687414603206891e-01,5.092518775705009437e-01,9.437464523890808366e-01,-1.040698601573872700e-01,3.711065378225346656e-01,9.385866487287441995e-01
1.714000000000000057e+01,2.648055903512739340e-01,5.091188527909564776e-01,9.436618456442249503e-01,-1.040757457431675109e-01,3.711076879504620618e-01,9.385842617442624602e-01
1.715000000000000213e+01,2.647352451207609647e-01,5.089407403174862621e-01,9.435439718900120454e-01,-1.040822533981279607e-01,3.711092608979830731e-01,9.385818504097291903e-01
1.716000000000000014e+01,2.646627195565711688e-01,5.087311340591904596e-01,9.434056478785196598e-01,-1.040892604665513144e-01,3.711110415440594945e-01,9.385793940062281404e-01
1.717000000000000171e+01,2.645926727499036679e-01,5.085016241991432429e-01,9.432583168747222802e-01,-1.040966105660353497e-01,3.711128128532877879e-01,9.385768753370566930e-01
1.717999999999999972e+01,2.645289554413802757e-01,5.082611182964792418e-01,9.431114656225527693e-01,-1.041041473010851370e-01,3.711143922861009914e-01,9.385742895309936440e-01
1.719000000000000128e+01,2.644744495722283206e-01,5.080158284345354103e-01,9.429725327818647695e-01,-1.041117564711064036e-01,3.711156931276701765e-01,9.385716456726491685e-01
1.719999999999999929e+01,2.644310532064252373e-01,5.077696167327963028e-01,9.428470832646588251e-01,-1.041193579084091214e-01,3.711166984272249447e-01,9.385689579017667539e-01
1.721000000000000085e+01,2.643997727625222449e-01,5.075245095332991951e-01,9.427390851544125150e-01,-1.041268874681094275e-01,3.711174236324724651e-01,9.385662416053042190e-01
1.721999999999999886e+01,2.643808747123505554e-01,5.072812545149646413e-01,9.426512033918950095e-01,-1.041342839804985237e-01,3.711178820992971916e-01,9.385635101084521814e-01
1.723000000000000043e+01,2.643740476401085226e-01,5.070398456254926467e-01,9.425850643974899024e-01,-1.041415025921937354e-01,3.711181003351163854e-01,9.385607779909116433e-01
1.724000000000000199e+01,2.643785586741441707e-01,5.067999788710872977e-01,9.425414708150998688e-01,-1.041485129650531888e-01,3.711181084176164990e-01,9.385580578959275000e-01
1.725000000000000000e+01,2.643933896920804272e-01,5.065614236866371467e-01,9.425205639940247293e-01,-1.041553045245261211e-01,3.711179495487898494e-01,9.385553618315582991e-01
1.726000000000000156e+01,2.644173498259116406e-01,5.063243072611089968e-01,9.425219388009545840e-01,-1.041618750432205670e-01,3.711176661369403051e-01,9.385527009290000056e-01
1.726999999999999957e+01,2.644491577454888276e-01,5.060893161852361155e-01,9.425447213894919685e-01,-1.041682261956113908e-01,3.711172920535257824e-01,9.385500843884437838e-01
1.728000000000000114e+01,2.644875124572854119e-01,5.058578323599998150e-01,9.425876196672775542e-01,-1.041743641919995050e-01,3.711168544289963345e-01,9.385475194719490322e-01
1.728999999999999915e+01,2.645311529884679103e-01,5.056320102383129456e-01,9.426489581525503425e-01,-1.041802989978164035e-01,3.711163745973701245e-01,9.385450116143881916e-01
1.730000000000000071e+01,2.645788560850477755e-01,5.054147818615862819e-01,9.427267101692999862e-01,-1.041860433284616805e-01,3.711158690038742769e-01,9.385425645077262180e-01
1.730999999999999872e+01,2.646294526775774258e-01,5.052098368704899256e-01,9.428185267361460786e-01,-1.041916113192665888e-01,3.711153499909761178e-01,9.385401804086253019e-01
1.732000000000000028e+01,2.646818471582406684e-01,5.050215678380526318e-01,9.429217752060869984e-01,-1.041970172916954068e-01,3.711148263678670789e-01,9.385378604080844012e-01
1.733000000000000185e+01,2.647350196081901252e-01,5.048549817777178150e-01,9.430335912482386007e-01,-1.042022740577302903e-01,3.711143041045486535e-01,9.385356059533395134e-01
1.733999999999999986e+01,2.647880286023365226e-01,5.047155889284821173e-01,9.431509467566527860e-01,-1.042073926502502107e-01,3.711137861230666690e-01,9.385334202718712548e-01
1.735000000000000142e+01,2.648401658899968703e-01,5.046093219408970265e-01,9.432706457904427300e-01,-1.042123865377010683e-01,3.711132728594751518e-01,9.385313025925030583e-01
1.735999999999999943e+01,2.648880136433981458e-01,5.045269515004076055e-01,9.433810286226179675e-01,-1.042172315570964597e-01,3.711127816244148003e-01,9.385292353674208332e-01
1.737000000000000099e+01,2.649217195220041066e-01,5.044202319634476517e-01,9.434537955623018002e-01,-1.042219003660507376e-01,3.711124506890920438e-01,9.385271659433860325e-01
1.737999999999999901e+01,2.649376382849846778e-01,5.042579430861704459e-01,9.434766792331117369e-01,-1.042264852763194194e-01,3.711124462034682270e-01,9.385250991663350861e-01
1.739000000000000057e+01,2.649385294492952458e-01,5.040293232668946466e-01,9.434512136306192343e-01,-1.042310968848921549e-01,3.711128498191321734e-01,9.385230688988626113e-01
1.740000000000000213e+01,2.649305854799291482e-01,5.037349252758867024e-01,9.433855946644782442e-01,-1.042358163959024170e-01,3.711136560904884640e-01,9.385210820327776204e-01
1.741000000000000014e+01,2.649212370437754593e-01,5.033807417817042218e-01,9.432905056116630549e-01,-1.042406687880331473e-01,3.711148070105267371e-01,9.385191491917658224e-01
1.742000000000000171e+01,2.649177029088486957e-01,5.029746655327317351e-01,9.431767732216524980e-01,-1.042456190775731262e-01,3.711161554202954127e-01,9.385172616249934929e-01
1.742999999999999972e+01,2.649261546814866697e-01,5.025245560809813439e-01,9.430541769268567798e-01,-1.042506180931189602e-01,3.711175247204839822e-01,9.385153869916382785e-01
1.744000000000000128e+01,2.649513207448397356e-01,5.020373403985328720e-01,9.429309643625595205e-01,-1.042556245598245251e-01,3.711187753578700788e-01,9.385134955691538661e-01
1.744999999999999929e+01,2.649963908280107416e-01,5.015187515310159938e-01,9.428137647630948637e-01,-1.042606077312282775e-01,3.711198166579148805e-01,9.385115687820320129e-01
1.746000000000000085e+01,2.650630980897277778e-01,5.009734254885753746e-01,9.427077073963248122e-01,-1.042655514945697026e-01,3.711206166650823923e-01,9.385096056112673946e-01
1.746999999999999886e+01,2.651518871070472350e-01,5.004051792981392133e-01,9.426166214697104806e-01,-1.042704478454363759e-01,3.711211734588734656e-01,9.385076130822115337e-01
1.748000000000000043e+01,2.652621355120555746e-01,4.998173617530028423e-01,9.425432491232780263e-01,-1.042752937565833982e-01,3.711214939076127872e-01,9.385056009729408899e-01
1.749000000000000199e+01,2.653923898156301253e-01,4.992131973855804539e-01,9.424894288736249681e-01,-1.042800997946844582e-01,3.711216044235900458e-01,9.385035782718768038e-01
1.750000000000000000e+01,2.655405725137590101e-01,4.985960932245168120e-01,9.424562445138714439e-01,-1.042848844975519107e-01,3.711215502737227334e-01,9.385015556867885023e-01
1.751000000000000156e+01,2.657041569423357896e-01,4.979698886122979617e-01,9.424441357213162451e-01,-1.042896668272511179e-01,3.711213743664279474e-01,9.384995398679424339e-01
1.751999999999999957e+01,2.658803090784970236e-01,4.973390414432080631e-01,9.424529733377284835e-01,-1.042944635352192895e-01,3.711211131428461263e-01,9.384975348346493718e-01
1.753000000000000114e+01,2.660659949260603119e-01,4.967087526064242753e-01,9.424821080964147502e-01,-1.042992894279971827e-01,3.711207964887787147e-01,9.384955430805705934e-01
1.753999999999999915e+01,2.662580699292173003e-01,4.960850423615589810e-01,9.425304019320118742e-01,-1.043041581090678321e-01,3.711204483355334260e-01,9.384935659844743094e-01
1.755000000000000071e+01,2.664533572437372544e-01,4.954747837800284604e-01,9.425962513154650946e-01,-1.043090823647348370e-01,3.711200873128288613e-01,9.384916039862546411e-01
1.755999999999999872e+01,2.666486557801402424e-01,4.948856709503682283e-01,9.426776151710005713e-01,-1.043140745213395892e-01,3.711197276666616252e-01,9.384896566167708620e-01
1.757000000000000028e+01,2.668407694510588346e-01,4.943261769420506657e-01,9.427720438364000088e-01,-1.043191461803836539e-01,3.711193800660623765e-01,9.384877227205459249e-01
1.758000000000000185e+01,2.670265370006499328e-01,4.938054842073889006e-01,9.428767231665184934e-01,-1.043243077730215129e-01,3.711190521188292846e-01,9.384858006097095418e-01
1.758999999999999986e+01,2.672028424488574472e-01,4.933333874490264948e-01,9.429885357780207755e-01,-1.043295744273197850e-01,3.711187614319105821e-01,9.384838924893996737e-01
1.760000000000000142e+01,2.673666266536195435e-01,4.929201792020111439e-01,9.431041405270279565e-01,-1.043349624093009992e-01,3.711185213293786700e-01,9.384819961891086582e-01
1.760999999999999943e+01,2.675150977309638245e-01,4.925765887900037665e-01,9.432199605890273508e-01,-1.043404670633684972e-01,3.711183131903543764e-01,9.384801049256332739e-01
1.762000000000000099e+01,2.676440967689111550e-01,4.922951550813457477e-01,9.433260068009940991e-01,-1.043459630504198626e-01,3.711180842792089485e-01,9.384782075333468754e-01
1.762999999999999901e+01,2.677475750940690458e-01,4.920184333214271399e-01,9.434007853388944875e-01,-1.043511534275186614e-01,3.711178889841463824e-01,9.384763019421796804e-01
1.764000000000000057e+01,2.678265136519193956e-01,4.917033532852491673e-01,9.434362749229343592e-01,-1.043559498895604565e-01,3.711178854442535591e-01,9.384744124956918565e-01
1.765000000000000213e+01,2.678879524488061992e-01,4.913284431517334072e-01,9.434351554476314572e-01,-1.043603389893110744e-01,3.711181332046812886e-01,9.384725820628788684e-01
1.766000000000000014e+01,2.679417463169296854e-01,4.908852312501650883e-01,9.434050580369600647e-01,-1.043643653662842258e-01,3.711186428168504192e-01,9.384708299527522168e-01
1.767000000000000171e+01,2.679982393221846393e-01,4.903725636495754325e-01,9.433553112070518498e-01,-1.043681055058082868e-01,3.711194432893464290e-01,9.384691871694531562e-01
1.767999999999999972e+01,2.680667873355258579e-01,4.897930562151622258e-01,9.432951569678784676e-01,-1.043715862822901241e-01,3.711204419298074764e-01,9.384676615146836376e-01
1.769000000000000128e+01,2.681549744647452882e-01,4.891510369589003315e-01,9.432328646904176717e-01,-1.043748432005098120e-01,3.711214975001803640e-01,9.384662276312105700e-01
1.769999999999999929e+01,2.682683159996766542e-01,4.884514562191477616e-01,9.431753807684721824e-01,-1.043779407143457238e-01,3.711225011235068649e-01,9.384648433757848407e-01
1.771000000000000085e+01,2.684102594938921893e-01,4.876994059603529941e-01,9.431282775664577844e-01,-1.043809336874838845e-01,3.711233598634720576e-01,9.384634605220784076e-01
1.771999999999999886e+01,2.685823635306838764e-01,4.869000019341302443e-01,9.430958513281531008e-01,-1.043838617757204684e-01,3.711240173173481760e-01,9.384620550873123968e-01
1.773000000000000043e+01,2.687845371950673412e-01,4.860584458441242761e-01,9.430812756633835114e-01,-1.043867657278548799e-01,3.711244592804412989e-01,9.384606221273646964e-01
1.774000000000000199e+01,2.690153502638635286e-01,4.851801930033314836e-01,9.430867497007906497e-01,-1.043896824920350075e-01,3.711246911140216875e-01,9.384591651565173942e-01
1.775000000000000000e+01,2.692723153179685247e-01,4.842711333989085931e-01,9.431136287479212621e-01,-1.043926500066460900e-01,3.711247394552120715e-01,9.384576942762657970e-01
1.776000000000000156e+01,2.695521367424726922e-01,4.833377628044929208e-01,9.431625253860083102e-01,-1.043957223181978117e-01,3.711246449434535966e-01,9.384562061195736993e-01
1.776999999999999957e+01,2.698509261229335432e-01,4.823873188689458136e-01,9.432333785557697192e-01,-1.043989446590067038e-01,3.711244501816664543e-01,9.384547019963546122e-01
1.778000000000000114e+01,2.701643899653595748e-01,4.814278712007561967e-01,9.433254896883955798e-01,-1.044023515861351864e-01,3.711241949815597962e-01,9.384531875671771051e-01
1.778999999999999915e+01,2.704879577258999523e-01,4.804683736937497285e-01,9.434375498322659093e-01,-1.044059723101914694e-01,3.711239110236786432e-01,9.384516631991655089e-01
1.780000000000000071e+01,2.708168876716762208e-01,4.795186856309241463e-01,9.435676587129351311e-01,-1.044098292493650659e-01,3.711236220405081387e-01,9.384501268940295127e-01
1.780999999999999872e+01,2.711463599719389217e-01,4.785895648303190586e-01,9.437133423556650635e-01,-1.044139392457129473e-01,3.711233452068204985e-01,9.384485755527569584e-01
1.782000000000000028e+01,2.714714934194470963e-01,4.776926025725287683e-01,9.438715817384244477e-01,-1.044183153784528917e-01,3.711230928538635232e-01,9.384470054380334991e-01
1.783000000000000185e+01,2.717873844151927343e-01,4.768401630882204145e-01,9.440388458237046754e-01,-1.044229702512693286e-01,3.711228791669152760e-01,9.384454146178221601e-01
1.783999999999999986e+01,2.720891412764584461e-01,4.760453026557697753e-01,9.442111454645685242e-01,-1.044279264908963001e-01,3.711227329908976524e-01,9.384438035115016952e-01
1.785000000000000142e+01,2.723719047551010908e-01,4.753216677467855256e-01,9.443841055128519013e-01,-1.044331881146059043e-01,3.711226458846609844e-01,9.384421597088759004e-01
1.785999999999999943e+01,2.726308667000844621e-01,4.746833818197592203e-01,9.445530572640250533e-01,-1.044387370097234063e-01,3.711225689630665570e-01,9.384404607057601488e-01
1.787000000000000099e+01,2.728615153458519016e-01,4.741450088230586557e-01,9.447130266519608854e-01,-1.044445617298279949e-01,3.711224599005242819e-01,9.384386831813369412e-01
1.787999999999999901e+01,2.730592624689230918e-01,4.737005806187361001e-01,9.448553066711171677e-01,-1.044505309449563629e-01,3.711223778318235578e-01,9.384368695483654710e-01
1.789000000000000057e+01,2.732215904382003235e-01,4.732856960042218231e-01,9.449674137068760915e-01,-1.044561409795796703e-01,3.711223726618205765e-01,9.384350927921865093e-01
1.790000000000000213e+01,2.733531255172158003e-01,4.728486033253744836e-01,9.450488305254641785e-01,-1.044611321355826405e-01,3.711224705141147884e-01,9.384333547248273621e-01
1.791000000000000014e+01,2.734638255906423621e-01,4.723602515790885081e-01,9.451066449681427839e-01,-1.044654280526737256e-01,3.711227015003002450e-01,9.384316955735583221e-01
1.792000000000000171e+01,2.735658140028431884e-01,4.718058743680176303e-01,9.451507858217240710e-01,-1.044690610679701731e-01,3.711230752281631240e-01,9.384301340378757850e-01
1.792999999999999972e+01,2.736711071061296296e-01,4.711793369498723516e-01,9.451915015465907066e-01,-1.044721471609029451e-01,3.711236584633370028e-01,9.384286924590059531e-01
1.794000000000000128e+01,2.737902049699071916e-01,4.704795378095693037e-01,9.452380805729889701e-01,-1.044747622739867071e-01,3.711244132671750462e-01,9.384273857968326027e-01
1.794999999999999929e+01,2.739314025566735866e-01,4.697082533997320453e-01,9.452982866052174193e-01,-1.044770139158092415e-01,3.711252620592228602e-01,9.384261889990288541e-01
1.796000000000000085e+01,2.741005790665145270e-01,4.688689196550837046e-01,9.453782079551240614e-01,-1.044789993485248647e-01,3.711261012016064953e-01,9.384250620039819024e-01
1.796999999999999886e+01,2.743012714242441530e-01,4.679660034590799600e-01,9.454823233240620128e-01,-1.044807805347983259e-01,3.711268159790789833e-01,9.384239800183127311e-01
1.798000000000000043e+01,2.745349300483402311e-01,4.670047443095260986e-01,9.456136576359067680e-01,-1.044824377395078829e-01,3.711273357543535822e-01,9.384229164594184436e-01
1.799000000000000199e+01,2.748012079438926780e-01,4.659910773143551288e-01,9.457739720075355461e-01,-1.044840768768852124e-01,3.711276613767359733e-01,9.384218398807829820e-01
1.800000000000000000e+01,2.750982884670972739e-01,4.649316720560803251e-01,9.459639286463620289e-01,-1.044857777093197160e-01,3.711278172688962096e-01,9.384207368441941366e-01
1.801000000000000156e+01,2.754232047500930203e-01,4.638340009665130603e-01,9.461832245495379601e-01,-1.044875991562739248e-01,3.711278386979943167e-01,9.384196093518331061e-01
1.801999999999999957e+01,2.757721145296968546e-01,4.627064099303684341e-01,9.464306900147438917e-01,-1.044895777265758552e-01,3.711277478537073904e-01,9.384184677484601611e-01
1.803000000000000114e+01,2.761405317208230903e-01,4.615581708193630117e-01,9.467043565903614510e-01,-1.044917388105420786e-01,3.711275522655779202e-01,9.384173220781133473e-01
1.803999999999999915e+01,2.765235086304805856e-01,4.603995135333395217e-01,9.470015057547490622e-01,-1.044941425321721518e-01,3.711272799064101457e-01,9.384161603186226275e-01
1.805000000000000071e+01,2.769157932231811614e-01,4.592416189181669495e-01,9.473186942722690018e-01,-1.044968498974982868e-01,3.711269908739927015e-01,9.384149770296966730e-01
1.805999999999999872e+01,2.773119415550007738e-01,4.580965992186690205e-01,9.476517760047826755e-01,-1.044998901481061226e-01,3.711267182643152585e-01,9.384137706947810464e-01
1.807000000000000028e+01,2.777064143172872646e-01,4.569774624862157908e-01,9.479959292033990348e-01,-1.045032806013920373e-01,3.711264784860562327e-01,9.384125368528873912e-01
1.808000000000000185e+01,2.780935965895117712e-01,4.558980245298506206e-01,9.483456956114577618e-01,-1.045070331541871345e-01,3.711262802754932144e-01,9.384112698811034603e-01
1.808999999999999986e+01,2.784678407354337359e-01,4.548728383275421061e-01,9.486950231604938111e-01,-1.045111633635477100e-01,3.711261438905428256e-01,9.384099697913951266e-01
1.810000000000000142e+01,2.788235032791537837e-01,4.539171082690746650e-01,9.490373311063621253e-01,-1.045156892891696276e-01,3.711260847280524189e-01,9.384086308027788093e-01
1.810999999999999943e+01,2.791549687596365792e-01,4.530465898318900564e-01,9.493655924811555957e-01,-1.045205956138823278e-01,3.711260465088892513e-01,9.384072220107809725e-01
1.812000000000000099e+01,2.794566656075475053e-01,4.522774855854646003e-01,9.496724390417138340e-01,-1.045258714481418633e-01,3.711259835575880239e-01,9.384057141205717212e-01
1.812999999999999901e+01,2.797233556882945948e-01,4.516264471720323193e-01,9.499501364335682929e-01,-1.045315527027339680e-01,3.711259739144707193e-01,9.384041201773875018e-01
1.814000000000000057e+01,2.799507282011682308e-01,4.510883583000200314e-01,9.501903362903866279e-01,-1.045374342230988712e-01,3.711260219057240239e-01,9.384024921363769423e-01
1.815000000000000213e+01,2.801396373843667575e-01,4.505951098635762597e-01,9.503901932717945256e-01,-1.045428754043789404e-01,3.711260929308001777e-01,9.384009126229010400e-01
1.816000000000000014e+01,2.802972146722765290e-01,4.500900820798399149e-01,9.505582592183958734e-01,-1.045475541314666024e-01,3.711261887002793025e-01,9.383993855660233141e-01
1.817000000000000171e+01,2.804347791612724627e-01,4.495399565243518580e-01,9.507078090354296185e-01,-1.045513878906909611e-01,3.711263384572995871e-01,9.383979464244823765e-01
1.817999999999999972e+01,2.805650536437162557e-01,4.489263715294372625e-01,9.508528019695028366e-01,-1.045544224074829998e-01,3.711265637411959584e-01,9.383966126644301964e-01
1.819000000000000128e+01,2.807001745751180333e-01,4.482403034965142252e-01,9.510059344377093105e-01,-1.045568025199311857e-01,3.711269537546387776e-01,9.383954011634902947e-01
1.819999999999999929e+01,2.808504765398399661e-01,4.474784680780324320e-01,9.511777948308299813e-01,-1.045586536589430265e-01,3.711275144916109658e-01,9.383943165722600233e-01
1.821000000000000085e+01,2.810239441917321557e-01,4.466411308595829022e-01,9.513766054681089823e-01,-1.045601002592895928e-01,3.711281950051565914e-01,9.383933424566549553e-01
1.821999999999999886e+01,2.812260915250514581e-01,4.457308303101303326e-01,9.516082887284856850e-01,-1.045612195959284285e-01,3.711288700415360520e-01,9.383924574391409035e-01
1.823000000000000043e+01,2.814600852862965685e-01,4.447516769972341133e-01,9.518766878784999941e-01,-1.045620993039981794e-01,3.711294282293607916e-01,9.383916367177600470e-01
1.824000000000000199e+01,2.817270178333703967e-01,4.437090059457515223e-01,9.521838331586700566e-01,-1.045628633625438619e-01,3.711298303270207932e-01,9.383908488101299072e-01
1.825000000000000000e+01,2.820262377278588417e-01,4.426092126060341414e-01,9.525301988567445033e-01,-1.045636286781569668e-01,3.711300735227923697e-01,9.383900590770176686e-01
1.826000000000000156e+01,2.823556605841932576e-01,4.414596994583075973e-01,9.529149262017285738e-01,-1.045644856751154067e-01,3.711301800026071684e-01,9.383892479236327633e-01
1.826999999999999957e+01,2.827120913246505829e-01,4.402688690355744394e-01,9.533359973901454065e-01,-1.045654990129417372e-01,3.711301812695814162e-01,9.383884126503652112e-01
1.828000000000000114e+01,2.830914848695114117e-01,4.390461223516708422e-01,9.537903690322081518e-01,-1.045667232966017157e-01,3.711301061790385214e-01,9.383875502093026455e-01
1.828999999999999915e+01,2.834891739170696812e-01,4.378018517080795591e-01,9.542740667823781386e-01,-1.045681820424583242e-01,3.711299615369986760e-01,9.383866693817645155e-01
1.830000000000000071e+01,2.839000469543649374e-01,4.365474211140405458e-01,9.547822548549499411e-01,-1.045698907895343949e-01,3.711297373926480403e-01,9.383857794993505363e-01
1.830999999999999872e+01,2.843186883940804766e-01,4.352951266751418080e-01,9.553092876995352700e-01,-1.045719245525634222e-01,3.711294803765316508e-01,9.383848634078564288e-01
1.832000000000000028e+01,2.847395008713929365e-01,4.340581482124464818e-01,9.558487471693670745e-01,-1.045743316576909915e-01,3.711292426723589721e-01,9.383839165708018903e-01
1.833000000000000185e+01,2.851567929324932971e-01,4.328504944204750737e-01,9.563934854275268904e-01,-1.045771325170663235e-01,3.711290470814452847e-01,9.383829350073642495e-01
1.833999999999999986e+01,2.855647971293145404e-01,4.316869032372832038e-01,9.569356785552054490e-01,-1.045803381291006973e-01,3.711289025906355232e-01,9.383819128227515183e-01
1.835000000000000142e+01,2.859577119249733790e-01,4.305827693317139104e-01,9.574668791341007790e-01,-1.045839612548023073e-01,3.711288257567025295e-01,9.383808488673095471e-01
1.835999999999999943e+01,2.863297366378153574e-01,4.295540616353488717e-01,9.579780895593056345e-01,-1.045880117455671443e-01,3.711288187802112559e-01,9.383797352806220182e-01
1.837000000000000099e+01,2.866750933589533035e-01,4.286172328903626316e-01,9.584598497654314153e-01,-1.045924723246619004e-01,3.711288106320650426e-01,9.383785325362529184e-01
1.837999999999999901e+01,2.869880792359190691e-01,4.277891477023734734e-01,9.589023232744161573e-01,-1.045973529958046516e-01,3.711288019177150788e-01,9.383772235186887967e-01
1.839000000000000057e+01,2.872631944744190591e-01,4.270870473404122514e-01,9.592953567536098847e-01,-1.046026915280450775e-01,3.711288943972788079e-01,9.383758332377559741e-01
1.840000000000000213e+01,2.874967831597247114e-01,4.265078178518867946e-01,9.596307332119891065e-01,-1.046082560039695297e-01,3.711290322277951970e-01,9.383743997761594402e-01
1.841000000000000014e+01,2.876923274060144697e-01,4.259882486340760832e-01,9.599130273816820491e-01,-1.046133835273593132e-01,3.711291470528016445e-01,9.383730147369208074e-01
1.842000000000000171e+01,2.878580570586381504e-01,4.254740667602500137e-01,9.601568649425509250e-01,-1.046177521182903164e-01,3.711292515419054583e-01,9.383716919946512025e-01
1.842999999999999972e+01,2.880049454899656358e-01,4.249320822666041719e-01,9.603789195808871693e-01,-1.046212848149675051e-01,3.711293657393640588e-01,9.383704509558042917e-01
1.844000000000000128e+01,2.881445178322029621e-01,4.243428278712589319e-01,9.605949265820261651e-01,-1.046240229777228303e-01,3.711295091226264331e-01,9.383693139916340353e-01
1.844999999999999929e+01,2.882873899421243835e-01,4.236956237756198673e-01,9.608183377604163633e-01,-1.046260831099348754e-01,3.711297119577625092e-01,9.383682850637189432e-01
1.846000000000000085e+01,2.884424383093218136e-01,4.229854335711881186e-01,9.610598733596447119e-01,-1.046276200358499248e-01,3.711300344761899739e-01,9.383673723766097208e-01
1.846999999999999886e+01,2.886164057479927436e-01,4.222108987670058489e-01,9.613275298561273496e-01,-1.046287623256877131e-01,3.711304587760918539e-01,9.383665598746617764e-01
1.848000000000000043e+01,2.888138653819311008e-01,4.213731665339556232e-01,9.616268034018825572e-01,-1.046296210950195399e-01,3.711309328436739330e-01,9.383658265521478414e-01
1.849000000000000199e+01,2.890373772913134576e-01,4.204752031831091585e-01,9.619610008433914228e-01,-1.046302942159080263e-01,3.711313838792364428e-01,9.383651427823909152e-01
1.850000000000000000e+01,2.892877465623216460e-01,4.195214031615669414e-01,9.623315602574892269e-01,-1.046308489996310431e-01,3.711317347921914145e-01,9.383644873911279882e-01
1.851000000000000156e+01,2.895643034276474403e-01,4.185173710374850420e-01,9.627383479557996004e-01,-1.046313812303399926e-01,3.711319699277820794e-01,9.383638367539917091e-01
1.851999999999999957e+01,2.898651990184961669e-01,4.174698030275908467e-01,9.631799033479796490e-01,-1.046319753697398380e-01,3.711321035621901188e-01,9.383631768116418304e-01
1.853000000000000114e+01,2.901876523387381668e-01,4.163863958241620367e-01,9.636536437954181800e-01,-1.046326993834328090e-01,3.711321566987671461e-01,9.383624985328959944e-01
1.853999999999999915e+01,2.905281794572278642e-01,4.152757907085312117e-01,9.641560141119096539e-01,-1.046335975949856528e-01,3.711321438815343710e-01,9.383618012980875500e-01
1.855000000000000071e+01,2.908827891732571613e-01,4.141475170247058690e-01,9.646826007792632662e-01,-1.046346988646966181e-01,3.711320730220468711e-01,9.383610899311279896e-01
1.855999999999999872e+01,2.912471264811704597e-01,4.130119326353998144e-01,9.652282226066228876e-01,-1.046360281905548278e-01,3.711319457962934942e-01,9.383603652005154672e-01
1.857000000000000028e+01,2.916165796242812802e-01,4.118801588610100373e-01,9.657870011375569996e-01,-1.046376435079991868e-01,3.711317960814671246e-01,9.383596120505343086e-01
1.858000000000000185e+01,2.919863891277384993e-01,4.107640171856969946e-01,9.663524095795390512e-01,-1.046395807907328779e-01,3.711316630866743349e-01,9.383588284792020451e-01
1.858999999999999986e+01,2.923517175820117275e-01,4.096759679417368294e-01,9.669173241856312551e-01,-1.046418560297771860e-01,3.711315638405953132e-01,9.383580115585301584e-01
1.860000000000000142e+01,2.927076672693619819e-01,4.086290186195364882e-01,9.674740807698214429e-01,-1.046444778849111301e-01,3.711315049405684019e-01,9.383571565069260823e-01
1.860999999999999943e+01,2.930493106057676100e-01,4.076366597120547608e-01,9.680145238049635559e-01,-1.046474516476950944e-01,3.711314889369707326e-01,9.383562581106450473e-01
1.862000000000000099e+01,2.933717206117344989e-01,4.067128017879744761e-01,9.685300689514633188e-01,-1.046507812094813750e-01,3.711315184690392455e-01,9.383553118776297719e-01
1.862999999999999901e+01,2.936699830418827428e-01,4.058717083740563392e-01,9.690117749018629656e-01,-1.046544694226184125e-01,3.711315953490866848e-01,9.383543144424305593e-01
1.864000000000000057e+01,2.939392740264574200e-01,4.051279614066871093e-01,9.694503840415442664e-01,-1.046585036817426068e-01,3.711316680822543956e-01,9.383532377460819252e-01
1.865000000000000213e+01,2.941748566676660182e-01,4.044964053391508774e-01,9.698364228845746116e-01,-1.046628912874299072e-01,3.711317296143569200e-01,9.383520635648288089e-01
1.866000000000000014e+01,2.943736918614145992e-01,4.039814151663243535e-01,9.701616756213868875e-01,-1.046675633954949336e-01,3.711318452138275825e-01,9.383508379233915786e-01
1.867000000000000171e+01,2.945391006105018694e-01,4.035545241087825641e-01,9.704242875212822916e-01,-1.046721837240309483e-01,3.711319784167628200e-01,9.383496338798628100e-01
1.867999999999999972e+01,2.946760482852560648e-01,4.031873144231546413e-01,9.706269790434385314e-01,-1.046765628067768267e-01,3.711321640865791194e-01,9.383484966491278945e-01
1.869000000000000128e+01,2.947897361316783593e-01,4.028592789579943378e-01,9.707740533437210217e-01,-1.046806086423813092e-01,3.711323775869057595e-01,9.383474245237879430e-01
1.869999999999999929e+01,2.948856401204373312e-01,4.025559290042363125e-01,9.708701443839515832e-01,-1.046843021783252781e-01,3.711325968480368998e-01,9.383464000383949788e-01
1.871000000000000085e+01,2.949686322975650921e-01,4.022669084812379170e-01,9.709200826334418721e-01,-1.046876614212339240e-01,3.711328277703351275e-01,9.383454141640746871e-01
1.871999999999999886e+01,2.950428530710664243e-01,4.019848189136552286e-01,9.709288811656334728e-01,-1.046907066385074497e-01,3.711330734450908331e-01,9.383444611562112847e-01
1.873000000000000043e+01,2.951117951289655150e-01,4.017049504350470590e-01,9.709011393192438222e-01,-1.046934781281150528e-01,3.711333342609761110e-01,9.383435386724027216e-01
1.874000000000000199e+01,2.951780323197813471e-01,4.014237320306660028e-01,9.708408932594378982e-01,-1.046960082164412886e-01,3.711336009935867208e-01,9.383426421725094002e-01
1.875000000000000000e+01,2.952434153779203707e-01,4.011388296317086044e-01,9.707520707083374667e-01,-1.046983284723638358e-01,3.711338648265926632e-01,9.383417661389028552e-01
1.876000000000000156e+01,2.953092126205698054e-01,4.008489848428843927e-01,9.706384061563120280e-01,-1.047004700824914480e-01,3.711341188668456637e-01,9.383409057212339643e-01
1.876999999999999957e+01,2.953762007517469201e-01,4.005537872778595077e-01,9.705034485734730376e-01,-1.047024617438033350e-01,3.711343580275447973e-01,9.383400567028297168e-01
1.878000000000000114e+01,2.954447510823329237e-01,4.002535060653399923e-01,9.703505801728863345e-01,-1.047043286808695683e-01,3.711345789082700075e-01,9.383392155054716133e-01
1.878999999999999915e+01,2.955149079416821700e-01,3.999489639180474065e-01,9.701830378354054929e-01,-1.047060923695174034e-01,3.711347796148974920e-01,9.383383791937756069e-01
1.880000000000000071e+01,2.955864566631198342e-01,3.996414408499614490e-01,9.700039339257856552e-01,-1.047077703727660597e-01,3.711349588303113900e-01,9.383375453758274753e-01
1.880999999999999872e+01,2.956589805397555892e-01,3.993325992502240185e-01,9.698162753869428165e-01,-1.047093754819271999e-01,3.711351137150661894e-01,9.383367130996840277e-01
1.882000000000000028e+01,2.957319103831460572e-01,3.990244227839457314e-01,9.696229792867113728e-01,-1.047109192528184185e-01,3.711352442447736211e-01,9.383358829002997892e-01
1.883000000000000185e+01,2.958045631431249212e-01,3.987191665935487239e-01,9.694268860006292066e-01,-1.047124127167455704e-01,3.711353529200749901e-01,9.383350550631648357e-01
1.883999999999999986e+01,2.958761718991889111e-01,3.984193162800802046e-01,9.692307704770724008e-01,-1.047138650205497734e-01,3.711354428245775550e-01,9.383342296013938988e-01
1.885000000000000142e+01,2.959459085377357246e-01,3.981275525318830888e-01,9.690373517531837289e-01,-1.047152831735921885e-01,3.711355167454186144e-01,9.383334064015294018e-01
1.885999999999999943e+01,2.960129006676370245e-01,3.978467208846596104e-01,9.688493008833152231e-01,-1.047166723725049542e-01,3.711355769379985903e-01,9.383325852982518089e-01
1.887000000000000099e+01,2.960762447638572437e-01,3.975798063912477365e-01,9.686692481308873948e-01,-1.047180364308094441e-01,3.711356251484564939e-01,9.383317661127652531e-01
1.887999999999999901e+01,2.961350154719321059e-01,3.973299114040029778e-01,9.684997895010896141e-01,-1.047193781526235545e-01,3.711356627149878795e-01,9.383309486745917694e-01
1.889000000000000057e+01,2.961882721550567199e-01,3.971002363673817870e-01,9.683434929676910663e-01,-1.047206996155777142e-01,3.711356906745495454e-01,9.383301328347978254e-01
1.890000000000000213e+01,2.962350633200628303e-01,3.968940631585999856e-01,9.682029046806849282e-01,-1.047220023712479159e-01,3.711357098491137596e-01,9.383293184732225400e-01
1.891000000000000014e+01,2.962744328017206663e-01,3.967147423180807375e-01,9.680805543810575564e-01,-1.047232874864208740e-01,3.711357209508200916e-01,9.383285056209310637e-01
1.892000000000000171e+01,2.963065963637677713e-01,3.965658039203598384e-01,9.679770127799859347e-01,-1.047245893328758171e-01,3.711357470177677476e-01,9.383277120081320311e-01
1.892999999999999972e+01,2.963353227078123764e-01,3.964490291582410952e-01,9.678845846359496186e-01,-1.047260199474019798e-01,3.711358354239904234e-01,9.383269746293869673e-01
1.894000000000000128e+01,2.963633505611474317e-01,3.963617049645614676e-01,9.677923729879370773e-01,-1.047275884537465646e-01,3.711359196562293850e-01,9.383262901815724311e-01
1.894999999999999929e+01,2.963916077204886701e-01,3.962980232453202079e-01,9.676902102267104233e-01,-1.047292629771649219e-01,3.711359426095056091e-01,9.383256559361757843e-01
1.896000000000000085e+01,2.964199563821240946e-01,3.962511702962558946e-01,9.675696710544061663e-01,-1.047310298588257915e-01,3.711358974820080370e-01,9.383250575391393067e-01
1.896999999999999886e+01,2.964477384565196161e-01,3.962147398117815134e-01,9.674243885865436710e-01,-1.047328770151273319e-01,3.711358022032558157e-01,9.383244791896115933e-01
1.898000000000000043e+01,2.964741447973387456e-01,3.961833139736302134e-01,9.672500427914612064e-01,-1.047347874682553887e-01,3.711356830864657175e-01,9.383239085646526423e-01
1.899000000000000199e+01,2.964984328049345974e-01,3.961526474550696175e-01,9.670441780332724724e-01,-1.047367391826344862e-01,3.711355652813738693e-01,9.383233374160966367e-01
1.900000000000000000e+01,2.965200343384258308e-01,3.961196356316166178e-01,9.668059495868414066e-01,-1.047387070172323686e-01,3.711354681194021232e-01,9.383227608212517667e-01
1.901000000000000156e+01,2.965385908337375698e-01,3.960821791398672631e-01,9.665358562206708415e-01,-1.047406650798060751e-01,3.711354036953098956e-01,9.383221762079553274e-01
1.901999999999999957e+01,2.965539428347379602e-01,3.960390085379753011e-01,9.662354886937825071e-01,-1.047425887557404539e-01,3.711353773505682851e-01,9.383215825251194353e-01
1.903000000000000114e+01,2.965660984301605740e-01,3.959895119162967214e-01,9.659073081705183972e-01,-1.047444561450666112e-01,3.711353890748605999e-01,9.383209796504626832e-01
1.903999999999999915e+01,2.965751921152332549e-01,3.959335779453870274e-01,9.655544595191392077e-01,-1.047462488559275096e-01,3.711354351450729117e-01,9.383203679979827960e-01
1.905000000000000071e+01,2.965814427163533384e-01,3.958714643633242103e-01,9.651806173410810707e-01,-1.047479522879847802e-01,3.711355096638812578e-01,9.383197482829784830e-01
1.905999999999999872e+01,2.965851168361959833e-01,3.958036936805180428e-01,9.647898625553561480e-01,-1.047495555119244137e-01,3.711356057925910834e-01,9.383191213923939289e-01
1.907000000000000028e+01,2.965864978410682196e-01,3.957309735756048275e-01,9.643865852993769305e-01,-1.047510496666171215e-01,3.711357139194648713e-01,9.383184881753993123e-01
1.908000000000000185e+01,2.965858622361798314e-01,3.956541382013738506e-01,9.639754095210163465e-01,-1.047524260650511407e-01,3.711358208641130085e-01,9.383178522938595556e-01
1.908999999999999986e+01,2.965834699097046889e-01,3.955741051615899173e-01,9.635611328450761626e-01,-1.047536832482699881e-01,3.711359204320738847e-01,9.383172185678022581e-01
1.910000000000000142e+01,2.965795529977814926e-01,3.954918447096877343e-01,9.631486818145904572e-01,-1.047548246946714973e-01,3.711360110552014424e-01,9.383165901686967292e-01
1.910999999999999943e+01,2.965743105512710365e-01,3.954083610711850438e-01,9.627430780860035675e-01,-1.047558547950752927e-01,3.711360923384684485e-01,9.383159690549612852e-01
1.912000000000000099e+01,2.965679068455945311e-01,3.953246797472801943e-01,9.623494134149210844e-01,-1.047567774913148453e-01,3.711361637576742756e-01,9.383153564370927402e-01
1.912999999999999901e+01,2.965604710373982433e-01,3.952418393435735422e-01,9.619728316016747938e-01,-1.047576050664983938e-01,3.711362311511066103e-01,9.383147487080438776e-01
1.914000000000000057e+01,2.965520946169367122e-01,3.951608868246198059e-01,9.616185167317335969e-01,-1.047583595638892084e-01,3.711363088737531513e-01,9.383141369580882962e-01
1.915000000000000213e+01,2.965428451395744625e-01,3.950828722549813987e-01,9.612916796307189315e-01,-1.047590437408579683e-01,3.711363966416657001e-01,9.383135174081532748e-01
1.916000000000000014e+01,2.965327753976060854e-01,3.950088394575540507e-01,9.609975487320460141e-01,-1.047596318860941067e-01,3.711364742479003609e-01,9.383128982129008699e-01
1.917000000000000171e+01,2.965219255169885271e-01,3.949398282322754694e-01,9.607413661658941173e-01,-1.047601106300810603e-01,3.711365321061871891e-01,9.383122860342201221e-01
1.917999999999999972e+01,2.965113146065047056e-01,3.948795892091003235e-01,9.605255881123810902e-01,-1.047605429782895864e-01,3.711365907107255224e-01,9.383116962466013788e-01
1.919000000000000128e+01,2.965049444845186954e-01,3.948378864611737926e-01,9.603405567678149346e-01,-1.047611403870202101e-01,3.711367187190124373e-01,9.383111725360011590e-01
1.919999999999999929e+01,2.965051608144760875e-01,3.948181548581154443e-01,9.601716745219464055e-01,-1.047619529493003104e-01,3.711368525747235636e-01,9.383107187021200168e-01
1.921000000000000085e+01,2.965118233813079374e-01,3.948178744876303936e-01,9.600050321016007082e-01,-1.047629229091249642e-01,3.711368606519296343e-01,9.383103256524805147e-01
1.921999999999999886e+01,2.965234171932934482e-01,3.948319838856085839e-01,9.598288073004546117e-01,-1.047640745431873965e-01,3.711367528835916585e-01,9.383099593238991565e-01
1.923000000000000043e+01,2.965378703943014060e-01,3.948548830393932563e-01,9.596337494839838334e-01,-1.047654026640631036e-01,3.711365744885936624e-01,9.383096044109606737e-01
1.924000000000000199e+01,2.965530723935749791e-01,3.948814711122125565e-01,9.594132085072533123e-01,-1.047668823193500798e-01,3.711363653174193367e-01,9.383092482296757630e-01
1.925000000000000000e+01,2.965671817433070401e-01,3.949075955930963500e-01,9.591629297710122515e-01,-1.047684788936352474e-01,3.711361587051866251e-01,9.383088818743891002e-01
1.926000000000000156e+01,2.965787667069462730e-01,3.949301580064547568e-01,9.588807461243669117e-01,-1.047701535345189339e-01,3.711359797797796345e-01,9.383085002158968457e-01
1.926999999999999957e+01,2.965868385711654120e-01,3.949470424309104999e-01,9.585662423742218330e-01,-1.047718669307322464e-01,3.711358447560112461e-01,9.383081009864613353e-01
1.928000000000000114e+01,2.965908209276536533e-01,3.949569648098105179e-01,9.582204347322444971e-01,-1.047735820066505452e-01,3.711357615257642739e-01,9.383076837965746986e-01
1.928999999999999915e+01,2.965904860425000455e-01,3.949593000646156593e-01,9.578454852344661097e-01,-1.047752657266857179e-01,3.711357311577598850e-01,9.383072493588385798e-01
1.930000000000000071e+01,2.965858793393323367e-01,3.949539177126407119e-01,9.574444583600904002e-01,-1.047768901112779982e-01,3.711357497821858309e-01,9.383067989608144810e-01
1.930999999999999872e+01,2.965772450273482796e-01,3.949410403528360591e-01,9.570211199336785546e-01,-1.047784325897779395e-01,3.711358104413921000e-01,9.383063341453751205e-01
1.932000000000000028e+01,2.965649601823980852e-01,3.949211297867996628e-01,9.565797747066163703e-01,-1.047798758475805836e-01,3.711359046554082997e-01,9.383058565382595972e-01
1.933000000000000185e+01,2.965494794705079151e-01,3.948948003391553607e-01,9.561251377750177305e-01,-1.047812064918590136e-01,3.711360216313798754e-01,9.383053675718433517e-01
1.933999999999999986e+01,2.965312908904934042e-01,3.948627568290398182e-01,9.556622347425816066e-01,-1.047824115932939754e-01,3.711361450295658226e-01,9.383048710876157328e-01
1.935000000000000142e+01,2.965108901265662844e-01,3.948257485010566725e-01,9.551963223732532482e-01,-1.047834862542127571e-01,3.711362655516692310e-01,9.383043730655100667e-01
1.935999999999999943e+01,2.964887594054371744e-01,3.947845393265208003e-01,9.547328283892256851e-01,-1.047844326802559456e-01,3.711363800834153737e-01,9.383038776095821154e-01
1.937000000000000099e+01,2.964653544684853204e-01,3.947398915814817055e-01,9.542773065393045373e-01,-1.047852549934524535e-01,3.711364873550924703e-01,9.383033872762801542e-01
1.937999999999999901e+01,2.964410960334779022e-01,3.946925564992138646e-01,9.538354038340135510e-01,-1.047859664649560957e-01,3.711365930252007450e-01,9.383028994294355662e-01
1.939000000000000057e+01,2.964163616251611622e-01,3.946432698255380456e-01,9.534128378159031358e-01,-1.047865921790439026e-01,3.711367126160908247e-01,9.383024046818879693e-01
1.940000000000000213e+01,2.963914983646130374e-01,3.945927486425300224e-01,9.530153738351075932e-01,-1.047871333463238075e-01,3.711368438247450441e-01,9.383018998231976715e-01
1.941000000000000014e+01,2.963668281251540249e-01,3.945416832108570304e-01,9.526488098896962464e-01,-1.047875612650681354e-01,3.711369617679434185e-01,9.383013947187046622e-01
1.942000000000000171e+01,2.963426505526863819e-01,3.944907454235385691e-01,9.523189703595983380e-01,-1.047878709726867141e-01,3.711370616460876182e-01,9.383008919758146771e-01
1.942999999999999972e+01,2.963192381949382170e-01,3.944405888890853973e-01,9.520317041085918364e-01,-1.047880561439797492e-01,3.711371331736748047e-01,9.383003915475727208e-01
1.944000000000000128e+01,2.962978528372997022e-01,3.943951375927515213e-01,9.517898850935267996e-01,-1.047881902784990049e-01,3.711372120734385827e-01,9.382999159179481463e-01
1.944999999999999929e+01,2.962827676602272087e-01,3.943658798928265652e-01,9.515834499925335255e-01,-1.047884962595973524e-01,3.711373649511053863e-01,9.382995137477250225e-01
1.946000000000000085e+01,2.962763746727854475e-01,3.943574618463785986e-01,9.513970430049100147e-01,-1.047890452534073480e-01,3.711375315771818229e-01,9.382991744228500464e-01
1.946999999999999886e+01,2.962783218695867471e-01,3.943678597693640597e-01,9.512159689797653472e-01,-1.047897575415880911e-01,3.711375636435209069e-01,9.382988962840531633e-01
1.948000000000000043e+01,2.962867449241551321e-01,3.943921047016901160e-01,9.510276656320473254e-01,-1.047906370369884044e-01,3.711374430710423500e-01,9.382986514655873300e-01
1.949000000000000199e+01,2.962991793247498618e-01,3.944244980404406076e-01,9.508222290093065743e-01,-1.047917003285465387e-01,3.711372314787781401e-01,9.382984154090676654e-01
1.950000000000000000e+01,2.963131321994919021e-01,3.944597710130361978e-01,9.505924637562814805e-01,-1.047929278017891985e-01,3.711369818785175134e-01,9.382981756444211952e-01
1.951000000000000156e+01,2.963264208144454903e-01,3.944936045624427012e-01,9.503336791502317027e-01,-1.047942856266403516e-01,3.711367348520595577e-01,9.382979233573952582e-01
1.951999999999999957e+01,2.963373328745247948e-01,3.945227741139991640e-01,9.500433756706605504e-01,-1.047957342079023496e-01,3.711365196390352117e-01,9.382976534495133247e-01
1.953000000000000114e+01,2.963446653790806629e-01,3.945450909997876288e-01,9.497208984249588815e-01,-1.047972330354026427e-01,3.711363547096718785e-01,9.382973636762726999e-01
1.953999999999999915e+01,2.963476912843734934e-01,3.945592512743011371e-01,9.493671027969640130e-01,-1.047987437523141829e-01,3.711362489848817892e-01,9.382970536664918537e-01
1.955000000000000071e+01,2.963460886212310186e-01,3.945646554887084489e-01,9.489840547626690048e-01,-1.048002320969589757e-01,3.711362037135173542e-01,9.382967241354527310e-01
1.955999999999999872e+01,2.963398555293684788e-01,3.945612342507769377e-01,9.485747743309435043e-01,-1.048016689836305804e-01,3.711362146353850977e-01,9.382963763498100018e-01
1.957000000000000028e+01,2.963292259660861294e-01,3.945492964218131338e-01,9.481430228164183793e-01,-1.048030308928806359e-01,3.711362740560359419e-01,9.382960118069012534e-01
1.958000000000000185e+01,2.963145943665132509e-01,3.945294059804426712e-01,9.476931306086036066e-01,-1.048042997392682890e-01,3.711363725902236399e-01,9.382956320667323880e-01
1.958999999999999986e+01,2.962964521234200954e-01,3.945022878244786591e-01,9.472298605650845138e-01,-1.048054615172500509e-01,3.711364984487680596e-01,9.382952384790202993e-01
1.960000000000000142e+01,2.962753364834429526e-01,3.944687600934912441e-01,9.467583018590493005e-01,-1.048065027944497241e-01,3.711366342479976432e-01,9.382948348583480813e-01
1.960999999999999943e+01,2.962517995634849077e-01,3.944296836809716433e-01,9.462837855713360780e-01,-1.048074184370052231e-01,3.711367698998358500e-01,9.382944271821594961e-01
1.962000000000000099e+01,2.962263833852041284e-01,3.943859299259795392e-01,9.458118207168214608e-01,-1.048082105956698457e-01,3.711369016949649380e-01,9.382940195183994136e-01
1.962999999999999901e+01,2.961996039685102500e-01,3.943383627747655273e-01,9.453480466514734282e-01,-1.048088848636241077e-01,3.711370289325292005e-01,9.382936136873190058e-01
1.964000000000000057e+01,2.961719382589486638e-01,3.942878295713468373e-01,9.448981995660155064e-01,-1.048094646130691976e-01,3.711371646248992628e-01,9.382932027202824932e-01
1.965000000000000213e+01,2.961438206166460141e-01,3.942351544090593740e-01,9.444680858373928345e-01,-1.048099671102457886e-01,3.711373182730685061e-01,9.382927788274146863e-01
1.966000000000000014e+01,2.961156553246201972e-01,3.941811333131829409e-01,9.440635580362188861e-01,-1.048103753293839757e-01,3.711374730803524979e-01,9.382923456712535248e-01
1.967000000000000171e+01,2.960878167517846937e-01,3.941265334523030850e-01,9.436905023101335166e-01,-1.048106673147972956e-01,3.711376083024140460e-01,9.382919132186360311e-01
1.967999999999999972e+01,2.960606516033679747e-01,3.940720983780909847e-01,9.433548327403700196e-01,-1.048108472571972621e-01,3.711377253083119609e-01,9.382914799723917065e-01
1.969000000000000128e+01,2.960344751877405090e-01,3.940185475781669555e-01,9.430624877070798995e-01,-1.048109123261276587e-01,3.711378187419208663e-01,9.382910450789324619e-01
1.969999999999999929e+01,2.960106502386283256e-01,3.939699426410466221e-01,9.428164095165407765e-01,-1.048109291746721766e-01,3.711379203933767301e-01,9.382906341687213825e-01
1.971000000000000085e+01,2.959937194502901270e-01,3.939379814381839262e-01,9.426065484258618898e-01,-1.048111101387980970e-01,3.711380902399515902e-01,9.382902995410642433e-01
1.971999999999999886e+01,2.959862385445498068e-01,3.939272587357459110e-01,9.424175505815027831e-01,-1.048115276893167441e-01,3.711382658705106863e-01,9.382900280959396433e-01
1.973000000000000043e+01,2.959878707804398656e-01,3.939355244353186514e-01,9.422346883976560061e-01,-1.048121003127501366e-01,3.711383022816250876e-01,9.382898148100697888e-01
1.974000000000000199e+01,2.959966769628089578e-01,3.939575062689728568e-01,9.420453315981828224e-01,-1.048128125303919994e-01,3.711381683919556806e-01,9.382896419597805959e-01
1.975000000000000000e+01,2.960100678363962179e-01,3.939871948508833488e-01,9.418394873478260765e-01,-1.048136933409003768e-01,3.711379295347642659e-01,9.382894786259835529e-01
1.976000000000000156e+01,2.960254091294665102e-01,3.940190454324267733e-01,9.416098641281099857e-01,-1.048147308551368451e-01,3.711376483555602901e-01,9.382893121705417894e-01
1.976999999999999957e+01,2.960403783469162109e-01,3.940485219152509155e-01,9.413516783048659908e-01,-1.048158952991672943e-01,3.711373705734714035e-01,9.382891338204939480e-01
1.978000000000000114e+01,2.960531377948784071e-01,3.940722519203553875e-01,9.410623470789487577e-01,-1.048171499126771544e-01,3.711371281268598943e-01,9.382889383368291369e-01
1.978999999999999915e+01,2.960623804159730477e-01,3.940879684821636531e-01,9.407411449094723599e-01,-1.048184564516190381e-01,3.711369408120466229e-01,9.382887232379721887e-01
1.980000000000000071e+01,2.960672986773295046e-01,3.940943527452211992e-01,9.403888693738009508e-01,-1.048197784319177678e-01,3.711368180415260398e-01,9.382884878646394755e-01
1.980999999999999872e+01,2.960675127872198220e-01,3.940908445401348770e-01,9.400075400772555101e-01,-1.048210831153710276e-01,3.711367610283948792e-01,9.382882326184361910e-01
1.982000000000000028e+01,2.960629829239805888e-01,3.940774577275879542e-01,9.396001398744106003e-01,-1.048223426200839137e-01,3.711367651533645229e-01,9.382879584432711750e-01
1.983000000000000185e+01,2.960539211970882323e-01,3.940546184826027032e-01,9.391703996707365665e-01,-1.048235343518681417e-01,3.711368221879542406e-01,9.382876665170876151e-01
1.983999999999999986e+01,2.960407123160061493e-01,3.940230332969132387e-01,9.387226238259362976e-01,-1.048246409213216823e-01,3.711369221464324575e-01,9.382873580936392788e-01
1.985000000000000142e+01,2.960238461407110888e-01,3.939835873628622087e-01,9.382615515339840506e-01,-1.048256486947157784e-01,3.711370523548686573e-01,9.382870342442102274e-01
1.985999999999999943e+01,2.960038635109843996e-01,3.939372709070624312e-01,9.377922489766239433e-01,-1.048265446607337670e-01,3.711371949931469016e-01,9.382866987159446115e-01
1.987000000000000099e+01,2.959813227913251632e-01,3.938851240799567943e-01,9.373200235440323214e-01,-1.048273242857038490e-01,3.711373398889654118e-01,9.382863571653967671e-01
1.987999999999999901e+01,2.959567726324545678e-01,3.938282011398160365e-01,9.368503590143065773e-01,-1.048279899481135424e-01,3.711374830303353356e-01,9.382860133488306609e-01
1.989000000000000057e+01,2.959307341991332385e-01,3.937675506914239398e-01,9.363888676381072473e-01,-1.048285508963904405e-01,3.711376260129291005e-01,9.382856673111972245e-01
1.990000000000000213e+01,2.959036863324832067e-01,3.937042046817947893e-01,9.359412567508630376e-01,-1.048290333716598854e-01,3.711377839851839888e-01,9.382853102724486583e-01
1.991000000000000014e+01,2.958760659962041406e-01,3.936391694550356868e-01,9.355132998935423716e-01,-1.048294464212195659e-01,3.711379599532060869e-01,9.382849365719737600e-01
1.992000000000000171e+01,2.958482781813600582e-01,3.935734204645051082e-01,9.351108137603911796e-01,-1.048297639821823002e-01,3.711381296303810085e-01,9.382845540275046581e-01
1.992999999999999972e+01,2.958206928570976668e-01,3.935079053631838075e-01,9.347396482237988469e-01,-1.048299726122661757e-01,3.711382779684266886e-01,9.382841708616910248e-01
1.994000000000000128e+01,2.957936493462052230e-01,3.934435451588081945e-01,9.344056794699918678e-01,-1.048300799847627918e-01,3.711384096394247933e-01,9.382837845579079517e-01
1.994999999999999929e+01,2.957674535043650077e-01,3.933812349607053727e-01,9.341148064549640306e-01,-1.048300850089505659e-01,3.711385214634541629e-01,9.382833937907000266e-01
1.996000000000000085e+01,2.957435271113858510e-01,3.933251599000858190e-01,9.338699552291764849e-01,-1.048300487842333539e-01,3.711386415784934112e-01,9.382830241809788641e-01
1.996999999999999886e+01,2.957266762866084808e-01,3.932868428400810856e-01,9.336612018157397497e-01,-1.048301664051568272e-01,3.711388225065349600e-01,9.382827322578999318e-01
1.998000000000000043e+01,2.957196505603892911e-01,3.932705095645238624e-01,9.334733887103361383e-01,-1.048305012205164727e-01,3.711389993510817997e-01,9.382825031871738775e-01
1.999000000000000199e+01,2.957221957687874991e-01,3.932735060511639014e-01,9.332919461724323851e-01,-1.048309741013312146e-01,3.711390299507493773e-01,9.382823320228500519e-01
2.000000000000000000e+01,2.957323779666747865e-01,3.932901613994140289e-01,9.331043465115368418e-01,-1.048315616367046510e-01,3.711388799919096981e-01,9.382822067901996910e-01
2.001000000000000156e+01,2.957475630560792434e-01,3.933141072566643248e-01,9.329006510561391741e-01,-1.048322965209313035e-01,3.711386135361115501e-01,9.382820946666903250e-01
2.001999999999999957e+01,2.957650458089363665e-01,3.933395011061637803e-01,9.326735867201407792e-01,-1.048331760408913738e-01,3.711383016357481801e-01,9.382819812163144535e-01
2.003000000000000114e+01,2.957824225499876003e-01,3.933615816316334279e-01,9.324183642659480409e-01,-1.048341749796217054e-01,3.711379944461902225e-01,9.382818575625688773e-01
2.003999999999999915e+01,2.957977750925263605e-01,3.933768272267140764e-01,9.321323808405829192e-01,-1.048352601055399097e-01,3.711377260675015055e-01,9.382817182004070666e-01
2.005000000000000071e+01,2.958097237822366332e-01,3.933828944214973200e-01,9.318148827663494949e-01,-1.048363962381741593e-01,3.711375172747775064e-01,9.382815602895613338e-01
2.005999999999999872e+01,2.958174000815892990e-01,3.933784531328641809e-01,9.314666351517066900e-01,-1.048375495724413603e-01,3.711373777907652771e-01,9.382813827664120421e-01
2.007000000000000028e+01,2.958203758202883060e-01,3.933629877152430843e-01,9.310896226694365119e-01,-1.048386896403230295e-01,3.711373087369810864e-01,9.382811856115258475e-01
2.008000000000000185e+01,2.958185746410331718e-01,3.933366021979289306e-01,9.306867914171820244e-01,-1.048397904115044854e-01,3.711373051637233411e-01,9.382809693500505643e-01
2.008999999999999986e+01,2.958121820573723082e-01,3.932998488655200520e-01,9.302618336540320332e-01,-1.048408307506747961e-01,3.711373583875160476e-01,9.382807347567153622e-01
2.010000000000000142e+01,2.958015637969170775e-01,3.932535876365786942e-01,9.298190127900207713e-01,-1.048417943832063159e-01,3.711374579252015304e-01,9.382804827072479537e-01
2.010999999999999943e+01,2.957871957207802716e-01,3.931988771317994069e-01,9.293630243423623982e-01,-1.048426683263587733e-01,3.711375902644513669e-01,9.382802139434541777e-01
2.012000000000000099e+01,2.957696077518701672e-01,3.931368949819190051e-01,9.288988875890547003e-01,-1.048434402968940471e-01,3.711377373946878611e-01,9.382799321030901307e-01
2.012999999999999901e+01,2.957493486355194379e-01,3.930688780734437615e-01,9.284318594339262543e-01,-1.048441065357753055e-01,3.711378891864691165e-01,9.382796424208809105e-01
2.014000000000000057e+01,2.957269569797457143e-01,3.929960830379066183e-01,9.279673694760203206e-01,-1.048446696950162127e-01,3.711380413717670357e-01,9.382793482779316907e-01
2.015000000000000213e+01,2.957029416185477100e-01,3.929197645743915390e-01,9.275109725201092781e-01,-1.048451455738782512e-01,3.711381989294021411e-01,9.382790468418378271e-01
2.016000000000000014e+01,2.956777673302237730e-01,3.928411614846575306e-01,9.270683147918660216e-01,-1.048455556541981193e-01,3.711383751810425902e-01,9.382787301670010294e-01
2.017000000000000171e+01,2.956518563560665558e-01,3.927614864829583330e-01,9.266451044409125259e-01,-1.048459031122914997e-01,3.711385680035295120e-01,9.382783943375285762e-01
2.017999999999999972e+01,2.956255963041876655e-01,3.926819207319122151e-01,9.262470897134472692e-01,-1.048461591394589942e-01,3.711387502945614481e-01,9.382780490783400040e-01
2.019000000000000128e+01,2.955993350999543412e-01,3.926036182230952520e-01,9.258800507574196370e-01,-1.048463160222779800e-01,3.711389107776074114e-01,9.382777012015492968e-01
2.019999999999999929e+01,2.955733878264878434e-01,3.925277045631477280e-01,9.255497917845026956e-01,-1.048463833995696981e-01,3.711390566475333275e-01,9.382773483878010801e-01
2.021000000000000085e+01,2.955480345496424022e-01,3.924552783887295671e-01,9.252621379013227232e-01,-1.048463609756735693e-01,3.711391850008030624e-01,9.382769887065006698e-01
2.021999999999999886e+01,2.955247422525049128e-01,3.923906428065588314e-01,9.250199778257706118e-01,-1.048463055028455715e-01,3.711393217130983246e-01,9.382766471355663551e-01
2.023000000000000043e+01,2.955085758778038807e-01,3.923450404422841320e-01,9.248135481817136849e-01,-1.048463937357449194e-01,3.711395119934606801e-01,9.382763837535257334e-01
2.024000000000000199e+01,2.955024887405626188e-01,3.923222410834069085e-01,9.246279411801892056e-01,-1.048466792438338263e-01,3.711396874788008837e-01,9.382761843422957604e-01
2.025000000000000000e+01,2.955063302758625943e-01,3.923191356181848777e-01,9.244487966683401226e-01,-1.048470824283740249e-01,3.711397090496862394e-01,9.382760432842548459e-01
2.026000000000000156e+01,2.955181980344623316e-01,3.923296281240186700e-01,9.242637354070485367e-01,-1.048475757687587634e-01,3.711395423817715478e-01,9.382759518010312938e-01
2.026999999999999957e+01,2.955354409175339758e-01,3.923469779689380266e-01,9.240629118159960909e-01,-1.048481920268026224e-01,3.711392490778150921e-01,9.382758778457398474e-01
2.028000000000000114e+01,2.955553070788031755e-01,3.923650393484311438e-01,9.238391026061002487e-01,-1.048489379040429548e-01,3.711389071215742130e-01,9.382758047758575914e-01
2.028999999999999915e+01,2.955753317881278930e-01,3.923788244064604358e-01,9.235875368457077128e-01,-1.048497933747346705e-01,3.711385709774274733e-01,9.382757236069283469e-01
2.030000000000000071e+01,2.955935315695042975e-01,3.923846631576234922e-01,9.233056087529342149e-01,-1.048507293416753583e-01,3.711382769211190036e-01,9.382756285523525808e-01
2.030999999999999872e+01,2.956084645461762306e-01,3.923801376132564078e-01,9.229925477186584626e-01,-1.048517142043300931e-01,3.711380467392046967e-01,9.382755163827125600e-01
2.032000000000000028e+01,2.956192072541456994e-01,3.923639091662426970e-01,9.226490926299470985e-01,-1.048527172627379128e-01,3.711378904884406471e-01,9.382753855903120943e-01
2.033000000000000185e+01,2.956252856432837195e-01,3.923355099973583893e-01,9.222771954399944239e-01,-1.048537106671440650e-01,3.711378092148762131e-01,9.382752356910648572e-01
2.033999999999999986e+01,2.956265864877763994e-01,3.922951382150030031e-01,9.218797644922395174e-01,-1.048546705199948498e-01,3.711377976529605660e-01,9.382750667480137530e-01
2.035000000000000142e+01,2.956232662843011894e-01,3.922434768102330271e-01,9.214604498857335013e-01,-1.048555773666702967e-01,3.711378466806385945e-01,9.382748790923417515e-01
2.035999999999999943e+01,2.956156678393542792e-01,3.921815444193975098e-01,9.210234686420813999e-01,-1.048564162175235209e-01,3.711379453366613901e-01,9.382746731856448363e-01
2.037000000000000099e+01,2.956042480559486485e-01,3.921105790960357496e-01,9.205734656912847313e-01,-1.048571748790109726e-01,3.711380793172429637e-01,9.382744494087791320e-01
2.037999999999999901e+01,2.955895203137974825e-01,3.920319525575289843e-01,9.201154053913844777e-01,-1.048578418960822989e-01,3.711382304631833939e-01,9.382742112444187876e-01
2.039000000000000057e+01,2.955720176827507095e-01,3.919471057425575333e-01,9.196544853297534683e-01,-1.048584143230770205e-01,3.711383886950587185e-01,9.382739634730700162e-01
2.040000000000000213e+01,2.955522624595504078e-01,3.918575056094938946e-01,9.191960715037253982e-01,-1.048588960234326378e-01,3.711385497976293357e-01,9.382737087255246244e-01
2.041000000000000014e+01,2.955307448652019220e-01,3.917646213907110542e-01,9.187456514267556829e-01,-1.048593055598119744e-01,3.711387212150050741e-01,9.382734426296907015e-01
2.042000000000000171e+01,2.955079098220809164e-01,3.916699074170479355e-01,9.183087997239285372e-01,-1.048596618230835942e-01,3.711389138636850826e-01,9.382731574045062306e-01
2.042999999999999972e+01,2.954841583924416315e-01,3.915747920713862351e-01,9.178911488035501609e-01,-1.048599628239534204e-01,3.711391214415570294e-01,9.382728508576768656e-01
2.044000000000000128e+01,2.954598539301619420e-01,3.914806722494419411e-01,9.174983682555812869e-01,-1.048601798303656352e-01,3.711393164246418741e-01,9.382725334045776133e-01
2.044999999999999929e+01,2.954353160029110636e-01,3.913889178551011594e-01,9.171361577698978751e-01,-1.048603083836813082e-01,3.711394895543572159e-01,9.382722109981047609e-01
2.046000000000000085e+01,2.954108292706427719e-01,3.913008691453794263e-01,9.168102387380782092e-01,-1.048603592523629918e-01,3.711396500498344575e-01,9.382718822383400159e-01
2.046999999999999886e+01,2.953866419378413655e-01,3.912178384735531811e-01,9.165263514889394614e-01,-1.048603331791991972e-01,3.711397948716698703e-01,9.382715441291772374e-01
2.048000000000000043e+01,2.953642609184243262e-01,3.911442448988436404e-01,9.162873419968028399e-01,-1.048602823889867586e-01,3.711399476623398197e-01,9.382712211136660096e-01
2.049000000000000199e+01,2.953490060494702307e-01,3.910910104640574758e-01,9.160836223942622203e-01,-1.048603653931501206e-01,3.711401470932552127e-01,9.382709764646305350e-01
2.050000000000000000e+01,2.953440383166080485e-01,3.910614121512655528e-01,9.159005512003788319e-01,-1.048606244278201677e-01,3.711403207700274542e-01,9.382707971220844989e-01
2.051000000000000156e+01,2.953493198457537994e-01,3.910518581460992737e-01,9.157239921772829527e-01,-1.048609784414294976e-01,3.711403320040611575e-01,9.382706773578003423e-01
2.051999999999999957e+01,2.953629923887723940e-01,3.910558097283877155e-01,9.155417271580615912e-01,-1.048613982741876532e-01,3.711401480967577715e-01,9.382706101696335343e-01
2.053000000000000114e+01,2.953824005172680511e-01,3.910661424904312011e-01,9.153440146295742652e-01,-1.048619152683667732e-01,3.711398283248416585e-01,9.382705654558590735e-01
2.053999999999999915e+01,2.954047569082834945e-01,3.910764009315829681e-01,9.151236902967142539e-01,-1.048625453367430377e-01,3.711394565523877809e-01,9.382705241374471594e-01
2.055000000000000071e+01,2.954275448982820462e-01,3.910813678818355621e-01,9.148760088642520216e-01,-1.048632739727976132e-01,3.711390915894371978e-01,9.382704770902168256e-01
2.055999999999999872e+01,2.954487223825885689e-01,3.910772247573574001e-01,9.145983670294962620e-01,-1.048640765162381083e-01,3.711387719346896930e-01,9.382704182247103564e-01
2.057000000000000028e+01,2.954667895032625502e-01,3.910614807740726562e-01,9.142899809022597690e-01,-1.048649252242744301e-01,3.711385204196686050e-01,9.382703438951127684e-01
2.058000000000000185e+01,2.954807699566687762e-01,3.910327920400445967e-01,9.139515652669494283e-01,-1.048657927504441367e-01,3.711383474547680361e-01,9.382702521184131950e-01
2.058999999999999986e+01,2.954901441229843551e-01,3.909907430338261380e-01,9.135850401949092703e-01,-1.048666540791935997e-01,3.711382540211033421e-01,9.382701419132224441e-01
2.060000000000000142e+01,2.954947608136980208e-01,3.909356314209990191e-01,9.131932760769716495e-01,-1.048674876281097540e-01,3.711382345434826591e-01,9.382700128484863233e-01
2.060999999999999943e+01,2.954947454118850847e-01,3.908682772599637034e-01,9.127798798290819304e-01,-1.048682757712411928e-01,3.711382794658328876e-01,9.382698647821623439e-01
2.062000000000000099e+01,2.954904150171179245e-01,3.907898650114630668e-01,9.123490204259639968e-01,-1.048690049190188905e-01,3.711383773531015118e-01,9.382696977351137058e-01
2.062999999999999901e+01,2.954822043764334105e-01,3.907018198981634383e-01,9.119052900581283705e-01,-1.048696637769904738e-01,3.711385131637580104e-01,9.382695117027697318e-01
2.064000000000000057e+01,2.954706068636195893e-01,3.906057159891662689e-01,9.114535956416950357e-01,-1.048702417821114619e-01,3.711386685983638078e-01,9.382693099602850140e-01
2.065000000000000213e+01,2.954561362344141906e-01,3.905032069564552955e-01,9.109990726586848497e-01,-1.048707367990951711e-01,3.711388335908192282e-01,9.382690968168752033e-01
2.066000000000000014e+01,2.954392947855866702e-01,3.903959791828657266e-01,9.105470205314553089e-01,-1.048711536507786479e-01,3.711390041084228208e-01,9.382688742213993738e-01
2.067000000000000171e+01,2.954205506272309378e-01,3.902857256643959549e-01,9.101028562747400796e-01,-1.048715125904930712e-01,3.711391891845102764e-01,9.382686366468028227e-01
2.067999999999999972e+01,2.954003254549181778e-01,3.901741258007017099e-01,9.096720795172431595e-01,-1.048718308987694053e-01,3.711393974496804971e-01,9.382683762618088119e-01
2.069000000000000128e+01,2.953789953146082059e-01,3.900628335205904018e-01,9.092602437223114009e-01,-1.048721026115805310e-01,3.711396195430611278e-01,9.382680922508507271e-01
2.069999999999999929e+01,2.953568954598780327e-01,3.899534714988631690e-01,9.088729366256584896e-01,-1.048722997391505901e-01,3.711398282293792983e-01,9.382677952476183858e-01
2.071000000000000085e+01,2.953343137645724203e-01,3.898476353458264487e-01,9.085157738861355803e-01,-1.048724197265704511e-01,3.711400153963101967e-01,9.382674906488952526e-01
2.071999999999999886e+01,2.953115005471113053e-01,3.897468901807853991e-01,9.081943906968547031e-01,-1.048724735278969977e-01,3.711401911355582950e-01,9.382671785760928751e-01
2.073000000000000043e+01,2.952886687201855542e-01,3.896527721102183706e-01,9.079144390542341903e-01,-1.048724638933660191e-01,3.711403530711404053e-01,9.382668545985262121e-01
2.074000000000000199e+01,2.952673611413043075e-01,3.895698179953387408e-01,9.076787223262279269e-01,-1.048724380064614964e-01,3.711405223116151508e-01,9.382665428195148261e-01
2.075000000000000000e+01,2.952531444045602971e-01,3.895086028656256638e-01,9.074778393155429335e-01,-1.048725362886005069e-01,3.711407313976715083e-01,9.382663092795360260e-01
2.076000000000000156e+01,2.952493811631502485e-01,3.894718781441498523e-01,9.072974231880436280e-01,-1.048727884084310197e-01,3.711409033537230728e-01,9.382661424618956580e-01
2.076999999999999957e+01,2.952561432361380800e-01,3.894555390997049837e-01,9.071235658413343561e-01,-1.048731110868293542e-01,3.711409034752832237e-01,9.382660369960408309e-01
2.078000000000000114e+01,2.952716185879922239e-01,3.894525809282092244e-01,9.069442133939960016e-01,-1.048734751477227167e-01,3.711407017462717284e-01,9.382659866932269166e-01
2.078999999999999915e+01,2.952931510154999661e-01,3.894554776155229048e-01,9.067497312625447670e-01,-1.048739099531349195e-01,3.711403559176208455e-01,9.382659640464584561e-01
2.080000000000000071e+01,2.953179218157641062e-01,3.894574517175101724e-01,9.065330165522370587e-01,-1.048744399523303394e-01,3.711399545238964759e-01,9.382659475413341887e-01
2.080999999999999872e+01,2.953433666777032229e-01,3.894530494896448203e-01,9.062893515686527568e-01,-1.048750564613863817e-01,3.711395608122471379e-01,9.382659278669667202e-01
2.082000000000000028e+01,2.953673889510438633e-01,3.894383005584712287e-01,9.060161368130426052e-01,-1.048757394981307128e-01,3.711392155966311557e-01,9.382658986267191636e-01
2.083000000000000185e+01,2.953884344931899109e-01,3.894106415600658289e-01,9.057125758116513214e-01,-1.048764653932283269e-01,3.711389428157984005e-01,9.382658557475748173e-01
2.083999999999999986e+01,2.954054774345163392e-01,3.893687263083559502e-01,9.053793593570207410e-01,-1.048772103445408804e-01,3.711387532680247014e-01,9.382657967547038957e-01
2.085000000000000142e+01,2.954179554777890959e-01,3.893121968038844027e-01,9.050183752312127572e-01,-1.048779523372318362e-01,3.711386478837351288e-01,9.382657201492432542e-01
2.085999999999999943e+01,2.954256821449557369e-01,3.892414573403474853e-01,9.046324550208880710e-01,-1.048786722445386593e-01,3.711386207794996062e-01,9.382656249845086061e-01
2.087000000000000099e+01,2.954287542100079711e-01,3.891574735267510632e-01,9.042251612582423714e-01,-1.048793543849519810e-01,3.711386619601024783e-01,9.382655106236577058e-01
2.087999999999999901e+01,2.954274654948257361e-01,3.890616052590043505e-01,9.038006133843372591e-01,-1.048799866564236322e-01,3.711387594910594556e-01,9.382653766203338241e-01
2.089000000000000057e+01,2.954222310464036938e-01,3.889554754243185752e-01,9.033633491370041124e-01,-1.048805587214671903e-01,3.711388975975520310e-01,9.382652226050328670e-01
2.090000000000000213e+01,2.954135268458322749e-01,3.888408716069615689e-01,9.029182160704828375e-01,-1.048810610533340570e-01,3.711390579440869697e-01,9.382650515717732009e-01
2.091000000000000014e+01,2.954018499415485555e-01,3.887196718600531287e-01,9.024702855238078136e-01,-1.048814922938398897e-01,3.711392304014515808e-01,9.382648673292550701e-01
2.092000000000000171e+01,2.953876852920482299e-01,3.885937940940119573e-01,9.020247882305341136e-01,-1.048818602825077606e-01,3.711394115027509821e-01,9.382646704080130906e-01
2.092999999999999972e+01,2.953714821111931843e-01,3.884651672068385464e-01,9.015870683369018312e-01,-1.048821853091296830e-01,3.711396107527322186e-01,9.382644546026014387e-01
2.094000000000000128e+01,2.953536419828531323e-01,3.883357083320022052e-01,9.011625481291235529e-01,-1.048824798474995573e-01,3.711398343025713031e-01,9.382642133601104550e-01
2.094999999999999929e+01,2.953345186458004035e-01,3.882073097915809679e-01,9.007566999602083513e-01,-1.048827366613696160e-01,3.711400710476897014e-01,9.382639463875114272e-01
2.096000000000000085e+01,2.953144220939534770e-01,3.880818329887277263e-01,9.003750275160298244e-01,-1.048829295624972568e-01,3.711402946804656655e-01,9.382636639527283107e-01
2.096999999999999886e+01,2.952936118514453701e-01,3.879611119034891975e-01,9.000230598777543278e-01,-1.048830568395847512e-01,3.711404973751858405e-01,9.382633711447299074e-01
2.098000000000000043e+01,2.952723068140312712e-01,3.878469495334938011e-01,8.997063436532157787e-01,-1.048831290243436160e-01,3.711406891002232977e-01,9.382630699522371831e-01
2.099000000000000199e+01,2.952506879208612878e-01,3.877411185673294014e-01,8.994304399743200396e-01,-1.048831517298583343e-01,3.711408691749426003e-01,9.382627543565661421e-01
2.100000000000000000e+01,2.952303339849960961e-01,3.876482801935038358e-01,8.991981113582787621e-01,-1.048831664822125198e-01,3.711410555051923299e-01,9.382624482938362043e-01
2.101000000000000156e+01,2.952170413374672342e-01,3.875786462766032114e-01,8.990001588332952043e-01,-1.048832963358610620e-01,3.711412750405930772e-01,9.382622200074094421e-01
2.101999999999999957e+01,2.952143491357898109e-01,3.875344192271850119e-01,8.988225044923808804e-01,-1.048835576557506227e-01,3.711414457162564573e-01,9.382620597659540040e-01
2.103000000000000114e+01,2.952224188515776282e-01,3.875109602560231070e-01,8.986514791964596016e-01,-1.048838643572159446e-01,3.711414343595208498e-01,9.382619629377366710e-01
2.103999999999999915e+01,2.952394661569254231e-01,3.875007776717613317e-01,8.984752022656973258e-01,-1.048841881366909951e-01,3.711412142015342308e-01,9.382619236946938557e-01
2.105000000000000071e+01,2.952628208426312240e-01,3.874959275289902028e-01,8.982841528536533726e-01,-1.048845570461733323e-01,3.711408426548706840e-01,9.382619169151551475e-01
2.105999999999999872e+01,2.952896244004462045e-01,3.874892979928661885e-01,8.980712942375830288e-01,-1.048850028950454316e-01,3.711404120992551903e-01,9.382619191021214222e-01
2.107000000000000028e+01,2.953172605909598625e-01,3.874751899645650921e-01,8.978319391549922646e-01,-1.048855227342162799e-01,3.711399900250348938e-01,9.382619207195700417e-01
2.108000000000000185e+01,2.953435775160461185e-01,3.874494755379476740e-01,8.975634927664510876e-01,-1.048861012508925522e-01,3.711396195603441361e-01,9.382619150852073986e-01
2.108999999999999986e+01,2.953669689484147431e-01,3.874095156407065255e-01,8.972651451114544985e-01,-1.048867188692735597e-01,3.711393257985410310e-01,9.382618977213731393e-01
2.110000000000000142e+01,2.953863639805476837e-01,3.873539608315382243e-01,8.969375605774737581e-01,-1.048873553543193671e-01,3.711391199707517186e-01,9.382618656799551760e-01
2.110999999999999943e+01,2.954011640353902957e-01,3.872825114519879985e-01,8.965825909972935381e-01,-1.048879917124694028e-01,3.711390029848348204e-01,9.382618169578914591e-01
2.112000000000000099e+01,2.954111551834856519e-01,3.871956806227985215e-01,8.962030245000712769e-01,-1.048886112925494357e-01,3.711389686610644389e-01,9.382617501011274452e-01
2.112999999999999901e+01,2.954164146253939194e-01,3.870945828483137729e-01,8.958023737964385669e-01,-1.048892003760399094e-01,3.711390065649760039e-01,9.382616639826335536e-01
2.114000000000000057e+01,2.954172229006786776e-01,3.869807576838571461e-01,8.953847027668127012e-01,-1.048897483637296069e-01,3.711391042503717763e-01,9.382615576892253673e-01
2.115000000000000213e+01,2.954139861160981484e-01,3.868560305731256754e-01,8.949544882303682725e-01,-1.048902458654400183e-01,3.711392451902585377e-01,9.382614305170096092e-01
2.116000000000000014e+01,2.954071741428205278e-01,3.867224080180373114e-01,8.945165116170377129e-01,-1.048906843196907857e-01,3.711394108985928142e-01,9.382612853256006025e-01
2.117000000000000171e+01,2.953972792661177516e-01,3.865819981018436269e-01,8.940757730595659813e-01,-1.048910635719483425e-01,3.711395914261527151e-01,9.382611251214336701e-01
2.117999999999999972e+01,2.953847815849688918e-01,3.864369561537586706e-01,8.936374273368323795e-01,-1.048913914123863478e-01,3.711397834453543099e-01,9.382609499313335766e-01
2.119000000000000128e+01,2.953701239313132332e-01,3.862894530640302304e-01,8.932067383911088676e-01,-1.048916882398311518e-01,3.711399964397542051e-01,9.382607531425249947e-01
2.119999999999999929e+01,2.953537004604684379e-01,3.861416498879305936e-01,8.927890438102581427e-01,-1.048919671259999631e-01,3.711402352434293173e-01,9.382605276299712527e-01
2.121000000000000085e+01,2.953358554687121607e-01,3.859956836250538204e-01,8.923897274600540719e-01,-1.048922186961148972e-01,3.711404873511581215e-01,9.382602738224120609e-01
2.121999999999999886e+01,2.953168867345993265e-01,3.858536606464711971e-01,8.920142015431845595e-01,-1.048924175225112720e-01,3.711407270289490690e-01,9.382600018263228536e-01
2.123000000000000043e+01,2.952970388028263726e-01,3.857176593639559670e-01,8.916679009452987970e-01,-1.048925620774667777e-01,3.711409466034643057e-01,9.382597167158490681e-01
2.124000000000000199e+01,2.952765120590039594e-01,3.855897269708011832e-01,8.913562762272210227e-01,-1.048926620401491455e-01,3.711411548340887157e-01,9.382594221283993008e-01
2.125000000000000000e+01,2.952554686416281604e-01,3.854718788629432069e-01,8.910847901224101530e-01,-1.048927262224221835e-01,3.711413536726961837e-01,9.382591108358789844e-01
2.126000000000000156e+01,2.952355312796132725e-01,3.853689048363026504e-01,8.908561624108847221e-01,-1.048927904541402112e-01,3.711415576907841629e-01,9.382588065846673153e-01
2.126999999999999957e+01,2.952227084285604097e-01,3.852906558818212646e-01,8.906614161781266636e-01,-1.048929607980525064e-01,3.711417881861675538e-01,9.382585796002840262e-01
2.128000000000000114e+01,2.952206848351793256e-01,3.852387907426215730e-01,8.904867891100611832e-01,-1.048932407085254453e-01,3.711419579720179884e-01,9.382584219027774175e-01
2.128999999999999915e+01,2.952296795022529285e-01,3.852081431606327322e-01,8.903188764278326950e-01,-1.048935414117060372e-01,3.711419352108189518e-01,9.382583297471360773e-01
2.130000000000000071e+01,2.952479088640369564e-01,3.851907415432845316e-01,8.901459938651489212e-01,-1.048938361855854678e-01,3.711416966962984842e-01,9.382582973103611446e-01
2.130999999999999872e+01,2.952726668075291161e-01,3.851782290439128009e-01,8.899587535635882229e-01,-1.048941522295167988e-01,3.711413003682136336e-01,9.382583016970309497e-01
2.132000000000000028e+01,2.953010387875441012e-01,3.851631622164291557e-01,8.897501993118721586e-01,-1.048945275967829716e-01,3.711408416453385040e-01,9.382583177856541612e-01
2.133000000000000185e+01,2.953303456759035495e-01,3.851395971644464566e-01,8.895156836846379589e-01,-1.048949648532341294e-01,3.711403920952751623e-01,9.382583357794922474e-01
2.133999999999999986e+01,2.953583741044763511e-01,3.851032468058591118e-01,8.892526211761868637e-01,-1.048954531301376780e-01,3.711399971277535847e-01,9.382583487478088902e-01
2.135000000000000142e+01,2.953834634810436066e-01,3.850513928145865017e-01,8.889601888372271610e-01,-1.048959767436856566e-01,3.711396830009362491e-01,9.382583518493714525e-01
2.135999999999999943e+01,2.954044987948501455e-01,3.849826773751972575e-01,8.886390216205293235e-01,-1.048965188495250833e-01,3.711394614006193193e-01,9.382583417025995853e-01
2.137000000000000099e+01,2.954208486917829224e-01,3.848968527906438397e-01,8.882909295103497138e-01,-1.048970633282042542e-01,3.711393332338257522e-01,9.382583158364782294e-01
2.137999999999999901e+01,2.954322773864402341e-01,3.847945337181308267e-01,8.879186490169517221e-01,-1.048975958855866558e-01,3.711392920416220487e-01,9.382582723216994491e-01
2.139000000000000057e+01,2.954388497231280053e-01,3.846769755309704109e-01,8.875256331464547177e-01,-1.048981046744519030e-01,3.711393269620055779e-01,9.382582095686868850e-01
2.140000000000000213e+01,2.954408414569902330e-01,3.845458888752031346e-01,8.871158790445210496e-01,-1.048985805301587831e-01,3.711394250456884758e-01,9.382581262215436979e-01
2.141000000000000014e+01,2.954386592037345771e-01,3.844032928157275486e-01,8.866937905230772854e-01,-1.048990148133165240e-01,3.711395689070874915e-01,9.382580214156442944e-01
2.142000000000000171e+01,2.954327770305496537e-01,3.842514034997452366e-01,8.862640701251596198e-01,-1.048994002492938948e-01,3.711397400642181266e-01,9.382578977176038171e-01
2.142999999999999972e+01,2.954236935010948195e-01,3.840925494535112339e-01,8.858316335016070964e-01,-1.048997377826692973e-01,3.711399287898860533e-01,9.382577572524644083e-01
2.144000000000000128e+01,2.954118952499460438e-01,3.839291136743759325e-01,8.854015459538635557e-01,-1.049000370819996308e-01,3.711401320273908233e-01,9.382575988754572327e-01
2.144999999999999929e+01,2.953978308795447427e-01,3.837634989934259333e-01,8.849789773724890951e-01,-1.049003165990107928e-01,3.711403584935783484e-01,9.382574162408984231e-01
2.146000000000000085e+01,2.953818991266181082e-01,3.835981004970148156e-01,8.845691668957312848e-01,-1.049005877744063620e-01,3.711406117343868938e-01,9.382572026340836313e-01
2.146999999999999886e+01,2.953644467970357734e-01,3.834352898392515696e-01,8.841773962125624164e-01,-1.049008414681614626e-01,3.711408789575355027e-01,9.382569583894091458e-01
2.148000000000000043e+01,2.953457718263211018e-01,3.832774080620735546e-01,8.838089722149137240e-01,-1.049010529415812382e-01,3.711411347600925281e-01,9.382566933516194307e-01
2.149000000000000199e+01,2.953261164150292606e-01,3.831267674812467994e-01,8.834692216407245002e-01,-1.049012203603895965e-01,3.711413711998819420e-01,9.382564128890948929e-01
2.150000000000000000e+01,2.953056750306460310e-01,3.829856489715751100e-01,8.831634851003991038e-01,-1.049013528869898876e-01,3.711415953685258118e-01,9.382561216584116570e-01
2.151000000000000156e+01,2.952846037862518203e-01,3.828563000196270605e-01,8.828971130003120393e-01,-1.049014624397314466e-01,3.711418125797243950e-01,9.382558118300297068e-01
2.151999999999999957e+01,2.952638116867038476e-01,3.827423130574740262e-01,8.826740964118822141e-01,-1.049015645321798029e-01,3.711420268400221212e-01,9.382554933112122741e-01
2.153000000000000114e+01,2.952466121600297311e-01,3.826498000089628704e-01,8.824924225565291547e-01,-1.049016995291486704e-01,3.711422370977766061e-01,9.382552108530680668e-01
2.153999999999999915e+01,2.952353352605902037e-01,3.825808298094992566e-01,8.823470839102511842e-01,-1.049018784008947797e-01,3.711424099286229628e-01,9.382549675544169521e-01
2.155000000000000071e+01,2.952306064933029606e-01,3.825338669690585558e-01,8.822325092940390689e-01,-1.049020828911926828e-01,3.711425032139077929e-01,9.382547499298572458e-01
2.155999999999999872e+01,2.952319640094179798e-01,3.825056201115508148e-01,8.821432750010299584e-01,-1.049022955468559698e-01,3.711424962234352032e-01,9.382545475169918880e-01
2.157000000000000028e+01,2.952383587796765796e-01,3.824922093773695519e-01,8.820744654646159866e-01,-1.049025106098281090e-01,3.711423943015323412e-01,9.382543545445003463e-01
2.158000000000000185e+01,2.952485073830947160e-01,3.824898431487039341e-01,8.820218298979349836e-01,-1.049027309724493984e-01,3.711422200401937044e-01,9.382541688935883695e-01
2.158999999999999986e+01,2.952611234600001078e-01,3.824951699511524028e-01,8.819818150634781695e-01,-1.049029627238386581e-01,3.711420026671251593e-01,9.382539906555147358e-01
2.160000000000000142e+01,2.952750548544795794e-01,3.825054235973591732e-01,8.819515275424250067e-01,-1.049032112156636359e-01,3.711417698610712801e-01,9.382538208199161511e-01
2.160999999999999943e+01,2.952893513846475693e-01,3.825184439159984850e-01,8.819286605656153633e-01,-1.049034787184287554e-01,3.711415425371270005e-01,9.382536609471739952e-01
2.162000000000000099e+01,2.953032875412255898e-01,3.825326254822241645e-01,8.819114052622789579e-01,-1.049037663065523762e-01,3.711413366705821892e-01,9.382535124167007412e-01
2.162999999999999901e+01,2.953163644030487034e-01,3.825465469518919970e-01,8.818982075467612924e-01,-1.049040651790427159e-01,3.711411585472200181e-01,9.382533757875933800e-01
2.164000000000000057e+01,2.953282621762212679e-01,3.825594073451165644e-01,8.818879692571700568e-01,-1.049043781574386935e-01,3.711410144496636865e-01,9.382532501157502258e-01
2.165000000000000213e+01,2.953387952983911324e-01,3.825709838854787770e-01,8.818800086933885618e-01,-1.049047075076793012e-01,3.711409061678132004e-01,9.382531349276661548e-01
2.166000000000000014e+01,2.953479090016124520e-01,3.825811855603113987e-01,8.818737985384409450e-01,-1.049050477376431284e-01,3.711408279270606014e-01,9.382530302071706574e-01
2.167000000000000171e+01,2.953556414069227198e-01,3.825900169505035975e-01,8.818689327472838402e-01,-1.049053939728190332e-01,3.711407732549920069e-01,9.382529349238215577e-01
2.167999999999999972e+01,2.953620905606801905e-01,3.825975472944822542e-01,8.818651005159232614e-01,-1.049057428479523157e-01,3.711407370266400219e-01,9.382528476909025583e-01
2.169000000000000128e+01,2.953673886547609206e-01,3.826038862996737899e-01,8.818620649259566457e-01,-1.049060920431256899e-01,3.711407153102443957e-01,9.382527670633846739e-01
2.169999999999999929e+01,2.953716827274645018e-01,3.826091753615711299e-01,8.818596457689144019e-01,-1.049064399225324573e-01,3.711407049914548506e-01,9.382526916362062819e-01
2.171000000000000085e+01,2.953751215383483841e-01,3.826135621226047778e-01,8.818577063482254674e-01,-1.049067852647232596e-01,3.711407035195858350e-01,9.382526201505666519e-01
2.171999999999999886e+01,2.953778464755727473e-01,3.826171821181993393e-01,8.818561429129152529e-01,-1.049071271567414004e-01,3.711407087878653144e-01,9.382525515188455678e-01
2.173000000000000043e+01,2.953799871078931494e-01,3.826201572077711499e-01,8.818548758257904741e-01,-1.049074649637314061e-01,3.711407190849562165e-01,9.382524848154850661e-01
2.174000000000000199e+01,2.953816641516053831e-01,3.826225963939739461e-01,8.818538409072154138e-01,-1.049077982824039579e-01,3.711407330580961395e-01,9.382524192808544550e-01
2.175000000000000000e+01,2.953829795160887173e-01,3.826245963031507102e-01,8.818529887782923238e-01,-1.049081271587043035e-01,3.711407492781845785e-01,9.382523540357809999e-01
2.176000000000000156e+01,2.953840156062020883e-01,3.826262319630622244e-01,8.818522821690818470e-01,-1.049084510322555452e-01,3.711407674746837748e-01,9.382522889572726399e-01
2.176999999999999957e+01,2.953848367565582445e-01,3.826275690513066263e-01,8.818516929310609154e-01,-1.049087699257848921e-01,3.711407870536809761e-01,9.382522236575729924e-01
2.178000000000000114e+01,2.953854929170174337e-01,3.826286625311545175e-01,8.818511994729921755e-01,-1.049090839444022372e-01,3.711408075200752776e-01,9.382521578269809037e-01
2.178999999999999915e+01,2.953860225464127742e-01,3.826295576524277875e-01,8.818507849188643721e-01,-1.049093932115347794e-01,3.711408285124981332e-01,9.382520912556657766e-01
2.180000000000000071e+01,2.953864549826713537e-01,3.826302914528796895e-01,8.818504358521699338e-01,-1.049096978615007975e-01,3.711408497706203402e-01,9.382520238092585396e-01
2.180999999999999872e+01,2.953868124248188454e-01,3.826308940920989943e-01,8.818501414440560460e-01,-1.049099980299838114e-01,3.711408711081796152e-01,9.382519554110213544e-01
2.182000000000000028e+01,2.953871115611074183e-01,3.826313900257546918e-01,8.818498928411576676e-01,-1.049102938478380376e-01,3.711408923921429293e-01,9.382518860279837059e-01
2.183000000000000185e+01,2.953873648828593823e-01,3.826317990241711597e-01,8.818496827294737272e-01,-1.049105854384775743e-01,3.711409135273567306e-01,9.382518156599531922e-01
2.183999999999999986e+01,2.953875817261873982e-01,3.826321370416196355e-01,8.818495050180416017e-01,-1.049108729177027077e-01,3.711409344456074177e-01,9.382517443308181493e-01
2.185000000000000142e+01,2.953877690837360959e-01,3.826324169465747937e-01,8.818493546046365372e-01,-1.049111563947932035e-01,3.711409550979839489e-01,9.382516720817257738e-01
2.185999999999999943e+01,2.953879322264644225e-01,3.826326491263519203e-01,8.818492271981587249e-01,-1.049114359740318941e-01,3.711409754496028945e-01,9.382515989657831401e-01
2.187000000000000099e+01,2.953880751719176745e-01,3.826328419813604387e-01,8.818491191807351637e-01,-1.049117117561681467e-01,3.711409954759627983e-01,9.382515250439912302e-01
2.187999999999999901e+01,2.953882010310091011e-01,3.826330023247111467e-01,8.818490274981642951e-01,-1.049119838395851378e-01,3.711410151603958818e-01,9.382514503821474117e-01
2.189000000000000057e+01,2.953883122605973077e-01,3.826331357023746715e-01,8.818489495710679638e-01,-1.049122523210952590e-01,3.711410344922421722e-01,9.382513750485211856e-01
2.190000000000000213e+01,2.953884108444716494e-01,3.826332466478562511e-01,8.818488832215924944e-01,-1.049125172963873698e-01,3.711410534654998594e-01,9.382512991121120249e-01
2.191000000000000014e+01,2.953884984210217168e-01,3.826333388837327987e-01,8.818488266121252694e-01,-1.049127788601813827e-01,3.711410720777942318e-01,9.382512226413726175e-01
2.192000000000000171e+01,2.953885763720190960e-01,3.826334154806387278e-01,8.818487781935764325e-01,-1.049130371061684774e-01,3.711410903295641051e-01,9.382511457032801649e-01
2.192999999999999972e+01,2.953886458836367801e-01,3.826334789825485139e-01,8.818487366614512490e-01,-1.049132921268059876e-01,3.711411082234108982e-01,9.382510683626735792e-01
2.194000000000000128e+01,2.953887079880959665e-01,3.826335315055971464e-01,8.818487009184183822e-01,-1.049135440130356256e-01,3.711411257635720551e-01,9.382509906818035095e-01
2.194999999999999929e+01,2.953887635921176869e-01,3.826335748162573713e-01,8.818486700423725511e-01,-1.049137928539615183e-01,3.711411429554971053e-01,9.382509127200345800e-01
2.196000000000000085e+01,2.953888134966241030e-01,3.826336103934828703e-01,8.818486432591792212e-01,-1.049140387365387617e-01,3.711411598055113781e-01,9.382508345336665334e-01
2.196999999999999886e+01,2.953888009968472783e-01,3.826337197758409858e-01,8.818486862673706739e-01,-1.049142849856597448e-01,3.711411771990187902e-01,9.382507560541135661e-01
2.198000000000000043e+01,2.953887357215137510e-01,3.826339461521978125e-01,8.818487984283442938e-01,-1.049145302933514740e-01,3.711411946899189074e-01,9.382506779842684219e-01
2.199000000000000199e+01,2.953886646972547769e-01,3.826342062634957575e-01,8.818489243930737187e-01,-1.049147708046145183e-01,3.711412111101815570e-01,9.382506002440744730e-01
2.200000000000000000e+01,2.953886094724358924e-01,3.826344451038717898e-01,8.818490353198805698e-01,-1.049150059010195146e-01,3.711412263752493224e-01,9.382505226229524986e-01
2.201000000000000156e+01,2.953885785536496389e-01,3.826346364640368924e-01,8.818491180557396225e-01,-1.049152362960826118e-01,3.711412408415152853e-01,9.382504450288193798e-01
2.201999999999999957e+01,2.953885730284356859e-01,3.826347718462683178e-01,8.818491689079648310e-01,-1.049154629581953851e-01,3.711412548852550120e-01,9.382503674424247375e-01
2.203000000000000114e+01,2.953885900749997906e-01,3.826348527933740029e-01,8.818491895461931795e-01,-1.049156867137457511e-01,3.711412687580141756e-01,9.382502898761559962e-01
2.203999999999999915e+01,2.953886251712815603e-01,3.826348859559929316e-01,8.818491843187620249e-01,-1.049159081529654480e-01,3.711412825778983016e-01,9.382502123525022775e-01
2.205000000000000071e+01,2.953886734153420845e-01,3.826348800372819103e-01,8.818491585692748158e-01,-1.049161276499804007e-01,3.711412963673034193e-01,9.382501348954324083e-01
2.205999999999999872e+01,2.953887302520502578e-01,3.826348439955543634e-01,8.818491176434311019e-01,-1.049163454148397401e-01,3.711413100954152888e-01,9.382500575281608191e-01
2.207000000000000028e+01,2.953887918173855320e-01,3.826347860702055126e-01,8.818490663570353050e-01,-1.049165615456021938e-01,3.711413237108341368e-01,9.382499802733462735e-01
2.208000000000000185e+01,2.953888550482077768e-01,3.826347133299490277e-01,8.818490087601729144e-01,-1.049167760704123320e-01,3.711413371619994295e-01,9.382499031538040768e-01
2.208999999999999986e+01,2.953889176579370113e-01,3.826346315384450136e-01,8.818489480820227433e-01,-1.049169889781672582e-01,3.711413504075907199e-01,9.382498261929731465e-01
2.210000000000000142e+01,2.953889780440201451e-01,3.826345452007736680e-01,8.818488867778264684e-01,-1.049172002393633785e-01,3.711413634200724787e-01,9.382497494149657502e-01
2.210999999999999943e+01,2.953890351685022342e-01,3.826344577022628979e-01,8.818488266265469555e-01,-1.049174098193940141e-01,3.711413761851778403e-01,9.382496728442877298e-01
2.212000000000000099e+01,2.953890884361146663e-01,3.826343714843918331e-01,8.818487688469792696e-01,-1.049176176864115295e-01,3.711413886994098243e-01,9.382495965053579967e-01
2.212999999999999901e+01,2.953891375830145494e-01,3.826342882249939015e-01,8.818487142132754864e-01,-1.049178238154584303e-01,3.711414009669147807e-01,9.382495204219809537e-01
2.214000000000000057e+01,2.953891825821049477e-01,3.826342090048498457e-01,8.818486631596840208e-01,-1.049180281901563178e-01,3.711414129965269759e-01,9.382494446168556657e-01
2.215000000000000213e+01,2.953892235664797306e-01,3.826341344522645183e-01,8.818486158699700983e-01,-1.049182308028813321e-01,3.711414247993639060e-01,9.382493691111930545e-01
2.216000000000000014e+01,2.953892607700806527e-01,3.826340648630420782e-01,8.818485723504463358e-01,-1.049184316540689582e-01,3.711414363870929600e-01,9.382492939244624353e-01
2.217000000000000171e+01,2.953892944834342060e-01,3.826340002966266418e-01,8.818485324874942854e-01,-1.049186307510773797e-01,3.711414477708314674e-01,9.382492190742576232e-01
2.217999999999999972e+01,2.953893250218915800e-01,3.826339406508926788e-01,8.818484960914345638e-01,-1.049188281068936801e-01,3.711414589605658843e-01,9.382491445762770610e-01
2.219000000000000128e+01,2.953893527038053968e-01,3.826338857187915332e-01,8.818484629289720100e-01,-1.049190237388507585e-01,3.711414699649476234e-01,9.382490704443832152e-01
2.219999999999999929e+01,2.953893778363247402e-01,3.826338352301587586e-01,8.818484327464288786e-01,-1.049192176674548782e-01,3.711414807913375191e-01,9.382489966907188172e-01
2.221000000000000085e+01,2.953894007068315064e-01,3.826337888817544219e-01,8.818484052858013289e-01,-1.049194099153694243e-01,3.711414914459837955e-01,9.382489233258561878e-01
2.221999999999999886e+01,2.953894215784242938e-01,3.826337463582188403e-01,8.818483802953565043e-01,-1.049196005065746451e-01,3.711415019342567678e-01,9.382488503589647699e-01
2.223000000000000043e+01,2.953894406881916734e-01,3.826337073461850702e-01,8.818483575362164872e-01,-1.049197894656985486e-01,3.711415122608830441e-01,9.382487777979666710e-01
2.224000000000000199e+01,2.953894582473269304e-01,3.826336715433491520e-01,8.818483367860597832e-01,-1.049199768175009678e-01,3.711415224301481963e-01,9.382487056496937594e-01
2.225000000000000000e+01,2.953894744423856134e-01,3.826336386639171416e-01,8.818483178408111911e-01,-1.049201625864976950e-01,3.711415324460561327e-01,9.382486339200208914e-01
2.226000000000000156e+01,2.953894894371855706e-01,3.826336084415092875e-01,8.818483005149979626e-01,-1.049203467966922237e-01,3.711415423124411750e-01,9.382485626139871471e-01
2.226999999999999957e+01,2.953895033750080223e-01,3.826335806303344800e-01,8.818482846412354359e-01,-1.049205294714035674e-01,3.711415520330394457e-01,9.382484917358928644e-01
2.228000000000000114e+01,2.953895163808702984e-01,3.826335550052255563e-01,8.818482700692116261e-01,-1.049207106331611350e-01,3.711415616115250060e-01,9.382484212893886788e-01
2.228999999999999915e+01,2.953895285637256896e-01,3.826335313609580679e-01,8.818482566643908171e-01,-1.049208903036547985e-01,3.711415710515261202e-01,9.382483512775429135e-01
2.230000000000000071e+01,2.953895400185133635e-01,3.826335095111556006e-01,8.818482443066133492e-01,-1.049210685037219731e-01,3.711415803566225358e-01,9.382482817029044186e-01
2.230999999999999872e+01,2.953929572058520692e-01,3.826448785173608425e-01,8.818502699516402865e-01,-1.049211843295787677e-01,3.711415445707647032e-01,9.382482224413379868e-01
2.232000000000000028e+01,2.954039326880039118e-01,3.826944641555630189e-01,8.818659802494984712e-01,-1.049209193507006366e-01,3.711412590548151536e-01,9.382481799874408113e-01
2.233000000000000185e+01,2.954156563546887493e-01,3.827779258506677218e-01,8.818984894563517418e-01,-1.049200457008573617e-01,3.711406296748080424e-01,9.382481782175353668e-01
2.233999999999999986e+01,2.954183057323580552e-01,3.828786137079789875e-01,8.819443307669470045e-01,-1.049184259821707571e-01,3.711396872114524070e-01,9.382482688075375332e-01
2.235000000000000142e+01,2.953939507890815941e-01,3.829706443555272455e-01,8.819954267579674934e-01,-1.049161112549088365e-01,3.711386398043555745e-01,9.382485067572022830e-01
2.235999999999999943e+01,2.953520917928528777e-01,3.830493027561336916e-01,8.820443109922500025e-01,-1.049131065676691399e-01,3.711376408897915646e-01,9.382489317718224475e-01
2.237000000000000099e+01,2.953011432131512626e-01,3.831144269937809543e-01,8.820884146524868852e-01,-1.049094949583335296e-01,3.711367712802295937e-01,9.382495424228411984e-01
2.237999999999999901e+01,2.952468087949174369e-01,3.831672944560578498e-01,8.821270159211227480e-01,-1.049054054677672765e-01,3.711360437754438468e-01,9.382503167387457044e-01
2.239000000000000057e+01,2.951927631614651437e-01,3.832097863933043858e-01,8.821602510208310655e-01,-1.049009712334859623e-01,3.711354483122599190e-01,9.382512275290011416e-01
2.240000000000000213e+01,2.951521793280225681e-01,3.832359001284003086e-01,8.821829597326470429e-01,-1.048962320878054216e-01,3.711349666732400299e-01,9.382522738011934704e-01
2.241000000000000014e+01,2.951551547337160630e-01,3.832289866303968395e-01,8.821797884146049817e-01,-1.048916188187250104e-01,3.711346813377960907e-01,9.382533425864777454e-01
2.242000000000000171e+01,2.951873644099186622e-01,3.832031447938090141e-01,8.821595466312111000e-01,-1.048879700371807971e-01,3.711346997819993665e-01,9.382542669473225017e-01
2.242999999999999972e+01,2.952356379527014685e-01,3.831747155001711813e-01,8.821332609480433407e-01,-1.048853948389768115e-01,3.711349153693898617e-01,9.382550112476738535e-01
2.244000000000000128e+01,2.952926127437676684e-01,3.831544999279827834e-01,8.821081852519568889e-01,-1.048836231460580914e-01,3.711351164006629899e-01,9.382556027214166150e-01
2.244999999999999929e+01,2.953541012992524917e-01,3.831475162133267109e-01,8.820881996498876054e-01,-1.048823668869664355e-01,3.711351794410432392e-01,9.382560765777501199e-01
2.246000000000000085e+01,2.954165769960756527e-01,3.831508722714965787e-01,8.820737079720714080e-01,-1.048814065433005815e-01,3.711350678733792430e-01,9.382564595412381525e-01
2.246999999999999886e+01,2.954768033809507255e-01,3.831547373072410334e-01,8.820610129596895277e-01,-1.048807180180246768e-01,3.711348553445886767e-01,9.382567626980377051e-01
2.248000000000000043e+01,2.955337725301308560e-01,3.831603777080138107e-01,8.820499733499478356e-01,-1.048802745678731607e-01,3.711346129534340843e-01,9.382570042177861280e-01
2.249000000000000199e+01,2.955866514914374243e-01,3.831685020061776359e-01,8.820410203157793561e-01,-1.048800015171794248e-01,3.711343732618641589e-01,9.382572015467951498e-01
2.250000000000000000e+01,2.956355447016583704e-01,3.831788625311859930e-01,8.820340538127000585e-01,-1.048798286081558812e-01,3.711341488201417849e-01,9.382573679632576491e-01
2.251000000000000156e+01,2.956809558934445636e-01,3.831909331318076872e-01,8.820287340916805885e-01,-1.048797127485000952e-01,3.711339444361881901e-01,9.382575108555711862e-01
2.251999999999999957e+01,2.956979018020370331e-01,3.831564831768930479e-01,8.820161416022213041e-01,-1.048799420044976560e-01,3.711338728172347556e-01,9.382575809939486255e-01
2.253000000000000114e+01,2.956818938283417020e-01,3.830873118752465833e-01,8.819912790450952222e-01,-1.048808641716240941e-01,3.711342413678393459e-01,9.382576576615488939e-01
2.253999999999999915e+01,2.956559545466159178e-01,3.830201955255762014e-01,8.819659444367793366e-01,-1.048819721755430284e-01,3.711348291234735086e-01,9.382577710243112934e-01
2.255000000000000071e+01,2.956275710402397894e-01,3.829596560328275556e-01,8.819434437760791390e-01,-1.048830454845962462e-01,3.711354795903097914e-01,9.382578954016218553e-01
2.255999999999999872e+01,2.955997822530420094e-01,3.829067434844402595e-01,8.819243699017994542e-01,-1.048840225733441572e-01,3.711360926443621477e-01,9.382580159832668576e-01
2.257000000000000028e+01,2.955756267445272534e-01,3.828640378108757458e-01,8.819092294862169723e-01,-1.048848957462120285e-01,3.711366045875086339e-01,9.382581178928242061e-01
2.258000000000000185e+01,2.955557543199273107e-01,3.828311223718283696e-01,8.818979390916394934e-01,-1.048856693622697428e-01,3.711369917316772460e-01,9.382581920938157793e-01
2.258999999999999986e+01,2.955389982763992340e-01,3.828049917426725179e-01,8.818895645426767516e-01,-1.048863724566174715e-01,3.711372739294543366e-01,9.382582375683609088e-01
2.260000000000000142e+01,2.955244356081168644e-01,3.827835690936566282e-01,8.818831986441794113e-01,-1.048870390905321665e-01,3.711374876760625829e-01,9.382582573801341308e-01
2.260999999999999943e+01,2.955115764027406722e-01,3.827658216886886677e-01,8.818782691728292988e-01,-1.048876847557181913e-01,3.711376610807682885e-01,9.382582569989748045e-01
2.262000000000000099e+01,2.955001140166766960e-01,3.827510176360605643e-01,8.818744652938699247e-01,-1.048883113230321407e-01,3.711378105486964896e-01,9.382582409161460690e-01
2.262999999999999901e+01,2.954897111078420568e-01,3.827382372917521591e-01,8.818714275241401612e-01,-1.048889240858562055e-01,3.711379488332252063e-01,9.382582121630556049e-01
2.264000000000000057e+01,2.954802070465974984e-01,3.827270952996145725e-01,8.818689430063254564e-01,-1.048895254597998622e-01,3.711380829478737042e-01,9.382581734440120780e-01
2.265000000000000213e+01,2.955214241890410931e-01,3.827479537622683892e-01,8.818640327450659733e-01,-1.048899256424373344e-01,3.711381475350676307e-01,9.382581493446828791e-01
2.266000000000000014e+01,2.955672617404436209e-01,3.827705047791642445e-01,8.818652713900169138e-01,-1.048905420691330359e-01,3.711380170689466684e-01,9.382579649483644424e-01
2.267000000000000171e+01,2.955873929434534308e-01,3.827779489244129141e-01,8.818672800584158589e-01,-1.048915471885667333e-01,3.711379169814528756e-01,9.382577270346624809e-01
2.267999999999999972e+01,2.955883622735954175e-01,3.827753900347554694e-01,8.818680960464987395e-01,-1.048927009266364674e-01,3.711379570058380151e-01,9.382575103382774229e-01
2.269000000000000128e+01,2.955791445524055261e-01,3.827677130737716649e-01,8.818678420180445787e-01,-1.048938019095828206e-01,3.711381070852511344e-01,9.382573282432297157e-01
2.269999999999999929e+01,2.955653912434152430e-01,3.827579231929876813e-01,8.818670307339663283e-01,-1.048947694113860213e-01,3.711383084627670192e-01,9.382571725158328491e-01
2.271000000000000085e+01,2.955501419897014204e-01,3.827475841149688418e-01,8.818659901039347382e-01,-1.048955986506272253e-01,3.711385208553490411e-01,9.382570343855162198e-01
2.271999999999999886e+01,2.955349345661502647e-01,3.827375040087944713e-01,8.818649146973739361e-01,-1.048963158228757714e-01,3.711387258303712189e-01,9.382569066269290659e-01
2.273000000000000043e+01,2.955204834614995058e-01,3.827281087851224228e-01,8.818639281181901435e-01,-1.048969500040697611e-01,3.711389150563458861e-01,9.382567839011596300e-01
2.274000000000000199e+01,2.955070838441425374e-01,3.827196028642046444e-01,8.818630953346728862e-01,-1.048975232345037700e-01,3.711390845286660634e-01,9.382566637171128043e-01
2.275000000000000000e+01,2.954948129423829450e-01,3.827120166921412214e-01,8.818624335439766426e-01,-1.048980521112915232e-01,3.711392345150054117e-01,9.382565449925851508e-01
2.276000000000000156e+01,2.954836507450693261e-01,3.827052901570187071e-01,8.818619285423821008e-01,-1.048985485614887248e-01,3.711393672090104179e-01,9.382564271147391111e-01
2.276999999999999957e+01,2.954735372920705982e-01,3.826993313724678658e-01,8.818615533954259345e-01,-1.048990206674352416e-01,3.711394852502371555e-01,9.382563097356672044e-01
2.278000000000000114e+01,2.954643906007616283e-01,3.826940445830563364e-01,8.818612867390347443e-01,-1.048994737841811575e-01,3.711395910294855716e-01,9.382561925687679105e-01
2.278999999999999915e+01,2.954561160612184101e-01,3.826893421116375205e-01,8.818611149671953253e-01,-1.048999116516938918e-01,3.711396865443385984e-01,9.382560754100144340e-01
2.280000000000000071e+01,2.954486226458118980e-01,3.826851507810948849e-01,8.818610245262125114e-01,-1.049003368784526546e-01,3.711397734829839368e-01,9.382559582464744530e-01
2.280999999999999872e+01,2.954418273177057408e-01,3.826814091366784742e-01,8.818610020650300418e-01,-1.049007512304318684e-01,3.711398532137740180e-01,9.382558411482888605e-01
2.282000000000000028e+01,2.954356580911308705e-01,3.826780648441375221e-01,8.818610341577292067e-01,-1.049011558530047461e-01,3.711399268124818129e-01,9.382557242190607827e-01
2.283000000000000185e+01,2.954300530330079555e-01,3.826750724233692891e-01,8.818611084189538207e-01,-1.049015514926998904e-01,3.711399951070066816e-01,9.382556075608847745e-01
2.283999999999999986e+01,2.954249582000358920e-01,3.826723885145023596e-01,8.818612121897306810e-01,-1.049019385328397724e-01,3.711400586741293028e-01,9.382554912768628075e-01
2.285000000000000142e+01,2.954203278815041855e-01,3.826699227320334851e-01,8.818613060130991999e-01,-1.049023153848212819e-01,3.711401171395380394e-01,9.382553755993083833e-01
2.285999999999999943e+01,2.954262422487711759e-01,3.826732518082440193e-01,8.818607487088545582e-01,-1.049026783200239926e-01,3.711401750772471697e-01,9.382552646127806373e-01
2.287000000000000099e+01,2.954399497075296255e-01,3.826802757396920440e-01,8.818609326442762297e-01,-1.049031020968459044e-01,3.711401818421763421e-01,9.382551134221757128e-01
2.287999999999999901e+01,2.954477098634325505e-01,3.826840327993765722e-01,8.818617385124677410e-01,-1.049036529957728531e-01,3.711401750996032867e-01,9.382549348627424735e-01
2.289000000000000057e+01,2.954491801755711466e-01,3.826847334830109082e-01,8.818624889384170107e-01,-1.049042565049919523e-01,3.711401961148997342e-01,9.382547590707729368e-01
2.290000000000000213e+01,2.954466260833256697e-01,3.826836694512918968e-01,8.818630700105264397e-01,-1.049048467074792101e-01,3.711402451600412933e-01,9.382545948803854285e-01
2.291000000000000014e+01,2.954419188186109824e-01,3.826817296173151695e-01,8.818635359202039448e-01,-1.049053920695701136e-01,3.711403106999782153e-01,9.382544419418810122e-01
2.292000000000000171e+01,2.954363769040978527e-01,3.826795023685732877e-01,8.818639353079655852e-01,-1.049058824769522336e-01,3.711403806404233729e-01,9.382542981285469930e-01
2.292999999999999972e+01,2.954307463895555763e-01,3.826772511254014075e-01,8.818642747082944267e-01,-1.049063205685348277e-01,3.711404466734943286e-01,9.382541612953574361e-01
2.294000000000000128e+01,2.954253555410362719e-01,3.826751022939338109e-01,8.818645756092232668e-01,-1.049067182735490822e-01,3.711405069771385734e-01,9.382540295607991743e-01
2.294999999999999929e+01,2.954203289402962396e-01,3.826731180409004285e-01,8.818648613560040594e-01,-1.049070871483830103e-01,3.711405618286205410e-01,9.382539017269624360e-01
2.296000000000000085e+01,2.954156996400649771e-01,3.826713112978072928e-01,8.818651410744887675e-01,-1.049074355102413147e-01,3.711406119305966644e-01,9.382537771479061428e-01
2.296999999999999886e+01,2.954114708890388519e-01,3.826696816347512908e-01,8.818654085959944933e-01,-1.049077689861517004e-01,3.711406580628989760e-01,9.382536554987843669e-01
2.298000000000000043e+01,2.954076326607367187e-01,3.826682173557365840e-01,8.818656587320916618e-01,-1.049080911502554697e-01,3.711407009247020272e-01,9.382535362770249021e-01
2.299000000000000199e+01,2.954041592477572031e-01,3.826669018656466137e-01,8.818658920841727644e-01,-1.049084043663881249e-01,3.711407410400380247e-01,9.382534189956814874e-01
2.300000000000000000e+01,2.954010202841295119e-01,3.826657196981136377e-01,8.818661095040002396e-01,-1.049087101068960359e-01,3.711407786781510953e-01,9.382533033471266437e-01
2.301000000000000156e+01,2.953981855538949652e-01,3.826646569024772515e-01,8.818663117006317886e-01,-1.049090093163070475e-01,3.711408139721915633e-01,9.382531891265383228e-01
2.301999999999999957e+01,2.954154920376580451e-01,3.823831533762208634e-01,8.816400988948570605e-01,-1.048986896606704106e-01,3.711353808578544133e-01,9.382542197437638842e-01
2.303000000000000114e+01,2.954261895974895080e-01,3.818718920161764396e-01,8.812716490783872869e-01,-1.048833055193800073e-01,3.711277515151163442e-01,9.382555726689301157e-01
2.303999999999999915e+01,2.954113987261876573e-01,3.813400658105793872e-01,8.809012796187223326e-01,-1.048709629885321848e-01,3.711227798453266558e-01,9.382569012468817693e-01
2.305000000000000071e+01,2.953704927283042903e-01,3.808860170502262887e-01,8.805810489742008640e-01,-1.048625704357310506e-01,3.711206019107543552e-01,9.382582222373672121e-01
2.305999999999999872e+01,2.953084031279804011e-01,3.805276514036509683e-01,8.803167454438858286e-01,-1.048573801665449445e-01,3.711200994094541183e-01,9.382593910061785003e-01
2.307000000000000028e+01,2.952262606586651406e-01,3.802478885754738691e-01,8.800960690804147113e-01,-1.048547590726277706e-01,3.711203070239402768e-01,9.382602776525960087e-01
2.308000000000000185e+01,2.951222692750268828e-01,3.800273075318802984e-01,8.799048840107532854e-01,-1.048547430261674157e-01,3.711208624128590206e-01,9.382607396975476410e-01
2.308999999999999986e+01,2.949936945649099251e-01,3.798509748741682457e-01,8.797319354768884381e-01,-1.048574320677853472e-01,3.711215998049583464e-01,9.382606976289437073e-01
2.310000000000000142e+01,2.948401119470020482e-01,3.797116313526477382e-01,8.795703472633950026e-01,-1.048630895634578564e-01,3.711224809885937392e-01,9.382600162604788352e-01
2.310999999999999943e+01,2.946625585409866077e-01,3.796067006975604730e-01,8.794168747812851628e-01,-1.048719965371547741e-01,3.711235465457049520e-01,9.382586142320499256e-01
2.312000000000000099e+01,2.944585673032880102e-01,3.795281617586532819e-01,8.792669435152595803e-01,-1.048842786443123509e-01,3.711248239455091635e-01,9.382564313733960937e-01
2.312999999999999901e+01,2.942296207795915830e-01,3.794745082896307520e-01,8.791192130037915886e-01,-1.049002576586039737e-01,3.711264141147089801e-01,9.382533779405359819e-01
2.314000000000000057e+01,2.939722827800954619e-01,3.794409404833558042e-01,8.789715790877853374e-01,-1.049200745644839339e-01,3.711283639517927169e-01,9.382494039954785148e-01
2.315000000000000213e+01,2.936864126392082497e-01,3.794265856474068888e-01,8.788238500676408549e-01,-1.049439562018899263e-01,3.711307636878794503e-01,9.382444531365712326e-01
2.316000000000000014e+01,2.933779854059678227e-01,3.794341606973343772e-01,8.786772989931819211e-01,-1.049723831074149960e-01,3.711337361386888301e-01,9.382384130998790983e-01
2.317000000000000171e+01,2.930490983300064745e-01,3.794619830729873411e-01,8.785317284920270975e-01,-1.050057646778561615e-01,3.711373396887780451e-01,9.382311778165549621e-01
2.317999999999999972e+01,2.926972808343796251e-01,3.795063109301746174e-01,8.783858646920776891e-01,-1.050443555722417183e-01,3.711415674530932907e-01,9.382226720008273180e-01
2.319000000000000128e+01,2.923186856992437965e-01,3.795651122004499167e-01,8.782392967689385266e-01,-1.050882309303834417e-01,3.711463645165347658e-01,9.382128463899767068e-01
2.319999999999999929e+01,2.919131092833570640e-01,3.796383012093238474e-01,8.780926662440451391e-01,-1.051375080399549605e-01,3.711517054399377513e-01,9.382016389570554393e-01
2.321000000000000085e+01,2.914806974809056039e-01,3.797249047860394855e-01,8.779463121596746689e-01,-1.051923052739973524e-01,3.711575782601607698e-01,9.381889898183699561e-01
2.321999999999999886e+01,2.910194335155811274e-01,3.798231459481684058e-01,8.777999859430809515e-01,-1.052525804884006655e-01,3.711639288356133881e-01,9.381748720881784021e-01
2.323000000000000043e+01,2.905265096996944019e-01,3.799314702635023799e-01,8.776534247425074042e-01,-1.053180992709537855e-01,3.711706566945093266e-01,9.381592914052108156e-01
2.324000000000000199e+01,2.900008698281051345e-01,3.800488732195086983e-01,8.775068165149226829e-01,-1.053885964720562007e-01,3.711776771110327222e-01,9.381422585246718127e-01
2.325000000000000000e+01,2.894435611420409504e-01,3.801733179236823079e-01,8.773600299087669363e-01,-1.054638991872476478e-01,3.711849586349934005e-01,9.381237733040594939e-01
2.326000000000000156e+01,2.888520914969214815e-01,3.803054813007001878e-01,8.772148743507482971e-01,-1.055438941370158007e-01,3.711925149278087477e-01,9.381038422421753564e-01
2.326999999999999957e+01,2.882259451046264020e-01,3.804453989442135309e-01,8.770724956523117122e-01,-1.056283938730928074e-01,3.712003358696422395e-01,9.380824935322886748e-01
2.328000000000000114e+01,2.875657831239136764e-01,3.805920496071386050e-01,8.769334006708723317e-01,-1.057172216122392039e-01,3.712084108616236500e-01,9.380597521451403686e-01
2.328999999999999915e+01,2.868722263517809457e-01,3.807441926148704137e-01,8.767979997635658718e-01,-1.058102303856825327e-01,3.712167270764177851e-01,9.380356365743485192e-01
2.330000000000000071e+01,2.861457806382763924e-01,3.809007941656634144e-01,8.766667668778869160e-01,-1.059072812899697347e-01,3.712252659958180656e-01,9.380101653901024017e-01
2.330999999999999872e+01,2.853869505972691512e-01,3.810609348579334643e-01,8.765402018924013383e-01,-1.060082287422497854e-01,3.712340065406690703e-01,9.379833619192787797e-01
2.332000000000000028e+01,2.846038485503193383e-01,3.812259756021138535e-01,8.764192731343296572e-01,-1.061130706431656356e-01,3.712430607161745222e-01,9.379552606840458884e-01
2.333000000000000185e+01,2.839268997493610280e-01,3.814103055846179147e-01,8.763015179651656439e-01,-1.062248571203700948e-01,3.712537320017502140e-01,9.379253066919479576e-01
2.333999999999999986e+01,2.833163843430549500e-01,3.815851460910540949e-01,8.761811010521527443e-01,-1.063466487051153292e-01,3.712664454331003339e-01,9.378929195571570343e-01
2.335000000000000142e+01,2.827056616235608111e-01,3.817573213733778115e-01,8.760657407930271257e-01,-1.064784936265076309e-01,3.712805733209600945e-01,9.378581600777136096e-01
2.335999999999999943e+01,2.820813975401310625e-01,3.819351415571251018e-01,8.759585134453711230e-01,-1.066191037863001567e-01,3.712952880855961424e-01,9.378211545196761811e-01
2.337000000000000099e+01,2.814782666653422583e-01,3.821391760274997496e-01,8.758684338675875036e-01,-1.067698604084658248e-01,3.713106246007046862e-01,9.377814641134335494e-01
2.337999999999999901e+01,2.809008350556542744e-01,3.823572645694692240e-01,8.757912405308547754e-01,-1.069319721278285396e-01,3.713268871488049627e-01,9.377388549361833636e-01
2.339000000000000057e+01,2.803249565959602396e-01,3.825776764518427076e-01,8.757216853991703909e-01,-1.071046324843833997e-01,3.713439287446999026e-01,9.376934718913603195e-01
2.340000000000000213e+01,2.797421177594622832e-01,3.828005016094698787e-01,8.756585097996318900e-01,-1.072867600565829138e-01,3.713614808114288901e-01,9.376454577329120799e-01
2.341000000000000014e+01,2.791517834642294749e-01,3.830258210546788611e-01,8.756007160541112722e-01,-1.074774262871209807e-01,3.713793682929594220e-01,9.375949145821083075e-01
2.342000000000000171e+01,2.785533868891966747e-01,3.832539668216271012e-01,8.755478541033323570e-01,-1.076758351023976018e-01,3.713974773386424788e-01,9.375419393146682268e-01
2.342999999999999972e+01,2.779477031164783729e-01,3.834841591341687228e-01,8.754995840798105444e-01,-1.078813392475468647e-01,3.714157682230790902e-01,9.374866231106988579e-01
2.344000000000000128e+01,2.773362349600755894e-01,3.837154234186062052e-01,8.754555678044593225e-01,-1.080935309493483293e-01,3.714343256902487012e-01,9.374290700920893116e-01
2.344999999999999929e+01,2.767199980897276368e-01,3.839474821442152574e-01,8.754157495112627752e-01,-1.083118971580398215e-01,3.714530750764813982e-01,9.373693612805731323e-01
2.346000000000000085e+01,2.761017566920953570e-01,3.841793161162648795e-01,8.753802576989275774e-01,-1.085360252657294050e-01,3.714718183665295381e-01,9.373074841581395811e-01
2.346999999999999886e+01,2.754809741586695671e-01,3.844097296937789565e-01,8.753490072702434510e-01,-1.087655924494526360e-01,3.714905317897628234e-01,9.372435091876707425e-01
2.348000000000000043e+01,2.748566989321191700e-01,3.846387514040534583e-01,8.753220305440733151e-01,-1.090000753466044692e-01,3.715091352464682251e-01,9.371775533543594827e-01
2.349000000000000199e+01,2.742311236791830087e-01,3.848665180582712675e-01,8.752996107970291151e-01,-1.092390072302669574e-01,3.715275647035939932e-01,9.371097112016143482e-01
2.350000000000000000e+01,2.736068938523819605e-01,3.850914965589988803e-01,8.752818871595962058e-01,-1.094822079145259391e-01,3.715458785513781059e-01,9.370400373285862061e-01
2.351000000000000156e+01,2.729818201788930532e-01,3.853125247260145714e-01,8.752688277254444538e-01,-1.097293722602789012e-01,3.715640496285261829e-01,9.369686217064228106e-01
2.351999999999999957e+01,2.723547592332195566e-01,3.855294352368972555e-01,8.752603290545701853e-01,-1.099799787083932806e-01,3.715819609548880464e-01,9.368955794623730071e-01
2.353000000000000114e+01,2.717258248433371826e-01,3.857422314162634591e-01,8.752563104696666763e-01,-1.102334613722426443e-01,3.715994927595396291e-01,9.368210247179500350e-01
2.353999999999999915e+01,2.710950164748986424e-01,3.859507987945969276e-01,8.752567639633801466e-01,-1.104892656978259807e-01,3.716165534294887385e-01,9.367450743416561032e-01
2.355000000000000071e+01,2.704616853194267700e-01,3.861549718689444299e-01,8.752617864846465867e-01,-1.107468327986801115e-01,3.716330737233798920e-01,9.366678549711624502e-01
2.355999999999999872e+01,2.698249625376466510e-01,3.863545834496816545e-01,8.752714947661117684e-01,-1.110055768543619231e-01,3.716489951744540998e-01,9.365895058641002802e-01
2.357000000000000028e+01,2.691845688775731937e-01,3.865494331581624254e-01,8.752858807090403426e-01,-1.112648761327692942e-01,3.716642552946533007e-01,9.365101745984900639e-01
2.358000000000000185e+01,2.685408953064352677e-01,3.867394089935303758e-01,8.753049939665975554e-01,-1.115241465497766732e-01,3.716788130088776176e-01,9.364300047971239049e-01
2.358999999999999986e+01,2.678938239858083548e-01,3.869246673767559042e-01,8.753288104726774099e-01,-1.117827744195110246e-01,3.716926381163256354e-01,9.363491541304839183e-01
2.360000000000000142e+01,2.672431119150798229e-01,3.871048336375203514e-01,8.753572775552425078e-01,-1.120401286397358365e-01,3.717056982564697076e-01,9.362677842112572257e-01
2.360999999999999943e+01,2.665872282068821875e-01,3.872788286363847421e-01,8.753905848088334718e-01,-1.122957034152983202e-01,3.717179724502173710e-01,9.361860362079779119e-01
2.362000000000000099e+01,2.659269189896127927e-01,3.874460160044347345e-01,8.754285406471263853e-01,-1.125490544224627409e-01,3.717294615231800381e-01,9.361040488759758693e-01
2.362999999999999901e+01,2.652636232342419631e-01,3.876061612117627231e-01,8.754711090007952778e-01,-1.127997941295601769e-01,3.717401750431901242e-01,9.360219529196620591e-01
2.364000000000000057e+01,2.645980058411241398e-01,3.877593297017534746e-01,8.755181509085170344e-01,-1.130475358312421630e-01,3.717501259992739282e-01,9.359398833495672365e-01
2.365000000000000213e+01,2.639300126419741876e-01,3.879054699747597201e-01,8.755695233393475663e-01,-1.132918075362175231e-01,3.717593036057631473e-01,9.358579899463131957e-01
2.366000000000000014e+01,2.632603834255877739e-01,3.880430218368728923e-01,8.756245877044332993e-01,-1.135322611248307662e-01,3.717677024034943267e-01,9.357763929780005263e-01
2.367000000000000171e+01,2.625876914016992969e-01,3.881703939270232939e-01,8.756829199592501833e-01,-1.137685903093530182e-01,3.717753287830535269e-01,9.356952130955703550e-01
2.367999999999999972e+01,2.619133498660512482e-01,3.882886092011866297e-01,8.757445042516758260e-01,-1.140005094453701157e-01,3.717822383837379729e-01,9.356145804613702488e-01
2.369000000000000128e+01,2.612387919507770384e-01,3.883978161345392754e-01,8.758090733176323583e-01,-1.142276626161214392e-01,3.717883866461908493e-01,9.355346083416766767e-01
2.369999999999999929e+01,2.605642935685803518e-01,3.884974911122121566e-01,8.758764089753617865e-01,-1.144497796087678154e-01,3.717937835819749015e-01,9.354554066669207302e-01
2.371000000000000085e+01,2.598902079272225607e-01,3.885874576070579844e-01,8.759463713288423437e-01,-1.146666540411246243e-01,3.717984432288911623e-01,9.353770570439644549e-01
2.371999999999999886e+01,2.592169751538255240e-01,3.886675966053656506e-01,8.760187831725336771e-01,-1.148780809711270889e-01,3.718023443661497840e-01,9.352996158341656541e-01
2.373000000000000043e+01,2.585447585799616754e-01,3.887378940732525989e-01,8.760934927771737435e-01,-1.150837906224155271e-01,3.718055668640104505e-01,9.352232724271376529e-01
2.374000000000000199e+01,2.578717992487524757e-01,3.887986666201276864e-01,8.761706821294277248e-01,-1.152834572419190184e-01,3.718081443830837385e-01,9.351481866058286574e-01
2.375000000000000000e+01,2.571984244865365143e-01,3.888497632875910215e-01,8.762505648538653213e-01,-1.154768858545252297e-01,3.718100491431994281e-01,9.350744069804194369e-01
2.376000000000000156e+01,2.565255443911518829e-01,3.888934827580939335e-01,8.763348920234090844e-01,-1.156642409254703546e-01,3.718114507588922146e-01,9.350019737485195659e-01
2.376999999999999957e+01,2.558544071569243128e-01,3.889300052424791154e-01,8.764237077058405490e-01,-1.158455866889572666e-01,3.718124859850368558e-01,9.349309577369853130e-01
2.378000000000000114e+01,2.551868463628681472e-01,3.889586670833637405e-01,8.765160737433093097e-01,-1.160209461729863473e-01,3.718132652236940117e-01,9.348613902359101946e-01
2.378999999999999915e+01,2.545252843165869971e-01,3.889794339143606838e-01,8.766111476539558689e-01,-1.161902742733839783e-01,3.718139251100854858e-01,9.347933486958804883e-01
2.380000000000000071e+01,2.538245726394999791e-01,3.889805426277958555e-01,8.767162946137552204e-01,-1.163530421191604214e-01,3.718147830720864300e-01,9.347271242388118795e-01
2.380999999999999872e+01,2.529839403599378755e-01,3.889405714135540926e-01,8.768464695191802161e-01,-1.165076052115505550e-01,3.718164319641468762e-01,9.346633664879966386e-01
2.382000000000000028e+01,2.528306405644235588e-01,3.889743405426669964e-01,8.768712585862640241e-01,-1.165479005199000911e-01,3.718208800033257488e-01,9.346294287920084987e-01
2.383000000000000185e+01,2.529090438720233425e-01,3.890233139560712594e-01,8.768760898885569199e-01,-1.164997817198450414e-01,3.718262307992542537e-01,9.346142639068405478e-01
2.383999999999999986e+01,2.529216753137157880e-01,3.890670833591993172e-01,8.769027031603738864e-01,-1.164161570921395106e-01,3.718329454532841027e-01,9.346078409825201438e-01
2.385000000000000142e+01,2.528957735408836616e-01,3.891094484892040906e-01,8.769393222955433886e-01,-1.163163483854083857e-01,3.718386562318558020e-01,9.346065621511299160e-01
2.385999999999999943e+01,2.528628945131751182e-01,3.891473323956998742e-01,8.769747401116552155e-01,-1.162093894165790869e-01,3.718408084490348320e-01,9.346082081939112163e-01
2.387000000000000099e+01,2.528322140207090452e-01,3.891790105625292928e-01,8.770051089277584033e-01,-1.161001313158764314e-01,3.718381718363494293e-01,9.346114816400137304e-01
2.387999999999999901e+01,2.528037094016725161e-01,3.892049882045048315e-01,8.770305979927023321e-01,-1.159912024922231111e-01,3.718307087959039636e-01,9.346157170481558252e-01
2.389000000000000057e+01,2.527757968684520296e-01,3.892259992075278174e-01,8.770521600300650311e-01,-1.158840081623514623e-01,3.718191466852401317e-01,9.346206246517168026e-01
2.390000000000000213e+01,2.527473394452487976e-01,3.892429931369751905e-01,8.770708036012551112e-01,-1.157792583862609220e-01,3.718045505394989014e-01,9.346261220768221634e-01
2.391000000000000014e+01,2.527175686973153201e-01,3.892566135258637150e-01,8.770872672135228143e-01,-1.156772645749307438e-01,3.717880145831680694e-01,9.346322233635755428e-01
2.392000000000000171e+01,2.526861431674310987e-01,3.892672569460524645e-01,8.771020399763587161e-01,-1.155780976708767754e-01,3.717704905511196034e-01,9.346389762393019218e-01
2.392999999999999972e+01,2.526528307962579989e-01,3.892751947574889515e-01,8.771154696894113423e-01,-1.154817051895149355e-01,3.717527191635914829e-01,9.346464270675665098e-01
2.394000000000000128e+01,2.526174385588810800e-01,3.892806349615040573e-01,8.771278171226324361e-01,-1.153879754839130800e-01,3.717352123511818429e-01,9.346546004817217757e-01
2.394999999999999929e+01,2.525798868561207611e-01,3.892837448194114702e-01,8.771392651029307208e-01,-1.152967239591992793e-01,3.717182360298170174e-01,9.346634818098171760e-01
2.396000000000000085e+01,2.525402832755503368e-01,3.892851138926234356e-01,8.771500962839666737e-01,-1.152077472046302842e-01,3.717019478423610468e-01,9.346730562624990801e-01
2.396999999999999886e+01,2.524982170576091089e-01,3.892845092913296279e-01,8.771603949996831240e-01,-1.151209806053487827e-01,3.716864070467012504e-01,9.346832811502269189e-01
2.398000000000000043e+01,2.524534581710428105e-01,3.892817068166674055e-01,8.771701304708163782e-01,-1.150364036436224424e-01,3.716717068262318513e-01,9.346941370336941945e-01
2.399000000000000199e+01,2.524059305380541018e-01,3.892768815252047321e-01,8.771793975011693556e-01,-1.149539959091738506e-01,3.716578883122363397e-01,9.347055915127266967e-01
2.400000000000000000e+01,2.523555826183641049e-01,3.892702335452375983e-01,8.771883085390179691e-01,-1.148737061222936950e-01,3.716448904302978584e-01,9.347175799272496866e-01
2.401000000000000156e+01,2.523023591799388177e-01,3.892618836532037996e-01,8.771969430783170818e-01,-1.147954811402390335e-01,3.716326385256427667e-01,9.347300356402856725e-01
2.401999999999999957e+01,2.522461980459947961e-01,3.892518981204458051e-01,8.772053551075439382e-01,-1.147192747122214307e-01,3.716210698515808875e-01,9.347428968652465864e-01
2.403000000000000114e+01,2.521870333898908467e-01,3.892403213338602175e-01,8.772135867051937819e-01,-1.146450459779806419e-01,3.716101355904098402e-01,9.347561074336765419e-01
2.403999999999999915e+01,2.521247996207455211e-01,3.892271983356692666e-01,8.772216781460097090e-01,-1.145727567250541673e-01,3.715997972933602345e-01,9.347696163233240041e-01
2.405000000000000071e+01,2.520594331089289764e-01,3.892125782506441478e-01,8.772296700812191039e-01,-1.145023695434630451e-01,3.715900227945981849e-01,9.347833768908602181e-01
2.406000000000000227e+01,2.519908724970085778e-01,3.891965106401648611e-01,8.772376024074955980e-01,-1.144338471632014159e-01,3.715807832035156744e-01,9.347973461810943352e-01
2.407000000000000028e+01,2.519190585193269993e-01,3.891790421860765736e-01,8.772455130847155447e-01,-1.143671526325361343e-01,3.715720512173638079e-01,9.348114844314130423e-01
2.408000000000000185e+01,2.518439338563540075e-01,3.891602148436382191e-01,8.772534375003425700e-01,-1.143022496883633748e-01,3.715638002113060834e-01,9.348257546408469398e-01
2.408999999999999986e+01,2.517654430341016436e-01,3.891400650727440680e-01,8.772614082692122839e-01,-1.142391030821622577e-01,3.715560038974209389e-01,9.348401222415051448e-01
2.410000000000000142e+01,2.516835323537160440e-01,3.891186236851355007e-01,8.772694552750301966e-01,-1.141776787960596951e-01,3.715486363616880561e-01,9.348545548676060468e-01
2.410999999999999943e+01,2.515981498432927066e-01,3.890959160202826506e-01,8.772776058252486076e-01,-1.141179441445887566e-01,3.715416723034463686e-01,9.348690222001201366e-01
2.412000000000000099e+01,2.515092452282065572e-01,3.890719622877617523e-01,8.772858848484367256e-01,-1.140598677827891205e-01,3.715350873380973695e-01,9.348834958610858781e-01
2.412999999999999901e+01,2.514167699192530470e-01,3.890467779840479645e-01,8.772943150972449811e-01,-1.140034196493418805e-01,3.715288582695344122e-01,9.348979493345219716e-01
2.414000000000000057e+01,2.513206768646096823e-01,3.890203733114925844e-01,8.773029169659842808e-01,-1.139485708623313304e-01,3.715229632802939386e-01,9.349123578986714422e-01
2.415000000000000213e+01,2.512209205003652635e-01,3.889927539383808419e-01,8.773117087648264478e-01,-1.138952936699131058e-01,3.715173820571958663e-01,9.349266985477092673e-01
2.416000000000000014e+01,2.511174576767974953e-01,3.889639258648377451e-01,8.773207085345724465e-01,-1.138435613086922343e-01,3.715120957738755614e-01,9.349409499215486363e-01
2.417000000000000171e+01,2.510102507456173915e-01,3.889338976084791288e-01,8.773299318409846226e-01,-1.137933475743732881e-01,3.715070869136875009e-01,9.349550922778527839e-01
2.417999999999999972e+01,2.508992907981629772e-01,3.889027411134429180e-01,8.773394025408018937e-01,-1.137446245284426949e-01,3.715023382537191443e-01,9.349691077055818367e-01
2.419000000000000128e+01,2.507845354912872082e-01,3.888704712530268170e-01,8.773491566463512692e-01,-1.136973650852944051e-01,3.714978337435347888e-01,9.349829794281463435e-01
2.419999999999999929e+01,2.506659104221858336e-01,3.888369668290733716e-01,8.773591814171934899e-01,-1.136515476779983991e-01,3.714935610378778397e-01,9.349966915891319008e-01
2.421000000000000085e+01,2.505433794052835950e-01,3.888021896317162551e-01,8.773694679371260019e-01,-1.136071518110334799e-01,3.714895090068850991e-01,9.350102297289470954e-01
2.421999999999999886e+01,2.504169153518774338e-01,3.887661432070333434e-01,8.773800267622506865e-01,-1.135641560082631396e-01,3.714856661965114104e-01,9.350235805516993182e-01
2.423000000000000043e+01,2.502864921224252637e-01,3.887288287315755486e-01,8.773908701325880966e-01,-1.135225359124325539e-01,3.714820142188584029e-01,9.350367289960663797e-01
2.424000000000000199e+01,2.501520844137054556e-01,3.886902397162305123e-01,8.774020074775925604e-01,-1.134822575050573878e-01,3.714785053135239989e-01,9.350496487109885013e-01
2.425000000000000000e+01,2.500136677447594713e-01,3.886503647557784102e-01,8.774134456771437440e-01,-1.134432961661552275e-01,3.714751156437282043e-01,9.350623220916896017e-01
2.426000000000000156e+01,2.498712193935117010e-01,3.886091893775549533e-01,8.774251896617646373e-01,-1.134056334308673336e-01,3.714718448582973731e-01,9.350747421482490385e-01
2.426999999999999957e+01,2.497247206883954629e-01,3.885666981481741278e-01,8.774372429857734135e-01,-1.133692635307126939e-01,3.714687530164957896e-01,9.350869328931624702e-01
2.428000000000000114e+01,2.495741544698468484e-01,3.885228740146523529e-01,8.774496081575025030e-01,-1.133341806205305363e-01,3.714658836865614155e-01,9.350989089829758738e-01
2.428999999999999915e+01,2.494195626072451544e-01,3.884777087433364251e-01,8.774622821345501311e-01,-1.133003187164691450e-01,3.714632011973568737e-01,9.351106687442917176e-01
2.430000000000000071e+01,2.492609075790398476e-01,3.884311756244472336e-01,8.774752670350230987e-01,-1.132676464733449462e-01,3.714606806316056997e-01,9.351222059799881858e-01
2.431000000000000227e+01,2.490981405797025039e-01,3.883832521559989481e-01,8.774885669176674119e-01,-1.132361637447116681e-01,3.714583121523366560e-01,9.351335140749396091e-01
2.432000000000000028e+01,2.489312557846485863e-01,3.883339227634045043e-01,8.775021815622909838e-01,-1.132058647953275016e-01,3.714560851059712232e-01,9.351445822297259625e-01
2.433000000000000185e+01,2.487602557835029704e-01,3.882831694696395886e-01,8.775161085551698159e-01,-1.131767461954486659e-01,3.714539831121244640e-01,9.351553847394975527e-01
2.433999999999999986e+01,2.485851433619672979e-01,3.882309735055080591e-01,8.775303451780841479e-01,-1.131487938899352341e-01,3.714519876013219757e-01,9.351658939971451145e-01
2.435000000000000142e+01,2.484059217379827045e-01,3.881773163896786172e-01,8.775448886612690069e-01,-1.131219843762637234e-01,3.714500944899198909e-01,9.351761007643027979e-01
2.435999999999999943e+01,2.482225931612939973e-01,3.881221802936924425e-01,8.775597364836674741e-01,-1.130963071952045124e-01,3.714483018066426778e-01,9.351859876267767380e-01
2.437000000000000099e+01,2.480351533459186075e-01,3.880655865684569106e-01,8.775749276019498835e-01,-1.130717277746060567e-01,3.714465966811122954e-01,9.351955550499573278e-01
2.437999999999999901e+01,2.478433937512427854e-01,3.880080039248908208e-01,8.775910564197468844e-01,-1.130482689619268372e-01,3.714449746743525571e-01,9.352047928268443222e-01
2.439000000000000057e+01,2.476471346598322909e-01,3.879495054085243533e-01,8.776084297637383180e-01,-1.130259820577527996e-01,3.714434473906757517e-01,9.352136899073597576e-01
2.440000000000000213e+01,2.474463488192346350e-01,3.878898872165111866e-01,8.776269123370097347e-01,-1.130048728829455840e-01,3.714420015265297303e-01,9.352222491817246963e-01
2.441000000000000014e+01,2.472232863945342252e-01,3.878234825555456622e-01,8.776494834571118009e-01,-1.129849765841920567e-01,3.714405695462228985e-01,9.352304499906352042e-01
2.442000000000000171e+01,2.468874131560362117e-01,3.877210232317856997e-01,8.776882953477914695e-01,-1.129660669235960924e-01,3.714389899762111091e-01,9.352383715878079817e-01
2.442999999999999972e+01,2.465028107980340166e-01,3.876022466147902579e-01,8.777303312059847595e-01,-1.129471502548627798e-01,3.714376101124925444e-01,9.352463670040931376e-01
2.444000000000000128e+01,2.461149586634609754e-01,3.874807576775186058e-01,8.777701803842262729e-01,-1.129279330332396553e-01,3.714363605550884961e-01,9.352543989061951057e-01
2.444999999999999929e+01,2.457306615086649881e-01,3.873586001674300117e-01,8.778081921152923739e-01,-1.129086317783955101e-01,3.714351354129243887e-01,9.352623431538275023e-01
2.446000000000000085e+01,2.453467153491442621e-01,3.872352147987910276e-01,8.778455209964861616e-01,-1.128894812960798411e-01,3.714339346202428227e-01,9.352701472168554186e-01
2.446999999999999886e+01,2.449601817296807871e-01,3.871099759182364264e-01,8.778828530066935532e-01,-1.128705954245167176e-01,3.714327725293748439e-01,9.352778048656300580e-01
2.448000000000000043e+01,2.445694365130186843e-01,3.869823067817358409e-01,8.779204155450026636e-01,-1.128520072583932277e-01,3.714316492257620506e-01,9.352853227924771140e-01
2.449000000000000199e+01,2.441734863408222544e-01,3.868516637051928608e-01,8.779582331469013567e-01,-1.128337149362325931e-01,3.714305571429090125e-01,9.352927093015135362e-01
2.450000000000000000e+01,2.437715845076103838e-01,3.867175853910131411e-01,8.779962937780917409e-01,-1.128157039108733523e-01,3.714294892769101630e-01,9.352999725727689784e-01
2.451000000000000156e+01,2.433631468349404803e-01,3.865797185043045592e-01,8.780346025783396513e-01,-1.127979561315353707e-01,3.714284422085490367e-01,9.353071205288957524e-01
2.451999999999999957e+01,2.429477634058018198e-01,3.864378202805467954e-01,8.780731841438595975e-01,-1.127804546207380604e-01,3.714274159798988673e-01,9.353141604269868958e-01
2.453000000000000114e+01,2.425250454214692986e-01,3.862916842562235109e-01,8.781120831316354680e-01,-1.127631828854493146e-01,3.714264123375902726e-01,9.353210991278443354e-01
2.453999999999999915e+01,2.420944442708513611e-01,3.861410475062435066e-01,8.781513609727568115e-01,-1.127461207946083704e-01,3.714254332969832983e-01,9.353279443343885946e-01
2.455000000000000071e+01,2.416553245249293547e-01,3.859856217717013704e-01,8.781910910400805292e-01,-1.127292438861166590e-01,3.714244810619443671e-01,9.353347049183590167e-01
2.456000000000000227e+01,2.412070551224248238e-01,3.858251349376199957e-01,8.782313601782905099e-01,-1.127125254673845833e-01,3.714235581063566882e-01,9.353413902947325109e-01
2.457000000000000028e+01,2.407490797194239418e-01,3.856594116081026313e-01,8.782723140354535829e-01,-1.126959464704719582e-01,3.714226692800129959e-01,9.353480081702016946e-01
2.458000000000000185e+01,2.402810027547809535e-01,3.854884041479108014e-01,8.783141365202611350e-01,-1.126794997343775473e-01,3.714218215776400878e-01,9.353545636555300469e-01
2.458999999999999986e+01,2.398026802826194459e-01,3.853121534177918472e-01,8.783569616170366912e-01,-1.126631780935371807e-01,3.714210193768640589e-01,9.353610613870864121e-01
2.460000000000000142e+01,2.393143374004861323e-01,3.851308750896229038e-01,8.784008969694381275e-01,-1.126469778252609522e-01,3.714202644531588993e-01,9.353675041512903299e-01
2.460999999999999943e+01,2.388141169140760578e-01,3.849442362342619384e-01,8.784464468946134863e-01,-1.126308945188203570e-01,3.714195570483356801e-01,9.353738932110038373e-01
2.462000000000000099e+01,2.382882348470106437e-01,3.847480423400189142e-01,8.784958025111653246e-01,-1.126147981826734201e-01,3.714189085914960109e-01,9.353802730132620979e-01
2.462999999999999901e+01,2.377421871226642336e-01,3.845441333744552548e-01,8.785483060267976763e-01,-1.125986521172241683e-01,3.714183627278700994e-01,9.353866746633103801e-01
2.464000000000000057e+01,2.371818577020053109e-01,3.843344387820102903e-01,8.786032962393663936e-01,-1.125824822155915700e-01,3.714179086949911390e-01,9.353930775742267389e-01
2.465000000000000213e+01,2.365932411848322980e-01,3.841142837298408552e-01,8.786628546585979471e-01,-1.125661729934930716e-01,3.714175398422066565e-01,9.353995059357549380e-01
2.466000000000000014e+01,2.359651816939881408e-01,3.838768652279720417e-01,8.787273056763292844e-01,-1.125495860188457931e-01,3.714172777967016947e-01,9.354060043567439253e-01
2.467000000000000171e+01,2.352923186578035897e-01,3.836185699562663087e-01,8.787963694270518600e-01,-1.125325119975223720e-01,3.714171641149324743e-01,9.354126317111404187e-01
2.467999999999999972e+01,2.345872129836580056e-01,3.833453261319749172e-01,8.788684403183774085e-01,-1.125147717258015156e-01,3.714171822929424049e-01,9.354194204070909180e-01
2.469000000000000128e+01,2.338723157015248355e-01,3.830673954749281296e-01,8.789417223817426184e-01,-1.124963260714768598e-01,3.714172260655395075e-01,9.354263314478037383e-01
2.469999999999999929e+01,2.331577918598417010e-01,3.827890719488871718e-01,8.790157391676576282e-01,-1.124772974966870703e-01,3.714172337596540752e-01,9.354333282486342327e-01
2.471000000000000085e+01,2.324468013582417225e-01,3.825117467077982503e-01,8.790904439346003407e-01,-1.124578450824418180e-01,3.714171739215277879e-01,9.354403889565213737e-01
2.471999999999999886e+01,2.317401384221690619e-01,3.822358695125554484e-01,8.791658390344951890e-01,-1.124380853119514162e-01,3.714170220107255171e-01,9.354475025598183446e-01
2.473000000000000043e+01,2.310379710957961297e-01,3.819615667837479855e-01,8.792418897275485756e-01,-1.124181034039847260e-01,3.714167713180412944e-01,9.354546575869249203e-01
2.474000000000000199e+01,2.303403074705766551e-01,3.816888357039147639e-01,8.793185333276027915e-01,-1.123979524813071840e-01,3.714164232646022246e-01,9.354618445552705941e-01
2.475000000000000000e+01,2.296469988115503735e-01,3.814175642686654100e-01,8.793957038229706091e-01,-1.123776614319481615e-01,3.714159839755325487e-01,9.354690580716702453e-01
2.476000000000000156e+01,2.289571110491461226e-01,3.811472279046766998e-01,8.794733839965895861e-01,-1.123572336191963617e-01,3.714154616144320076e-01,9.354762981220576812e-01
2.476999999999999957e+01,2.282688810515059175e-01,3.808769307131187332e-01,8.795516426433206414e-01,-1.123366493482777090e-01,3.714148678514202495e-01,9.354835708669179128e-01
2.478000000000000114e+01,2.275803606622597841e-01,3.806057333230794537e-01,8.796306012562523646e-01,-1.123158740771159070e-01,3.714142183477195935e-01,9.354908870124820641e-01
2.478999999999999915e+01,2.268896150436705561e-01,3.803326878565642111e-01,8.797104042275404323e-01,-1.122948645469386691e-01,3.714135301886798413e-01,9.354982599537725596e-01
2.480000000000000071e+01,2.261936863885793403e-01,3.800561915996233942e-01,8.797912574011808040e-01,-1.122735658591537816e-01,3.714128166211744242e-01,9.355057058097726586e-01
2.481000000000000227e+01,2.254886511203623434e-01,3.797742377743334452e-01,8.798735076977420855e-01,-1.122519133854689433e-01,3.714120881608292679e-01,9.355132431105487312e-01
2.482000000000000028e+01,2.247707891417346782e-01,3.794851596260503945e-01,8.799576270820369528e-01,-1.122298362721129150e-01,3.714113587513240833e-01,9.355208935370112888e-01
2.483000000000000185e+01,2.240379912726284395e-01,3.791881763504007519e-01,8.800439972132487743e-01,-1.122072666578471933e-01,3.714106437630392277e-01,9.355286783539231710e-01
2.483999999999999986e+01,2.232898725629097747e-01,3.788836730456076607e-01,8.801330779844314112e-01,-1.121841674675950196e-01,3.714099592730810695e-01,9.355366113574667963e-01
2.485000000000000142e+01,2.225279040994806723e-01,3.785738666302337907e-01,8.802257550683276754e-01,-1.121605753791635185e-01,3.714093357470227286e-01,9.355446946368305428e-01
2.485999999999999943e+01,2.217557027869936914e-01,3.782615798648394367e-01,8.803223314281725109e-01,-1.121365172894899370e-01,3.714087764326584051e-01,9.355529269770085365e-01
2.487000000000000099e+01,2.209748648015606720e-01,3.779476455288218184e-01,8.804227216441790071e-01,-1.121119596782179373e-01,3.714082481032926486e-01,9.355613127759345726e-01
2.487999999999999901e+01,2.201643849970574274e-01,3.776225299442046990e-01,8.805301433925811772e-01,-1.120867454679431718e-01,3.714077088288232353e-01,9.355698815137332147e-01
2.489000000000000057e+01,2.192124800154323094e-01,3.772361967018094675e-01,8.806628421254959482e-01,-1.120605850791605157e-01,3.714072418866817271e-01,9.355787426893872327e-01
2.490000000000000213e+01,2.180932262317908099e-01,3.767845445910862900e-01,8.808245312756963763e-01,-1.120329070432921487e-01,3.714073233610744595e-01,9.355882563099870985e-01
2.491000000000000014e+01,2.168380869379524234e-01,3.762898714552161405e-01,8.810144151770827881e-01,-1.120028080699257134e-01,3.714079833793955121e-01,9.355986021521485174e-01
2.492000000000000171e+01,2.154248492897927469e-01,3.757429745178244573e-01,8.812424834254553030e-01,-1.119697478574492172e-01,3.714089022601507195e-01,9.356097198423211081e-01
2.492999999999999972e+01,2.135499436544859297e-01,3.750187861323812100e-01,8.815629693825257629e-01,-1.119329628866718024e-01,3.714106437822301543e-01,9.356220744914094389e-01
2.494000000000000128e+01,2.114461670243520386e-01,3.742350688538346182e-01,8.819323043397673256e-01,-1.118889619627707471e-01,3.714133167841716654e-01,9.356367374030855055e-01
2.494999999999999929e+01,2.093191396312877595e-01,3.734704490785324960e-01,8.823221391235729349e-01,-1.118370270332505606e-01,3.714160350530014143e-01,9.356532959486270062e-01
2.496000000000000085e+01,2.072922376278510392e-01,3.727677802269133700e-01,8.827122556247893881e-01,-1.117785866904694725e-01,3.714182893481146608e-01,9.356711939659657640e-01
2.496999999999999886e+01,2.054325657200145594e-01,3.721471192123277927e-01,8.830884897362990538e-01,-1.117156077338925940e-01,3.714196994986697642e-01,9.356899354164318616e-01
2.498000000000000043e+01,2.037682945879908947e-01,3.716136009335878065e-01,8.834420050202741459e-01,-1.116499707048420331e-01,3.714199949470959883e-01,9.357091083796229558e-01
2.499000000000000199e+01,2.023019668488276190e-01,3.711632299292171866e-01,8.837683439236811989e-01,-1.115832388910876494e-01,3.714190554077322348e-01,9.357284027925123482e-01
2.500000000000000000e+01,2.010204672159334183e-01,3.707870140516577595e-01,8.840663805636344019e-01,-1.115165958907458205e-01,3.714169100303691406e-01,9.357476075302677554e-01
2.501000000000000156e+01,1.999022315715693610e-01,3.704737947678922727e-01,8.843373131716514290e-01,-1.114508613607508303e-01,3.714137036855503782e-01,9.357665960707548525e-01
2.501999999999999957e+01,1.989222399999648894e-01,3.702120786677999265e-01,8.845837893919927808e-01,-1.113865478306265006e-01,3.714096654219780635e-01,9.357853134014374463e-01
2.503000000000000114e+01,1.980552876080960423e-01,3.699911262225309971e-01,8.848092080501519519e-01,-1.113239479060296605e-01,3.714051309524348254e-01,9.358037823052360871e-01
2.503999999999999915e+01,1.972778553818180514e-01,3.698014375445271007e-01,8.850172300045454632e-01,-1.112631534581096232e-01,3.714003551015056526e-01,9.358220258925329382e-01
2.505000000000000071e+01,1.965694198653488156e-01,3.696350626480109369e-01,8.852113640447438758e-01,-1.112041151536085903e-01,3.713955077073713418e-01,9.358400635461360251e-01
2.506000000000000227e+01,1.959129535630898811e-01,3.694856975627408002e-01,8.853947105481156932e-01,-1.111467072414356050e-01,3.713907168081214127e-01,9.358579216226198261e-01
2.507000000000000028e+01,1.952945992878350467e-01,3.693485439715292196e-01,8.855699516270942873e-01,-1.110907685788193877e-01,3.713860762032771268e-01,9.358756293846172136e-01
2.508000000000000185e+01,1.947035561828803496e-01,3.692199028788343829e-01,8.857392892724287314e-01,-1.110361283764490364e-01,3.713816474104070231e-01,9.358932146316970568e-01
2.508999999999999986e+01,1.941317075053583530e-01,3.690970446767423696e-01,8.859044443785978329e-01,-1.109826214165622882e-01,3.713774623254503804e-01,9.359107002921771556e-01
2.510000000000000142e+01,1.935731879457429083e-01,3.689780395998407125e-01,8.860667039204986883e-01,-1.109300977466794735e-01,3.713735297284495585e-01,9.359281036990201308e-01
2.510999999999999943e+01,1.930239493950276775e-01,3.688615749691716017e-01,8.862269826847714027e-01,-1.108784276932938129e-01,3.713698422589168935e-01,9.359454368241624245e-01
2.512000000000000099e+01,1.924813604665555622e-01,3.687468002698980341e-01,8.863858898679322085e-01,-1.108275034123292202e-01,3.713663826365093401e-01,9.359627070095629664e-01
2.512999999999999901e+01,1.919438566464241602e-01,3.686332008540919025e-01,8.865437937941965663e-01,-1.107772381267949219e-01,3.713631285899318679e-01,9.359799178942022069e-01
2.514000000000000057e+01,1.914106478776529396e-01,3.685204983380655497e-01,8.867008803764893088e-01,-1.107275632273273663e-01,3.713600586589151376e-01,9.359970727591028217e-01
2.515000000000000213e+01,1.908814831604469520e-01,3.684085743851941985e-01,8.868572031223685981e-01,-1.106784264761189462e-01,3.713571566239725064e-01,9.360141768461009981e-01
2.516000000000000014e+01,1.903564661642001832e-01,3.682974142618554714e-01,8.870127246730963311e-01,-1.106297910640581944e-01,3.713544022180408355e-01,9.360312279891142007e-01
2.517000000000000171e+01,1.898359174780580860e-01,3.681870662437058961e-01,8.871673492765935753e-01,-1.105816298682726351e-01,3.713517751244408416e-01,9.360482212729268614e-01
2.517999999999999972e+01,1.893202749783390315e-01,3.680776133101997805e-01,8.873209472756047322e-01,-1.105339230901094399e-01,3.713492580114867714e-01,9.360651515104666531e-01
2.519000000000000128e+01,1.888100247751793304e-01,3.679691541890297013e-01,8.874733728331795080e-01,-1.104866565203189710e-01,3.713468369022971949e-01,9.360820138130651058e-01
2.519999999999999929e+01,1.883056558655523405e-01,3.678617913617800994e-01,8.876244761677156703e-01,-1.104398199801638891e-01,3.713445006367674384e-01,9.360988036797657230e-01
2.521000000000000085e+01,1.878076326320093636e-01,3.677556238496297314e-01,8.877741113536832263e-01,-1.103934060415199536e-01,3.713422402009098344e-01,9.361155169808674792e-01
2.521999999999999886e+01,1.873163803164225594e-01,3.676507438020768515e-01,8.879221408999604659e-01,-1.103474090545735198e-01,3.713400481750915860e-01,9.361321499317709627e-01
2.523000000000000043e+01,1.868322792773378094e-01,3.675472350304193614e-01,8.880684379571542886e-01,-1.103018244428083106e-01,3.713379183382736204e-01,9.361486990754586124e-01
2.524000000000000199e+01,1.863556649905034057e-01,3.674451727741102069e-01,8.882128867642571368e-01,-1.102566482124038294e-01,3.713358454036962963e-01,9.361651612731642924e-01
2.525000000000000000e+01,1.858868315802895688e-01,3.673446244254091053e-01,8.883553821018547181e-01,-1.102118766230902880e-01,3.713338248417448750e-01,9.361815336980712221e-01
2.526000000000000156e+01,1.854260371633389137e-01,3.672456506361561623e-01,8.884958281501450506e-01,-1.101675059789593292e-01,3.713318527548001291e-01,9.361978138277331496e-01
2.526999999999999957e+01,1.849735098701567881e-01,3.671483065469170470e-01,8.886341370622372615e-01,-1.101235325065184484e-01,3.713299257804339448e-01,9.362139994329677917e-01
2.528000000000000114e+01,1.845294538100034631e-01,3.670526429787860367e-01,8.887702274709845529e-01,-1.100799522947111392e-01,3.713280410092844597e-01,9.362300885625275404e-01
2.528999999999999915e+01,1.840940544058692341e-01,3.669587075089825734e-01,8.889040231150278082e-01,-1.100367618006969778e-01,3.713261945595409674e-01,9.362460780518639947e-01
2.530000000000000071e+01,1.836674825092275698e-01,3.668665454449543395e-01,8.890354518542530338e-01,-1.099939579303906567e-01,3.713243765078436120e-01,9.362619589977737578e-01
2.531000000000000227e+01,1.832498995728924218e-01,3.667762004876552462e-01,8.891644441570387691e-01,-1.099515341084487674e-01,3.713225852714786002e-01,9.362777311635880340e-01
2.532000000000000028e+01,1.828414606727130631e-01,3.666877151905688081e-01,8.892909321613160500e-01,-1.099094851146737856e-01,3.713208224242108280e-01,9.362933963644701763e-01
2.533000000000000185e+01,1.824423167734351980e-01,3.666011313995145016e-01,8.894148490851323530e-01,-1.098678064952837985e-01,3.713190883082911342e-01,9.363089554808881054e-01
2.533999999999999986e+01,1.820526165431512466e-01,3.665164906019208746e-01,8.895361287474849998e-01,-1.098264939254405548e-01,3.713173821644255024e-01,9.363244088122040232e-01
2.535000000000000142e+01,1.816725076192548527e-01,3.664338341537517474e-01,8.896547052338930062e-01,-1.097855431423788442e-01,3.713157027471833405e-01,9.363397564087136971e-01
2.535999999999999943e+01,1.813021374456192103e-01,3.663532034127134351e-01,8.897705126796136010e-01,-1.097449499689480829e-01,3.713140487426642156e-01,9.363549982462429089e-01
2.537000000000000099e+01,1.809416537922898804e-01,3.662746398080780064e-01,8.898834851437917859e-01,-1.097047103189803807e-01,3.713124189686115573e-01,9.363701343081546336e-01
2.537999999999999901e+01,1.805912050485185272e-01,3.661981848693707242e-01,8.899935565511698510e-01,-1.096648201868138106e-01,3.713108124356322426e-01,9.363851646196315048e-01
2.539000000000000057e+01,1.802509403445920200e-01,3.661238801993507153e-01,8.901006606796412202e-01,-1.096252756347564916e-01,3.713092283362242618e-01,9.364000892580001123e-01
2.540000000000000213e+01,1.799210096367792056e-01,3.660517675046150998e-01,8.902047311713443545e-01,-1.095860724706481243e-01,3.713076659236489441e-01,9.364149085942088391e-01
2.541000000000000014e+01,1.796015639018683219e-01,3.659818886405415417e-01,8.903057015248476702e-01,-1.095472053956274283e-01,3.713061240098420868e-01,9.364296240628807722e-01
2.542000000000000171e+01,1.792927548160482276e-01,3.659142855055912413e-01,8.904035052089764868e-01,-1.095086707987631830e-01,3.713046017111449881e-01,9.364442360976676927e-01
2.542999999999999972e+01,1.789947345980350824e-01,3.658489999777455037e-01,8.904980757435355665e-01,-1.094704657050290381e-01,3.713030985547034479e-01,9.364587445984927649e-01
2.544000000000000128e+01,1.787076559630919603e-01,3.657860738960482805e-01,8.905893467502926653e-01,-1.094325868734212226e-01,3.713016138990578585e-01,9.364731493209716984e-01
2.544999999999999929e+01,1.784316720867196449e-01,3.657255490564719769e-01,8.906772520062490317e-01,-1.093950307872803424e-01,3.713001469574125912e-01,9.364874500008888436e-01
2.546000000000000085e+01,1.781669364935291322e-01,3.656674671860202230e-01,8.907617255169183457e-01,-1.093577940482296090e-01,3.712986975357992492e-01,9.365016467140565570e-01
2.546999999999999886e+01,1.779136029946648823e-01,3.656118699078099721e-01,8.908427015697099050e-01,-1.093208733331793997e-01,3.712972656434782026e-01,9.365157397079588719e-01
2.548000000000000043e+01,1.776718256738156754e-01,3.655587987225080160e-01,8.909201147739875815e-01,-1.092842653190254087e-01,3.712958511661639815e-01,9.365297292777725602e-01
2.549000000000000199e+01,1.774417588878081653e-01,3.655082949955072991e-01,8.909939000977870061e-01,-1.092479666924675019e-01,3.712944538050598764e-01,9.365436157281225027e-01
2.550000000000000000e+01,1.772235572571568551e-01,3.654604003781325994e-01,8.910639928749413130e-01,-1.092119741835194946e-01,3.712930731285193353e-01,9.365573993700447852e-01
2.551000000000000156e+01,1.770173756657010822e-01,3.654151616667816738e-01,8.911303286416865088e-01,-1.091762845999276338e-01,3.712917086485706397e-01,9.365710805239102488e-01
2.551999999999999957e+01,1.768233719601304821e-01,3.653726268986691728e-01,8.911928429016593434e-01,-1.091408948255255945e-01,3.712903598726415288e-01,9.365846595361925209e-01
2.553000000000000114e+01,1.766417177052614640e-01,3.653328429271845978e-01,8.912514675644110929e-01,-1.091058018104304472e-01,3.712890263450866479e-01,9.365981367943555513e-01
2.553999999999999915e+01,1.764725837384332197e-01,3.652958539150939488e-01,8.913061350515497638e-01,-1.090710024872064698e-01,3.712877076201657189e-01,9.366115127243138661e-01
2.555000000000000071e+01,1.763161340507939656e-01,3.652617009761678357e-01,8.913567806117571601e-01,-1.090364938522514482e-01,3.712864032757892674e-01,9.366247877647759790e-01
2.556000000000000227e+01,1.761725279644297815e-01,3.652304233248005461e-01,8.914033416781649288e-01,-1.090022730006230400e-01,3.712851129351110169e-01,9.366379623716026837e-01
2.557000000000000028e+01,1.760419219434025129e-01,3.652020590780367115e-01,8.914457573515868205e-01,-1.089683371151942137e-01,3.712838362675081050e-01,9.366510370215667125e-01
2.558000000000000185e+01,1.759244708382032285e-01,3.651766457117432418e-01,8.914839680539455857e-01,-1.089346834465396568e-01,3.712825729804829500e-01,9.366640122136122848e-01
2.558999999999999986e+01,1.758203062390718829e-01,3.651542164313319461e-01,8.915179219734614691e-01,-1.089013092148854445e-01,3.712813227669005123e-01,9.366768884802647577e-01
2.560000000000000142e+01,1.757295436729224003e-01,3.651348012408396349e-01,8.915475747014447450e-01,-1.088682118799534360e-01,3.712800853543238855e-01,9.366896663010114699e-01
2.560999999999999943e+01,1.756523376455542962e-01,3.651184377772857537e-01,8.915728699313876238e-01,-1.088353890048546768e-01,3.712788605936195307e-01,9.367023462255218424e-01
2.562000000000000099e+01,1.758200802793019324e-01,3.647276648970869672e-01,8.912646515572536510e-01,-1.087861163535228520e-01,3.712701875849472311e-01,9.367170225791687788e-01
2.562999999999999901e+01,1.762371413052154501e-01,3.639233623665978912e-01,8.906518031605278329e-01,-1.087325453195433500e-01,3.712610517282924349e-01,9.367320657698123831e-01
2.564000000000000057e+01,1.767676446714494254e-01,3.629821628611972772e-01,8.899429821266023888e-01,-1.086877297854558638e-01,3.712578400063700212e-01,9.367465810243992275e-01
2.565000000000000213e+01,1.773162571776092933e-01,3.620870636763289241e-01,8.892727533425475173e-01,-1.086533561021990058e-01,3.712601382548115225e-01,9.367603490705118663e-01
2.566000000000000014e+01,1.778168820596499056e-01,3.613480304809153498e-01,8.887239997055323970e-01,-1.086275435009521340e-01,3.712654930567716449e-01,9.367731792346126740e-01
2.567000000000000171e+01,1.782273232891587456e-01,3.608236064102262608e-01,8.883423193375603599e-01,-1.086075886539573376e-01,3.712714291908922326e-01,9.367849784296337079e-01
2.567999999999999972e+01,1.785242372084322460e-01,3.605369710974699604e-01,8.881471900337766234e-01,-1.085912019548639501e-01,3.712765349037255858e-01,9.367958140909372622e-01
2.569000000000000128e+01,1.786988934956885711e-01,3.604882416933509193e-01,8.881404902709013616e-01,-1.085765643307544659e-01,3.712801725418206078e-01,9.368058502167817547e-01
2.569999999999999929e+01,1.787521749320127584e-01,3.606631674722718950e-01,8.883132609145385494e-01,-1.085623682586148997e-01,3.712822478553206018e-01,9.368152723093072787e-01
2.571000000000000085e+01,1.786915427552074331e-01,3.610388962234403198e-01,8.886496454672085932e-01,-1.085476872492932426e-01,3.712829635658121408e-01,9.368242778543286464e-01
2.571999999999999886e+01,1.785288032857378360e-01,3.615881258915603635e-01,8.891298567368957073e-01,-1.085318860842724581e-01,3.712826414358761373e-01,9.368330576022374512e-01
2.573000000000000043e+01,1.782781688906551754e-01,3.622818229053840766e-01,8.897321838877279010e-01,-1.085145566751369028e-01,3.712816136536792322e-01,9.368417934868413788e-01
2.574000000000000199e+01,1.779548935554545741e-01,3.630909067678337876e-01,8.904342554997115577e-01,-1.084954195433135010e-01,3.712800546419295356e-01,9.368506252716777283e-01
2.575000000000000000e+01,1.775743284951637468e-01,3.639872397082303257e-01,8.912138211986391223e-01,-1.084744007252195636e-01,3.712781142921973143e-01,9.368596163670703802e-01
2.576000000000000156e+01,1.771513896722175518e-01,3.649440589722450778e-01,8.920491217099275616e-01,-1.084515696049574707e-01,3.712760115536423711e-01,9.368687936148776263e-01
2.576999999999999957e+01,1.767001900258962921e-01,3.659361688750404351e-01,8.929190926617136537e-01,-1.084269638343043352e-01,3.712738397450921490e-01,9.368781867508249039e-01
2.578000000000000114e+01,1.762339051768947451e-01,3.669399214258598496e-01,8.938034028401128372e-01,-1.084006083458221303e-01,3.712715629145488805e-01,9.368878111506798723e-01
2.578999999999999915e+01,1.757647568006477645e-01,3.679330908207439355e-01,8.946824112984019806e-01,-1.083726097273186167e-01,3.712692237594874545e-01,9.368976966090325487e-01
2.580000000000000071e+01,1.753040761823509985e-01,3.688946889463923240e-01,8.955370778668824139e-01,-1.083430735114666310e-01,3.712668020499260702e-01,9.369078412248810217e-01
2.581000000000000227e+01,1.748624143364075900e-01,3.698047647139915406e-01,8.963488585693271116e-01,-1.083120474294617663e-01,3.712641525768767825e-01,9.369182074700539431e-01
2.582000000000000028e+01,1.744496686391332763e-01,3.706442147151932098e-01,8.970996101024139024e-01,-1.082796211053714819e-01,3.712612405480810729e-01,9.369287949214616384e-01
2.583000000000000185e+01,1.740752038902578236e-01,3.713945970625620041e-01,8.977715091494233857e-01,-1.082459174065221463e-01,3.712581104283810829e-01,9.369396082384089386e-01
2.583999999999999986e+01,1.737481461404641325e-01,3.720380568945815258e-01,8.983484256055901396e-01,-1.082111222929506983e-01,3.712548431059614074e-01,9.369506454140746898e-01
2.585000000000000142e+01,1.734752723758778425e-01,3.725640601776581962e-01,8.988237981277712452e-01,-1.081758547902290091e-01,3.712517245391185328e-01,9.369618709546703172e-01
2.585999999999999943e+01,1.732573340238200144e-01,3.729766316414144245e-01,8.992019039396584867e-01,-1.081408548858927565e-01,3.712489805669064724e-01,9.369731926896529561e-01
2.587000000000000099e+01,1.730905773226358302e-01,3.732886451512567594e-01,8.994932490144638138e-01,-1.081067052425965652e-01,3.712467268883253846e-01,9.369845191275519847e-01
2.587999999999999901e+01,1.729686897061437634e-01,3.735164349540668338e-01,8.997110180810148350e-01,-1.080738046853463169e-01,3.712451026928890729e-01,9.369958272353837714e-01
2.589000000000000057e+01,1.730881914010489186e-01,3.733115108484930666e-01,8.995112715584386853e-01,-1.080247025662642024e-01,3.712358478760855451e-01,9.370091662499993035e-01
2.590000000000000213e+01,1.734695488436046318e-01,3.725925061969942442e-01,8.989259833512623921e-01,-1.079720002404960383e-01,3.712262935149122645e-01,9.370228898201524714e-01
2.591000000000000014e+01,1.739767487411837399e-01,3.716611587898615565e-01,8.981825829880347722e-01,-1.079287866830228593e-01,3.712229057911395902e-01,9.370360351067652527e-01
2.592000000000000171e+01,1.745113271581297254e-01,3.707116261267546231e-01,8.974257075591639543e-01,-1.078963349277943101e-01,3.712251198185814172e-01,9.370484628532533833e-01
2.592999999999999972e+01,1.750053920630937898e-01,3.698570122766264290e-01,8.967424372397096999e-01,-1.078725757064505908e-01,3.712303854599963149e-01,9.370599806891120043e-01
2.594000000000000128e+01,1.754160367781331109e-01,3.691558175351485893e-01,8.961794949218707673e-01,-1.078546446351858479e-01,3.712360793521041757e-01,9.370704675868031241e-01
2.594999999999999929e+01,1.757196590897358579e-01,3.686303270328676329e-01,8.957565206902053934e-01,-1.078402720253077707e-01,3.712408522143805234e-01,9.370799895748908037e-01
2.596000000000000085e+01,1.759069843606798356e-01,3.682803416879543712e-01,8.954757865191426136e-01,-1.078277166483262162e-01,3.712441617014289874e-01,9.370887183948729549e-01
2.596999999999999886e+01,1.759791697702935698e-01,3.680927550102022772e-01,8.953290170527760106e-01,-1.078157341822870152e-01,3.712459954253827243e-01,9.370968502140472056e-01
2.598000000000000043e+01,1.759440210438957541e-01,3.680476466212896924e-01,8.953018437015767272e-01,-1.078034913900284275e-01,3.712466202266686555e-01,9.371045809784981362e-01
2.599000000000000199e+01,1.758132294765338000e-01,3.681226553955770919e-01,8.953776332293597040e-01,-1.077904569987992722e-01,3.712464014487221742e-01,9.371120879029216644e-01
2.600000000000000000e+01,1.756006397437183952e-01,3.682955549596252931e-01,8.955391615849701559e-01,-1.077763231134724886e-01,3.712456963236391294e-01,9.371195333032186214e-01
2.601000000000000156e+01,1.753207426943422520e-01,3.685453221509624733e-01,8.957696208605423482e-01,-1.077608886381403730e-01,3.712446927478091352e-01,9.371270364170831702e-01
2.601999999999999957e+01,1.749881590829509004e-01,3.688528110196169219e-01,8.960531923742628413e-01,-1.077441171771252315e-01,3.712435276126273553e-01,9.371346654000002330e-01
2.603000000000000114e+01,1.746170674594475780e-01,3.692009709503249471e-01,8.963753208748925783e-01,-1.077260849402170151e-01,3.712423231278907387e-01,9.371424287301383105e-01
2.603999999999999915e+01,1.742208099555281331e-01,3.695747573226432214e-01,8.967228025221719578e-01,-1.077068948165044310e-01,3.712411864393550531e-01,9.371503342818152671e-01
2.605000000000000071e+01,1.738117571091181146e-01,3.699609126883409704e-01,8.970837075223826451e-01,-1.076866225865619198e-01,3.712401188878319269e-01,9.371583816671420486e-01
2.606000000000000227e+01,1.734013026092640075e-01,3.703477067088049024e-01,8.974472424656639857e-01,-1.076653274394240578e-01,3.712390433602118511e-01,9.371665627069475368e-01
2.607000000000000028e+01,1.729999351051058343e-01,3.707246526275135845e-01,8.978035749895223461e-01,-1.076431078152252641e-01,3.712379167488740195e-01,9.371748654884952678e-01
2.608000000000000185e+01,1.726173513793047842e-01,3.710822421035763208e-01,8.981436558332038800e-01,-1.076200681828006767e-01,3.712367187109927302e-01,9.371832817097788260e-01
2.608999999999999986e+01,1.722625845406670353e-01,3.714117142196599053e-01,8.984590552627058635e-01,-1.075963039146599770e-01,3.712354349078168525e-01,9.371918021917442498e-01
2.610000000000000142e+01,1.719441329384032158e-01,3.717048616733820698e-01,8.987418210822696318e-01,-1.075718976968891571e-01,3.712340546974345346e-01,9.372004156123056040e-01
2.610999999999999943e+01,1.716695189261066845e-01,3.719547030391465725e-01,8.989849318660932953e-01,-1.075469483792624303e-01,3.712325894242766711e-01,9.372091192843887697e-01
2.612000000000000099e+01,1.714421345630158244e-01,3.721593761497244413e-01,8.991854845955473685e-01,-1.075217560588096755e-01,3.712311332195535329e-01,9.372178910195235746e-01
2.612999999999999901e+01,1.712606300444020069e-01,3.723218091709770694e-01,8.993451588524939977e-01,-1.074967102374694006e-01,3.712298060442104086e-01,9.372266898731516083e-01
2.614000000000000057e+01,1.711207439391338181e-01,3.724472633901671492e-01,8.994682387822954261e-01,-1.074721082455822319e-01,3.712286600725324681e-01,9.372354719410045387e-01
2.615000000000000213e+01,1.710167543187402772e-01,3.725418090764689993e-01,8.995601627108631426e-01,-1.074481225228684222e-01,3.712276746594821986e-01,9.372441945629372828e-01
2.616000000000000014e+01,1.711670623272992242e-01,3.722178945166834674e-01,8.992819896055033180e-01,-1.074080257531038890e-01,3.712190936293421895e-01,9.372548998306515777e-01
2.617000000000000171e+01,1.715697844421620877e-01,3.714458598316703886e-01,8.986591345863326197e-01,-1.073638881902481135e-01,3.712099962048421298e-01,9.372659744399478576e-01
2.617999999999999972e+01,1.720878567600142850e-01,3.705064811440956785e-01,8.979050473848622094e-01,-1.073283639851574378e-01,3.712067023541829047e-01,9.372765357868605429e-01
2.619000000000000128e+01,1.726253350060321934e-01,3.695773313122753256e-01,8.971536050679174146e-01,-1.073028403522023333e-01,3.712087157695831419e-01,9.372864131972171720e-01
2.619999999999999929e+01,1.731161530507624446e-01,3.687605932402549525e-01,8.964845703101272933e-01,-1.072853667172438547e-01,3.712136150360744735e-01,9.372954407456679515e-01
2.621000000000000085e+01,1.735185289996696301e-01,3.681070260174452713e-01,8.959400898313517603e-01,-1.072732733169238090e-01,3.712189772479672634e-01,9.373035403171853241e-01
2.621999999999999886e+01,1.738096247911204428e-01,3.676342680539614327e-01,8.955371198036050640e-01,-1.072644161658970474e-01,3.712235173501898799e-01,9.373107763561971950e-01
2.623000000000000043e+01,1.739809226064050196e-01,3.673395301433189375e-01,8.952764723313748618e-01,-1.072571329303737969e-01,3.712266932041208833e-01,9.373173000409359412e-01
2.624000000000000199e+01,1.740339523105491060e-01,3.672083384333132416e-01,8.951491519991161550e-01,-1.072502494182766969e-01,3.712284787695258603e-01,9.373232907082464926e-01
2.625000000000000000e+01,1.739765213221260431e-01,3.672199030196522385e-01,8.951407965212160311e-01,-1.072429657780818030e-01,3.712291139878345358e-01,9.373289359169995061e-01
2.626000000000000156e+01,1.738206042322650302e-01,3.673516967635184205e-01,8.952348411845721943e-01,-1.072347802375068909e-01,3.712289471397843266e-01,9.373344113329187266e-01
2.626999999999999957e+01,1.735804653340150550e-01,3.675813843454855401e-01,8.954140967166714926e-01,-1.072254069440053137e-01,3.712283172911468032e-01,9.373398660218187350e-01
2.628000000000000114e+01,1.732714713565814968e-01,3.678879066856595714e-01,8.956616805602908293e-01,-1.072146593431976408e-01,3.712274118884667518e-01,9.373454005060195549e-01
2.628999999999999915e+01,1.729086224791924753e-01,3.682518361627973857e-01,8.959619982535146354e-01,-1.072024777658106554e-01,3.712263385442957087e-01,9.373510815156362863e-01
2.630000000000000071e+01,1.725064405333783246e-01,3.686558063846007149e-01,8.963005996002231246e-01,-1.071889225874561313e-01,3.712251875433118520e-01,9.373569231545245684e-01
2.631000000000000227e+01,1.720786703815674334e-01,3.690843683586730317e-01,8.966643115023315014e-01,-1.071741287267680143e-01,3.712241007640491586e-01,9.373629347768195341e-01
2.632000000000000028e+01,1.716381145991184298e-01,3.695237631998619654e-01,8.970411790728294310e-01,-1.071581664845396992e-01,3.712230836041855442e-01,9.373691185536934256e-01
2.633000000000000185e+01,1.711966244780894764e-01,3.699616607984593242e-01,8.974203255085360098e-01,-1.071410904656563134e-01,3.712220602446490991e-01,9.373754671871631361e-01
2.633999999999999986e+01,1.707651644987452644e-01,3.703868926228768843e-01,8.977917865283817633e-01,-1.071230056874910852e-01,3.712210061830994445e-01,9.373819717129343587e-01
2.635000000000000142e+01,1.703539227612641538e-01,3.707892017621841618e-01,8.981463402553241382e-01,-1.071040201930553715e-01,3.712199171978265433e-01,9.373886276721581368e-01
2.635999999999999943e+01,1.699724382390953026e-01,3.711590249344125514e-01,8.984753505966320830e-01,-1.070842183284802379e-01,3.712187769103041934e-01,9.373954324825412021e-01
2.637000000000000099e+01,1.696297715837980502e-01,3.714873180971949296e-01,8.987706199275061758e-01,-1.070636537132114013e-01,3.712175519803805335e-01,9.374023904118199413e-01
2.637999999999999901e+01,1.693340860656568914e-01,3.717664884335292186e-01,8.990247745084410935e-01,-1.070424244361838778e-01,3.712162020478146918e-01,9.374094764814100422e-01
2.639000000000000057e+01,1.690893147790828166e-01,3.719950543887216576e-01,8.992344470144574275e-01,-1.070208821559612833e-01,3.712148255620687509e-01,9.374166509678290016e-01
2.640000000000000213e+01,1.688941981708816376e-01,3.721766767000189713e-01,8.994011515771167531e-01,-1.069994332334497922e-01,3.712134876514814330e-01,9.374238441085875895e-01
2.641000000000000014e+01,1.687442090414468798e-01,3.723173588817639268e-01,8.995292754745656261e-01,-1.069784109956994217e-01,3.712122426651844331e-01,9.374309987237638975e-01
2.642000000000000171e+01,1.686331680996783211e-01,3.724238735978984693e-01,8.996245096991744017e-01,-1.069580556358959988e-01,3.712111920693544342e-01,9.374381028444592756e-01
2.642999999999999972e+01,1.687779763893531293e-01,3.721044328806862866e-01,8.993505355002220369e-01,-1.069214968839237168e-01,3.712025346799265879e-01,9.374472309836581196e-01
2.644000000000000128e+01,1.691807581527456639e-01,3.713357283886132287e-01,8.987291806870296718e-01,-1.068810726430016872e-01,3.711934966358316768e-01,9.374567744267157110e-01
2.644999999999999929e+01,1.697040843567812207e-01,3.703991821334884360e-01,8.979744650374885673e-01,-1.068494315153041968e-01,3.711903709892521164e-01,9.374658217460078991e-01
2.646000000000000085e+01,1.702503265480997674e-01,3.694726540213534860e-01,8.972216658081499929e-01,-1.068279355148758630e-01,3.711926150870811791e-01,9.374741859661056553e-01
2.646999999999999886e+01,1.707516885481621671e-01,3.686581997875506556e-01,8.965518716163221047e-01,-1.068145798097039495e-01,3.711977205429414228e-01,9.374816920093225203e-01
2.648000000000000043e+01,1.711648907100966344e-01,3.680068618658607349e-01,8.960082775109275977e-01,-1.068067095138102995e-01,3.712032969149835493e-01,9.374882580404585442e-01
2.649000000000000199e+01,1.714659742738677828e-01,3.675365698273276860e-01,8.956085985007014028e-01,-1.068021443173089863e-01,3.712080490986658932e-01,9.374939414590097719e-01
2.650000000000000000e+01,1.716457362841147805e-01,3.672448234233640640e-01,8.953540509625634858e-01,-1.067991778073498349e-01,3.712114292414172012e-01,9.374988970838706859e-01
2.651000000000000156e+01,1.717048609685203342e-01,3.671171676635281989e-01,8.952358977407633978e-01,-1.067965992311108447e-01,3.712134043617655310e-01,9.375033159410894879e-01
2.651999999999999957e+01,1.716509179448713063e-01,3.671329827437675997e-01,8.952398523162523603e-01,-1.067935791602910578e-01,3.712142150797991813e-01,9.375073945070319104e-01
2.653000000000000114e+01,1.714958626075716863e-01,3.672699049047504216e-01,8.953492509235615460e-01,-1.067895951840837909e-01,3.712142061904438184e-01,9.375113074204277641e-01
2.653999999999999915e+01,1.712540475521166505e-01,3.675055244619198080e-01,8.955466436452661494e-01,-1.067843366782371822e-01,3.712137215347262598e-01,9.375152171041746252e-01
2.655000000000000071e+01,1.709408227150240878e-01,3.678185654030559082e-01,8.958149162448645342e-01,-1.067776043810386988e-01,3.712129527042599686e-01,9.375192445828248733e-01
2.656000000000000227e+01,1.705715978955731349e-01,3.681894535213874886e-01,8.961379054450540060e-01,-1.067693546813261590e-01,3.712120049134605693e-01,9.375234406680053034e-01
2.657000000000000028e+01,1.701614528746664134e-01,3.686008850311819907e-01,8.965005194468333993e-01,-1.067596683685340109e-01,3.712110484814747924e-01,9.375278284794682504e-01
2.658000000000000185e+01,1.697246009452155757e-01,3.690374014617047727e-01,8.968890788965163674e-01,-1.067486250354078708e-01,3.712101759823205893e-01,9.375324235792676930e-01
2.658999999999999986e+01,1.692740460922929624e-01,3.694850388126223462e-01,8.972912192162469935e-01,-1.067362941715672975e-01,3.712093765874320273e-01,9.375372175928126106e-01
2.660000000000000142e+01,1.688218749555717990e-01,3.699313135590838741e-01,8.976955832391322332e-01,-1.067227204218536701e-01,3.712085311515636588e-01,9.375421813340948374e-01
2.660999999999999943e+01,1.683792801927920801e-01,3.703649117521641276e-01,8.980917232363643254e-01,-1.067079963237215767e-01,3.712075920158121045e-01,9.375473007920274160e-01
2.662000000000000099e+01,1.679566634673134162e-01,3.707754396370506744e-01,8.984699363810380035e-01,-1.066922240855862902e-01,3.712065511351614333e-01,9.375525758732577986e-01
2.662999999999999901e+01,1.675637622285002237e-01,3.711532093777900609e-01,8.988211113721562562e-01,-1.066754755434506513e-01,3.712053855554658388e-01,9.375580160878483893e-01
2.664000000000000057e+01,1.672097710359075340e-01,3.714890537122912395e-01,8.991365955224306372e-01,-1.066578348709048274e-01,3.712040906683326535e-01,9.375636232925825819e-01
2.665000000000000213e+01,1.669031776008225998e-01,3.717750887027670981e-01,8.994085278451051657e-01,-1.066394425801416718e-01,3.712026982234879480e-01,9.375693885692765184e-01
2.666000000000000014e+01,1.666489825391063162e-01,3.720092074827142103e-01,8.996329765361388286e-01,-1.066206907214324595e-01,3.712013371853393195e-01,9.375752845490816778e-01
2.667000000000000171e+01,1.664466592275496704e-01,3.721948490866222037e-01,8.998112704770231396e-01,-1.066020452009290576e-01,3.712001242906728948e-01,9.375812582993553468e-01
2.667999999999999972e+01,1.662918782192261691e-01,3.723381106125042139e-01,8.999479816146004341e-01,-1.065838496731767171e-01,3.711990706733806489e-01,9.375872396650442031e-01
2.669000000000000128e+01,1.661783137703445601e-01,3.724459916057208386e-01,9.000491824065282032e-01,-1.065663047454649959e-01,3.711981086664489782e-01,9.375931541221473875e-01
2.669999999999999929e+01,1.663171509031009243e-01,3.721328134909032137e-01,8.997798886150878417e-01,-1.065324504321605026e-01,3.711893713849706011e-01,9.376010793959397294e-01
2.671000000000000085e+01,1.667179933852714346e-01,3.713718073542509601e-01,8.991552336361685605e-01,-1.064950374888385259e-01,3.711803735311833274e-01,9.376094885224048880e-01
2.671999999999999886e+01,1.672405779536677017e-01,3.704459504718136120e-01,8.983871744952045546e-01,-1.064668042217051802e-01,3.711774698139821971e-01,9.376174878418596093e-01
2.673000000000000043e+01,1.677822244418297193e-01,3.695338949097451420e-01,8.976110608955886194e-01,-1.064491773909194139e-01,3.711800615843453000e-01,9.376248165029291703e-01
2.674000000000000199e+01,1.682708617753737035e-01,3.687378011585814019e-01,8.969084274387595368e-01,-1.064399226214000072e-01,3.711853782136965707e-01,9.376313095115185181e-01
2.675000000000000000e+01,1.686597191763847536e-01,3.681085810352341947e-01,8.963231296432156991e-01,-1.064365010080371432e-01,3.711911978858943861e-01,9.376368222550838238e-01
2.676000000000000156e+01,1.689220355770419679e-01,3.676638071560140442e-01,8.958738135937340807e-01,-1.064366268147280969e-01,3.711962215717806712e-01,9.376414001795091435e-01
2.676999999999999957e+01,1.690466334249648983e-01,3.674005222038051466e-01,8.955627901104596944e-01,-1.064384725111252594e-01,3.711998822845750667e-01,9.376452038136250389e-01
2.678000000000000114e+01,1.690336863833660774e-01,3.673037647740745593e-01,8.953823120894311982e-01,-1.064407072071882066e-01,3.712021299948083386e-01,9.376484386631169787e-01
2.678999999999999915e+01,1.688912173454331089e-01,3.673526529095436644e-01,8.953191284134980332e-01,-1.064424347426776024e-01,3.712032022510194373e-01,9.376512834327013213e-01
2.680000000000000071e+01,1.686323093502374582e-01,3.675244496339838407e-01,8.953575821805697110e-01,-1.064430684836601831e-01,3.712034528186008986e-01,9.376539030464501323e-01
2.681000000000000227e+01,1.682729682007828298e-01,3.677963319287557153e-01,8.954812480956578780e-01,-1.064422947979432460e-01,3.712033025253193008e-01,9.376564479329153601e-01
2.682000000000000028e+01,1.678306128238805650e-01,3.681466325100014592e-01,8.956740497183971472e-01,-1.064398017705188992e-01,3.712029294039240757e-01,9.376590809794009829e-01
2.683000000000000185e+01,1.673230018492547488e-01,3.685554488480627389e-01,8.959208902531576868e-01,-1.064354268658621872e-01,3.712023595260917630e-01,9.376619030005967081e-01
2.683999999999999986e+01,1.667675987609462673e-01,3.690048184706970491e-01,8.962079167918349798e-01,-1.064292540312536117e-01,3.712017062725932459e-01,9.376649261073887187e-01
2.685000000000000142e+01,1.661812157236110532e-01,3.694786315023642631e-01,8.965225530155221945e-01,-1.064213765060900707e-01,3.712010042438501078e-01,9.376680994008091963e-01
2.685999999999999943e+01,1.655797693636623658e-01,3.699624370443174159e-01,8.968534545050536044e-01,-1.064118631048648483e-01,3.712002824825086922e-01,9.376714268314811918e-01
2.687000000000000099e+01,1.649782305488555478e-01,3.704431868399820638e-01,8.971903723717162826e-01,-1.064007610509841162e-01,3.711994992323044973e-01,9.376749233913516113e-01
2.687999999999999901e+01,1.643906733730322867e-01,3.709089728757390958e-01,8.975239834262425109e-01,-1.063881051244714854e-01,3.711985688751868184e-01,9.376786130111092188e-01
2.689000000000000057e+01,1.638303661011099033e-01,3.713487744243072486e-01,8.978457217431525805e-01,-1.063739969623042070e-01,3.711974700750109157e-01,9.376825119387192098e-01
2.690000000000000213e+01,1.633098763939720421e-01,3.717519947897057198e-01,8.981476361712923406e-01,-1.063585490210832846e-01,3.711962131150328692e-01,9.376866348946613083e-01
2.691000000000000014e+01,1.628409578915484268e-01,3.721089513799942794e-01,8.984222884369725826e-01,-1.063418653197308328e-01,3.711947843826597926e-01,9.376909666845114621e-01
2.692000000000000171e+01,1.624349801137116023e-01,3.724116954976267047e-01,8.986621140443733502e-01,-1.063241344847139502e-01,3.711932227573043752e-01,9.376955043752444041e-01
2.692999999999999972e+01,1.620985323808004086e-01,3.726594579618441316e-01,8.988608553746721963e-01,-1.063059299939197733e-01,3.711917102808268698e-01,9.377002575647068738e-01
2.694000000000000128e+01,1.618310075651003543e-01,3.728568810710353176e-01,8.990175759048428805e-01,-1.062878742552627459e-01,3.711903593112275690e-01,9.377051771070911146e-01
2.694999999999999929e+01,1.616267319424326554e-01,3.730107119526533399e-01,8.991354050041370227e-01,-1.062704287121316732e-01,3.711891854082849940e-01,9.377101797663071059e-01
2.696000000000000085e+01,1.614773473274785931e-01,3.731282638330699619e-01,8.992195651752755703e-01,-1.062538605066504910e-01,3.711881432618812093e-01,9.377151868834743276e-01
2.696999999999999886e+01,1.615940608448672433e-01,3.728108701889553678e-01,8.989571844101219567e-01,-1.062201057645748431e-01,3.711785697384828442e-01,9.377218600859149600e-01
2.698000000000000043e+01,1.619893218159521309e-01,3.720451856823346892e-01,8.983386115776064162e-01,-1.061832974863926998e-01,3.711692082521202973e-01,9.377293248761940925e-01
2.699000000000000199e+01,1.625220478266553858e-01,3.711138625422076842e-01,8.975745333353249977e-01,-1.061559711508493764e-01,3.711661577730105410e-01,9.377365736431428900e-01
2.700000000000000000e+01,1.630872894715464094e-01,3.701939352225651625e-01,8.968029833021154973e-01,-1.061393840505863301e-01,3.711686530128395778e-01,9.377432283148325887e-01
2.701000000000000156e+01,1.636113160815612089e-01,3.693872884588589867e-01,8.961076836629089382e-01,-1.061312732836835748e-01,3.711738823107965657e-01,9.377490411517684921e-01
2.701999999999999957e+01,1.640463940107085572e-01,3.687451562977920871e-01,8.955340630634709420e-01,-1.061290193049357622e-01,3.711795587249203110e-01,9.377538510895357948e-01
2.703000000000000114e+01,1.643656963230029910e-01,3.682858097223090099e-01,8.951014785168687204e-01,-1.061303405297944619e-01,3.711844445415981020e-01,9.377577162055703575e-01
2.703999999999999915e+01,1.645576094494490826e-01,3.680069687264822531e-01,8.948125102515537277e-01,-1.061334184043149498e-01,3.711879941803093441e-01,9.377608311790823770e-01
2.705000000000000071e+01,1.646217382611110114e-01,3.678942059305260748e-01,8.946593306372851995e-01,-1.061369652991990681e-01,3.711901544547137610e-01,9.377633795099340475e-01
2.706000000000000227e+01,1.645654686520856280e-01,3.679270596177448560e-01,8.946282745560821814e-01,-1.061401014587411012e-01,3.711911653701861491e-01,9.377655418759379691e-01
2.707000000000000028e+01,1.644011161108754060e-01,3.680831030886128064e-01,8.947030337978651993e-01,-1.061422585235521354e-01,3.711913804021099161e-01,9.377674833678351085e-01
2.708000000000000185e+01,1.641437588692784832e-01,3.683397342841033262e-01,8.948663739756785862e-01,-1.061431235792077571e-01,3.711911977933974316e-01,9.377693507334350365e-01
2.708999999999999986e+01,1.638097108946559577e-01,3.686754510521083050e-01,8.951013212636038663e-01,-1.061424283575888861e-01,3.711908227645634994e-01,9.377712952360464094e-01
2.710000000000000142e+01,1.634154622528240508e-01,3.690704785740935301e-01,8.953918343224320786e-01,-1.061400244648187524e-01,3.711903154211577682e-01,9.377734262369130658e-01
2.710999999999999943e+01,1.629770146244915452e-01,3.695069630836107510e-01,8.957231178562687912e-01,-1.061359420645255069e-01,3.711897156409866283e-01,9.377757845324030672e-01
2.712000000000000099e+01,1.625095605666404541e-01,3.699689044490550027e-01,8.960816758629781553e-01,-1.061302958601565288e-01,3.711890130425987699e-01,9.377783109267159301e-01
2.712999999999999901e+01,1.620272924972362139e-01,3.704419724304489625e-01,8.964552660663058781e-01,-1.061232281679220235e-01,3.711882971041509105e-01,9.377809921305723106e-01
2.714000000000000057e+01,1.615433524652185038e-01,3.709132536468955910e-01,8.968327777017355285e-01,-1.061148229511056917e-01,3.711875774902579361e-01,9.377838300326326593e-01
2.715000000000000213e+01,1.610698950868737211e-01,3.713709932990962859e-01,8.972040668516165773e-01,-1.061051422484996232e-01,3.711868031855869998e-01,9.377868302885709051e-01
2.716000000000000014e+01,1.606182002614220394e-01,3.718043515972043744e-01,8.975597856115256068e-01,-1.060942489203339639e-01,3.711859113150566825e-01,9.377899987747237986e-01
2.717000000000000171e+01,1.601988096470284006e-01,3.722031892787101559e-01,8.978912209583173043e-01,-1.060822227409582985e-01,3.711848630708098895e-01,9.377933433683178777e-01
2.717999999999999972e+01,1.598216040784780356e-01,3.725577721448046220e-01,8.981901776639349411e-01,-1.060691646810063976e-01,3.711836639095503210e-01,9.377968666334755010e-01
2.719000000000000128e+01,1.594953104619120932e-01,3.728595993903473516e-01,8.984490170237128259e-01,-1.060552338530596495e-01,3.711823585360673472e-01,9.378005756421182726e-01
2.719999999999999929e+01,1.592247267914624620e-01,3.731067091859073814e-01,8.986629274173577597e-01,-1.060408873638113703e-01,3.711810987039994014e-01,9.378044597865260457e-01
2.721000000000000085e+01,1.590088977952437144e-01,3.733026591725171484e-01,8.988324188433951534e-01,-1.060266296839582761e-01,3.711800007973112825e-01,9.378084726087213552e-01
2.721999999999999886e+01,1.588431650619525626e-01,3.734538404270996148e-01,8.989615124291652215e-01,-1.060128328401626352e-01,3.711790995023241391e-01,9.378125555742522490e-01
2.723000000000000043e+01,1.587209175289578666e-01,3.735676230703477430e-01,8.990559303899028354e-01,-1.059997220232171550e-01,3.711783610981751469e-01,9.378166410966837230e-01
2.724000000000000199e+01,1.588641183666253121e-01,3.732581871974676724e-01,8.987892197146254425e-01,-1.059697129377595720e-01,3.711693349462094615e-01,9.378225483196820367e-01
2.725000000000000000e+01,1.592800016075681113e-01,3.724980638247881171e-01,8.981646372053084804e-01,-1.059361035606536661e-01,3.711601882570695343e-01,9.378291087817480776e-01
2.726000000000000156e+01,1.598288209240583124e-01,3.715672692118683895e-01,8.973946264358069191e-01,-1.059115282491289306e-01,3.711572686111391794e-01,9.378353733836853889e-01
2.726999999999999957e+01,1.604086684154716058e-01,3.706429225510716741e-01,8.966167246471314911e-01,-1.058972722685128792e-01,3.711598416707335701e-01,9.378410459783748099e-01
2.728000000000000114e+01,1.609477135970188988e-01,3.698268902809982994e-01,8.959143366182157342e-01,-1.058912182710892991e-01,3.711651873316833550e-01,9.378459099703140289e-01
2.728999999999999915e+01,1.613995068991662396e-01,3.691704234423610065e-01,8.953326332335094229e-01,-1.058908395685279613e-01,3.711710240777307268e-01,9.378498008835994826e-01
2.730000000000000071e+01,1.617377472838429364e-01,3.686918078090170026e-01,8.948908912332955712e-01,-1.058938815141475115e-01,3.711760721433038923e-01,9.378527901844977421e-01
2.731000000000000227e+01,1.619511753838192847e-01,3.683889203707833015e-01,8.945915806064314024e-01,-1.058985791696142598e-01,3.711797605752890084e-01,9.378550664168382456e-01
2.732000000000000028e+01,1.620394362569967939e-01,3.682477206134277536e-01,8.944269074262076735e-01,-1.059037039295330773e-01,3.711820334743579086e-01,9.378567965509339022e-01
2.733000000000000185e+01,1.620097747321781190e-01,3.682479059761348816e-01,8.943831162558819603e-01,-1.059083999713080898e-01,3.711831285588060858e-01,9.378581586482962473e-01
2.733999999999999986e+01,1.618742681404371220e-01,3.683674212357948008e-01,8.944439082667066110e-01,-1.059121095871638357e-01,3.711834063325578636e-01,9.378593294338737341e-01
2.735000000000000142e+01,1.616476771934511614e-01,3.685842024013967766e-01,8.945921330212245337e-01,-1.059145083349928018e-01,3.711832520409947822e-01,9.378604770002969548e-01
2.735999999999999943e+01,1.613459278418797604e-01,3.688773573597414757e-01,8.948109421207759429e-01,-1.059154457453760634e-01,3.711829372183806930e-01,9.378616882950820965e-01
2.737000000000000099e+01,1.609850860541410245e-01,3.692277735294654528e-01,8.950844513753490883e-01,-1.059147717355445467e-01,3.711825812177885209e-01,9.378630863408230489e-01
2.737999999999999901e+01,1.605806846354703721e-01,3.696182910616028217e-01,8.953980530533710569e-01,-1.059124292905751080e-01,3.711820997129156030e-01,9.378647042205014994e-01
2.739000000000000057e+01,1.601474001370600531e-01,3.700336451666969007e-01,8.957384825926730798e-01,-1.059085264230438944e-01,3.711814650154061646e-01,9.378664927511098925e-01
2.740000000000000213e+01,1.596988880395064092e-01,3.704602672048118439e-01,8.960937597533571441e-01,-1.059032333186269437e-01,3.711808157636092287e-01,9.378684595975945726e-01
2.741000000000000014e+01,1.592477251890319356e-01,3.708860224874149236e-01,8.964530657370801681e-01,-1.058966588639276701e-01,3.711801824820544216e-01,9.378706045551756798e-01
2.742000000000000171e+01,1.588054799220199320e-01,3.712999453230769742e-01,8.968065739929977909e-01,-1.058888759457416034e-01,3.711795221677003931e-01,9.378729206321605449e-01
2.742999999999999972e+01,1.583828010253856555e-01,3.716919892444940920e-01,8.971452826968753236e-01,-1.058799429642082041e-01,3.711787722757426411e-01,9.378754117659005018e-01
2.744000000000000128e+01,1.579894105291876349e-01,3.720527614572834985e-01,8.974609004087086284e-01,-1.058699279162226975e-01,3.711778835476632898e-01,9.378780855550301609e-01
2.744999999999999929e+01,1.576347998208264267e-01,3.723732057052434596e-01,8.977455384896512181e-01,-1.058589302378178526e-01,3.711768564184142472e-01,9.378809423208652740e-01
2.746000000000000085e+01,1.573275152678063615e-01,3.726460568570584830e-01,8.979918641272488511e-01,-1.058470997446815109e-01,3.711757296826438401e-01,9.378839856987907231e-01
2.746999999999999886e+01,1.570725055962671479e-01,3.728694821086085409e-01,8.981954995362975147e-01,-1.058348567952744346e-01,3.711746332418475181e-01,9.378871947894797945e-01
2.748000000000000043e+01,1.568693425310189182e-01,3.730467976106152106e-01,8.983569783890622551e-01,-1.058226734485908788e-01,3.711736722416278944e-01,9.378905192861213269e-01
2.749000000000000199e+01,1.567138503434935271e-01,3.731838026060642632e-01,8.984801107048848712e-01,-1.058108995646032391e-01,3.711728779820268609e-01,9.378939016590670530e-01
2.750000000000000000e+01,1.565998386644001650e-01,3.732871368810533053e-01,8.985703031083538406e-01,-1.057997501021193387e-01,3.711722243441710201e-01,9.378972806252285910e-01
2.751000000000000156e+01,1.567460738853855007e-01,3.729707980583790716e-01,8.983001138266468732e-01,-1.057717156415526050e-01,3.711633189002616628e-01,9.379025523948094634e-01
2.751999999999999957e+01,1.571657148853764785e-01,3.722093150678303930e-01,8.976729541277441715e-01,-1.057399321347863436e-01,3.711541610604344177e-01,9.379084167108371339e-01
2.753000000000000114e+01,1.577175872412269753e-01,3.712799147879164430e-01,8.968998345335336131e-01,-1.057170383250706225e-01,3.711511746781225307e-01,9.379139522337912593e-01
2.753999999999999915e+01,1.582975845406834059e-01,3.703566104848893259e-01,8.961171638180304155e-01,-1.057043017623730818e-01,3.711536114244510243e-01,9.379188960139348552e-01
2.755000000000000071e+01,1.588317166598250396e-01,3.695391688320272539e-01,8.954076960186694301e-01,-1.056996968263024528e-01,3.711588209239035097e-01,9.379230301843054507e-01
2.756000000000000227e+01,1.592719032153472603e-01,3.688770187160594904e-01,8.948162478169267020e-01,-1.057007160389130812e-01,3.711645303435361365e-01,9.379261988883608181e-01
2.757000000000000028e+01,1.595909861032049348e-01,3.683872613795536322e-01,8.943619023785066569e-01,-1.057051217574967727e-01,3.711694673929618604e-01,9.379284877360876127e-01
2.758000000000000185e+01,1.597774050209176955e-01,3.680671391565817907e-01,8.940470726810731961e-01,-1.057111763593626963e-01,3.711730646967653091e-01,9.379300794531323371e-01
2.758999999999999986e+01,1.598308171919579079e-01,3.679024640441278526e-01,8.938641092787066311e-01,-1.057176670863551049e-01,3.711752753797221693e-01,9.379311389328859327e-01
2.760000000000000142e+01,1.597588321409142975e-01,3.678731937778901839e-01,8.937995181207685214e-01,-1.057237435667729292e-01,3.711763435436213898e-01,9.379318468281105936e-01
2.760999999999999943e+01,1.595741732681100478e-01,3.679573428296448734e-01,8.938371003630247724e-01,-1.057288462993598299e-01,3.711766338210018557e-01,9.379323837680008102e-01
2.762000000000000099e+01,1.592924890628127643e-01,3.681335132421426071e-01,8.939600530964728620e-01,-1.057326464912916597e-01,3.711765298886578468e-01,9.379329250291529307e-01
2.762999999999999901e+01,1.589307587193854454e-01,3.683816063123367956e-01,8.941519053830916386e-01,-1.057349662456805450e-01,3.711763121267908638e-01,9.379335982084684442e-01
2.764000000000000057e+01,1.585062029258237359e-01,3.686833873456830668e-01,8.943971808189189465e-01,-1.057357341550940744e-01,3.711760791981022489e-01,9.379344385392901495e-01
2.765000000000000213e+01,1.580355811553517398e-01,3.690226285466703948e-01,8.946817034194557428e-01,-1.057348761134267179e-01,3.711757283018092823e-01,9.379354602130874907e-01
2.766000000000000014e+01,1.575348426800856072e-01,3.693850315176439580e-01,8.949926587437779801e-01,-1.057324499812387075e-01,3.711752181369205594e-01,9.379366523527676858e-01
2.767000000000000171e+01,1.570189382581756721e-01,3.697580064318954918e-01,8.953185330546509224e-01,-1.057286349005467363e-01,3.711747054273841773e-01,9.379380384723211561e-01
2.767999999999999972e+01,1.565017512899588847e-01,3.701303987438618326e-01,8.956489855927608490e-01,-1.057235501698196994e-01,3.711742352597941497e-01,9.379396254713817660e-01
2.769000000000000128e+01,1.559961472106258518e-01,3.704922166102706527e-01,8.959746821066572053e-01,-1.057172788459402324e-01,3.711737621998928427e-01,9.379414037976294694e-01
2.769999999999999929e+01,1.555140922268378190e-01,3.708343792829085217e-01,8.962871150125214514e-01,-1.057098814835774198e-01,3.711732119949144315e-01,9.379433651420505669e-01
2.771000000000000085e+01,1.550667875424634745e-01,3.711484982005460731e-01,8.965784374603288365e-01,-1.057014263958879069e-01,3.711725362656635996e-01,9.379455160696480442e-01
2.771999999999999886e+01,1.546647221996931831e-01,3.714266824665903854e-01,8.968413419979389678e-01,-1.056920075928066138e-01,3.711717363096281308e-01,9.379478612959193384e-01
2.773000000000000043e+01,1.543172756076871821e-01,3.716625678300148894e-01,8.970690660299132091e-01,-1.056817738373771187e-01,3.711708376221963812e-01,9.379503935115396374e-01
2.774000000000000199e+01,1.540294687261073714e-01,3.718557477269712197e-01,8.972574757762898923e-01,-1.056711188810533220e-01,3.711699436892741955e-01,9.379530841405190333e-01
2.775000000000000000e+01,1.538000638524027186e-01,3.720098260692912828e-01,8.974070428914712183e-01,-1.056604936190492505e-01,3.711691381157105063e-01,9.379558777707885930e-01
2.776000000000000156e+01,1.536240220035050008e-01,3.721300296084081860e-01,8.975211597280261522e-01,-1.056502363661161736e-01,3.711684421547319923e-01,9.379587143243819369e-01
2.776999999999999957e+01,1.534942432278178781e-01,3.722220050687583548e-01,8.976047338354453675e-01,-1.056405582287031630e-01,3.711678383520068958e-01,9.379615387799195014e-01
2.778000000000000114e+01,1.536371583731820645e-01,3.718915648071248192e-01,8.973305917820124655e-01,-1.056139578718124777e-01,3.711589652862845035e-01,9.379662857680515220e-01
2.778999999999999915e+01,1.540614188556525543e-01,3.711239965746538916e-01,8.967031248969826729e-01,-1.055834668517741104e-01,3.711497519859707772e-01,9.379715844838502070e-01
2.780000000000000071e+01,1.546233088791966193e-01,3.701920617129304536e-01,8.959331974746967964e-01,-1.055617111563642019e-01,3.711466798978262371e-01,9.379765215313542459e-01
2.781000000000000227e+01,1.552174725684623002e-01,3.692661267947535686e-01,8.951570204016020549e-01,-1.055499213660492930e-01,3.711489714847399646e-01,9.379808545307538603e-01
2.782000000000000028e+01,1.557694494705386123e-01,3.684435215870031644e-01,8.944572492217576221e-01,-1.055461368640130543e-01,3.711540600661286105e-01,9.379843890920243066e-01
2.783000000000000185e+01,1.562307658510875552e-01,3.677727782327127048e-01,8.938787247901482935e-01,-1.055478673429585401e-01,3.711596475379678739e-01,9.379869737907710059e-01
2.783999999999999986e+01,1.565737481100560879e-01,3.672704909059364975e-01,8.934405935005297339e-01,-1.055529308364957369e-01,3.711644790071530475e-01,9.379887082169575674e-01
2.785000000000000142e+01,1.567866593866683311e-01,3.669337861100964160e-01,8.931452664050962831e-01,-1.055596246111908387e-01,3.711679843073335539e-01,9.379897649067248100e-01
2.785999999999999943e+01,1.568697572223117787e-01,3.667487960850317474e-01,8.929847015567103918e-01,-1.055667460335126262e-01,3.711701164578404266e-01,9.379903130726560123e-01
2.787000000000000099e+01,1.568304105254944847e-01,3.666958664753681707e-01,8.929451198240875298e-01,-1.055734765893453220e-01,3.711711266596125491e-01,9.379905367692680240e-01
2.787999999999999901e+01,1.566810083955424981e-01,3.667534400859626120e-01,8.930100214817976445e-01,-1.055792855477403619e-01,3.711713888672149020e-01,9.379906177718909666e-01
2.789000000000000057e+01,1.564369444118824115e-01,3.669006498748302314e-01,8.931621633634001522e-01,-1.055838762102960238e-01,3.711713321793810860e-01,9.379907456828171508e-01
2.790000000000000213e+01,1.561150870998480600e-01,3.671180203249349572e-01,8.933844714592394931e-01,-1.055870367219056832e-01,3.711711380091121670e-01,9.379910199762356848e-01
2.791000000000000014e+01,1.557321208933309942e-01,3.673877926108517489e-01,8.936610911210622898e-01,-1.055886895120384944e-01,3.711708434668486434e-01,9.379914455925516537e-01
2.792000000000000171e+01,1.553042588261151769e-01,3.676943157340293866e-01,8.939773443518213014e-01,-1.055888320788177931e-01,3.711704573658170525e-01,9.379920425635419612e-01
2.792999999999999972e+01,1.548468614967424828e-01,3.680238713912697968e-01,8.943198837848502780e-01,-1.055874946559413330e-01,3.711699321056989298e-01,9.379928210948990097e-01
2.794000000000000128e+01,1.543742474267297271e-01,3.683644678104889825e-01,8.946766523850834263e-01,-1.055848388408257010e-01,3.711693829936765221e-01,9.379938096481492682e-01
2.794999999999999929e+01,1.538996538364617028e-01,3.687055607792746881e-01,8.950367525877427344e-01,-1.055810203024299121e-01,3.711689018854122946e-01,9.379950196376910521e-01
2.796000000000000085e+01,1.534352681478302893e-01,3.690377764968593710e-01,8.953902903968579130e-01,-1.055761322981405431e-01,3.711684604241641261e-01,9.379964413522604572e-01
2.796999999999999886e+01,1.529923447604966957e-01,3.693526596720093647e-01,8.957282013852797542e-01,-1.055702540762113728e-01,3.711679912262326186e-01,9.379980536602178232e-01
2.798000000000000043e+01,1.525813511816628831e-01,3.696424533051940187e-01,8.960420832761619714e-01,-1.055634554816916038e-01,3.711674395420235806e-01,9.379998416082978574e-01
2.799000000000000199e+01,1.522121109487488411e-01,3.698999168362803736e-01,8.963240512585340936e-01,-1.055557976383117713e-01,3.711667705720302357e-01,9.380018085282009199e-01
2.800000000000000000e+01,1.518933376894293918e-01,3.701190038403266991e-01,8.965670837167728502e-01,-1.055474082701315097e-01,3.711660003924884266e-01,9.380039430619777630e-01
2.801000000000000156e+01,1.516292019347069975e-01,3.702984560504281042e-01,8.967679082343034125e-01,-1.055386152418252149e-01,3.711652242530929513e-01,9.380062133314094330e-01
2.801999999999999957e+01,1.514184544744396343e-01,3.704410721832437914e-01,8.969277830513193717e-01,-1.055298130252098621e-01,3.711645344056386797e-01,9.380085684828677328e-01
2.803000000000000114e+01,1.512563965403330990e-01,3.705515257366100434e-01,8.970506920226762881e-01,-1.055213063478147167e-01,3.711639564667679747e-01,9.380109495965591737e-01
2.803999999999999915e+01,1.511365055865808438e-01,3.706351138568552139e-01,8.971419214505598205e-01,-1.055132928450802504e-01,3.711634857410471833e-01,9.380133074110225122e-01
2.805000000000000071e+01,1.512901316237532656e-01,3.703077052792999591e-01,8.968667547489517222e-01,-1.054885630810108582e-01,3.711549252824056788e-01,9.380177188994813786e-01
2.806000000000000227e+01,1.517263304120634038e-01,3.695470280065582536e-01,8.962384540138141897e-01,-1.054598107393614759e-01,3.711458938357451998e-01,9.380225872238882046e-01
2.807000000000000028e+01,1.523006590618133371e-01,3.686274923252898517e-01,8.954700446307997108e-01,-1.054398459179385628e-01,3.711430712976013790e-01,9.380270384216461421e-01
2.808000000000000185e+01,1.529069696886848073e-01,3.677232656223305418e-01,8.946995978998669719e-01,-1.054299680799566652e-01,3.711456963291902555e-01,9.380308748908043892e-01
2.808999999999999986e+01,1.534695160234365585e-01,3.669349878631081308e-01,8.940118648421240266e-01,-1.054282992564326282e-01,3.711511993251577213e-01,9.380338724640160386e-01
2.810000000000000142e+01,1.539384675362645560e-01,3.663135352305776360e-01,8.934535451691720809e-01,-1.054323245807563120e-01,3.711572769882369727e-01,9.380358961108188343e-01
2.810999999999999943e+01,1.542851482673026908e-01,3.658772136683057785e-01,8.930451564700890854e-01,-1.054397707386333649e-01,3.711625887263220736e-01,9.380370580419018500e-01
2.812000000000000099e+01,1.544970849545302394e-01,3.656240002233516195e-01,8.927898877868463146e-01,-1.054488932165931619e-01,3.711665159781886159e-01,9.380375130024457553e-01
2.812999999999999901e+01,1.545732781300146186e-01,3.655395437936759251e-01,8.926800796289974249e-01,-1.054584410562615232e-01,3.711689878764582451e-01,9.380374284048065281e-01
2.814000000000000057e+01,1.545210242893870767e-01,3.656035605343238015e-01,8.927019211055878811e-01,-1.054675442395160978e-01,3.711702657680997497e-01,9.380369974581446169e-01
2.815000000000000213e+01,1.543529758158202203e-01,3.657934819845553576e-01,8.928384623056762059e-01,-1.054756168882522022e-01,3.711707260363852900e-01,9.380364101116839270e-01
2.816000000000000014e+01,1.540848759836283832e-01,3.660864156816624471e-01,8.930714936341659360e-01,-1.054823111627180982e-01,3.711708101306187557e-01,9.380358696864288248e-01
2.817000000000000171e+01,1.537339088205628701e-01,3.664604404248204550e-01,8.933828125775118423e-01,-1.054873644652447456e-01,3.711706736055469524e-01,9.380354773536453417e-01
2.817999999999999972e+01,1.533175668350439114e-01,3.668952605161717728e-01,8.937549577412865487e-01,-1.054906385073441366e-01,3.711703401358598664e-01,9.380352695244207339e-01
2.819000000000000128e+01,1.528529018281323537e-01,3.673724313334864600e-01,8.941715842478160647e-01,-1.054921258551652641e-01,3.711698007827707313e-01,9.380352384389243348e-01
2.819999999999999929e+01,1.523560995569950283e-01,3.678753283078073366e-01,8.946175926956454472e-01,-1.054919397804152531e-01,3.711691278567036401e-01,9.380353823326638141e-01
2.821000000000000085e+01,1.518423205508598051e-01,3.683889579282420002e-01,8.950790803277803853e-01,-1.054901893235258153e-01,3.711684426248261226e-01,9.380357568974717619e-01
2.821999999999999886e+01,1.513256208234536881e-01,3.688997320674971547e-01,8.955432489172835409e-01,-1.054869826766863805e-01,3.711677914997906780e-01,9.380363830392971503e-01
2.823000000000000043e+01,1.508189815468126971e-01,3.693952189990192259e-01,8.959982683414923210e-01,-1.054823917332787797e-01,3.711671086921279894e-01,9.380372571806899762e-01
2.824000000000000199e+01,1.503344279373092229e-01,3.698639070587819155e-01,8.964331131567266908e-01,-1.054764766509440066e-01,3.711663043995053757e-01,9.380383776488877556e-01
2.825000000000000000e+01,1.498831730267447537e-01,3.702949666371488924e-01,8.968374069842218743e-01,-1.054693375684857271e-01,3.711653607897355545e-01,9.380397469461956295e-01
2.826000000000000156e+01,1.494758421402374304e-01,3.706778973349533768e-01,8.972012190888151162e-01,-1.054610790466921494e-01,3.711642790533344893e-01,9.380413594124699106e-01
2.826999999999999957e+01,1.491223955651629074e-01,3.710040980613195094e-01,8.975153605580157290e-01,-1.054518541145039734e-01,3.711630802015887243e-01,9.380431977222953854e-01
2.828000000000000114e+01,1.488288719971035123e-01,3.712710417958617337e-01,8.977749575635934898e-01,-1.054421216617196372e-01,3.711619082263764025e-01,9.380452247947248523e-01
2.828999999999999915e+01,1.485951503616278480e-01,3.714825489124297109e-01,8.979810973352213566e-01,-1.054324177295994092e-01,3.711608973770525455e-01,9.380473796646037199e-01
2.830000000000000071e+01,1.484166189915124834e-01,3.716455362823788411e-01,8.981387927827384488e-01,-1.054231493662712987e-01,3.711600919748295757e-01,9.380495898948157940e-01
2.831000000000000227e+01,1.482860329805882338e-01,3.717679234403157285e-01,8.982550553188761722e-01,-1.054145620337638284e-01,3.711594609702702496e-01,9.380517861592635454e-01
2.832000000000000028e+01,1.484242495479273505e-01,3.714675858267715847e-01,8.979994849007955082e-01,-1.053890213425621308e-01,3.711505257555693937e-01,9.380559718925514101e-01
2.833000000000000185e+01,1.488538919553301088e-01,3.707201393166274506e-01,8.973756037356552806e-01,-1.053598909358977043e-01,3.711414224233359760e-01,9.380607592994952837e-01
2.833999999999999986e+01,1.494292224550799186e-01,3.698055327006063986e-01,8.965991936082623459e-01,-1.053400494626012818e-01,3.711387593011080677e-01,9.380652343566893148e-01
2.835000000000000142e+01,1.500393183564057986e-01,3.689015660200600233e-01,8.958126451958469127e-01,-1.053307990190369553e-01,3.711416583693248894e-01,9.380691165685324240e-01
2.835999999999999943e+01,1.506043270787604527e-01,3.681113569222018156e-01,8.951040948515794904e-01,-1.053302104565373154e-01,3.711474634076660783e-01,9.380721114736291222e-01
2.837000000000000099e+01,1.510714647941438227e-01,3.674875218989212544e-01,8.945226884497090580e-01,-1.053356705413441008e-01,3.711538632520019476e-01,9.380740773357330031e-01
2.837999999999999901e+01,1.514094887179241733e-01,3.670495032131316226e-01,8.940907450353030583e-01,-1.053448034027589658e-01,3.711594680941732172e-01,9.380751206183464141e-01
2.839000000000000057e+01,1.516040283462933846e-01,3.667958332909171948e-01,8.938128308136733535e-01,-1.053557772728220543e-01,3.711636480153834849e-01,9.380753909373866772e-01
2.840000000000000213e+01,1.516534111238252713e-01,3.667124718945761197e-01,8.936820440779132957e-01,-1.053672521216406227e-01,3.711663376291254313e-01,9.380750614100659135e-01
2.841000000000000014e+01,1.515649250141958837e-01,3.667793830133707633e-01,8.936850529069989557e-01,-1.053782815001594597e-01,3.711677991643890229e-01,9.380743304850345243e-01
2.842000000000000171e+01,1.513517093346453679e-01,3.669739465441327342e-01,8.938050930061715027e-01,-1.053882104400837849e-01,3.711684036578929424e-01,9.380733938719583165e-01
2.842999999999999972e+01,1.510303726296530202e-01,3.672731138938493123e-01,8.940239903134110655e-01,-1.053966347836552825e-01,3.711685739472706524e-01,9.380724548358773118e-01
2.844000000000000128e+01,1.506192364669365624e-01,3.676547555539441126e-01,8.943234898253291654e-01,-1.054032955726920961e-01,3.711685813708855419e-01,9.380716621325820848e-01
2.844999999999999929e+01,1.501371155295871673e-01,3.680983349315988251e-01,8.946860245336650808e-01,-1.054080058386853286e-01,3.711684063592972649e-01,9.380710494941766342e-01
2.846000000000000085e+01,1.496024958285429307e-01,3.685851453931269783e-01,8.950951184636345426e-01,-1.054107020947374629e-01,3.711679553268114051e-01,9.380705921574890027e-01
2.846999999999999886e+01,1.490330592366372331e-01,3.690983037598295491e-01,8.955355350140371540e-01,-1.054114967462363439e-01,3.711673144527167789e-01,9.380703006275888933e-01
2.848000000000000043e+01,1.484454817372329594e-01,3.696225799046445881e-01,8.959932482058047265e-01,-1.054105753066239409e-01,3.711666988290274194e-01,9.380702188537283215e-01
2.849000000000000199e+01,1.478553385350060145e-01,3.701441555809729667e-01,8.964553422119350135e-01,-1.054079789576487514e-01,3.711660810179582826e-01,9.380703707222168841e-01
2.850000000000000000e+01,1.472771189078115051e-01,3.706503892191632121e-01,8.969098832359563289e-01,-1.054037269000251825e-01,3.711653501144129841e-01,9.380707829918613072e-01
2.851000000000000156e+01,1.467243340315444733e-01,3.711295773047583735e-01,8.973457569194532857e-01,-1.053979068508202332e-01,3.711644592982873414e-01,9.380714841528143833e-01
2.851999999999999957e+01,1.462095445841566643e-01,3.715707253722697612e-01,8.977525427318022722e-01,-1.053906667223471899e-01,3.711633920178040724e-01,9.380724457957627660e-01
2.853000000000000114e+01,1.457446241694437816e-01,3.719633593995534948e-01,8.981203559623870403e-01,-1.053821211302032324e-01,3.711621389469600962e-01,9.380736419116741942e-01
2.853999999999999915e+01,1.453408887919520609e-01,3.722979883801257883e-01,8.984396535439174158e-01,-1.053724440715543414e-01,3.711607422230785991e-01,9.380750745763712928e-01
2.855000000000000071e+01,1.450053073687177230e-01,3.725717905237845851e-01,8.987039977473060270e-01,-1.053621864830154436e-01,3.711593965614462531e-01,9.380767511081120613e-01
2.856000000000000227e+01,1.447378800359774287e-01,3.727884674403791343e-01,8.989134427048074416e-01,-1.053519749283251261e-01,3.711582463492844042e-01,9.380786214660783440e-01
2.857000000000000028e+01,1.445335128588454143e-01,3.729550645365538597e-01,8.990725928260532296e-01,-1.053422844037290862e-01,3.711573287740848603e-01,9.380806023500548596e-01
2.858000000000000185e+01,1.443842873689298312e-01,3.730798294134649584e-01,8.991883425032327626e-01,-1.053334006817847335e-01,3.711565949024978606e-01,9.380826020668939780e-01
2.858999999999999986e+01,1.445115350728013448e-01,3.727847026833180366e-01,8.989398804860664338e-01,-1.053071197554037997e-01,3.711471112128439387e-01,9.380863094305372796e-01
2.860000000000000142e+01,1.449395449115683798e-01,3.720405447787845099e-01,8.983174762199728214e-01,-1.052773306043283535e-01,3.711376821018375627e-01,9.380908116493125171e-01
2.860999999999999943e+01,1.455222732094792748e-01,3.711247230690818411e-01,8.975365795938465840e-01,-1.052567045270111357e-01,3.711346971946835049e-01,9.380950983572392543e-01
2.862000000000000099e+01,1.461489992702972585e-01,3.702120499500466955e-01,8.967396957207434127e-01,-1.052463970796317511e-01,3.711371903692728402e-01,9.380988214476783105e-01
2.862999999999999901e+01,1.467404001359373100e-01,3.694024941324874356e-01,8.960143380118210654e-01,-1.052444288465041178e-01,3.711425050481508281e-01,9.381017126780220039e-01
2.864000000000000057e+01,1.472440618040733451e-01,3.687460121321191053e-01,8.954088198265265364e-01,-1.052482553888097194e-01,3.711483029337873663e-01,9.381035917948922220e-01
2.865000000000000213e+01,1.476293760390141596e-01,3.682602483356333667e-01,8.949446187998992830e-01,-1.052556188650602825e-01,3.711533089263679419e-01,9.381045780524146505e-01
2.866000000000000014e+01,1.478825572436367752e-01,3.679429226738528125e-01,8.946255955612330002e-01,-1.052647783231851486e-01,3.711569551987179971e-01,9.381048382340678726e-01
2.867000000000000171e+01,1.480024582660861565e-01,3.677803808437826172e-01,8.944445500349975653e-01,-1.052744786021269086e-01,3.711592095953538673e-01,9.381045537992726002e-01
2.867999999999999972e+01,1.479961774667687413e-01,3.677530084514980535e-01,8.943878945034324790e-01,-1.052838578137471753e-01,3.711603393222999148e-01,9.381039214308980467e-01
2.869000000000000128e+01,1.478762335107356440e-01,3.678390785695548892e-01,8.944389917283395164e-01,-1.052923517814588206e-01,3.711607397199550018e-01,9.381031379131016257e-01
2.869999999999999929e+01,1.476580016168393683e-01,3.680173372345127980e-01,8.945804244751298651e-01,-1.052996291621999120e-01,3.711608394840614222e-01,9.381023980947268415e-01
2.871000000000000085e+01,1.473584519020584571e-01,3.682677629588391177e-01,8.947948751572705195e-01,-1.053054399644725581e-01,3.711607725232660138e-01,9.381017918198959471e-01
2.871999999999999886e+01,1.469950833008138447e-01,3.685722335136070171e-01,8.950657888596794676e-01,-1.053096666501966983e-01,3.711605832062827570e-01,9.381013617935394233e-01
2.873000000000000043e+01,1.465845394226202858e-01,3.689144383314940101e-01,8.953781491575396601e-01,-1.053123095811892562e-01,3.711602853810483382e-01,9.381011165974753041e-01
2.874000000000000199e+01,1.461425376976130397e-01,3.692800331688616544e-01,8.957182429226419051e-01,-1.053134653390560976e-01,3.711598940005855218e-01,9.381010394917487227e-01
2.875000000000000000e+01,1.456836711965711628e-01,3.696563840630809339e-01,8.960736984201204125e-01,-1.053132835266663986e-01,3.711594960642869423e-01,9.381011491013560022e-01
2.876000000000000156e+01,1.452213839927710137e-01,3.700322673172241061e-01,8.964333389722782819e-01,-1.053118700434196170e-01,3.711591331702398522e-01,9.381014796392075361e-01
2.876999999999999957e+01,1.447680003796730785e-01,3.703976251726328051e-01,8.967870397731529941e-01,-1.053093421652916417e-01,3.711588127387664970e-01,9.381020319797270801e-01
2.878000000000000114e+01,1.443348234129975260e-01,3.707433139855519366e-01,8.971255609762135430e-01,-1.053057885648241987e-01,3.711584801259089073e-01,9.381027913469769386e-01
2.878999999999999915e+01,1.439322876321453559e-01,3.710608851578061640e-01,8.974403751606329083e-01,-1.053012856029361261e-01,3.711580702733297543e-01,9.381037421445219682e-01
2.880000000000000071e+01,1.435701182249914665e-01,3.713424028750318406e-01,8.977235130067675595e-01,-1.052958995585031726e-01,3.711575322962423762e-01,9.381048778471023919e-01
2.881000000000000227e+01,1.432569381223314509e-01,3.715813902895661602e-01,8.979678599100476832e-01,-1.052897644090811102e-01,3.711568852840145261e-01,9.381061833319874754e-01
2.882000000000000028e+01,1.429970616823837137e-01,3.717770957986465952e-01,8.981699584973986683e-01,-1.052832081293706978e-01,3.711562313579231942e-01,9.381076288567150590e-01
2.883000000000000185e+01,1.427895004582572791e-01,3.719329637456214033e-01,8.983309237087919730e-01,-1.052766206497831591e-01,3.711556587820256659e-01,9.381091600915938411e-01
2.883999999999999986e+01,1.426298246739893805e-01,3.720541946174312775e-01,8.984546534778012905e-01,-1.052702993850933577e-01,3.711551942004537308e-01,9.381107223709559406e-01
2.885000000000000142e+01,1.425117796374780199e-01,3.721465269455292990e-01,8.985463887728241117e-01,-1.052644457649464099e-01,3.711548439361319618e-01,9.381122684512601673e-01
2.885999999999999943e+01,1.426720617459901752e-01,3.718219443142893321e-01,8.982684275982377731e-01,-1.052416930199061296e-01,3.711462869514927654e-01,9.381158839346933620e-01
2.887000000000000099e+01,1.431242100919653537e-01,3.710697310378568980e-01,8.976254602021128681e-01,-1.052149601922100497e-01,3.711373747977583237e-01,9.381200728077645490e-01
2.887999999999999901e+01,1.437193238960479680e-01,3.701638218100659627e-01,8.968302102694395428e-01,-1.051970389612440077e-01,3.711347426523356474e-01,9.381239675498623809e-01
2.889000000000000057e+01,1.443460862668309863e-01,3.692764162259935534e-01,8.960214678807195687e-01,-1.051893019008036112e-01,3.711375363325919441e-01,9.381272898670381943e-01
2.890000000000000213e+01,1.449243372560464482e-01,3.685064606227654860e-01,8.952848826940984495e-01,-1.051899231713708943e-01,3.711431874988023738e-01,9.381297654152984666e-01
2.891000000000000014e+01,1.454010878319666189e-01,3.679035684741369661e-01,8.946680145200820444e-01,-1.051963808466327699e-01,3.711494301826199216e-01,9.381312563391754900e-01
2.892000000000000171e+01,1.457449889037424062e-01,3.674851172716323000e-01,8.941923695050437715e-01,-1.052063722957483349e-01,3.711548913072163502e-01,9.381318595370552460e-01
2.892999999999999972e+01,1.459418270171848608e-01,3.672483831199230830e-01,8.938622359814367702e-01,-1.052181242888173829e-01,3.711589548558174023e-01,9.381317149136781941e-01
2.894000000000000128e+01,1.459902282198284607e-01,3.671786387897680859e-01,8.936709765904709002e-01,-1.052303435512557395e-01,3.711615668181524330e-01,9.381309876404182457e-01
2.894999999999999929e+01,1.458978508971293664e-01,3.672554691110396785e-01,8.936055358213641497e-01,-1.052421082864822416e-01,3.711629938619465108e-01,9.381298723846477339e-01
2.896000000000000085e+01,1.456783085233786523e-01,3.674564272110303342e-01,8.936499167748590544e-01,-1.052527906133393643e-01,3.711636093845722129e-01,9.381285577812260579e-01
2.896999999999999886e+01,1.453487078558636514e-01,3.677587386838251371e-01,8.937869314189891279e-01,-1.052620071890890685e-01,3.711638477749599763e-01,9.381272465133205785e-01
2.898000000000000043e+01,1.449278725012493885e-01,3.681406309346573758e-01,8.939994695221520349e-01,-1.052694922432958896e-01,3.711639301744058539e-01,9.381260686703809526e-01
2.899000000000000199e+01,1.444350993764907387e-01,3.685819470278754451e-01,8.942712369213922097e-01,-1.052750762599220374e-01,3.711638403877450809e-01,9.381250513901921995e-01
2.900000000000000000e+01,1.438893333930954255e-01,3.690643598653950974e-01,8.945871324158832794e-01,-1.052787060797389374e-01,3.711634920762081347e-01,9.381241674481719528e-01
2.901000000000000156e+01,1.433086885298509583e-01,3.695713320612440955e-01,8.949333718417356032e-01,-1.052804599626703808e-01,3.711629406518196506e-01,9.381234356542734742e-01
2.901999999999999957e+01,1.427102257626784720e-01,3.700879355954851957e-01,8.952974498041896823e-01,-1.052805782947731639e-01,3.711624572813196909e-01,9.381229010366770593e-01
2.903000000000000114e+01,1.421098693435512983e-01,3.706006032227442404e-01,8.956680210649734519e-01,-1.052791093651103127e-01,3.711620104890211436e-01,9.381225730341958835e-01
2.903999999999999915e+01,1.415224337826849754e-01,3.710968861834894050e-01,8.960347534356272181e-01,-1.052760331710059782e-01,3.711614571219881142e-01,9.381224931512043286e-01
2.905000000000000071e+01,1.409617224258884194e-01,3.715652206216563114e-01,8.963881636173866019e-01,-1.052714532825685945e-01,3.711607479834985734e-01,9.381226776929181277e-01
2.906000000000000227e+01,1.404406639290026182e-01,3.719947159495956557e-01,8.967194562640533606e-01,-1.052655160448406207e-01,3.711598628395650357e-01,9.381230985837251124e-01
2.907000000000000028e+01,1.399713500154027013e-01,3.723749631108261293e-01,8.970204122120393198e-01,-1.052583338674837332e-01,3.711587887064444202e-01,9.381237356655892645e-01
2.908000000000000185e+01,1.395647577361991409e-01,3.726974162613590491e-01,8.972829694689897773e-01,-1.052500865263025914e-01,3.711575601717450601e-01,9.381245859055353797e-01
2.908999999999999986e+01,1.392271626819402974e-01,3.729613814836066910e-01,8.975007855845770210e-01,-1.052413016452481004e-01,3.711563743427667150e-01,9.381256760989665766e-01
2.910000000000000142e+01,1.389579013043465150e-01,3.731717441409640457e-01,8.976731164948386077e-01,-1.052325557344177404e-01,3.711553568039624995e-01,9.381269740181169547e-01
2.910999999999999943e+01,1.387515659877710250e-01,3.733356249691008322e-01,8.978033393493365377e-01,-1.052242851631692983e-01,3.711545220492392660e-01,9.381283993655524789e-01
2.912000000000000099e+01,1.386001489216449889e-01,3.734607763860650076e-01,8.978969863666058648e-01,-1.052167564404870304e-01,3.711538181286200277e-01,9.381298610032785534e-01
2.912999999999999901e+01,1.387372420434445086e-01,3.731508001017163068e-01,8.976374039165352370e-01,-1.051916278342506783e-01,3.711441715234198302e-01,9.381329106280750230e-01
2.914000000000000057e+01,1.391826031765151794e-01,3.723999900532009022e-01,8.970050107951227369e-01,-1.051630067658761852e-01,3.711347288723433335e-01,9.381369073143092097e-01
2.915000000000000213e+01,1.397879366967312298e-01,3.714810594500421170e-01,8.962128245943408178e-01,-1.051435265610793923e-01,3.711317671394030460e-01,9.381407948039218736e-01
2.916000000000000014e+01,1.404395997890616754e-01,3.705631060100108010e-01,8.954026916247073142e-01,-1.051343772407473398e-01,3.711342215972159853e-01,9.381441493013982225e-01
2.917000000000000171e+01,1.410551991660143611e-01,3.697426722463061366e-01,8.946623591993545510e-01,-1.051336710253462925e-01,3.711394621935855676e-01,9.381466418223647352e-01
2.917999999999999972e+01,1.415795621341726651e-01,3.690677404075026757e-01,8.940407751915946388e-01,-1.051388727943585177e-01,3.711452022288857511e-01,9.381481043839656753e-01
2.919000000000000128e+01,1.419799101695588539e-01,3.685549746098585322e-01,8.935601308459195646e-01,-1.051477031675384366e-01,3.711501660513494283e-01,9.381486601802285774e-01
2.919999999999999929e+01,1.422412530157248500e-01,3.682018395293411017e-01,8.932248272475981077e-01,-1.051583927721031070e-01,3.711537903438085206e-01,9.381484724860388313e-01
2.921000000000000085e+01,1.423612837900675998e-01,3.679946787095645377e-01,8.930281882573314345e-01,-1.051696747888878208e-01,3.711560494659528198e-01,9.381477242977194209e-01
2.921999999999999886e+01,1.423466473516805109e-01,3.679146432829603630e-01,8.929570217382845065e-01,-1.051806449795116977e-01,3.711572086308576601e-01,9.381466174306347661e-01
2.923000000000000043e+01,1.422100260662224891e-01,3.679409403444119375e-01,8.929948913579414116e-01,-1.051907028012101786e-01,3.711576703554966827e-01,9.381453586345481765e-01
2.924000000000000199e+01,1.419676534271225310e-01,3.680533682881132473e-01,8.931243599664010491e-01,-1.051994817425571105e-01,3.711578527392466742e-01,9.381441461275979998e-01
2.925000000000000000e+01,1.416374591145067308e-01,3.682330707467356135e-01,8.933280765482520813e-01,-1.052067026472386785e-01,3.711578769574656045e-01,9.381430716704842743e-01
2.926000000000000156e+01,1.412377939005427796e-01,3.684630851359370074e-01,8.935895539771213647e-01,-1.052122361035548875e-01,3.711577885955274492e-01,9.381421808764477399e-01
2.926999999999999957e+01,1.407865805772875178e-01,3.687284885294360159e-01,8.938935667194085610e-01,-1.052160633020902125e-01,3.711575792052708156e-01,9.381414783976989025e-01
2.928000000000000114e+01,1.403008083435331732e-01,3.690162947906643898e-01,8.942262889358754130e-01,-1.052182438811543469e-01,3.711572361257685082e-01,9.381409560039286610e-01
2.928999999999999915e+01,1.397962895075681999e-01,3.693152441599869551e-01,8.945752727165846574e-01,-1.052189563356786678e-01,3.711568980283030950e-01,9.381406464466222062e-01
2.930000000000000071e+01,1.392876122864275534e-01,3.696155299438695918e-01,8.949293217181364390e-01,-1.052183656535062850e-01,3.711566659087385256e-01,9.381405644059596094e-01
2.931000000000000227e+01,1.387881715139833994e-01,3.699085114990230405e-01,8.952783277037705822e-01,-1.052165243652965626e-01,3.711564650513179409e-01,9.381407085158240955e-01
2.932000000000000028e+01,1.383102638198762946e-01,3.701864713566945797e-01,8.956131084771095097e-01,-1.052134984180271571e-01,3.711562080013127707e-01,9.381410730056373160e-01
2.933000000000000185e+01,1.378652480878475306e-01,3.704423947087971958e-01,8.959252310640939410e-01,-1.052093535101739780e-01,3.711558206900771317e-01,9.381416637986705886e-01
2.933999999999999986e+01,1.374638896316717762e-01,3.706698602611093740e-01,8.962067211654007881e-01,-1.052042003974430762e-01,3.711553003426641406e-01,9.381424813462407863e-01
2.935000000000000142e+01,1.371158886813509392e-01,3.708634522514833165e-01,8.964504618001782887e-01,-1.051981977846848243e-01,3.711546617716489638e-01,9.381434971354937202e-01
2.935999999999999943e+01,1.368269625919948107e-01,3.710220781252674405e-01,8.966523682873415169e-01,-1.051917314053101848e-01,3.711540050530690582e-01,9.381446674570120825e-01
2.937000000000000099e+01,1.365968331728573126e-01,3.711482871562959973e-01,8.968129278970988771e-01,-1.051852344166483988e-01,3.711534163365479144e-01,9.381459387343228373e-01
2.937999999999999901e+01,1.364209435495532807e-01,3.712462310118213593e-01,8.969357060502458623e-01,-1.051790432976879019e-01,3.711529143947291387e-01,9.381472457184159008e-01
2.939000000000000057e+01,1.362922836454612541e-01,3.713205302091503457e-01,8.970259156410741452e-01,-1.051733750420129343e-01,3.711524907108760818e-01,9.381485343688501510e-01
2.940000000000000213e+01,1.364440959897233185e-01,3.709903751992078003e-01,8.967530163046391056e-01,-1.051505194539242294e-01,3.711436313692227373e-01,9.381518120481898704e-01
2.941000000000000014e+01,1.369033980556994545e-01,3.702377102218357141e-01,8.961135842548926256e-01,-1.051237654016806827e-01,3.711345469162042332e-01,9.381557343184809827e-01
2.942000000000000171e+01,1.375197966527730575e-01,3.693328559569737379e-01,8.953207096239876872e-01,-1.051059018412661417e-01,3.711318297989937287e-01,9.381593818431521736e-01
2.942999999999999972e+01,1.381778119427476692e-01,3.684462847134508667e-01,8.945160314419812186e-01,-1.050982660385494094e-01,3.711345643525330584e-01,9.381624541357956870e-01
2.944000000000000128e+01,1.387936187567521129e-01,3.676763658206427254e-01,8.937878369885068341e-01,-1.050990746839379070e-01,3.711401690898143424e-01,9.381646522687060452e-01
2.944999999999999929e+01,1.393110672827929386e-01,3.670727428464288233e-01,8.931858859444503640e-01,-1.051058195807492157e-01,3.711463611623289083e-01,9.381658336723002201e-01
2.946000000000000085e+01,1.396969533495819593e-01,3.666532216484006956e-01,8.927330435701139599e-01,-1.051161943957890921e-01,3.711517806542879994e-01,9.381661118034179125e-01
2.946999999999999886e+01,1.399355045957212662e-01,3.664155660581757123e-01,8.924343826700357196e-01,-1.051284302009678623e-01,3.711558116505362381e-01,9.381656300338018228e-01
2.948000000000000043e+01,1.400242970534392173e-01,3.663456027548550042e-01,8.922834456399800773e-01,-1.051412185070264849e-01,3.711583955011710789e-01,9.381645630563766325e-01
2.949000000000000199e+01,1.399704170819270344e-01,3.664230861368601988e-01,8.922669747308584753e-01,-1.051536242763021073e-01,3.711597982241702787e-01,9.381631136652903713e-01
2.950000000000000000e+01,1.397872280879033369e-01,3.666256614709662576e-01,8.923682818597016286e-01,-1.051650085544021673e-01,3.711604058733690703e-01,9.381614827426915104e-01
2.951000000000000156e+01,1.394918210953925986e-01,3.669306166005277814e-01,8.925691627982912379e-01,-1.051749749588162530e-01,3.711606582016249711e-01,9.381598806725389705e-01
2.951999999999999957e+01,1.391031334956863985e-01,3.673161512600569556e-01,8.928512644260262476e-01,-1.051832179087694580e-01,3.711606940678509603e-01,9.381584110486330674e-01
2.953000000000000114e+01,1.386406320389783897e-01,3.677620326768111791e-01,8.931969017294739688e-01,-1.051895818191090071e-01,3.711605481890932756e-01,9.381571180989770609e-01
2.953999999999999915e+01,1.381234284228094189e-01,3.682498244869300552e-01,8.935894916201831961e-01,-1.051940189296789174e-01,3.711601735425622550e-01,9.381559900447156153e-01
2.955000000000000071e+01,1.375697488719405948e-01,3.687628598719824291e-01,8.940137240908414551e-01,-1.051965910759504325e-01,3.711595944873959385e-01,9.381550339315597453e-01
2.956000000000000227e+01,1.369966872113566880e-01,3.692860798815902901e-01,8.944555587740419256e-01,-1.051974973845065386e-01,3.711590273322547540e-01,9.381543057505957739e-01
2.957000000000000028e+01,1.364201198182599939e-01,3.698058003552137651e-01,8.949021283052230880e-01,-1.051968870996316807e-01,3.711585579566776261e-01,9.381538109729018471e-01
2.958000000000000185e+01,1.358547258595584895e-01,3.703094567733682951e-01,8.953415975367948754e-01,-1.051947493793049804e-01,3.711580324261448127e-01,9.381535591818097597e-01
2.958999999999999986e+01,1.353140959458346004e-01,3.707852118655618479e-01,8.957630187577682035e-01,-1.051911287288329194e-01,3.711573573727721675e-01,9.381535846544987178e-01
2.960000000000000142e+01,1.348108573000362520e-01,3.712221259412192276e-01,8.961561426723851920e-01,-1.051861707459535167e-01,3.711565135915656510e-01,9.381538703336430585e-01
2.960999999999999943e+01,1.343566970762723467e-01,3.716099404433805264e-01,8.965113493678668055e-01,-1.051800018880545140e-01,3.711554920012986036e-01,9.381543919088235484e-01
2.962000000000000099e+01,1.339624499206011621e-01,3.719397593764139365e-01,8.968195394678067922e-01,-1.051727990820608971e-01,3.711543298777031374e-01,9.381551400754541969e-01
2.962999999999999901e+01,1.336345705623825930e-01,3.722096940275609334e-01,8.970748567285836694e-01,-1.051650506429837317e-01,3.711531993375523086e-01,9.381561079059902442e-01
2.964000000000000057e+01,1.333727946885169824e-01,3.724239997895885113e-01,8.972775533527616032e-01,-1.051573062592145169e-01,3.711522336650719955e-01,9.381572504694957182e-01
2.965000000000000213e+01,1.331721587802761619e-01,3.725897729116804946e-01,8.974320442141582310e-01,-1.051499895993046468e-01,3.711514687609513974e-01,9.381584938750056057e-01
2.966000000000000014e+01,1.330250712858889739e-01,3.727150435709963294e-01,8.975448572919474399e-01,-1.051433620486441900e-01,3.711508637351512707e-01,9.381597559321039892e-01
2.967000000000000171e+01,1.331674580479206282e-01,3.724144660092627568e-01,8.972912480182152484e-01,-1.051192490199131385e-01,3.711414696853016504e-01,9.381627722767491573e-01
2.967999999999999972e+01,1.336245863829879088e-01,3.716738286175061412e-01,8.966593788131115295e-01,-1.050914129234167965e-01,3.711321072387708253e-01,9.381666074145070811e-01
2.969000000000000128e+01,1.342442329812361390e-01,3.707661442347807701e-01,8.958664004776984990e-01,-1.050726140733541369e-01,3.711292424323803241e-01,9.381702430598753972e-01
2.969999999999999929e+01,1.349089785974212363e-01,3.698623273944210976e-01,8.950574861664675197e-01,-1.050641061974190577e-01,3.711318481229619048e-01,9.381733085274910344e-01
2.971000000000000085e+01,1.355331338503900362e-01,3.690605830017461009e-01,8.943232430613760053e-01,-1.050640644593283102e-01,3.711373043297966356e-01,9.381755006761405280e-01
2.971999999999999886e+01,1.360589407698110098e-01,3.684100712205201078e-01,8.937148563278607405e-01,-1.050699853470201672e-01,3.711432826591238854e-01,9.381766501895081323e-01
2.973000000000000043e+01,1.364518548589465641e-01,3.679284795305113320e-01,8.932560255015187245e-01,-1.050796017856956421e-01,3.711484738810070239e-01,9.381768796953582346e-01
2.974000000000000199e+01,1.366958856666785349e-01,3.676140682914094127e-01,8.929520161506652176e-01,-1.050911415778087443e-01,3.711522926288727264e-01,9.381763507614787612e-01
2.975000000000000000e+01,1.367884003829188122e-01,3.674535097161722996e-01,8.927964118857625309e-01,-1.051033109564204898e-01,3.711547029659973407e-01,9.381752516107352280e-01
2.976000000000000156e+01,1.367362809160229398e-01,3.674273199020907099e-01,8.927757422751287919e-01,-1.051151884277696791e-01,3.711559723731134852e-01,9.381737903376623500e-01
2.976999999999999957e+01,1.365529249966507264e-01,3.675143024445115536e-01,8.928730652847554072e-01,-1.051261628699213108e-01,3.711565223418027970e-01,9.381721826413274012e-01
2.978000000000000114e+01,1.362556256156267631e-01,3.676933895924231477e-01,8.930699650624923658e-01,-1.051358331067358265e-01,3.711567461555843050e-01,9.381706223480894558e-01
2.978999999999999915e+01,1.358636251088411184e-01,3.679446644377305509e-01,8.933478683899914730e-01,-1.051439001026827080e-01,3.711567631429046887e-01,9.381692026412473684e-01
2.980000000000000071e+01,1.353967517306645107e-01,3.682499741784580616e-01,8.936888900993806839e-01,-1.051502278043669331e-01,3.711566417538829654e-01,9.381679778997653596e-01
2.981000000000000227e+01,1.348744975182499528e-01,3.685931100296343521e-01,8.940762820420691259e-01,-1.051547888218324206e-01,3.711563824852296967e-01,9.381669553672049577e-01
2.982000000000000028e+01,1.343154606607190327e-01,3.689597456827122257e-01,8.944946134392308679e-01,-1.051576356030536064e-01,3.711559778443590529e-01,9.381661294625607272e-01
2.983000000000000185e+01,1.337370706785531438e-01,3.693372519757990302e-01,8.949297793908779219e-01,-1.051589135543122555e-01,3.711555417726846162e-01,9.381655416329597319e-01
2.983999999999999986e+01,1.331556047057444181e-01,3.697144861401551186e-01,8.953688252755178656e-01,-1.051588340500243246e-01,3.711552273970807336e-01,9.381652105255268159e-01
2.985000000000000142e+01,1.325861644996786104e-01,3.700814523980381909e-01,8.957998906410754580e-01,-1.051574499427169046e-01,3.711549576350500756e-01,9.381651259956835798e-01
2.985999999999999943e+01,1.320424108528735485e-01,3.704289886594834824e-01,8.962121980338150218e-01,-1.051548095052204368e-01,3.711546177938789270e-01,9.381652807204030609e-01
2.987000000000000099e+01,1.315371034695278774e-01,3.707487004959878485e-01,8.965956464631381628e-01,-1.051509822660015997e-01,3.711541372724765919e-01,9.381656861276139736e-01
2.987999999999999901e+01,1.310821971133199204e-01,3.710327252884572657e-01,8.969407292673466925e-01,-1.051460901871552611e-01,3.711535123742042974e-01,9.381663357260819902e-01
2.989000000000000057e+01,1.306882716643040232e-01,3.712744168662013844e-01,8.972389166549050721e-01,-1.051402988861869087e-01,3.711527633954380123e-01,9.381672014524526926e-01
2.990000000000000213e+01,1.303609988690891675e-01,3.714722757167113198e-01,8.974858362946039891e-01,-1.051340045056239070e-01,3.711520014136575063e-01,9.381682327920586317e-01
2.991000000000000014e+01,1.300995618211037153e-01,3.716293585619833140e-01,8.976825653035521713e-01,-1.051276656278267718e-01,3.711513319614221373e-01,9.381693703847437948e-01
2.992000000000000171e+01,1.298986535932147579e-01,3.717508403461431965e-01,8.978336624732606852e-01,-1.051216427352963667e-01,3.711507877407764222e-01,9.381705469213348358e-01
2.992999999999999972e+01,1.297505587210683597e-01,3.718426064865765213e-01,8.979454081558948531e-01,-1.051161679879014238e-01,3.711503562702209158e-01,9.381717032332420603e-01
2.994000000000000128e+01,1.298996847969879354e-01,3.715253501244908385e-01,8.976811166482324689e-01,-1.050934968240289369e-01,3.711414773654689858e-01,9.381748795160356202e-01
2.994999999999999929e+01,1.303692604244444941e-01,3.707830294657168957e-01,8.970400551582933257e-01,-1.050668836628046721e-01,3.711324044402696809e-01,9.381787062634762142e-01
2.996000000000000085e+01,1.310064766781222079e-01,3.698874928131717366e-01,8.962406374214784144e-01,-1.050491883294467355e-01,3.711298063147837611e-01,9.381822562599013704e-01
2.996999999999999886e+01,1.316942435747658902e-01,3.690114524473280255e-01,8.954287982743760477e-01,-1.050417693003306008e-01,3.711327457018146481e-01,9.381852334533364868e-01
2.998000000000000043e+01,1.323471352884171837e-01,3.682554742280844673e-01,8.946963118946038573e-01,-1.050428591898943109e-01,3.711385970422133584e-01,9.381873307633809000e-01
2.999000000000000199e+01,1.329075132000387960e-01,3.676710855079121654e-01,8.940955276897936121e-01,-1.050499676872748561e-01,3.711450369057450738e-01,9.381883909711753455e-01
3.000000000000000000e+01,1.333410232957841224e-01,3.672774885568184100e-01,8.936510338146451682e-01,-1.050607782458295586e-01,3.711506801197691496e-01,9.381885270823765444e-01
3.001000000000000156e+01,1.336310943438598908e-01,3.670733028191641711e-01,8.933687386693711652e-01,-1.050735085022492937e-01,3.711548934531456734e-01,9.381878828983822860e-01
3.001999999999999957e+01,1.337745512535898351e-01,3.670446040228081963e-01,8.932424313516728054e-01,-1.050868366235718360e-01,3.711576113370378405e-01,9.381866353977288409e-01
3.003000000000000114e+01,1.337778960475113910e-01,3.671714073726303207e-01,8.932588222962506430e-01,-1.050998181895587691e-01,3.711591049189950087e-01,9.381849906887080870e-01
3.003999999999999915e+01,1.336539831865119488e-01,3.674308462806930020e-01,8.934006149129474217e-01,-1.051117936158333932e-01,3.711597593801280182e-01,9.381831535182555415e-01
3.005000000000000071e+01,1.334194416640718805e-01,3.677994045660746281e-01,8.936487229629488382e-01,-1.051223489144256507e-01,3.711600134588201594e-01,9.381813362768830489e-01
3.006000000000000227e+01,1.330927481650693300e-01,3.682542624775475004e-01,8.939837234207661520e-01,-1.051311635843254766e-01,3.711600019902331904e-01,9.381796420041942364e-01
3.007000000000000028e+01,1.326928717243278655e-01,3.687740072003032887e-01,8.943867402819716261e-01,-1.051380785917298555e-01,3.711597780542295610e-01,9.381781219610734190e-01
3.008000000000000185e+01,1.322383659359403774e-01,3.693389108931560139e-01,8.948399269204816431e-01,-1.051430437230579246e-01,3.711593090712826948e-01,9.381767687260544886e-01
3.008999999999999986e+01,1.317468220426714631e-01,3.699309462647697444e-01,8.953266757321198810e-01,-1.051461138607443641e-01,3.711586146465863933e-01,9.381755871042654071e-01
3.010000000000000142e+01,1.312346154823315070e-01,3.705336550191402067e-01,8.958316399825216880e-01,-1.051474642542096494e-01,3.711578851803468693e-01,9.381746383855056326e-01
3.010999999999999943e+01,1.307168281683252220e-01,3.711319434835679276e-01,8.963406532601279064e-01,-1.051472864324144718e-01,3.711572587015870561e-01,9.381739310085781547e-01
3.012000000000000099e+01,1.302072730449713445e-01,3.717118391462995719e-01,8.968405949339484096e-01,-1.051455737677031987e-01,3.711565818933812433e-01,9.381734667321310894e-01
3.012999999999999901e+01,1.297186083033902426e-01,3.722602827496999112e-01,8.973192412646711080e-01,-1.051423585855281867e-01,3.711557482199998592e-01,9.381732795167911920e-01
3.014000000000000057e+01,1.292624700905558310e-01,3.727649209998908364e-01,8.977651128273037573e-01,-1.051377820927126283e-01,3.711547363723160520e-01,9.381733584648599411e-01
3.015000000000000213e+01,1.288494458623679062e-01,3.732138716510814413e-01,8.981673910249027282e-01,-1.051319772306090056e-01,3.711535395968567630e-01,9.381736787203994732e-01
3.016000000000000014e+01,1.284897027777598399e-01,3.735964043016028469e-01,8.985158540419095896e-01,-1.051251240989479474e-01,3.711522007877245399e-01,9.381742329911588740e-01
3.017000000000000171e+01,1.281896546681068338e-01,3.739093783190206577e-01,8.988043678630570632e-01,-1.051177207879619019e-01,3.711509148256268431e-01,9.381750153528507497e-01
3.017999999999999972e+01,1.279497224909315889e-01,3.741569607330673120e-01,8.990335996888899617e-01,-1.051103281967001868e-01,3.711498450611124822e-01,9.381759822883364297e-01
3.019000000000000128e+01,1.277658565689850367e-01,3.743471856506676576e-01,8.992087306561303839e-01,-1.051033720670453281e-01,3.711490421428679243e-01,9.381770632766720519e-01
3.019999999999999929e+01,1.276314126365012125e-01,3.744894795795329911e-01,8.993371946912147585e-01,-1.050971116213252204e-01,3.711484628162559640e-01,9.381781766649888166e-01
3.021000000000000085e+01,1.277827383055931965e-01,3.742083392538287923e-01,8.990889019749540578e-01,-1.050733418852050766e-01,3.711390769508239318e-01,9.381810502309967381e-01
3.021999999999999886e+01,1.282534105533731095e-01,3.734812757547739115e-01,8.984504052442895405e-01,-1.050458729852703638e-01,3.711298080407540723e-01,9.381847971758250360e-01
3.023000000000000043e+01,1.288916516602975626e-01,3.725841067829773201e-01,8.976425817666696672e-01,-1.050275209370640228e-01,3.711271281016688128e-01,9.381883855217509893e-01
3.024000000000000199e+01,1.295784922600525246e-01,3.716904588356694794e-01,8.968142517502779576e-01,-1.050196030839980060e-01,3.711299836458693546e-01,9.381914211686833704e-01
3.025000000000000000e+01,1.302260671286522009e-01,3.709003232134348571e-01,8.960590014408633674e-01,-1.050203241429852191e-01,3.711356960611078559e-01,9.381935546569207807e-01
3.026000000000000156e+01,1.307744302796180480e-01,3.702642412098589020e-01,8.954302888426377560e-01,-1.050271826998669944e-01,3.711419415535721633e-01,9.381946127967339955e-01
3.026999999999999957e+01,1.311873693636781135e-01,3.698006122143378538e-01,8.949534089081878641e-01,-1.050378554803315240e-01,3.711473753020866906e-01,9.381947179142866577e-01
3.028000000000000114e+01,1.314472446337336675e-01,3.695078527384293987e-01,8.946347043776841090e-01,-1.050505483916951144e-01,3.711514029549923266e-01,9.381940270382791436e-01
3.028999999999999915e+01,1.315503354995784802e-01,3.693726225857025813e-01,8.944684196142701493e-01,-1.050639295655307476e-01,3.711539873191426753e-01,9.381927288386109343e-01
3.030000000000000071e+01,1.315031395908531908e-01,3.693753251379867653e-01,8.944413060671333460e-01,-1.050770253360323453e-01,3.711554000221544136e-01,9.381910374913517980e-01
3.031000000000000227e+01,1.313190518992579103e-01,3.694943743298968464e-01,8.945363954758829284e-01,-1.050891720179162880e-01,3.711560509518674889e-01,9.381891695948125776e-01
3.032000000000000028e+01,1.310156392373910683e-01,3.697083231573713435e-01,8.947349887986151273e-01,-1.050999416127798430e-01,3.711563704987226320e-01,9.381873379562690740e-01
3.033000000000000185e+01,1.306126384637894544e-01,3.699968986709420982e-01,8.950181185964314334e-01,-1.051090049112081704e-01,3.711564901620111323e-01,9.381856478739264427e-01
3.033999999999999986e+01,1.301305013125816645e-01,3.703413300607971692e-01,8.953674430179019428e-01,-1.051161965594292064e-01,3.711564611970429861e-01,9.381841537367465733e-01
3.035000000000000142e+01,1.295894158252084427e-01,3.707247455264691127e-01,8.957657232773970080e-01,-1.051214621726023479e-01,3.711562489717902258e-01,9.381828528501323650e-01
3.035999999999999943e+01,1.290087008141693470e-01,3.711321277132986207e-01,8.961970349094371402e-01,-1.051248519192584663e-01,3.711558560058171308e-01,9.381817448065055132e-01
3.037000000000000099e+01,1.284065017679704435e-01,3.715501288755337361e-01,8.966467861573662601e-01,-1.051265181679384708e-01,3.711554341374219135e-01,9.381808879381490218e-01
3.037999999999999901e+01,1.277996809828457481e-01,3.719668327627995708e-01,8.971016334351403776e-01,-1.051266780215555363e-01,3.711551450357281623e-01,9.381802918815363990e-01
3.039000000000000057e+01,1.272038175072376376e-01,3.723714817529160670e-01,8.975493413809290111e-01,-1.051253559366969459e-01,3.711548681080901746e-01,9.381799487606832244e-01
3.040000000000000213e+01,1.266333127512669354e-01,3.727542448549984733e-01,8.979786214485991902e-01,-1.051225570048969910e-01,3.711544617460406092e-01,9.381798897636319801e-01
3.041000000000000014e+01,1.261015316576368506e-01,3.731060031760756734e-01,8.983789699956411523e-01,-1.051184116453343920e-01,3.711538921021503845e-01,9.381801090340546878e-01
3.042000000000000171e+01,1.256209725622609297e-01,3.734181656531128102e-01,8.987405124219427499e-01,-1.051130572149982512e-01,3.711531491377104697e-01,9.381805793437777430e-01
3.042999999999999972e+01,1.252033552406424111e-01,3.736836014620045776e-01,8.990539666494837823e-01,-1.051066667836602908e-01,3.711522631869880184e-01,9.381812872796312375e-01
3.044000000000000128e+01,1.248560574952682217e-01,3.739009118870770254e-01,8.993137915042379582e-01,-1.050997021127260539e-01,3.711513682189561125e-01,9.381821976552295883e-01
3.044999999999999929e+01,1.245790211026852334e-01,3.740735647506757133e-01,8.995205233568922543e-01,-1.050927006009050729e-01,3.711505800122851251e-01,9.381832480940408558e-01
3.046000000000000085e+01,1.243670474261862474e-01,3.742073096830050849e-01,8.996786283321215327e-01,-1.050860821885265667e-01,3.711499345242367798e-01,9.381843662415850771e-01
3.046999999999999886e+01,1.242122425473931452e-01,3.743086585033073010e-01,8.997945365410460195e-01,-1.050801081836221784e-01,3.711494001036650392e-01,9.381854770706230529e-01
3.048000000000000043e+01,1.243505461040612797e-01,3.739964329626040973e-01,8.995353395091022497e-01,-1.050567057229132989e-01,3.711401774074619686e-01,9.381884708451101451e-01
3.049000000000000199e+01,1.248170305812817960e-01,3.732600733309877628e-01,8.988840213123584499e-01,-1.050294183019981897e-01,3.711309128235775745e-01,9.381923203404695100e-01
3.050000000000000000e+01,1.254558318972317787e-01,3.723676425589184102e-01,8.980546784820554462e-01,-1.050108870839766839e-01,3.711280190873110785e-01,9.381960544190481865e-01
3.051000000000000156e+01,1.261461071301999692e-01,3.714839204857279809e-01,8.971894162569785669e-01,-1.050024031142564734e-01,3.711304537934128622e-01,9.381992954014977126e-01
3.051999999999999957e+01,1.267999462739395899e-01,3.707013981087024512e-01,8.963762386179817687e-01,-1.050022108311320507e-01,3.711356258023254528e-01,9.382017090385463831e-01
3.053000000000000114e+01,1.273585784017766120e-01,3.700649212019373469e-01,8.956644355297299631e-01,-1.050078645985882408e-01,3.711412837757323002e-01,9.382031176515378545e-01
3.053999999999999915e+01,1.277869218437509002e-01,3.695889569993963120e-01,8.950767379673428836e-01,-1.050171491861957018e-01,3.711461548278172096e-01,9.382036059967806541e-01
3.055000000000000071e+01,1.280683012255811326e-01,3.692695098331990056e-01,8.946185382923816931e-01,-1.050283323624033177e-01,3.711496945733148145e-01,9.382033367470463681e-01
3.056000000000000227e+01,1.282000142512563778e-01,3.690923414690076010e-01,8.942843339656837420e-01,-1.050401639998245623e-01,3.711518924052587542e-01,9.382024777480161282e-01
3.057000000000000028e+01,1.281892430484889711e-01,3.690383621848002949e-01,8.940623811828920520e-01,-1.050517497308617876e-01,3.711530326205138008e-01,9.382012215732814520e-01
3.058000000000000185e+01,1.280496018012387827e-01,3.690869262525489081e-01,8.939378848604560002e-01,-1.050624753774337949e-01,3.711534953091358835e-01,9.381997575008577117e-01
3.058999999999999986e+01,1.277984863637397495e-01,3.692175280381393421e-01,8.938949434294019003e-01,-1.050719673257824588e-01,3.711537087226257081e-01,9.381982843251930326e-01
3.060000000000000142e+01,1.274551473743494867e-01,3.694116141366153849e-01,8.939182428382949075e-01,-1.050799689096554440e-01,3.711538532408865110e-01,9.381969116169206480e-01
3.060999999999999943e+01,1.270392688162783057e-01,3.696527023206329643e-01,8.939936224920033148e-01,-1.050863432170726641e-01,3.711539360131529408e-01,9.381956685347110358e-01
3.062000000000000099e+01,1.265700433121659807e-01,3.699262842790441708e-01,8.941083623065965158e-01,-1.050910651816576863e-01,3.711539033987880654e-01,9.381945397872607506e-01
3.062999999999999901e+01,1.261232733306225651e-01,3.702060756846126677e-01,8.942204622844299733e-01,-1.050944361199894761e-01,3.711540533656001450e-01,9.381935579572895367e-01
3.064000000000000057e+01,1.258197300781518646e-01,3.704541678226073165e-01,8.942573146743784118e-01,-1.050985108030941251e-01,3.711552531357437124e-01,9.381924199716600299e-01
3.065000000000000213e+01,1.256335208268122561e-01,3.706699703417826175e-01,8.942309991304503436e-01,-1.051054502286113551e-01,3.711575965275865641e-01,9.381906474178676181e-01
3.066000000000000014e+01,1.255229452211175378e-01,3.708598879236182921e-01,8.941678703305226961e-01,-1.051161217456079294e-01,3.711608147469500074e-01,9.381880285292157895e-01
3.067000000000000171e+01,1.254539140197430958e-01,3.710317586501973852e-01,8.940913763064707309e-01,-1.051301058822788348e-01,3.711644751588975555e-01,9.381846911506610542e-01
3.067999999999999972e+01,1.254066322811521750e-01,3.711905827860530471e-01,8.940171301093688960e-01,-1.051463616934884410e-01,3.711679744493796007e-01,9.381807473351100324e-01
3.069000000000000128e+01,1.253729831411761475e-01,3.713375970731813136e-01,8.939535719075371034e-01,-1.051637920331184306e-01,3.711709559809172609e-01,9.381763467395518585e-01
3.069999999999999929e+01,1.253524561405166549e-01,3.714718505718696551e-01,8.939030174508170168e-01,-1.051815175420264675e-01,3.711733155196878520e-01,9.381716581322467885e-01
3.071000000000000085e+01,1.253463388806289602e-01,3.715936096404442446e-01,8.938619076836865629e-01,-1.051991338675235810e-01,3.711750683911991811e-01,9.381668053091967163e-01
3.071999999999999886e+01,1.253510592026551573e-01,3.717039221984725916e-01,8.938281958465026378e-01,-1.052165486133136291e-01,3.711763980948805108e-01,9.381618872349459792e-01
3.073000000000000043e+01,1.253622353156065294e-01,3.718048538120001245e-01,8.938015314948477563e-01,-1.052337196502836913e-01,3.711774667086923940e-01,9.381569618661862453e-01
3.074000000000000199e+01,1.253768584055600099e-01,3.718984288763323431e-01,8.937816391023654106e-01,-1.052505892685256794e-01,3.711783832429580987e-01,9.381520665153253447e-01
3.075000000000000000e+01,1.255858015035301589e-01,3.717049497655481316e-01,8.935443503591912195e-01,-1.052448870722268032e-01,3.711683346400774242e-01,9.381489970714067539e-01
3.076000000000000156e+01,1.259802233394796411e-01,3.713275908212144150e-01,8.931232184554208642e-01,-1.052301283689503764e-01,3.711558659027456297e-01,9.381474541782581777e-01
3.076999999999999957e+01,1.264627609527739505e-01,3.709122939370529393e-01,8.926498861812738328e-01,-1.052184821092730094e-01,3.711476499916251948e-01,9.381466934281468273e-01
3.078000000000000114e+01,1.270151156497067724e-01,3.703635746583603949e-01,8.920993072463805351e-01,-1.052088532678372851e-01,3.711435167169546134e-01,9.381469313308654634e-01
3.078999999999999915e+01,1.275933476946483069e-01,3.696502294861988003e-01,8.914661378318639029e-01,-1.052019148450115682e-01,3.711435663387105954e-01,9.381477601954550938e-01
3.080000000000000071e+01,1.281178219791876960e-01,3.689403018418258018e-01,8.908675222096528179e-01,-1.052007143732917316e-01,3.711474504623834547e-01,9.381483741024162493e-01
3.081000000000000227e+01,1.285378311394024253e-01,3.683276221355056834e-01,8.903752228517540779e-01,-1.052047131928865731e-01,3.711535085609653506e-01,9.381485583767527059e-01
3.082000000000000028e+01,1.288227478309681151e-01,3.678598300367429963e-01,8.900269208047641989e-01,-1.052121865467206679e-01,3.711597455142247037e-01,9.381482006216448344e-01
3.083000000000000185e+01,1.289585289412391034e-01,3.675539524553048110e-01,8.898367743269193220e-01,-1.052216025541397593e-01,3.711650128408574556e-01,9.381472799285724973e-01
3.083999999999999986e+01,1.289440029726299508e-01,3.674073961976172531e-01,8.898030217227205219e-01,-1.052316935894082317e-01,3.711688358071918992e-01,9.381458926599111070e-01
3.085000000000000142e+01,1.287872063149267665e-01,3.674064322810157157e-01,8.899142132360478019e-01,-1.052415138401657513e-01,3.711711807076131797e-01,9.381441813297204391e-01
3.085999999999999943e+01,1.285022122212605977e-01,3.675314886002550852e-01,8.901534609819496957e-01,-1.052504580548628138e-01,3.711723722035380479e-01,9.381423206426855455e-01
3.087000000000000099e+01,1.281071417290445547e-01,3.677605874692156940e-01,8.905008029402656788e-01,-1.052580742980614020e-01,3.711726960142208709e-01,9.381404483790491966e-01
3.087999999999999901e+01,1.276222493926961465e-01,3.680715296489356914e-01,8.909351644442697893e-01,-1.052640845928727031e-01,3.711723931488477568e-01,9.381386648997316335e-01
3.089000000000000057e+01,1.270685305169408641e-01,3.684431755018842680e-01,8.914355650157720357e-01,-1.052683330734917599e-01,3.711716381263253095e-01,9.381370468091490000e-01
3.090000000000000213e+01,1.264668052150435817e-01,3.688560840806899277e-01,8.919818087802646733e-01,-1.052707565018241032e-01,3.711705262373126146e-01,9.381356404447979136e-01
3.091000000000000014e+01,1.259658842135258638e-01,3.692466946168569963e-01,8.924752795000745476e-01,-1.052707713731381306e-01,3.711696253232390497e-01,9.381348165940480710e-01
3.092000000000000171e+01,1.256814742450568234e-01,3.695588518683736168e-01,8.928275495483419810e-01,-1.052703829721677031e-01,3.711697766168990387e-01,9.381341886247898110e-01
3.092999999999999972e+01,1.255495463512091014e-01,3.698022401382007329e-01,8.930693168087930900e-01,-1.052726531036625446e-01,3.711712156044786326e-01,9.381331204391668566e-01
3.094000000000000128e+01,1.254976783821105391e-01,3.700008606916900811e-01,8.932454099714258744e-01,-1.052785847342010556e-01,3.711735774125244358e-01,9.381314659844485204e-01
3.094999999999999929e+01,1.254792299355997620e-01,3.701759796377417921e-01,8.933878030221058530e-01,-1.052879292713301412e-01,3.711764328509156163e-01,9.381292418407904954e-01
3.096000000000000085e+01,1.254721484575165580e-01,3.703388988056414699e-01,8.935119994593810899e-01,-1.052996245005793641e-01,3.711791558325199247e-01,9.381265104576691494e-01
3.097000000000000242e+01,1.254684619152345582e-01,3.704928211600572174e-01,8.936230001744442930e-01,-1.053125835159303275e-01,3.711813394122190357e-01,9.381233952758001315e-01
3.098000000000000043e+01,1.254651591211299877e-01,3.706387456260527014e-01,8.937234950317165527e-01,-1.053262081059911648e-01,3.711830134005744131e-01,9.381200256249631053e-01
3.099000000000000199e+01,1.254612781672922728e-01,3.707775931624963106e-01,8.938154684798517158e-01,-1.053401432573161656e-01,3.711841648995571341e-01,9.381164172871794271e-01
3.100000000000000000e+01,1.254568279746109682e-01,3.709098502855745494e-01,8.939001687089667136e-01,-1.053542164927627062e-01,3.711849329269203412e-01,9.381126111966284764e-01
3.101000000000000156e+01,1.254520468585570425e-01,3.710357333735844199e-01,8.939784120639128195e-01,-1.053683416787062899e-01,3.711854998299434771e-01,9.381086603011922209e-01
3.101999999999999957e+01,1.256506173200319099e-01,3.708539627038944797e-01,8.937615037706730936e-01,-1.053598597694202083e-01,3.711752812091870246e-01,9.381071282834312353e-01
3.103000000000000114e+01,1.260547826966780527e-01,3.704816574606275559e-01,8.933362216112725740e-01,-1.053425283355699654e-01,3.711620198905269397e-01,9.381064794997279188e-01
3.103999999999999915e+01,1.265592742313068897e-01,3.700647599159105905e-01,8.928521870114380921e-01,-1.053290132249467964e-01,3.711532116394340441e-01,9.381061767132619078e-01
3.105000000000000071e+01,1.271349874864610430e-01,3.694827345375676364e-01,8.922778797824109098e-01,-1.053180913345072300e-01,3.711491656811350959e-01,9.381067866537846633e-01
3.106000000000000227e+01,1.277130879714115097e-01,3.687859799189476262e-01,8.916554889374029846e-01,-1.053116399768540545e-01,3.711499837769349219e-01,9.381077166317540739e-01
3.107000000000000028e+01,1.282157883536561849e-01,3.681385802434987697e-01,8.911023456499114204e-01,-1.053116726780891493e-01,3.711548518695350074e-01,9.381083619419395836e-01
3.108000000000000185e+01,1.285933355471427786e-01,3.676285575095432634e-01,8.906862596316111880e-01,-1.053169804083137207e-01,3.711615879574104437e-01,9.381085106462763168e-01
3.108999999999999986e+01,1.288164659248821342e-01,3.672988694710169200e-01,8.904417264042516766e-01,-1.053256844064423270e-01,3.711681610765507622e-01,9.381080261593917058e-01
3.110000000000000142e+01,1.288728181202431489e-01,3.671621112447152613e-01,8.903798644082987490e-01,-1.053361734823824863e-01,3.711735275423391212e-01,9.381069356501656742e-01
3.110999999999999943e+01,1.287626667313354623e-01,3.672120892254563951e-01,8.904966502459904509e-01,-1.053471502262794263e-01,3.711772983134444259e-01,9.381053709211119029e-01
3.112000000000000099e+01,1.284959644031871961e-01,3.674313638947729888e-01,8.907781342676222014e-01,-1.053576455254102012e-01,3.711795035451173619e-01,9.381034911346995964e-01
3.112999999999999901e+01,1.280891654720128225e-01,3.677963347307323105e-01,8.912045274834627939e-01,-1.053670264004002988e-01,3.711805197897006803e-01,9.381014932526068328e-01
3.114000000000000057e+01,1.275625665683360610e-01,3.682807777568837260e-01,8.917530039511785134e-01,-1.053748080998046371e-01,3.711806135806737794e-01,9.380995106536706984e-01
3.115000000000000213e+01,1.269387114811037776e-01,3.688581573076983311e-01,8.923994074541913291e-01,-1.053807045456184865e-01,3.711800416195230601e-01,9.380976512494023645e-01
3.116000000000000014e+01,1.262498556854003695e-01,3.694985763403358381e-01,8.931138884185817473e-01,-1.053844343928164312e-01,3.711789487701483425e-01,9.380960218146986440e-01
3.117000000000000171e+01,1.257245977054289310e-01,3.700743658884200760e-01,8.937317891003893067e-01,-1.053850481916988324e-01,3.711781795387667504e-01,9.380950991908760805e-01
3.117999999999999972e+01,1.254415746508807383e-01,3.705274226056444742e-01,8.941750380296891176e-01,-1.053861700612461483e-01,3.711791431848098233e-01,9.380942242134282516e-01
3.119000000000000128e+01,1.253122872208197458e-01,3.708831832547859753e-01,8.944928133598275544e-01,-1.053913544477642628e-01,3.711821631845785285e-01,9.380927547601957128e-01
3.119999999999999929e+01,1.252527820963129646e-01,3.711851636659716513e-01,8.947445092646846287e-01,-1.054015100206438793e-01,3.711867066210545185e-01,9.380905771793084380e-01
3.121000000000000085e+01,1.252172605557433926e-01,3.714657466075270142e-01,8.949674792061070860e-01,-1.054158953276095601e-01,3.711918178798414014e-01,9.380876453522979386e-01
3.122000000000000242e+01,1.251750171929674471e-01,3.717427073147383521e-01,8.951845099905594294e-01,-1.054331010812724345e-01,3.711964937172633205e-01,9.380840154806254771e-01
3.123000000000000043e+01,1.251034908635712539e-01,3.720266912395922554e-01,8.954113162743495558e-01,-1.054519429151806187e-01,3.712001564081391369e-01,9.380797784524578242e-01
3.124000000000000199e+01,1.250069736489217986e-01,3.723124384359263739e-01,8.956430980843790302e-01,-1.054712255828023082e-01,3.712026691478992335e-01,9.380751631955237535e-01
3.125000000000000000e+01,1.248714424114875376e-01,3.726182214746955323e-01,8.958911986214997958e-01,-1.054899821689329192e-01,3.712039540353957445e-01,9.380703080420361717e-01
3.126000000000000156e+01,1.246844019575198137e-01,3.729413932842400303e-01,8.961665726934657794e-01,-1.055073513111256245e-01,3.712039790172221299e-01,9.380653698486006720e-01
3.126999999999999957e+01,1.243318304307156202e-01,3.732986640923245947e-01,8.965351552285507619e-01,-1.055242827862673261e-01,3.712031809826596418e-01,9.380601789236281407e-01
3.128000000000000114e+01,1.239065128950131850e-01,3.736564416007596146e-01,8.969396769412576464e-01,-1.055384757117867611e-01,3.712019046528142741e-01,9.380555718626212292e-01
3.128999999999999915e+01,1.238105045806870974e-01,3.735426260764789230e-01,8.969084963754725415e-01,-1.055207269804449288e-01,3.711876361222852805e-01,9.380550335310404719e-01
3.130000000000000071e+01,1.240554598982149814e-01,3.729965676925381945e-01,8.964708064498067008e-01,-1.054892843349563292e-01,3.711709964288692487e-01,9.380563202405094447e-01
3.131000000000000227e+01,1.243593257062458324e-01,3.723962098474469240e-01,8.959732881114519376e-01,-1.054641882525012841e-01,3.711615101365316471e-01,9.380579475519943422e-01
3.132000000000000028e+01,1.245927016553881883e-01,3.719176518413220833e-01,8.955788394092198956e-01,-1.054472203239009559e-01,3.711579552921036029e-01,9.380596332781117042e-01
3.133000000000000185e+01,1.248155043889318527e-01,3.715817329746709530e-01,8.952799093417136422e-01,-1.054366071132107618e-01,3.711578298259182174e-01,9.380611682441580834e-01
3.133999999999999986e+01,1.250911354151229560e-01,3.713365902598732005e-01,8.950132549462319620e-01,-1.054311441839706764e-01,3.711592724061088533e-01,9.380621688910231182e-01
3.135000000000000142e+01,1.253083526963935379e-01,3.711525179662362173e-01,8.948099642420916933e-01,-1.054288352683486613e-01,3.711608479128774007e-01,9.380627498464597647e-01
3.135999999999999943e+01,1.254623345822689362e-01,3.710275066346809814e-01,8.946731440125238466e-01,-1.054289572660287722e-01,3.711622603152240907e-01,9.380629603390548965e-01
3.137000000000000099e+01,1.255627680872490604e-01,3.709564680886194843e-01,8.945944163920089842e-01,-1.054311214994308465e-01,3.711635000529144301e-01,9.380627718790343073e-01
3.137999999999999901e+01,1.256239000609482015e-01,3.709175561966827073e-01,8.945534896635284339e-01,-1.054343707905990718e-01,3.711646024323873028e-01,9.380623353759114380e-01
3.139000000000000057e+01,1.256512899420493823e-01,3.709119362004482667e-01,8.945478434906919407e-01,-1.054389008120931864e-01,3.711659064879799241e-01,9.380616213028135641e-01
3.140000000000000213e+01,1.256547377057319614e-01,3.709480323995206219e-01,8.945775656547489962e-01,-1.054454143262090193e-01,3.711677839626366660e-01,9.380605345962786945e-01
3.141000000000000014e+01,1.256286504794403291e-01,3.710211092366958452e-01,8.946427327752386471e-01,-1.054540482677997770e-01,3.711701929030484237e-01,9.380590072096426368e-01
3.142000000000000171e+01,1.255728715404398343e-01,3.711270617479270895e-01,8.947408433414029139e-01,-1.054647017222412747e-01,3.711730371514674887e-01,9.380570445081408693e-01
3.142999999999999972e+01,1.254948632332536229e-01,3.712620372222618093e-01,8.948659733849643194e-01,-1.054772551301643990e-01,3.711762210965917075e-01,9.380546467893717821e-01
3.144000000000000128e+01,1.253944199599479892e-01,3.714210910805992860e-01,8.950149713436196253e-01,-1.054915730145210007e-01,3.711795853988308358e-01,9.380517905018663782e-01
3.144999999999999929e+01,1.252573441626817219e-01,3.716021041556833993e-01,8.951929044005888514e-01,-1.055072728652434177e-01,3.711828884942884876e-01,9.380485204020569956e-01
3.146000000000000085e+01,1.251157008462857878e-01,3.718062804964488710e-01,8.953856092915801757e-01,-1.055244167570277142e-01,3.711862959726686118e-01,9.380448414801519919e-01
3.147000000000000242e+01,1.249721830256612654e-01,3.720254963086080946e-01,8.955878780576640441e-01,-1.055433476796555498e-01,3.711898121706750930e-01,9.380406276383291830e-01
3.148000000000000043e+01,1.248062167419005941e-01,3.722501276135043446e-01,8.958031914535111717e-01,-1.055635231354569437e-01,3.711931244802615382e-01,9.380359785927764316e-01
3.149000000000000199e+01,1.246196774822115744e-01,3.724871078830505056e-01,8.960305034145278347e-01,-1.055842296888298837e-01,3.711960488927230628e-01,9.380310208031065189e-01
3.150000000000000000e+01,1.245704994353986489e-01,3.728226685236283866e-01,8.962443461654518995e-01,-1.056089529356906143e-01,3.712001334720514967e-01,9.380252175117398394e-01
3.151000000000000156e+01,1.244026128858510966e-01,3.731574866057335016e-01,8.965068897040642248e-01,-1.056344069287750848e-01,3.712022249340831692e-01,9.380185178826174752e-01
3.151999999999999957e+01,1.239980505120110571e-01,3.734515160836121006e-01,8.968600622888875940e-01,-1.056551629227873573e-01,3.712019823550932740e-01,9.380126003734631235e-01
3.153000000000000114e+01,1.234948193074384415e-01,3.737154752722067208e-01,8.972434602686475413e-01,-1.056709221804686544e-01,3.712008251069180420e-01,9.380075882373749563e-01
3.153999999999999915e+01,1.228227462301079570e-01,3.739745788667756532e-01,8.976999411535585560e-01,-1.056806895259528312e-01,3.711983103876038692e-01,9.380033824237437035e-01
3.155000000000000071e+01,1.220465495276532031e-01,3.742065213055776329e-01,8.981976486314894315e-01,-1.056839442448864880e-01,3.711954811210138039e-01,9.380005116387284403e-01
3.156000000000000227e+01,1.217139172148746923e-01,3.739787312073579173e-01,8.982239553470235949e-01,-1.056562607000717940e-01,3.711830570317531941e-01,9.380025444215752684e-01
3.157000000000000028e+01,1.219271415777372081e-01,3.732772864371974864e-01,8.977322722914261588e-01,-1.056165315421633000e-01,3.711704415766204912e-01,9.380065804922375072e-01
3.158000000000000185e+01,1.224625424819592023e-01,3.723880664046313460e-01,8.969869426146733771e-01,-1.055843912218990543e-01,3.711658263357009435e-01,9.380108514825297172e-01
3.158999999999999986e+01,1.230028991014376072e-01,3.715973708787697616e-01,8.962802327516166123e-01,-1.055647827191539129e-01,3.711675011350659137e-01,9.380141345993178170e-01
3.160000000000000142e+01,1.233292405787322077e-01,3.710789835822118077e-01,8.958198172281526261e-01,-1.055550575110026090e-01,3.711711153667782703e-01,9.380163843566062809e-01
3.160999999999999943e+01,1.234916876944763681e-01,3.707941338205626991e-01,8.955713822032695948e-01,-1.055502141399133481e-01,3.711738571845045742e-01,9.380179275586242316e-01
3.162000000000000099e+01,1.235582403103030885e-01,3.706630199991368668e-01,8.954596781852162124e-01,-1.055477218248451199e-01,3.711749786010528629e-01,9.380188450046711424e-01
3.162999999999999901e+01,1.235638026789219884e-01,3.706219623306644118e-01,8.954315908510340760e-01,-1.055470532679035067e-01,3.711750861408955049e-01,9.380192357089621735e-01
3.164000000000000057e+01,1.235240942424414706e-01,3.706331347117071129e-01,8.954570737798369651e-01,-1.055482813696882322e-01,3.711748629624109785e-01,9.380191359798148998e-01
3.165000000000000213e+01,1.234474996161359223e-01,3.706778234208091272e-01,8.955202439088294497e-01,-1.055515230019995754e-01,3.711748439219523799e-01,9.380185870427228956e-01
3.166000000000000014e+01,1.233394587308590251e-01,3.707476924998361345e-01,8.956127718359460088e-01,-1.055567429344250879e-01,3.711752673258454926e-01,9.380175970964975685e-01
3.167000000000000171e+01,1.232037215306959199e-01,3.708387473775883181e-01,8.957299563823984956e-01,-1.055637940869633140e-01,3.711763189165606658e-01,9.380162518193688737e-01
3.167999999999999972e+01,1.230428329484537786e-01,3.709485635700361938e-01,8.958687622462049305e-01,-1.055723776793000140e-01,3.711779333470745512e-01,9.380146126606850876e-01
3.169000000000000128e+01,1.228584265139045784e-01,3.710752658484615107e-01,8.960271247570926745e-01,-1.055821375869633733e-01,3.711799267248636625e-01,9.380127199119128178e-01
3.169999999999999929e+01,1.226508264524637376e-01,3.712179132749536259e-01,8.962045231511872601e-01,-1.055928003393157566e-01,3.711821233030134781e-01,9.380105913503224979e-01
3.171000000000000085e+01,1.224187785947246782e-01,3.713764521282148512e-01,8.964013440881626327e-01,-1.056041117480062547e-01,3.711843680509905319e-01,9.380082488868082269e-01
3.172000000000000242e+01,1.221547338591841558e-01,3.715551816697970078e-01,8.966236695395303213e-01,-1.056160625032993572e-01,3.711865979654987435e-01,9.380056662390713340e-01
3.173000000000000043e+01,1.218126524660563398e-01,3.717660520623323750e-01,8.968980706318034901e-01,-1.056283142688017457e-01,3.711885454415272956e-01,9.380028813302992985e-01
3.174000000000000199e+01,1.213487925690663188e-01,3.720240544581604469e-01,8.972524165499176085e-01,-1.056393459118058348e-01,3.711896885281787961e-01,9.380001951101851754e-01
3.175000000000000000e+01,1.207070309483626730e-01,3.723300219707229575e-01,8.977174160084617771e-01,-1.056468166746140774e-01,3.711892857662024148e-01,9.379979562646234559e-01
3.176000000000000156e+01,1.199707595634571800e-01,3.726465393365315237e-01,8.982391915209494426e-01,-1.056496383394388561e-01,3.711877119298123140e-01,9.379963860180333679e-01
3.176999999999999957e+01,1.192138342252966610e-01,3.729493627665128042e-01,8.987680574102990816e-01,-1.056478052795499084e-01,3.711856838914514567e-01,9.379956681959108478e-01
3.178000000000000114e+01,1.184931352707214725e-01,3.732203374548892505e-01,8.992656302646733213e-01,-1.056418046144210893e-01,3.711835778206888925e-01,9.379958715012406412e-01
3.178999999999999915e+01,1.178459569509610200e-01,3.734503002933191040e-01,8.997075557013141101e-01,-1.056327368557856972e-01,3.711816703554635111e-01,9.379968051787607175e-01
3.180000000000000071e+01,1.172910616049047255e-01,3.736379277836757717e-01,9.000828039133091929e-01,-1.056217614107457098e-01,3.711801138355366181e-01,9.379982758468404791e-01
3.181000000000000227e+01,1.168797968601909959e-01,3.737823276565468977e-01,9.003644879177400417e-01,-1.056096246698383229e-01,3.711790074955414465e-01,9.380002332382386676e-01
3.182000000000000028e+01,1.166624728077394479e-01,3.738776737860202148e-01,9.005224430062895857e-01,-1.055973660082241555e-01,3.711782793226207633e-01,9.380023633924996496e-01
3.183000000000000185e+01,1.167377031363506373e-01,3.736334997489397236e-01,9.003189859535928319e-01,-1.055670467883901981e-01,3.711679503162258476e-01,9.380064405485507573e-01
3.183999999999999986e+01,1.170971102381661438e-01,3.730368534866324026e-01,8.997942874155274717e-01,-1.055300803151515004e-01,3.711554172175706157e-01,9.380114029543038523e-01
3.185000000000000142e+01,1.176953987266643048e-01,3.721943675126975770e-01,8.990374275066734810e-01,-1.055021297344654607e-01,3.711504409068400734e-01,9.380163087452567661e-01
3.185999999999999943e+01,1.183922935103221413e-01,3.713169322790767501e-01,8.982154843851526405e-01,-1.054853210771478228e-01,3.711518129985792447e-01,9.380205146495407265e-01
3.187000000000000099e+01,1.190816481540841465e-01,3.705169397456731240e-01,8.974407712465258813e-01,-1.054779893580214400e-01,3.711569133730797665e-01,9.380239680722051165e-01
3.187999999999999901e+01,1.196824815815210052e-01,3.698573574471901715e-01,8.967843373240222959e-01,-1.054776466889240788e-01,3.711628284739683648e-01,9.380263793585080778e-01
3.189000000000000057e+01,1.200385298703273845e-01,3.694337785448372213e-01,8.963644883506565186e-01,-1.054828277812306370e-01,3.711676371570230004e-01,9.380273561938683446e-01
3.190000000000000213e+01,1.201717491643247426e-01,3.692336932046479947e-01,8.961744224979686368e-01,-1.054903102039314033e-01,3.711705449529755230e-01,9.380275433161839871e-01
3.191000000000000014e+01,1.201824813653273039e-01,3.691864666150661556e-01,8.961298629009696315e-01,-1.054981712142628869e-01,3.711717856359600942e-01,9.380272332306300864e-01
3.192000000000000171e+01,1.201353673893010843e-01,3.692232477217203268e-01,8.961620865240277345e-01,-1.055062171249216696e-01,3.711722359421261719e-01,9.380265014185225070e-01
3.192999999999999972e+01,1.200547943672405221e-01,3.693004563195492751e-01,8.962342078724468974e-01,-1.055148869764885311e-01,3.711727653264478843e-01,9.380254091401705185e-01
3.194000000000000128e+01,1.199485657588516829e-01,3.693978875583858734e-01,8.963300252957338010e-01,-1.055245146157762492e-01,3.711738857751400444e-01,9.380240284150965779e-01
3.194999999999999929e+01,1.198156438467680024e-01,3.695088882408827380e-01,8.964452011833051737e-01,-1.055350559915164549e-01,3.711756534345845293e-01,9.380224191486015162e-01
3.196000000000000085e+01,1.196364139201785692e-01,3.696377928352705955e-01,8.965893762577331616e-01,-1.055459285065740022e-01,3.711776759285409510e-01,9.380206544385234491e-01
3.197000000000000242e+01,1.194075040464724624e-01,3.697988680548473517e-01,8.967730351043388115e-01,-1.055571484787876518e-01,3.711798617496119834e-01,9.380187168779595686e-01
3.198000000000000043e+01,1.191302185443956912e-01,3.699962265424281971e-01,8.969987307827907985e-01,-1.055686412324200463e-01,3.711820827428969904e-01,9.380166058441672394e-01
3.199000000000000199e+01,1.187216808489002379e-01,3.702676999700247329e-01,8.973172579184842679e-01,-1.055791140643713155e-01,3.711834809264653590e-01,9.380144587497504238e-01
3.200000000000000000e+01,1.181491226087371671e-01,3.706052585514387210e-01,8.977524681548608720e-01,-1.055862442049244621e-01,3.711834189987376909e-01,9.380127714853556675e-01
3.200999999999999801e+01,1.174868151172188679e-01,3.709676808162752915e-01,8.982498655440644963e-01,-1.055893774996518042e-01,3.711822231952506823e-01,9.380116136097795820e-01
3.202000000000000313e+01,1.167898330454104350e-01,3.713295771513171473e-01,8.987688075375521723e-01,-1.055887411655341557e-01,3.711804918961175703e-01,9.380109951926854928e-01
3.203000000000000114e+01,1.161018418847059586e-01,3.716720405633067159e-01,8.992775053559911580e-01,-1.055846823796157963e-01,3.711786634182631661e-01,9.380110630659493909e-01
3.203999999999999915e+01,1.154570014120805815e-01,3.719809315848831011e-01,8.997511651113474507e-01,-1.055777576868485446e-01,3.711769213039603499e-01,9.380118002758049967e-01
3.204999999999999716e+01,1.148851723134397540e-01,3.722456204789903467e-01,9.001688384120832831e-01,-1.055685870050721287e-01,3.711753482716689811e-01,9.380130951299422426e-01
3.206000000000000227e+01,1.145027399562859594e-01,3.724430177730346236e-01,9.004596788292668075e-01,-1.055575691928621052e-01,3.711742250793979014e-01,9.380149957318189013e-01
3.207000000000000028e+01,1.143031309357391417e-01,3.725650648462662806e-01,9.006195785293983347e-01,-1.055466772818627330e-01,3.711736434339172330e-01,9.380169630235010159e-01
3.207999999999999829e+01,1.142113282418058401e-01,3.726246836904597570e-01,9.006924402531110152e-01,-1.055374144609457499e-01,3.711735790479230301e-01,9.380187550996077483e-01
3.209000000000000341e+01,1.141679893414000307e-01,3.726497117580556129e-01,9.007217218421963434e-01,-1.055299191017973620e-01,3.711737346379398450e-01,9.380203453831820193e-01
3.210000000000000142e+01,1.142964774691737073e-01,3.723864993382211552e-01,9.004744447192931656e-01,-1.055037412685939646e-01,3.711636557001293246e-01,9.380240024227539664e-01
3.210999999999999943e+01,1.146198030916813493e-01,3.718602280704370600e-01,8.999885962346513280e-01,-1.054685952377849983e-01,3.711500058419359149e-01,9.380288635009792486e-01
3.211999999999999744e+01,1.151840926516780467e-01,3.710760422048405838e-01,8.992733848166841737e-01,-1.054409078579404135e-01,3.711436795342845651e-01,9.380339690806460684e-01
3.213000000000000256e+01,1.158698915711020294e-01,3.702345799624348621e-01,8.984616403621588088e-01,-1.054242070645761697e-01,3.711444949979784136e-01,9.380385907428900882e-01
3.214000000000000057e+01,1.165655171625315789e-01,3.694608637591217937e-01,8.976745461694008998e-01,-1.054172623171522327e-01,3.711497029641495637e-01,9.380425145114573704e-01
3.214999999999999858e+01,1.171916424513707866e-01,3.688211012820413748e-01,8.969852135587143005e-01,-1.054176006303993857e-01,3.711561464636387031e-01,9.380453714715424329e-01
3.216000000000000369e+01,1.176318326521288982e-01,3.683793740587424925e-01,8.964787411007885121e-01,-1.054236283764908716e-01,3.711619765760269529e-01,9.380468399962128556e-01
3.217000000000000171e+01,1.178090299978120231e-01,3.681732380229013057e-01,8.962175894861438286e-01,-1.054333984309412942e-01,3.711662834797105903e-01,9.380472059825550879e-01
3.217999999999999972e+01,1.178282591937239859e-01,3.681385045531905265e-01,8.961227302734444677e-01,-1.054444566576965836e-01,3.711690888793390264e-01,9.380469380024725190e-01
3.218999999999999773e+01,1.177726518383897941e-01,3.682031572607228354e-01,8.961154810777234303e-01,-1.054561675303293117e-01,3.711710729886418259e-01,9.380461145272663837e-01
3.220000000000000284e+01,1.176773792860014572e-01,3.683175655413393201e-01,8.961509062327810415e-01,-1.054687436859395727e-01,3.711730304929274360e-01,9.380447857038967108e-01
3.221000000000000085e+01,1.175544687005889849e-01,3.684566990419471666e-01,8.962088575006920133e-01,-1.054824282394714458e-01,3.711754812580959073e-01,9.380430242474349090e-01
3.221999999999999886e+01,1.174090991659469396e-01,3.686109877384750044e-01,8.962815906794091569e-01,-1.054972343573064991e-01,3.711785793491780838e-01,9.380408931821948570e-01
3.223000000000000398e+01,1.172447353743146375e-01,3.687776890589642420e-01,8.963665533096860649e-01,-1.055129838080594573e-01,3.711822127554642581e-01,9.380384310068372589e-01
3.224000000000000199e+01,1.170620965914016820e-01,3.689565423503587960e-01,8.964641367300997254e-01,-1.055293584011185171e-01,3.711861167618126789e-01,9.380356654268047212e-01
3.225000000000000000e+01,1.168574091527872644e-01,3.691494789569287893e-01,8.965777798469554138e-01,-1.055458138972667909e-01,3.711899295294953660e-01,9.380326550719985113e-01
3.225999999999999801e+01,1.166200089568951576e-01,3.693612228356277227e-01,8.967153106484855307e-01,-1.055616536862794691e-01,3.711932764365529214e-01,9.380294940784721369e-01
3.227000000000000313e+01,1.163316878949997996e-01,3.696076805829041079e-01,8.968954173208478764e-01,-1.055764660283589618e-01,3.711959238309650022e-01,9.380262388181833666e-01
3.228000000000000114e+01,1.160075232270592754e-01,3.698886933769510721e-01,8.971150654154553816e-01,-1.055901086822250701e-01,3.711980043339090374e-01,9.380229775828095029e-01
3.228999999999999915e+01,1.155833883989683952e-01,3.702431584745738413e-01,8.974159349674106778e-01,-1.056014012055924711e-01,3.711986963951368068e-01,9.380197702325844267e-01
3.229999999999999716e+01,1.150079198219175203e-01,3.706801487113077775e-01,8.978406811214300065e-01,-1.056076878809558139e-01,3.711967902268169528e-01,9.380169066736350203e-01
3.231000000000000227e+01,1.143660551480513432e-01,3.711258265214716912e-01,8.983187179147048562e-01,-1.056084571687576357e-01,3.711932702278900598e-01,9.380147057191149385e-01
3.232000000000000028e+01,1.137222969832137470e-01,3.715397042107899117e-01,8.987966004810792331e-01,-1.056041973450079774e-01,3.711892199905396095e-01,9.380134471685104280e-01
3.232999999999999829e+01,1.131226735244199588e-01,3.719010978199105422e-01,8.992380253800380530e-01,-1.055961575517680440e-01,3.711853971872961511e-01,9.380131408282407213e-01
3.234000000000000341e+01,1.125975969289316481e-01,3.722026135745922781e-01,8.996212038821648216e-01,-1.055857244462412303e-01,3.711822339234725487e-01,9.380136378973310540e-01
3.235000000000000142e+01,1.122090129504585698e-01,3.724346067458083054e-01,8.999082227813914869e-01,-1.055740277546099171e-01,3.711800011232980756e-01,9.380147914892368322e-01
3.235999999999999943e+01,1.119576280795223366e-01,3.726080286552281851e-01,9.001010602055412591e-01,-1.055628253007082351e-01,3.711787105678692744e-01,9.380161830757003383e-01
3.236999999999999744e+01,1.120308644329440773e-01,3.724179232973712783e-01,8.999351923014449195e-01,-1.055343486994928526e-01,3.711683038509608346e-01,9.380190687993463783e-01
3.238000000000000256e+01,1.124495433632848734e-01,3.719063691918078063e-01,8.994252719105266802e-01,-1.055020686637212629e-01,3.711569281281060229e-01,9.380227306374295804e-01
3.239000000000000057e+01,1.130684489378111918e-01,3.712208428188483178e-01,8.987319318823782099e-01,-1.054771764759887404e-01,3.711511069754572234e-01,9.380265629830715213e-01
3.239999999999999858e+01,1.137804428317020222e-01,3.704130857596567572e-01,8.979361284316617065e-01,-1.054605738842426671e-01,3.711505546474948014e-01,9.380302195111214214e-01
3.241000000000000369e+01,1.144829455316713068e-01,3.696249672996568258e-01,8.971566551550474999e-01,-1.054526460876042127e-01,3.711541400015164194e-01,9.380333830912209736e-01
3.242000000000000171e+01,1.150212343425004446e-01,3.689966315152821696e-01,8.965338271614804455e-01,-1.054524278439760571e-01,3.711592584058401867e-01,9.380354411679737714e-01
3.242999999999999972e+01,1.152621197511899120e-01,3.686447647631810320e-01,8.961976110334783918e-01,-1.054574866635142327e-01,3.711634075129859323e-01,9.380362680145879484e-01
3.243999999999999773e+01,1.153223716096463403e-01,3.685071098101406761e-01,8.960687710169854547e-01,-1.054641058954564475e-01,3.711657632765466008e-01,9.380364805362435554e-01
3.245000000000000284e+01,1.153031486153373725e-01,3.684914267774874186e-01,8.960491658931730719e-01,-1.054711304466137423e-01,3.711667631848737936e-01,9.380361963765150302e-01
3.246000000000000085e+01,1.152456263055933738e-01,3.685324749749156470e-01,8.960814504071487052e-01,-1.054787951176198862e-01,3.711673339854968945e-01,9.380354654900756595e-01
3.246999999999999886e+01,1.151624605902875492e-01,3.685972477134433767e-01,8.961395456297970297e-01,-1.054874939172322224e-01,3.711682031729122144e-01,9.380343637255503797e-01
3.248000000000000398e+01,1.150585441137634973e-01,3.686737052306510720e-01,8.962130696248660211e-01,-1.054973803025636425e-01,3.711697091167803775e-01,9.380329620082844544e-01
3.249000000000000199e+01,1.149369762014563201e-01,3.687590971742744084e-01,8.962983999888776143e-01,-1.055083758948439920e-01,3.711718802196417033e-01,9.380313128826450741e-01
3.250000000000000000e+01,1.147998826593971122e-01,3.688535991930096403e-01,8.963944901694068657e-01,-1.055202781978549775e-01,3.711745535189110989e-01,9.380294409754134088e-01
3.250999999999999801e+01,1.146480296960818712e-01,3.689579635577178718e-01,8.965015424815380163e-01,-1.055328477042363211e-01,3.711774993734959782e-01,9.380273565794663426e-01
3.252000000000000313e+01,1.144758484889444039e-01,3.690734484066715004e-01,8.966227249545635214e-01,-1.055456919061528998e-01,3.711804335127452115e-01,9.380250952856138413e-01
3.253000000000000114e+01,1.142708467863903926e-01,3.692060031656002606e-01,8.967674902303971463e-01,-1.055585332738542131e-01,3.711831445126478890e-01,9.380226730507408295e-01
3.253999999999999915e+01,1.140094317808352103e-01,3.693678780385493687e-01,8.969541868249362171e-01,-1.055712134874646907e-01,3.711854700688730357e-01,9.380201008407673680e-01
3.254999999999999716e+01,1.136833146375122866e-01,3.695680115063541549e-01,8.971912815176661393e-01,-1.055830387198335302e-01,3.711872458014173204e-01,9.380175357508957479e-01
3.256000000000000227e+01,1.131959094307728314e-01,3.698371838621897778e-01,8.975379146739297376e-01,-1.055919013194915324e-01,3.711874968319943680e-01,9.380152744551640831e-01
3.257000000000000028e+01,1.125962720499158326e-01,3.701341316715923146e-01,8.979621063486005195e-01,-1.055962997803587544e-01,3.711862064443013920e-01,9.380136066054729493e-01
3.257999999999999829e+01,1.119576718326549120e-01,3.704262637936704405e-01,8.984103668759031436e-01,-1.055962340837466457e-01,3.711841047961305096e-01,9.380125831172472228e-01
3.259000000000000341e+01,1.113354423492858014e-01,3.706918472527825914e-01,8.988431300184688277e-01,-1.055921199197801252e-01,3.711818336814358688e-01,9.380123909307254149e-01
3.260000000000000142e+01,1.108221066681923522e-01,3.709110616251058978e-01,8.992024200222059616e-01,-1.055846612369307769e-01,3.711798502702612357e-01,9.380130645451328908e-01
3.260999999999999943e+01,1.104867175345121966e-01,3.710665648139956363e-01,8.994419388889915989e-01,-1.055752090670408205e-01,3.711783839345510483e-01,9.380142877786161737e-01
3.261999999999999744e+01,1.103150778558334155e-01,3.711550386106943766e-01,8.995647502244398241e-01,-1.055655729800855785e-01,3.711775259609798039e-01,9.380156722516388434e-01
3.263000000000000256e+01,1.102310007378440454e-01,3.711982320956780934e-01,8.996194066300520209e-01,-1.055570708280446357e-01,3.711771846695299248e-01,9.380170063855319817e-01
3.264000000000000057e+01,1.103598193906104447e-01,3.709479288042739631e-01,8.993798067081323344e-01,-1.055298674685448690e-01,3.711669427014095968e-01,9.380204883697582652e-01
3.264999999999999858e+01,1.106903596157897268e-01,3.704587377698301265e-01,8.988986564587364558e-01,-1.054937798803771837e-01,3.711533633900186979e-01,9.380253667783244875e-01
3.266000000000000369e+01,1.112265160513003781e-01,3.697570477181277848e-01,8.982185232499011462e-01,-1.054642746693057326e-01,3.711463197778053225e-01,9.380307772752524142e-01
3.267000000000000171e+01,1.118085716655610878e-01,3.690474186850509208e-01,8.974856358568110704e-01,-1.054473777592951078e-01,3.711469402695050657e-01,9.380356565252563339e-01
3.267999999999999972e+01,1.122967588284198431e-01,3.684894422992661678e-01,8.968569548473819264e-01,-1.054403908492391601e-01,3.711513672684005893e-01,9.380398595911199067e-01
3.268999999999999773e+01,1.126893527377703513e-01,3.680567477591488168e-01,8.963178644983988974e-01,-1.054387326259796781e-01,3.711564472229831324e-01,9.380433619980574900e-01
3.270000000000000284e+01,1.128680108722282666e-01,3.678431538953133018e-01,8.959731650086526500e-01,-1.054429125898749542e-01,3.711612612451165027e-01,9.380455686116681013e-01
3.271000000000000085e+01,1.128966270854879911e-01,3.678096403059620267e-01,8.957804861391629458e-01,-1.054511882389043698e-01,3.711655383577936451e-01,9.380467474219118529e-01
3.271999999999999886e+01,1.128462766741725742e-01,3.678893737738916925e-01,8.956712716831226606e-01,-1.054626799066399612e-01,3.711695826187551006e-01,9.380469804274964574e-01
3.273000000000000398e+01,1.127496157240833186e-01,3.680330246038683861e-01,8.956033867403007109e-01,-1.054772654366845502e-01,3.711738893332025557e-01,9.380462929911907999e-01
3.274000000000000199e+01,1.126188729802841265e-01,3.682137900198916847e-01,8.955574743300508400e-01,-1.054949504323118570e-01,3.711788402549741073e-01,9.380447143361161366e-01
3.275000000000000000e+01,1.124602655540679480e-01,3.684198280904473766e-01,8.955261963783732737e-01,-1.055155798088220631e-01,3.711845681724454393e-01,9.380422871113226480e-01
3.275999999999999801e+01,1.122796628506178701e-01,3.686455698889242183e-01,8.955068178779941324e-01,-1.055388620595830440e-01,3.711910025854086581e-01,9.380390471865693858e-01
3.277000000000000313e+01,1.120891283883931056e-01,3.688823021656845724e-01,8.954939367365157832e-01,-1.055647327444438066e-01,3.711980971669441853e-01,9.380349825367138017e-01
3.278000000000000114e+01,1.118968166190624225e-01,3.691242522035029783e-01,8.954836390458901230e-01,-1.055931846937071400e-01,3.712057629024039795e-01,9.380300679348851922e-01
3.278999999999999915e+01,1.117043208770461260e-01,3.693711694580490423e-01,8.954780675853619698e-01,-1.056238823017368600e-01,3.712137161934168095e-01,9.380243177455279691e-01
3.279999999999999716e+01,1.115174415442464484e-01,3.696202345128966060e-01,8.954770558046905027e-01,-1.056565032275915417e-01,3.712217177444172567e-01,9.380177499411860298e-01
3.281000000000000227e+01,1.113437374528212509e-01,3.698670934986763581e-01,8.954784774440016637e-01,-1.056908256729127554e-01,3.712296078186748671e-01,9.380103722398797084e-01
3.282000000000000028e+01,1.111827139183553526e-01,3.701081878846013695e-01,8.954835883819753928e-01,-1.057264216180640315e-01,3.712371680265543761e-01,9.380022385820625530e-01
3.282999999999999829e+01,1.110335084260252875e-01,3.703421173508194553e-01,8.954948690225215113e-01,-1.057626537381273490e-01,3.712441604606008250e-01,9.379934510223151278e-01
3.284000000000000341e+01,1.108954220041911409e-01,3.705663527601737450e-01,8.955143939382113061e-01,-1.057987372909948293e-01,3.712503496892600729e-01,9.379841475499564041e-01
3.285000000000000142e+01,1.107698956550954572e-01,3.707771439708510419e-01,8.955426938463932895e-01,-1.058339295626833099e-01,3.712556699100112989e-01,9.379745228967896198e-01
3.285999999999999943e+01,1.106608775139470840e-01,3.709720343411445076e-01,8.955779378723986994e-01,-1.058675943768250804e-01,3.712600097272085731e-01,9.379647556589885138e-01
3.286999999999999744e+01,1.105726591552708971e-01,3.711535627052326980e-01,8.956158312454446380e-01,-1.058996350429660255e-01,3.712633642426118596e-01,9.379550273407321059e-01
3.288000000000000256e+01,1.105019214251988652e-01,3.713236585726759076e-01,8.956551024540858608e-01,-1.059302035202548953e-01,3.712658799550175859e-01,9.379454623208215436e-01
3.289000000000000057e+01,1.104442068318233633e-01,3.714842249408688013e-01,8.956958614060462898e-01,-1.059594074541952563e-01,3.712677189625973595e-01,9.379361245334519870e-01
3.289999999999999858e+01,1.103967395944777108e-01,3.716369859807918119e-01,8.957379898934338947e-01,-1.059873570652317826e-01,3.712690483280949305e-01,9.379270307342716384e-01
3.291000000000000369e+01,1.104723269326403218e-01,3.714798767708916150e-01,8.955977227454823275e-01,-1.059860416498830671e-01,3.712544244837010510e-01,9.379192081000067294e-01
3.292000000000000171e+01,1.106501588082622611e-01,3.712041953196613675e-01,8.953340860700298443e-01,-1.059731611557168385e-01,3.712362140395442101e-01,9.379137722377846043e-01
3.292999999999999972e+01,1.108049047493422784e-01,3.709909732597952980e-01,8.951102993760807758e-01,-1.059623739617343990e-01,3.712224393108405351e-01,9.379099890640602011e-01
3.293999999999999773e+01,1.109266552750085288e-01,3.708655352806313754e-01,8.949513771704047382e-01,-1.059553544400081426e-01,3.712132037467299472e-01,9.379071843650714779e-01
3.295000000000000284e+01,1.110183468123850520e-01,3.708026592778477792e-01,8.948443650625962364e-01,-1.059520551934177990e-01,3.712074291833704631e-01,9.379047634695955038e-01
3.296000000000000085e+01,1.110824376573621847e-01,3.707785320688688491e-01,8.947743038978082097e-01,-1.059525735645998334e-01,3.712044728648331571e-01,9.379023666715321506e-01
3.296999999999999886e+01,1.111202212178142718e-01,3.707794916922281803e-01,8.947317832829818629e-01,-1.059570692319510010e-01,3.712039421402342776e-01,9.378998127667208529e-01
3.298000000000000398e+01,1.111332418436671715e-01,3.707992136473866607e-01,8.947114944037154460e-01,-1.059655557528327990e-01,3.712052163672202032e-01,9.378968612985313369e-01
3.299000000000000199e+01,1.111235198050958550e-01,3.708353005051479023e-01,8.947103541352738887e-01,-1.059780388188479999e-01,3.712079113583490741e-01,9.378934388047439619e-01
3.300000000000000000e+01,1.110932984734822604e-01,3.708868627820274821e-01,8.947263391406163890e-01,-1.059946023491247502e-01,3.712117415331903647e-01,9.378893716790797086e-01
3.300999999999999801e+01,1.110448987659186093e-01,3.709532167135969338e-01,8.947577770457484370e-01,-1.060151808260336587e-01,3.712165076004487752e-01,9.378845757670587480e-01
3.302000000000000313e+01,1.109806619047918191e-01,3.710334961110763330e-01,8.948030763848098257e-01,-1.060396154769092936e-01,3.712220306360075051e-01,9.378790042757308987e-01
3.303000000000000114e+01,1.109029630379193554e-01,3.711266012137525161e-01,8.948606334602766665e-01,-1.060676873863093672e-01,3.712281543617068080e-01,9.378726296757373682e-01
3.303999999999999915e+01,1.108142279684512232e-01,3.712312036639702217e-01,8.949287896720204971e-01,-1.060991197624522597e-01,3.712347406754754608e-01,9.378654464858495743e-01
3.304999999999999716e+01,1.107169353678561785e-01,3.713457729478597535e-01,8.950058175524738813e-01,-1.061335794568999541e-01,3.712416590560347895e-01,9.378574700917570173e-01
3.306000000000000227e+01,1.106136111961219803e-01,3.714685965768173004e-01,8.950899109944876475e-01,-1.061706780524523108e-01,3.712487771059510000e-01,9.378487343948509469e-01
3.307000000000000028e+01,1.105068157944561202e-01,3.715978035036944793e-01,8.951791864066526161e-01,-1.062099737015629181e-01,3.712559557688774881e-01,9.378392899867499244e-01
3.307999999999999829e+01,1.103991283083300134e-01,3.717313842013206249e-01,8.952716882709234048e-01,-1.062509728866049274e-01,3.712630476565939031e-01,9.378292027322997493e-01
3.309000000000000341e+01,1.102932994413571566e-01,3.718672403278244221e-01,8.953653048503613654e-01,-1.062931316072535798e-01,3.712698958971730190e-01,9.378185517643203850e-01
3.310000000000000142e+01,1.101916438689622552e-01,3.720030634951806414e-01,8.954580698435042896e-01,-1.063358569474064930e-01,3.712763334631960510e-01,9.378074281054761263e-01
3.310999999999999943e+01,1.100968171106562338e-01,3.721366042007459574e-01,8.955479226953515504e-01,-1.063785071609629485e-01,3.712821955329836943e-01,9.377959406393272523e-01
3.311999999999999744e+01,1.100117128405804640e-01,3.722653405385436542e-01,8.956326369410934074e-01,-1.064204398949268465e-01,3.712874372426471226e-01,9.377842585636027017e-01
3.313000000000000256e+01,1.099387373559554126e-01,3.723871234077892334e-01,8.957099502978627115e-01,-1.064610209524527590e-01,3.712918620924669511e-01,9.377724867280070598e-01
3.314000000000000057e+01,1.098665019306650642e-01,3.725012471014411131e-01,8.957852053540784620e-01,-1.065002549707846080e-01,3.712954994675582987e-01,9.377606793948420894e-01
3.314999999999999858e+01,1.097653177199053726e-01,3.726082795938925885e-01,8.958735015217795805e-01,-1.065385131795673485e-01,3.712985840398016490e-01,9.377488868826752144e-01
3.316000000000000369e+01,1.096512703004084294e-01,3.727158596338821517e-01,8.959696437703100758e-01,-1.065753877726556553e-01,3.713011842774194826e-01,9.377372756718391766e-01
3.317000000000000171e+01,1.095309932296075067e-01,3.728289616143156682e-01,8.960722220860711795e-01,-1.066107303450918170e-01,3.713032845484311451e-01,9.377258442723067633e-01
3.317999999999999972e+01,1.095468713024523449e-01,3.727153300307872175e-01,8.959887025465915755e-01,-1.066150690975389281e-01,3.712915539530031173e-01,9.377174759352275846e-01
3.318999999999999773e+01,1.096002700249826267e-01,3.724760431226757373e-01,8.958097384096047611e-01,-1.066020099320891951e-01,3.712745916984283578e-01,9.377116966728890057e-01
3.320000000000000284e+01,1.096090003255090484e-01,3.722779118358820472e-01,8.956740471874578002e-01,-1.065866731131296791e-01,3.712608870673096972e-01,9.377077272988688650e-01
3.321000000000000085e+01,1.095928611874015246e-01,3.721511746174472890e-01,8.955946864202761759e-01,-1.065721958546607812e-01,3.712513748454516760e-01,9.377050578584035234e-01
3.321999999999999886e+01,1.095660299728501291e-01,3.720789484875258735e-01,8.955574358349499553e-01,-1.065593668482292811e-01,3.712451838668104909e-01,9.377031838653520079e-01
3.323000000000000398e+01,1.095296196651584231e-01,3.720409563445905565e-01,8.955503606698627106e-01,-1.065486296873625061e-01,3.712413655895595022e-01,9.377017459485237350e-01
3.324000000000000199e+01,1.094811592566313913e-01,3.720246085681268022e-01,8.955667447271608017e-01,-1.065403133355681264e-01,3.712391518425585124e-01,9.377004799198419560e-01
3.325000000000000000e+01,1.094189690541230997e-01,3.720243352357876510e-01,8.956032427723510381e-01,-1.065347325520078353e-01,3.712380923861414161e-01,9.376991328677389825e-01
3.325999999999999801e+01,1.093426601477209964e-01,3.720377668657053327e-01,8.956577555752615050e-01,-1.065320222831906416e-01,3.712379577713559864e-01,9.376975672153463615e-01
3.327000000000000313e+01,1.092525270919380703e-01,3.720637168876274603e-01,8.957286207220664931e-01,-1.065321682356363264e-01,3.712386311499333291e-01,9.376957178272395943e-01
3.328000000000000114e+01,1.091490945000867796e-01,3.721011944230808166e-01,8.958142961638211332e-01,-1.065349254253006306e-01,3.712398310850669181e-01,9.376935465646045742e-01
3.328999999999999915e+01,1.090330083965809077e-01,3.721492125676773011e-01,8.959132708131388734e-01,-1.065400069695701113e-01,3.712412815146546308e-01,9.376910234690301049e-01
3.329999999999999716e+01,1.089049458788324265e-01,3.722068107197747389e-01,8.960241231846748367e-01,-1.065471616713397213e-01,3.712428674023050545e-01,9.376881582829190709e-01
3.331000000000000227e+01,1.087656295873505458e-01,3.722730109748835781e-01,8.961454673818013417e-01,-1.065561660025052398e-01,3.712445892603358777e-01,9.376849692155797555e-01
3.332000000000000028e+01,1.086159262897306022e-01,3.723467753273752012e-01,8.962758602796284668e-01,-1.065666850010945771e-01,3.712464176835751917e-01,9.376814990278189432e-01
3.332999999999999829e+01,1.084546330892268984e-01,3.724264616837704156e-01,8.964144394964869145e-01,-1.065783169766189864e-01,3.712482883273908740e-01,9.376778024732143058e-01
3.334000000000000341e+01,1.082797606404443114e-01,3.725110535836178571e-01,8.965610781040561639e-01,-1.065905915704073725e-01,3.712501000489553116e-01,9.376739393417221624e-01
3.335000000000000142e+01,1.080906753092172878e-01,3.726001333416596450e-01,8.967155258206197521e-01,-1.066030561031112434e-01,3.712517695554984898e-01,9.376699720828247653e-01
3.335999999999999943e+01,1.078917215200228541e-01,3.726936239680485041e-01,8.968754780388238368e-01,-1.066152925715727062e-01,3.712532572717718860e-01,9.376659806808670394e-01
3.336999999999999744e+01,1.076851310446928500e-01,3.727887668869157012e-01,8.970379522081035617e-01,-1.066268408502235310e-01,3.712544635465583331e-01,9.376620473408753265e-01
3.338000000000000256e+01,1.074806728663008637e-01,3.728851649184177774e-01,8.971969800491330638e-01,-1.066370562172079262e-01,3.712552691798201576e-01,9.376583003364147295e-01
3.339000000000000057e+01,1.072779440287875974e-01,3.729783599115928938e-01,8.973505451409991007e-01,-1.066454371180018956e-01,3.712554657348915987e-01,9.376548044644591462e-01
3.339999999999999858e+01,1.070792515764821679e-01,3.730597773966052300e-01,8.974942103387408832e-01,-1.066516423058021801e-01,3.712549724384975880e-01,9.376516337282134739e-01
3.341000000000000369e+01,1.068972914594117779e-01,3.731275076392369661e-01,8.976206198108174217e-01,-1.066559584377288900e-01,3.712541133296982654e-01,9.376488420119416523e-01
3.342000000000000171e+01,1.067292375448562203e-01,3.731874334616554489e-01,8.977340144044909653e-01,-1.066588402802310098e-01,3.712530985779687875e-01,9.376463854544234700e-01
3.342999999999999972e+01,1.065520432292478559e-01,3.732446880823125923e-01,8.978476955957286343e-01,-1.066599105350313770e-01,3.712517330985576902e-01,9.376443224408005372e-01
3.343999999999999773e+01,1.063675663788392067e-01,3.732987233401202087e-01,8.979625574013216927e-01,-1.066590459089240273e-01,3.712501023683617007e-01,9.376427002752837359e-01
3.345000000000000284e+01,1.063844795050007119e-01,3.731237408228988417e-01,8.978284242560867767e-01,-1.066353104184712131e-01,3.712389201948942952e-01,9.376439732641544955e-01
3.346000000000000085e+01,1.065138421971381089e-01,3.728195439978135850e-01,8.975562433877142254e-01,-1.066005152604270895e-01,3.712244428817985664e-01,9.376467425298542491e-01
3.346999999999999886e+01,1.066502763348862876e-01,3.725354899457075097e-01,8.972960682604802507e-01,-1.065674458840947803e-01,3.712136981995670659e-01,9.376503215997593621e-01
3.348000000000000398e+01,1.067663296647034799e-01,3.723164271732021247e-01,8.970903603981577046e-01,-1.065386423381677466e-01,3.712070613050849066e-01,9.376543612843366571e-01
3.349000000000000199e+01,1.068596182328391819e-01,3.721534255397982438e-01,8.969354874460977456e-01,-1.065139814592634404e-01,3.712032344676384765e-01,9.376585022261842983e-01
3.350000000000000000e+01,1.069270907742765619e-01,3.720406352710074471e-01,8.968272846629524730e-01,-1.064933879692653435e-01,3.712011404296544637e-01,9.376624017679541234e-01
3.350999999999999801e+01,1.069690177585231466e-01,3.719701288235205960e-01,8.967597578305374073e-01,-1.064767873765252310e-01,3.712002190507853183e-01,9.376659062720489324e-01
3.352000000000000313e+01,1.069874566544527089e-01,3.719341643255597019e-01,8.967261839950484426e-01,-1.064641110675340618e-01,3.712001908526771921e-01,9.376689164455307424e-01
3.353000000000000114e+01,1.069850061081200482e-01,3.719259280188041417e-01,8.967203865241796246e-01,-1.064552411117135056e-01,3.712009594822018865e-01,9.376713930904458927e-01
3.353999999999999915e+01,1.069622981303135489e-01,3.719375943234308202e-01,8.967370635012951174e-01,-1.064498232508660908e-01,3.712022340666986664e-01,9.376733381441098025e-01
3.354999999999999716e+01,1.069192051769224799e-01,3.719624272914179297e-01,8.967719193945908884e-01,-1.064475377526086369e-01,3.712037856378903600e-01,9.376747724530273276e-01
3.356000000000000227e+01,1.068608793139967650e-01,3.720039295468284268e-01,8.968235773889385865e-01,-1.064484749376175404e-01,3.712057420304008537e-01,9.376756476377793303e-01
3.357000000000000028e+01,1.067916538832920925e-01,3.720630326774537200e-01,8.968903887963978194e-01,-1.064526799483091757e-01,3.712082248321068589e-01,9.376759388525311989e-01
3.357999999999999829e+01,1.067131465902704801e-01,3.721381674444856902e-01,8.969705313823875814e-01,-1.064601076945880520e-01,3.712112252076165686e-01,9.376755842847734890e-01
3.359000000000000341e+01,1.066267190329784342e-01,3.722270067670794824e-01,8.970619590602189053e-01,-1.064705263873214208e-01,3.712146111143317384e-01,9.376745523088668710e-01
3.360000000000000142e+01,1.065681804574813152e-01,3.723712018195411422e-01,8.971692626036394946e-01,-1.064855537446991740e-01,3.712189834280473777e-01,9.376725458829756610e-01
3.360999999999999943e+01,1.065301865618675237e-01,3.725526712963500020e-01,8.972884118740085402e-01,-1.065054380199677575e-01,3.712239383955899252e-01,9.376694073349031155e-01
3.361999999999999744e+01,1.064980067427580557e-01,3.727444092058722624e-01,8.974098218131896232e-01,-1.065287288227474566e-01,3.712288545862503231e-01,9.376653698464239017e-01
3.363000000000000256e+01,1.063611003111934183e-01,3.728863441194725792e-01,8.975499503542097024e-01,-1.065504959529062767e-01,3.712320191324020580e-01,9.376612382921495348e-01
3.364000000000000057e+01,1.061224018175076639e-01,3.729974005935883796e-01,8.977176775154827038e-01,-1.065677133723993697e-01,3.712334036641778967e-01,9.376577115296992337e-01
3.364999999999999858e+01,1.058789790899027500e-01,3.731080234363730042e-01,8.978873415836592375e-01,-1.065814859839931683e-01,3.712342624120128498e-01,9.376546577586335474e-01
3.366000000000000369e+01,1.056530399309620477e-01,3.732112261195617009e-01,8.980453311324919641e-01,-1.065928164156071528e-01,3.712348900335074586e-01,9.376518221521134011e-01
3.367000000000000171e+01,1.054263606853526325e-01,3.733060328229054758e-01,8.981989202904903102e-01,-1.066019792111168457e-01,3.712352549548719183e-01,9.376491882209619932e-01
3.367999999999999972e+01,1.051473748597938906e-01,3.733969960082070272e-01,8.983755460164325468e-01,-1.066088917024628491e-01,3.712351778900649379e-01,9.376468258769861119e-01
3.368999999999999773e+01,1.048102055360890239e-01,3.734926229633251382e-01,8.985837935490493811e-01,-1.066130671828489640e-01,3.712346399130835861e-01,9.376449237302889594e-01
3.370000000000000284e+01,1.043019673400692182e-01,3.735811617429884435e-01,8.988730410800928050e-01,-1.066132029971655071e-01,3.712332856892240351e-01,9.376436995775823124e-01
3.371000000000000085e+01,1.037474373587229937e-01,3.736542685972061850e-01,8.991828822830995049e-01,-1.066078937444110836e-01,3.712317338074690443e-01,9.376439492053800784e-01
3.371999999999999886e+01,1.033776289852191832e-01,3.737374921752124601e-01,8.994109564034481474e-01,-1.066001922903327681e-01,3.712311233645623210e-01,9.376448913414708874e-01
3.373000000000000398e+01,1.031389068996898251e-01,3.737785280636928276e-01,8.995576576508201860e-01,-1.065937031234475696e-01,3.712317181913861175e-01,9.376456871863758646e-01
3.374000000000000199e+01,1.029729633823282531e-01,3.737756860515539792e-01,8.996450303251539715e-01,-1.065888735142752619e-01,3.712330299643891718e-01,9.376463432459891667e-01
3.375000000000000000e+01,1.028515265571428722e-01,3.737464551589543271e-01,8.996951464145861443e-01,-1.065854166409696824e-01,3.712345370394912747e-01,9.376468694971712425e-01
3.375999999999999801e+01,1.027565232045275917e-01,3.737046383288546991e-01,8.997242400737066603e-01,-1.065828794302584315e-01,3.712358984694805186e-01,9.376472840439410428e-01
3.377000000000000313e+01,1.026769296504697754e-01,3.736578560978541241e-01,8.997423228661121097e-01,-1.065808878887432309e-01,3.712369476046148420e-01,9.376476085556576523e-01
3.378000000000000114e+01,1.026093927700364172e-01,3.736101594909012613e-01,8.997537117312142119e-01,-1.065792430493063686e-01,3.712376813724716507e-01,9.376478601496948118e-01
3.378999999999999915e+01,1.025534336100755450e-01,3.735631577862917330e-01,8.997596022591656251e-01,-1.065778781840643896e-01,3.712381760548776333e-01,9.376480482459479404e-01
3.379999999999999716e+01,1.025057387374113393e-01,3.735194252198272835e-01,8.997625938016007296e-01,-1.065767018529852339e-01,3.712384685308831589e-01,9.376481833369111341e-01
3.381000000000000227e+01,1.024583386129675061e-01,3.734892032697919029e-01,8.997708115914070381e-01,-1.065755416871504990e-01,3.712385111959069506e-01,9.376482754782747842e-01
3.382000000000000028e+01,1.024110607442809406e-01,3.734721294589706808e-01,8.997855554060880667e-01,-1.065741953813149484e-01,3.712382964599094115e-01,9.376483674549507263e-01
3.382999999999999829e+01,1.023652778405949315e-01,3.734620644730851091e-01,8.998033657256734319e-01,-1.065726311589056813e-01,3.712379092902093891e-01,9.376484906510508255e-01
3.384000000000000341e+01,1.023213410816617014e-01,3.734544770018394244e-01,8.998218623717972875e-01,-1.065709062200661805e-01,3.712374660738717025e-01,9.376486605607186053e-01
3.385000000000000142e+01,1.022793869672879302e-01,3.734466790966478600e-01,8.998395365801989954e-01,-1.065690776230193704e-01,3.712370557633412060e-01,9.376488854972819809e-01
3.385999999999999943e+01,1.022396083996489763e-01,3.734376206220268446e-01,8.998556815298418554e-01,-1.065671867943726453e-01,3.712367286317318493e-01,9.376491675847086205e-01
3.386999999999999744e+01,1.022022671092434193e-01,3.734269801506874265e-01,8.998699125841174151e-01,-1.065652509364826278e-01,3.712364905545087468e-01,9.376495030229800021e-01
3.388000000000000256e+01,1.021676394913347830e-01,3.734147996843472650e-01,8.998820357558802163e-01,-1.065632811320879059e-01,3.712363307863672524e-01,9.376498851672577795e-01
3.389000000000000057e+01,1.021359093193221490e-01,3.734014392495743073e-01,8.998920945684754091e-01,-1.065612871209803275e-01,3.712362325481170511e-01,9.376503064634273965e-01
3.389999999999999858e+01,1.021070575211350528e-01,3.733871555530148822e-01,8.999002717645390170e-01,-1.065592847494891277e-01,3.712361797679623043e-01,9.376507578040049751e-01
3.391000000000000369e+01,1.020809537711709902e-01,3.733705939890872294e-01,8.999062999044981082e-01,-1.065574040489487284e-01,3.712362091349800663e-01,9.376512126019649340e-01
3.392000000000000171e+01,1.020579476600732005e-01,3.733541898056179087e-01,8.999105914798705141e-01,-1.065556039133734589e-01,3.712362766882846277e-01,9.376516732202339055e-01
3.392999999999999972e+01,1.020389897095390491e-01,3.733411705461328611e-01,8.999141936483404658e-01,-1.065537900958919704e-01,3.712363043880190228e-01,9.376521421739902884e-01
3.393999999999999773e+01,1.020231477418707539e-01,3.733313542420865216e-01,8.999176609130064008e-01,-1.065519673854102289e-01,3.712362709413399853e-01,9.376526091050971790e-01
3.395000000000000284e+01,1.020095711496923352e-01,3.733236407106920174e-01,8.999209529984351086e-01,-1.065501490789353273e-01,3.712361863578441112e-01,9.376530733417456354e-01
3.396000000000000085e+01,1.020002752675673585e-01,3.733169234764066591e-01,8.999228324138344171e-01,-1.065484093534774940e-01,3.712361046692473909e-01,9.376535301944298739e-01
3.396999999999999886e+01,1.020059727919693376e-01,3.733140410536013865e-01,8.999188883019821894e-01,-1.065468819908860915e-01,3.712360785609867819e-01,9.376539541755928298e-01
3.398000000000000398e+01,1.020088125768335297e-01,3.733111724321568348e-01,8.999163020236383703e-01,-1.065455399029278938e-01,3.712359903205565415e-01,9.376543198928616318e-01
3.399000000000000199e+01,1.020062515736250147e-01,3.733072285258840495e-01,8.999159091608015526e-01,-1.065442522279704263e-01,3.712358742768489539e-01,9.376546833145658066e-01
3.400000000000000000e+01,1.020015456720737984e-01,3.733031000749902906e-01,8.999164909093996245e-01,-1.065429639428288472e-01,3.712357588114081897e-01,9.376550593735466510e-01
3.400999999999999801e+01,1.020042069154832309e-01,3.733015034168253865e-01,8.999144948273014588e-01,-1.065416911781476295e-01,3.712356660830574140e-01,9.376554439286404197e-01
3.402000000000000313e+01,1.020047847391614693e-01,3.733001318594253437e-01,8.999136365117565983e-01,-1.065404742399666538e-01,3.712355475831858875e-01,9.376558053025603190e-01
3.403000000000000114e+01,1.020025130044757422e-01,3.732982371515298214e-01,8.999139783006973037e-01,-1.065392589387594152e-01,3.712354260045265253e-01,9.376561721624981915e-01
3.403999999999999915e+01,1.020013011062524538e-01,3.732968190454481472e-01,8.999140026819505422e-01,-1.065380333258098139e-01,3.712353205338731477e-01,9.376565522444523237e-01
3.404999999999999716e+01,1.020029867652128691e-01,3.732964839094470300e-01,8.999130223334074197e-01,-1.065368372611584513e-01,3.712352150128463424e-01,9.376569228475528650e-01
3.406000000000000227e+01,1.020021113566019766e-01,3.732955264827564346e-01,8.999130450623455957e-01,-1.065356530890596704e-01,3.712351019155186727e-01,9.376572906759651493e-01
3.407000000000000028e+01,1.020000503029555583e-01,3.732942491503898896e-01,8.999135189174315430e-01,-1.065344678237862691e-01,3.712349987050079236e-01,9.376576653009042195e-01
3.407999999999999829e+01,1.020006757818882198e-01,3.732939067782363174e-01,8.999130700869859556e-01,-1.065332933273551441e-01,3.712349108347960391e-01,9.376580433921034574e-01
3.409000000000000341e+01,1.019998614085300126e-01,3.732951543632799241e-01,8.999138028190614147e-01,-1.065320299821373717e-01,3.712347700100945280e-01,9.376584311453728393e-01
3.410000000000000142e+01,1.020012285121096735e-01,3.732979543718646931e-01,8.999143005473175805e-01,-1.065306983383233208e-01,3.712346018231338363e-01,9.376588316735137152e-01
3.410999999999999943e+01,1.020011367007292863e-01,3.732984357324954372e-01,8.999147223272048191e-01,-1.065294630034451379e-01,3.712344771773858354e-01,9.376592184827727827e-01
3.411999999999999744e+01,1.020004334834736931e-01,3.732991197465476696e-01,8.999152746797943747e-01,-1.065282230912853179e-01,3.712343646956620669e-01,9.376596130557940389e-01
3.413000000000000256e+01,1.020002912485859226e-01,3.732995426471170108e-01,8.999156268085228838e-01,-1.065269936559037484e-01,3.712342672187862735e-01,9.376600108241102127e-01
3.414000000000000057e+01,1.020021672473897661e-01,3.733013896592920489e-01,8.999153372512096460e-01,-1.065257531639703936e-01,3.712341618749113170e-01,9.376604103829135894e-01
3.414999999999999858e+01,1.020029176946137955e-01,3.733026754659771185e-01,8.999156009270801171e-01,-1.065245183721214711e-01,3.712340453096275583e-01,9.376608058718497452e-01
3.416000000000000369e+01,1.020032687321610759e-01,3.733031886610855832e-01,8.999156273823152308e-01,-1.065233357117706808e-01,3.712339549302697272e-01,9.376611984317830828e-01
3.417000000000000171e+01,1.020035131804350459e-01,3.733037410019713898e-01,8.999157453120341099e-01,-1.065221530012634144e-01,3.712338651413327195e-01,9.376615932219628524e-01
3.417999999999999972e+01,1.020038313753369175e-01,3.733043917075806184e-01,8.999158779357178117e-01,-1.065209691941721715e-01,3.712337737712823049e-01,9.376619892700090997e-01
3.418999999999999773e+01,1.020043108619411859e-01,3.733051265185083345e-01,8.999159197597176307e-01,-1.065197938153746027e-01,3.712336842064996034e-01,9.376623849623063611e-01
3.420000000000000284e+01,1.020049765045284162e-01,3.733056357554498939e-01,8.999158146039034634e-01,-1.065186445889142047e-01,3.712336023649151495e-01,9.376627768669216767e-01
3.421000000000000085e+01,1.020057933873450562e-01,3.733063179433084300e-01,8.999157094061966955e-01,-1.065174997736692830e-01,3.712335175093742223e-01,9.376631677977065316e-01
3.421999999999999886e+01,1.020064855804157233e-01,3.733083282346055243e-01,8.999163117882962304e-01,-1.065164350843376267e-01,3.712334509217189993e-01,9.376635447400299972e-01
3.423000000000000398e+01,1.020069877168102851e-01,3.733141836595221252e-01,8.999189861918764910e-01,-1.065155241401886110e-01,3.712334027064583819e-01,9.376638910857261200e-01
3.424000000000000199e+01,1.020081242873500799e-01,3.733254277233178375e-01,8.999239150223578010e-01,-1.065146943254693251e-01,3.712333202274342714e-01,9.376642112611901503e-01
3.425000000000000000e+01,1.020113523308406323e-01,3.733434381954418568e-01,8.999306858969757794e-01,-1.065138552609547762e-01,3.712331552224430453e-01,9.376645147691911042e-01
3.425999999999999801e+01,1.020182043769087277e-01,3.733698467790244613e-01,8.999393891062514861e-01,-1.065128847326731881e-01,3.712328396524882668e-01,9.376648098099804596e-01
3.427000000000000313e+01,1.020290795260878347e-01,3.734003262212499674e-01,8.999482327205970966e-01,-1.065118435624939908e-01,3.712324160984787902e-01,9.376650886621986647e-01
3.428000000000000114e+01,1.020439420069136072e-01,3.734319571577507935e-01,8.999557228290132604e-01,-1.065107965457106481e-01,3.712319470457529635e-01,9.376653534083969621e-01
3.428999999999999915e+01,1.020698700297016509e-01,3.734687588623453181e-01,8.999593167392723192e-01,-1.065096671258640160e-01,3.712314337783939044e-01,9.376656243579780670e-01
3.430000000000000426e+01,1.021083003714954585e-01,3.735072901441878201e-01,8.999576621907217078e-01,-1.065085385629880727e-01,3.712308805710275439e-01,9.376658745329842226e-01
3.431000000000000227e+01,1.021573198519318132e-01,3.735421345411427119e-01,8.999490782132884004e-01,-1.065076254944603562e-01,3.712303700038723786e-01,9.376660765955858734e-01
3.432000000000000028e+01,1.022087522938020382e-01,3.735715977855278425e-01,8.999367051485801516e-01,-1.065069929739740073e-01,3.712299242286239420e-01,9.376662324363846945e-01
3.432999999999999829e+01,1.022587591323736583e-01,3.735954954816138041e-01,8.999223252036483434e-01,-1.065066086608846413e-01,3.712295597118890900e-01,9.376663573273199548e-01
3.434000000000000341e+01,1.023050685165863005e-01,3.736137825182843097e-01,8.999070865347754689e-01,-1.065064226115819412e-01,3.712292794891130510e-01,9.376664597698946002e-01
3.435000000000000142e+01,1.023467971951158850e-01,3.736268176057020995e-01,8.998915942663286982e-01,-1.065063792770519907e-01,3.712290779243130334e-01,9.376665470596485807e-01
3.435999999999999943e+01,1.023840897294432117e-01,3.736373819859216128e-01,8.998769447144588929e-01,-1.065064171638328699e-01,3.712289273766489761e-01,9.376666233072341594e-01
3.436999999999999744e+01,1.023649733501497683e-01,3.736426661285053297e-01,8.998861674792972831e-01,-1.065059892075063963e-01,3.712284265377708836e-01,9.376667078504310471e-01
3.438000000000000256e+01,1.022487832932134494e-01,3.736380490582844049e-01,8.999396953303049340e-01,-1.065039372945004725e-01,3.712274085001808777e-01,9.376671084883254625e-01
3.439000000000000057e+01,1.020907554694543001e-01,3.736356835337479865e-01,9.000162055490865676e-01,-1.065000406031998831e-01,3.712262390071185414e-01,9.376679321470101636e-01
3.439999999999999858e+01,1.019209264120826408e-01,3.736436351081223739e-01,9.001040599729779323e-01,-1.064944761710351767e-01,3.712250693805911328e-01,9.376691602300695205e-01
3.441000000000000369e+01,1.017527331201729668e-01,3.736645631305558490e-01,9.001976557716329097e-01,-1.064875546747548196e-01,3.712238816111168571e-01,9.376706977141698873e-01
3.442000000000000171e+01,1.015919323485040132e-01,3.736992161410568336e-01,9.002941895302488673e-01,-1.064795174693411312e-01,3.712226125589100922e-01,9.376724766464412664e-01
3.442999999999999972e+01,1.014411188878743403e-01,3.737478767403141222e-01,9.003926971227498299e-01,-1.064705145327921598e-01,3.712211821175855353e-01,9.376744622599395562e-01
3.443999999999999773e+01,1.012976060613947210e-01,3.737983941257981835e-01,9.004894647663764795e-01,-1.064607596483211349e-01,3.712196238273356430e-01,9.376766294366637444e-01
3.445000000000000284e+01,1.011544088862837143e-01,3.738423127769893162e-01,9.005834948658596462e-01,-1.064504089463457759e-01,3.712180135066008857e-01,9.376789760769210780e-01
3.446000000000000085e+01,1.009885084468061661e-01,3.738727063121743410e-01,9.006830081818684164e-01,-1.064395123971026147e-01,3.712163970956300352e-01,9.376815107716302000e-01
3.446999999999999886e+01,1.008018910564448672e-01,3.738911555932449837e-01,9.007878803693998293e-01,-1.064279392021792170e-01,3.712149007992193162e-01,9.376843267042235253e-01
3.448000000000000398e+01,1.006160039348372170e-01,3.739016990015768260e-01,9.008888397211219923e-01,-1.064155917474600976e-01,3.712135231571764837e-01,9.376874209848571340e-01
3.449000000000000199e+01,1.004437383258357797e-01,3.739070933690644694e-01,9.009804323181889174e-01,-1.064026207006975727e-01,3.712122470449712996e-01,9.376907342933316070e-01
3.450000000000000000e+01,1.002922124231629963e-01,3.739092974573226535e-01,9.010598349571007359e-01,-1.063892480106206351e-01,3.712110480386664468e-01,9.376942090214450687e-01
3.450999999999999801e+01,1.001644223867335787e-01,3.739096596383911786e-01,9.011260883419079937e-01,-1.063756900950167256e-01,3.712098945765844316e-01,9.376977936494110821e-01
3.452000000000000313e+01,1.000605627238235484e-01,3.739090727300882766e-01,9.011794856307897561e-01,-1.063621284392193556e-01,3.712087568860822917e-01,9.377014446841545059e-01
3.453000000000000114e+01,9.997905425232199439e-02,3.739080997441056597e-01,9.012210969018168427e-01,-1.063487008785074517e-01,3.712076140714455352e-01,9.377051278883503649e-01
3.453999999999999915e+01,9.991731582703716752e-02,3.739070726677590772e-01,9.012524126574354977e-01,-1.063355016702123013e-01,3.712064537707970291e-01,9.377088168245710786e-01
3.455000000000000426e+01,9.987232062514195263e-02,3.739061678459306703e-01,9.012750877164482644e-01,-1.063225872448107234e-01,3.712052731038456010e-01,9.377124925013603507e-01
3.456000000000000227e+01,9.984097646909415036e-02,3.739054611661041805e-01,9.012907671304510870e-01,-1.063099875718319098e-01,3.712040870803473558e-01,9.377161474311195288e-01
3.457000000000000028e+01,9.982036967979773801e-02,3.739049673639046611e-01,9.013009760171961648e-01,-1.062977103736646722e-01,3.712029149733561684e-01,9.377197800537498962e-01
3.457999999999999829e+01,9.980790552766323487e-02,3.739046672990851139e-01,9.013070579514556036e-01,-1.062857464824900344e-01,3.712017729241756658e-01,9.377233914932905368e-01
3.459000000000000341e+01,9.980135161961484203e-02,3.739045198918153901e-01,9.013101583300875408e-01,-1.062740760596827538e-01,3.712006720207155497e-01,9.377269838640786004e-01
3.460000000000000142e+01,9.979869824569637116e-02,3.739044398113122170e-01,9.013112883010676590e-01,-1.062626789907560598e-01,3.711996181411175155e-01,9.377305578326260438e-01
3.460999999999999943e+01,9.979819065697566327e-02,3.739043926621144487e-01,9.013113439010626005e-01,-1.062515351181638062e-01,3.711986156566851047e-01,9.377341153851531663e-01
3.461999999999999744e+01,9.979890649883062237e-02,3.739044128892554109e-01,9.013108247467217504e-01,-1.062406058582657936e-01,3.711976670361635255e-01,9.377376639079375575e-01
3.463000000000000256e+01,9.980025318921707800e-02,3.739044724543462150e-01,9.013100211337684575e-01,-1.062298611508928903e-01,3.711967707062409083e-01,9.377412066416301872e-01
3.464000000000000057e+01,9.980184288107687984e-02,3.739045328336196850e-01,9.013091086795864681e-01,-1.062192786486593349e-01,3.711959233460427887e-01,9.377447442544372125e-01
3.464999999999999858e+01,9.980341275505538734e-02,3.739045584785167797e-01,9.013082038791413453e-01,-1.062088414513222279e-01,3.711951212146548107e-01,9.377482762186772902e-01
3.466000000000000369e+01,9.980480815805785333e-02,3.739045269437604735e-01,9.013073749016102809e-01,-1.061985363429611279e-01,3.711943607976044834e-01,9.377518017623608371e-01
3.467000000000000171e+01,9.980601138432526609e-02,3.739045450777863100e-01,9.013066861359160242e-01,-1.061883527898535434e-01,3.711936407567663077e-01,9.377553212416098738e-01
3.467999999999999972e+01,9.980706228272079317e-02,3.739046967386701059e-01,9.013061590360600395e-01,-1.061782814163918925e-01,3.711929573904402258e-01,9.377588340251661325e-01
3.468999999999999773e+01,9.980798342277995283e-02,3.739049262131234341e-01,9.013057525554151184e-01,-1.061683154909824761e-01,3.711923055664491655e-01,9.377623379881029342e-01
3.470000000000000284e+01,9.980879617817342564e-02,3.739051903609524330e-01,9.013054316500895835e-01,-1.061584514654427130e-01,3.711916821575988457e-01,9.377658314743217982e-01
3.471000000000000085e+01,9.980947417973516644e-02,3.739054510665386633e-01,9.013051876282853758e-01,-1.061486885503037936e-01,3.711910849274668300e-01,9.377693128610908868e-01
3.471999999999999886e+01,9.980997793733784040e-02,3.739056803175956900e-01,9.013050239360694826e-01,-1.061390263915858445e-01,3.711905129552634519e-01,9.377727808483939942e-01
3.473000000000000398e+01,9.981029927696216664e-02,3.739058666452900193e-01,9.013049371838236512e-01,-1.061294624717763757e-01,3.711899650013557594e-01,9.377762345473750205e-01
3.474000000000000199e+01,9.981044918289233570e-02,3.739060084311882082e-01,9.013049197116588251e-01,-1.061199932983594441e-01,3.711894386739431062e-01,9.377796731729440838e-01
3.475000000000000000e+01,9.981044834905621055e-02,3.739061092534052833e-01,9.013049618810143881e-01,-1.061106162830522948e-01,3.711889319377936758e-01,9.377830957363594289e-01
3.475999999999999801e+01,9.981032135062786748e-02,3.739061750759734015e-01,9.013050535126774232e-01,-1.061013292449844853e-01,3.711884429502981808e-01,9.377865013264365945e-01
3.477000000000000313e+01,9.981009300671715712e-02,3.739062125667678704e-01,9.013051848176631964e-01,-1.060921303283395567e-01,3.711879700774701751e-01,9.377898891434095496e-01
3.478000000000000114e+01,9.980978626650911789e-02,3.739062281494594520e-01,9.013053469474369139e-01,-1.060830179522680439e-01,3.711875119097096665e-01,9.377932584922142878e-01
3.478999999999999915e+01,9.980942114222586536e-02,3.739062275274253055e-01,9.013055322653076296e-01,-1.060739907492352363e-01,3.711870672503942981e-01,9.377966087713809351e-01
3.480000000000000426e+01,9.980901433143439527e-02,3.739062154991191766e-01,9.013057344244449487e-01,-1.060650475048115354e-01,3.711866350885574817e-01,9.377999394618558027e-01
3.481000000000000227e+01,9.980857926715480666e-02,3.739061959431764226e-01,9.013059483206101730e-01,-1.060561871078612717e-01,3.711862145666421364e-01,9.378032501165474155e-01
3.482000000000000028e+01,9.980812641049811862e-02,3.739061718937108925e-01,9.013061699714250974e-01,-1.060474085135769406e-01,3.711858049498292234e-01,9.378065403509346920e-01
3.482999999999999829e+01,9.980766365943834206e-02,3.739061456558388508e-01,9.013063963597295336e-01,-1.060387107182974575e-01,3.711854055998730639e-01,9.378098098348710554e-01
3.484000000000000341e+01,9.980719679148819523e-02,3.739061189316403855e-01,9.013066252668401335e-01,-1.060300927437137913e-01,3.711850159541987826e-01,9.378130582855516151e-01
3.485000000000000142e+01,9.980672989013725238e-02,3.739060929400921940e-01,9.013068551122640493e-01,-1.060215536279214277e-01,3.711846355098797900e-01,9.378162854615756938e-01
3.485999999999999943e+01,9.980626572747182401e-02,3.739060685229962933e-01,9.013070848094821841e-01,-1.060130924211090536e-01,3.711842638116676918e-01,9.378194911579378346e-01
3.486999999999999744e+01,9.980580609060901720e-02,3.739060462340742519e-01,9.013073136423782605e-01,-1.060047081841669347e-01,3.711839004431476963e-01,9.378226752018068435e-01
3.488000000000000256e+01,9.980535204937052152e-02,3.739060264113316934e-01,9.013075411635489420e-01,-1.059963999889733111e-01,3.711835450202032316e-01,9.378258374489499838e-01
3.489000000000000057e+01,9.980490416844498003e-02,3.739060092342880726e-01,9.013077671135164559e-01,-1.059881669195147369e-01,3.711831971861339063e-01,9.378289777806846361e-01
3.489999999999999858e+01,9.980446268850497182e-02,3.739059947739535317e-01,9.013079913522268338e-01,-1.059800079359113634e-01,3.711828563897628941e-01,9.378320960776788118e-01
3.491000000000000369e+01,9.980402770434272652e-02,3.739059830516336391e-01,9.013082137968045915e-01,-1.059719216233452194e-01,3.711825213594077133e-01,9.378351921336517405e-01
3.492000000000000171e+01,9.980359915280348493e-02,3.739059740354616634e-01,9.013084344253670110e-01,-1.059639069834702879e-01,3.711821913442298060e-01,9.378382657926624955e-01
3.492999999999999972e+01,9.980317685924643134e-02,3.739059676416027767e-01,9.013086532526080052e-01,-1.059559632360682763e-01,3.711818659994879921e-01,9.378413169791122161e-01
3.493999999999999773e+01,9.980276059614982820e-02,3.739059637505606770e-01,9.013088703072102970e-01,-1.059480896374686565e-01,3.711815451091265428e-01,9.378443456615928042e-01
3.495000000000000284e+01,9.980235011867089057e-02,3.739059622212552170e-01,9.013090856201435574e-01,-1.059402854459487037e-01,3.711812285000420930e-01,9.378473518329526470e-01
3.496000000000000085e+01,9.980194518482457533e-02,3.739059629011020625e-01,9.013092992188882491e-01,-1.059325499224153394e-01,3.711809160226282600e-01,9.378503355025077370e-01
3.496999999999999886e+01,9.980154556594231230e-02,3.739059656328179160e-01,9.013095111250264413e-01,-1.059248823358198699e-01,3.711806075497401380e-01,9.378532966935656523e-01
3.498000000000000398e+01,9.980115105128743724e-02,3.739059702589981327e-01,9.013097213537448749e-01,-1.059172819664636056e-01,3.711803029774134455e-01,9.378562354425350467e-01
3.499000000000000199e+01,9.980076144934271754e-02,3.739059766252708639e-01,9.013099299143699783e-01,-1.059097481069706803e-01,3.711800022230550278e-01,9.378591517981416104e-01
3.500000000000000000e+01,9.980037658732726635e-02,3.739059845825288275e-01,9.013101368113853873e-01,-1.059022800619833365e-01,3.711797052212508219e-01,9.378620458203722476e-01
3.500999999999999801e+01,9.979999630985331160e-02,3.739059939885178707e-01,9.013103420456172188e-01,-1.058948771474803874e-01,3.711794119184854135e-01,9.378649175791831105e-01
3.502000000000000313e+01,9.979962047721682716e-02,3.739060047089280414e-01,9.013105456153841510e-01,-1.058875386901935722e-01,3.711791222679725055e-01,9.378677671531463478e-01
3.503000000000000114e+01,9.979924901421650951e-02,3.739060166351051984e-01,9.013107474887914750e-01,-1.058802640272642898e-01,3.711788362257806839e-01,9.378705946286126638e-01
3.503999999999999915e+01,9.979888272414511041e-02,3.739060299365905560e-01,9.013109471934986905e-01,-1.058730524966129266e-01,3.711785537512630739e-01,9.378734001059816361e-01
3.505000000000000426e+01,9.979852214711348868e-02,3.739060446457856401e-01,9.013111444428334451e-01,-1.058659034468554250e-01,3.711782747938892624e-01,9.378761836806261964e-01
3.506000000000000227e+01,9.979816729061939673e-02,3.739060606400103626e-01,9.013113392062953588e-01,-1.058588162481282346e-01,3.711779992992306210e-01,9.378789454507172607e-01
3.507000000000000028e+01,9.979781796935935367e-02,3.739060777688603676e-01,9.013115315340048950e-01,-1.058517902866929761e-01,3.711777272123508165e-01,9.378816855197043001e-01
3.507999999999999829e+01,9.979747388768042682e-02,3.739060958758007036e-01,9.013117215253729775e-01,-1.058448249597460644e-01,3.711774584765460405e-01,9.378844039955317458e-01
3.509000000000000341e+01,9.979713469857730279e-02,3.739061148106078702e-01,9.013119093055410591e-01,-1.058379196731124849e-01,3.711771930331587144e-01,9.378871009901998956e-01
3.510000000000000142e+01,9.979680004486596312e-02,3.739061344360921080e-01,9.013120950079905880e-01,-1.058310738406002954e-01,3.711769308221064545e-01,9.378897766193228236e-01
3.510999999999999943e+01,9.979646958604601603e-02,3.739061546310308848e-01,9.013122787625603705e-01,-1.058242868839670420e-01,3.711766717826243678e-01,9.378924310017279220e-01
3.511999999999999744e+01,1.000726842346520706e-01,3.735385500311886875e-01,9.009600165838661523e-01,-1.058001930381432532e-01,3.711681319752547226e-01,9.378969927616525037e-01
3.513000000000000256e+01,1.006710556400021023e-01,3.727869123930425133e-01,9.002384274905634864e-01,-1.057712286655502071e-01,3.711594608176888022e-01,9.379023559741296312e-01
3.514000000000000057e+01,1.014398174396654306e-01,3.718949996589668294e-01,8.993590285946411189e-01,-1.057493206521024909e-01,3.711566653031289631e-01,9.379075624438903969e-01
3.514999999999999858e+01,1.022642857103363001e-01,3.710066206400122746e-01,8.984581098471680072e-01,-1.057357529201516239e-01,3.711586988406338494e-01,9.379122620640056862e-01
3.516000000000000369e+01,1.030621268995987883e-01,3.701985498971992472e-01,8.976180346668470866e-01,-1.057289569157600501e-01,3.711632362892001158e-01,9.379163040919167305e-01
3.517000000000000171e+01,1.037791925563085332e-01,3.695049848499446510e-01,8.968833254976710245e-01,-1.057267700244881037e-01,3.711679378528027207e-01,9.379195048782016375e-01
3.517999999999999972e+01,1.043840476425044184e-01,3.689342805554859939e-01,8.962730125047054797e-01,-1.057275015179775096e-01,3.711717624300843732e-01,9.379218817990827572e-01
3.518999999999999773e+01,1.048625466026380793e-01,3.684801218044964632e-01,8.957897337458924358e-01,-1.057297301548533464e-01,3.711743187135461142e-01,9.379236266589168203e-01
3.520000000000000284e+01,1.052129286314405499e-01,3.681288181689546524e-01,8.954262661205657503e-01,-1.057324654305406564e-01,3.711756482396502133e-01,9.379249145091804740e-01
3.521000000000000085e+01,1.054418371714608282e-01,3.678639363548403263e-01,8.951699823939042178e-01,-1.057350722590809505e-01,3.711760723529566319e-01,9.379258989071936892e-01
3.521999999999999886e+01,1.055607836564334823e-01,3.676689439331796150e-01,8.950060677114364260e-01,-1.057371101413763920e-01,3.711759778401587662e-01,9.379267517108718089e-01
3.523000000000000398e+01,1.055834658899725970e-01,3.675286658578311161e-01,8.949195206831377369e-01,-1.057382876792498511e-01,3.711756936325886214e-01,9.379276524036649354e-01
3.524000000000000199e+01,1.055242885591297919e-01,3.674300391078960115e-01,8.948962015297402539e-01,-1.057384438753081468e-01,3.711753185762131646e-01,9.379286574932887977e-01
3.525000000000000000e+01,1.053971117604851071e-01,3.673622616086065773e-01,8.949235093241498795e-01,-1.057375418985150028e-01,3.711748978450249425e-01,9.379297897279121887e-01
3.525999999999999801e+01,1.052147737907408315e-01,3.673164693306629758e-01,8.949904001089357131e-01,-1.057356299294160695e-01,3.711744748801893423e-01,9.379310739009212305e-01
3.527000000000000313e+01,1.049882072666465660e-01,3.672861881756325775e-01,8.950880035451448391e-01,-1.057328481565156936e-01,3.711740832378704891e-01,9.379324961735850952e-01
3.528000000000000114e+01,1.047263815525824870e-01,3.672666086292573073e-01,8.952093303372258282e-01,-1.057293560775105640e-01,3.711737713858617727e-01,9.379340490412533260e-01
3.528999999999999915e+01,1.044365744615146224e-01,3.672541758625834096e-01,8.953488951523075334e-01,-1.057252994482128644e-01,3.711735625944022621e-01,9.379357241719649130e-01
3.530000000000000426e+01,1.041245280565719911e-01,3.672463245277243216e-01,8.955024990136475349e-01,-1.057208013943946590e-01,3.711734425832919904e-01,9.379375040720708823e-01
3.531000000000000227e+01,1.037946536540602094e-01,3.672412474344519673e-01,8.956670063929497161e-01,-1.057159659704442894e-01,3.711733765009456176e-01,9.379393650876859390e-01
3.532000000000000028e+01,1.034502592043567565e-01,3.672377037166904556e-01,8.958401322985489745e-01,-1.057108793695400173e-01,3.711733214826756222e-01,9.379412799910656906e-01
3.532999999999999829e+01,1.030937729243432410e-01,3.672348635802009098e-01,8.960202507326576749e-01,-1.057056178092320442e-01,3.711732496658330382e-01,9.379432236524893884e-01
3.534000000000000341e+01,1.027269466050102359e-01,3.672321549791153772e-01,8.962062316536397732e-01,-1.057002432418826243e-01,3.711731515751381938e-01,9.379451814098653806e-01
3.535000000000000142e+01,1.023510324684390183e-01,3.672292319151189699e-01,8.963973010878822922e-01,-1.056948033815104521e-01,3.711730249774125578e-01,9.379471465018054399e-01
3.535999999999999943e+01,1.019669369815902893e-01,3.672259037767613976e-01,8.965929312589560052e-01,-1.056893365332299412e-01,3.711728727983243381e-01,9.379491141727469561e-01
3.536999999999999744e+01,1.015753420063102708e-01,3.672220711976463270e-01,8.967927553398618024e-01,-1.056838710113024715e-01,3.711726998388507615e-01,9.379510809699710405e-01
3.538000000000000256e+01,1.011767977886395276e-01,3.672176923009418115e-01,8.969965023486143885e-01,-1.056784260424559890e-01,3.711725110217442558e-01,9.379530445492114676e-01
3.539000000000000057e+01,1.007717915347842025e-01,3.672127599018598643e-01,8.972039498586803496e-01,-1.056730135230613266e-01,3.711723106936510308e-01,9.379550034489370081e-01
3.539999999999999858e+01,1.003607955114116101e-01,3.672072865186449819e-01,8.974148910920696220e-01,-1.056676398572675840e-01,3.711721024273313407e-01,9.379569568664666290e-01
3.541000000000000369e+01,9.994429865547997671e-02,3.672012947062493482e-01,8.976291131328129058e-01,-1.056623075625395397e-01,3.711718890359124723e-01,9.379589044635935347e-01
3.542000000000000171e+01,9.952282542774405771e-02,3.671948112456360214e-01,8.978463836419634525e-01,-1.056570165626080082e-01,3.711716726668287669e-01,9.379608462086231890e-01
3.542999999999999972e+01,9.909694519773669386e-02,3.671878638976437959e-01,8.980664437843711712e-01,-1.056517651761829379e-01,3.711714549158378618e-01,9.379627822536954485e-01
3.543999999999999773e+01,9.866727493184981879e-02,3.671804798071082732e-01,8.982890055039008947e-01,-1.056465508420809524e-01,3.711712369364824626e-01,9.379647128436569004e-01
3.545000000000000284e+01,9.823447742783564252e-02,3.671726849237894053e-01,8.985137516859644791e-01,-1.056413706291311205e-01,3.711710195360274356e-01,9.379666382517692913e-01
3.546000000000000085e+01,9.779925684101051231e-02,3.671645040122413217e-01,8.987403380976324296e-01,-1.056362215771718127e-01,3.711708032557197723e-01,9.379685587373215450e-01
3.546999999999999886e+01,9.736235280517636925e-02,3.671559609703322069e-01,8.989683962914918336e-01,-1.056311009098258868e-01,3.711705884360686492e-01,9.379704745203545357e-01
3.548000000000000398e+01,9.692453407670610643e-02,3.671470792796678317e-01,8.991975369004882035e-01,-1.056260061531436450e-01,3.711703752689344826e-01,9.379723857691694144e-01
3.549000000000000199e+01,9.648659232579541445e-02,3.671378824820030751e-01,8.994273529412611934e-01,-1.056209351876958302e-01,3.711701638384936053e-01,9.379742925969180023e-01
3.550000000000000000e+01,9.604933646102294109e-02,3.671283946227870132e-01,8.996574228888213343e-01,-1.056158862557979583e-01,3.711699541530749102e-01,9.379761950642142576e-01
3.550999999999999801e+01,9.561358769485613085e-02,3.671186406331420349e-01,8.998873133926980072e-01,-1.056108579403954861e-01,3.711697461696310540e-01,9.379780931853830550e-01
3.552000000000000313e+01,9.518017542975329426e-02,3.671086466400404480e-01,9.001165815806773107e-01,-1.056058491278362987e-01,3.711695398123290857e-01,9.379799869365563758e-01
3.553000000000000114e+01,9.474993395774140847e-02,3.670984402050339046e-01,9.003447769474152151e-01,-1.056008589632443373e-01,3.711693349864806368e-01,9.379818762643332697e-01
3.553999999999999915e+01,9.432369991189644420e-02,3.670880504973511593e-01,9.005714428573232677e-01,-1.055958868044179488e-01,3.711691315887836184e-01,9.379837610941444970e-01
3.555000000000000426e+01,9.390231037810591042e-02,3.670775084094568541e-01,9.007961177090050287e-01,-1.055909321780502952e-01,3.711689295146554102e-01,9.379856413377947177e-01
3.556000000000000227e+01,9.348660156300209190e-02,3.670668466235576521e-01,9.010183358163570411e-01,-1.055859947404676757e-01,3.711687286632789906e-01,9.379875168999010082e-01
3.557000000000000028e+01,9.307740791351129528e-02,3.670560996369217621e-01,9.012376280623488611e-01,-1.055810742439374644e-01,3.711685289408594990e-01,9.379893876831272292e-01
3.557999999999999829e+01,9.267556159061683674e-02,3.670453037528015328e-01,9.014535223780946183e-01,-1.055761705088122115e-01,3.711683302625011782e-01,9.379912535922374506e-01
3.559000000000000341e+01,9.228189221143102972e-02,3.670344970425390430e-01,9.016655440938916577e-01,-1.055712834012626222e-01,3.711681325530341580e-01,9.379931145370727918e-01
3.560000000000000142e+01,9.189722678704767556e-02,3.670237192832770390e-01,9.018732162018784360e-01,-1.055664128160524323e-01,3.711679357470721863e-01,9.379949704345905692e-01
3.560999999999999943e+01,9.152238979727102264e-02,3.670130118746924852e-01,9.020760595627033140e-01,-1.055615586636589193e-01,3.711677397885262963e-01,9.379968212101269520e-01
3.561999999999999744e+01,9.115820335612062619e-02,3.670024177373183982e-01,9.022735930817376016e-01,-1.055567208609905078e-01,3.711675446297608705e-01,9.379986667980454440e-01
3.563000000000000256e+01,9.080548743338294482e-02,3.669919811943732624e-01,9.024653338742201214e-01,-1.055518993249882909e-01,3.711673502305412042e-01,9.380005071419226237e-01
3.564000000000000057e+01,9.046506010712183909e-02,3.669817478384914122e-01,9.026507974335029605e-01,-1.055470939684491072e-01,3.711671565568900322e-01,9.380023421943944895e-01
3.564999999999999858e+01,9.013773782993558803e-02,3.669717643843757315e-01,9.028294978122656245e-01,-1.055423046975063062e-01,3.711669635799365596e-01,9.380041719167871994e-01
3.566000000000000369e+01,8.982433569792962202e-02,3.669620785081131875e-01,9.030009478231462161e-01,-1.055375314102953710e-01,3.711667712748238923e-01,9.380059962786075900e-01
3.567000000000000171e+01,8.952566771605217910e-02,3.669527386736917696e-01,9.031646592626700887e-01,-1.055327739964187911e-01,3.711665796197093359e-01,9.380078152569669703e-01
3.567999999999999972e+01,8.924254705684062094e-02,3.669437939471191790e-01,9.033201431604248599e-01,-1.055280323369232054e-01,3.711663885948858765e-01,9.380096288359961454e-01
3.568999999999999773e+01,8.897578631194823229e-02,3.669352937984379781e-01,9.034669100541257158e-01,-1.055233063045577513e-01,3.711661981820287282e-01,9.380114370062752061e-01
3.570000000000000284e+01,8.872619773733739224e-02,3.669272878918689584e-01,9.036044702903184289e-01,-1.055185957641647937e-01,3.711660083635696106e-01,9.380132397643061726e-01
3.571000000000000085e+01,8.849459349388417995e-02,3.669198258642560329e-01,9.037323343499626960e-01,-1.055139005730872104e-01,3.711658191221872127e-01,9.380150371120470343e-01
3.571999999999999886e+01,8.828178588554046191e-02,3.669129570919583694e-01,9.038500131978606245e-01,-1.055092205815318929e-01,3.711656304404059026e-01,9.380168290564996347e-01
3.573000000000000398e+01,8.808858759728298293e-02,3.669067304463019541e-01,9.039570186548210318e-01,-1.055045556328458034e-01,3.711654423002833658e-01,9.380186156093673899e-01
3.574000000000000199e+01,8.791581193493464008e-02,3.669011940376888381e-01,9.040528637914982957e-01,-1.054999055636866440e-01,3.711652546831764599e-01,9.380203967867654091e-01
3.575000000000000000e+01,8.776427306869322154e-02,3.668963949484413956e-01,9.041370633429505199e-01,-1.054952702040915791e-01,3.711650675695673529e-01,9.380221726089905676e-01
3.575999999999999801e+01,8.763478775742888915e-02,3.668923804016512857e-01,9.042091339232497527e-01,-1.054906492967675885e-01,3.711648809798174797e-01,9.380239432097422503e-01
3.577000000000000313e+01,8.784963996192883540e-02,3.665360594892758117e-01,9.038912000621333043e-01,-1.054685255950795625e-01,3.711564370145853942e-01,9.380278355330339268e-01
3.578000000000000114e+01,8.841934351877392406e-02,3.658069010154403333e-01,9.031819788936381599e-01,-1.054412222831748874e-01,3.711477265487716504e-01,9.380325333156958045e-01
3.578999999999999915e+01,8.918046306642408994e-02,3.649458578498737671e-01,9.022992666250553295e-01,-1.054210344376650677e-01,3.711449928383563357e-01,9.380370660883280420e-01
3.580000000000000426e+01,9.001366190826182168e-02,3.640952371878127258e-01,9.013819430093137353e-01,-1.054092520623342022e-01,3.711471527680987870e-01,9.380411201133989074e-01
3.581000000000000227e+01,9.083441635611541609e-02,3.633307921402714191e-01,9.005138455621367610e-01,-1.054042765453211267e-01,3.711517845363986323e-01,9.380445377363237913e-01
3.582000000000000028e+01,9.158760057390628873e-02,3.626859039423921405e-01,8.997403365752769666e-01,-1.054040031757706997e-01,3.711566333959651631e-01,9.380471197910075221e-01
3.582999999999999829e+01,9.224162282712487781e-02,3.621685465399846482e-01,8.990808222404647054e-01,-1.054066550783169381e-01,3.711606003965963185e-01,9.380488932040242922e-01
3.584000000000000341e+01,9.278266134762903905e-02,3.617723901220081806e-01,8.985380215143711213e-01,-1.054107828817524434e-01,3.711632738362271589e-01,9.380500431055907029e-01
3.585000000000000142e+01,9.320949220210075770e-02,3.614839704026907019e-01,8.981046279320182846e-01,-1.054153814070111911e-01,3.711647015999027244e-01,9.380507508061443067e-01
3.585999999999999943e+01,9.352926991078999719e-02,3.612871706651194503e-01,8.977679229869049982e-01,-1.054197797883095755e-01,3.711651785984401153e-01,9.380511795771327987e-01
3.586999999999999744e+01,9.375420839411775786e-02,3.611658871081094846e-01,8.975128339724799398e-01,-1.054235592430125545e-01,3.711651134861743140e-01,9.380514995089818120e-01
3.588000000000000256e+01,9.389837058415613502e-02,3.611052826846761765e-01,8.973242291690523009e-01,-1.054264858903060931e-01,3.711648652971270002e-01,9.380518536159252463e-01
3.589000000000000057e+01,9.397626786951238098e-02,3.610925179561982334e-01,8.971879852938001720e-01,-1.054284021283063422e-01,3.711645473622782743e-01,9.380522977207120805e-01
3.589999999999999858e+01,9.400172706595871785e-02,3.611169447375110475e-01,8.970916090591068981e-01,-1.054292789383421136e-01,3.711642210595994529e-01,9.380528536427654718e-01
3.591000000000000369e+01,9.398715748688792060e-02,3.611699698810714176e-01,8.970245092212377758e-01,-1.054291967850555511e-01,3.711639489037420470e-01,9.380535249945644027e-01
3.592000000000000171e+01,9.394316536504310200e-02,3.612444877877732385e-01,8.969778803282149049e-01,-1.054282819352242162e-01,3.711637584850184246e-01,9.380543041801012727e-01
3.592999999999999972e+01,9.387853845623726767e-02,3.613353917927613068e-01,8.969449611888273832e-01,-1.054266553678837870e-01,3.711636330558437669e-01,9.380551797179222939e-01
3.593999999999999773e+01,9.380026955116044229e-02,3.614388998499810657e-01,8.969206425651119474e-01,-1.054244343392943123e-01,3.711635403321494331e-01,9.380561389159992602e-01
3.595000000000000284e+01,9.371371435721442822e-02,3.615521108972662989e-01,8.969011589894090308e-01,-1.054217554212951574e-01,3.711634790941108486e-01,9.380571708557425836e-01
3.596000000000000085e+01,9.362282463757352902e-02,3.616728006962543485e-01,8.968838536600336475e-01,-1.054187414989531391e-01,3.711634417441173617e-01,9.380582598702287278e-01
3.596999999999999886e+01,9.353039865697557187e-02,3.617992532945050743e-01,8.968669536202520387e-01,-1.054154927445562495e-01,3.711634086750578154e-01,9.380593853146609318e-01
3.598000000000000398e+01,9.343832074700453294e-02,3.619301251976126399e-01,8.968493684183698189e-01,-1.054120924406097420e-01,3.711633668936283881e-01,9.380605303347149260e-01
3.599000000000000199e+01,9.334777979795312597e-02,3.620643397962713395e-01,8.968305160507247242e-01,-1.054086072677302421e-01,3.711633090408504310e-01,9.380616820190117444e-01
3.600000000000000000e+01,9.325945821209914721e-02,3.622010077121191607e-01,8.968101782985645753e-01,-1.054050884794725251e-01,3.711632314831440072e-01,9.380628307088654250e-01
3.600999999999999801e+01,9.317368822542844431e-02,3.623393681044354553e-01,8.967883845584446734e-01,-1.054015739506778404e-01,3.711631332295957653e-01,9.380639694546522023e-01
3.602000000000000313e+01,9.309057620980638881e-02,3.624787464095772793e-01,8.967653215325670502e-01,-1.053980904664921364e-01,3.711630151463133909e-01,9.380650935157941461e-01
3.603000000000000114e+01,9.301009767940372763e-02,3.626185246082458402e-01,8.967412653424643443e-01,-1.053946559466762134e-01,3.711628793039485341e-01,9.380661998904845644e-01
3.603999999999999915e+01,9.293216685677883893e-02,3.627581208035270399e-01,8.967165323684546108e-01,-1.053912814612971982e-01,3.711627284310606845e-01,9.380672868878879855e-01
3.605000000000000426e+01,9.285668508731714788e-02,3.628969755530627728e-01,8.966914452115732903e-01,-1.053879729756473094e-01,3.711625654814010300e-01,9.380683537572334085e-01
3.606000000000000227e+01,9.278357235250939139e-02,3.630345429837860127e-01,8.966663104841198217e-01,-1.053847328062678945e-01,3.711623933204050152e-01,9.380694003818651483e-01
3.607000000000000028e+01,9.271278579978665946e-02,3.631702852085793576e-01,8.966414055572620168e-01,-1.053815607953449834e-01,3.711622145240078274e-01,9.380704270390243238e-01
3.607999999999999829e+01,9.264432871221756072e-02,3.633036689596638169e-01,8.966169718576488812e-01,-1.053784552259059148e-01,3.711620312726664483e-01,9.380714342204927725e-01
3.609000000000000341e+01,9.257825278074821584e-02,3.634341636617767213e-01,8.965932127620741543e-01,-1.053754135088584287e-01,3.711618453183141986e-01,9.380724225058557630e-01
3.610000000000000142e+01,9.251465597993129009e-02,3.635612404017559141e-01,8.965702945606295327e-01,-1.053724326768943204e-01,3.711616580014686639e-01,9.380733924786918143e-01
3.610999999999999943e+01,9.245367782629865250e-02,3.636843714237044667e-01,8.965483493285809624e-01,-1.053695097208312004e-01,3.711614702983511149e-01,9.380743446759975956e-01
3.611999999999999744e+01,9.239549333982363666e-02,3.638030299033397363e-01,8.965274788590746891e-01,-1.053666418020706985e-01,3.711612828820726739e-01,9.380752795620543871e-01
3.613000000000000256e+01,9.234030664324265059e-02,3.639166898428173869e-01,8.965077590627537063e-01,-1.053638263713953804e-01,3.711610961865032809e-01,9.380761975192888347e-01
3.614000000000000057e+01,9.228834482241812798e-02,3.640248259876033843e-01,8.964892444404662930e-01,-1.053610612199927521e-01,3.711609104655836378e-01,9.380770988501785368e-01
3.614999999999999858e+01,9.223985242868948387e-02,3.641269137073768203e-01,8.964719723877134783e-01,-1.053583444839835959e-01,3.711607258441895763e-01,9.380779837856841885e-01
3.616000000000000369e+01,9.219508682329367877e-02,3.642224288092686946e-01,8.964559672015335323e-01,-1.053556746192534505e-01,3.711605423591090580e-01,9.380788524969528863e-01
3.617000000000000171e+01,9.215431444686855711e-02,3.643108470718182113e-01,8.964412436703563802e-01,-1.053530503580871330e-01,3.711603599900010764e-01,9.380797051082107041e-01
3.617999999999999972e+01,9.211780798136337545e-02,3.643916437983710233e-01,8.964278102777794022e-01,-1.053504706613841158e-01,3.711601786850283191e-01,9.380805417092703546e-01
3.618999999999999773e+01,9.208584427944990769e-02,3.644642945366197706e-01,8.964156727664996938e-01,-1.053479346732637822e-01,3.711599983752841836e-01,9.380813623656367728e-01
3.620000000000000284e+01,9.205870310235486631e-02,3.645282735578230793e-01,8.964048365165846466e-01,-1.053454416598098853e-01,3.711598189772135625e-01,9.380821671287981056e-01
3.621000000000000085e+01,9.203662326607445210e-02,3.645830464255944703e-01,8.963953196382102862e-01,-1.053429933542314734e-01,3.711596406898002853e-01,9.380829558590865203e-01
3.621999999999999886e+01,9.201894043253228128e-02,3.646282931410686490e-01,8.963873140021462183e-01,-1.053405912080821877e-01,3.711594678855136831e-01,9.380837364465339778e-01
3.623000000000000398e+01,9.200378046068641291e-02,3.646648459640413620e-01,8.963809533179835087e-01,-1.053382093670781061e-01,3.711593147753967648e-01,9.380845402329253124e-01
3.624000000000000199e+01,9.198986899677136231e-02,3.646939436999608875e-01,8.963761879204177330e-01,-1.053358345693557463e-01,3.711591865541957747e-01,9.380853800672004361e-01
3.625000000000000000e+01,9.197659188561166377e-02,3.647168291230800663e-01,8.963728671733555142e-01,-1.053334594268554858e-01,3.711590806224467354e-01,9.380862555795873581e-01
3.625999999999999801e+01,9.196378131051141658e-02,3.647346610176674386e-01,8.963707704858565606e-01,-1.053310765558365530e-01,3.711589914621903907e-01,9.380871621309990749e-01
3.627000000000000313e+01,9.195172626835565466e-02,3.647485144587706563e-01,8.963695580329227308e-01,-1.053286756669876700e-01,3.711589137173295083e-01,9.380880955135619814e-01
3.628000000000000114e+01,9.194053169655685975e-02,3.647592552463559956e-01,8.963689829641426909e-01,-1.053262635684551890e-01,3.711588431084290041e-01,9.380890485105959353e-01
3.628999999999999915e+01,9.193018091581563189e-02,3.647675565606954828e-01,8.963688993071330380e-01,-1.053238465247809952e-01,3.711587756480737577e-01,9.380900141505392753e-01
3.630000000000000426e+01,9.192069204255977344e-02,3.647739636108855987e-01,8.963691732003119528e-01,-1.053214281879616965e-01,3.711587087932984863e-01,9.380909875352833049e-01
3.631000000000000227e+01,9.191208962500223290e-02,3.647789113627228907e-01,8.963696866848899214e-01,-1.053190116043393604e-01,3.711586411334380498e-01,9.380919649855894438e-01
3.632000000000000028e+01,9.190438622329778762e-02,3.647827415757164404e-01,8.963703414911161627e-01,-1.053165997482924388e-01,3.711585720446389791e-01,9.380929436209990424e-01
3.632999999999999829e+01,9.189757454290950478e-02,3.647857193459991265e-01,8.963710600164749298e-01,-1.053141955371141580e-01,3.711585014039582298e-01,9.380939211507309805e-01
3.634000000000000341e+01,9.189162589525742830e-02,3.647880480452805885e-01,8.963717844562115733e-01,-1.053118017051669492e-01,3.711584293722658412e-01,9.380948957505135244e-01
3.635000000000000142e+01,9.188648808485898323e-02,3.647898812714879258e-01,8.963724764370561982e-01,-1.053094206750933431e-01,3.711583562374271561e-01,9.380958659741270855e-01
3.635999999999999943e+01,9.188209366597581418e-02,3.647913347041767396e-01,8.963731127339764626e-01,-1.053070545157232113e-01,3.711582823306019407e-01,9.380968306820502978e-01
3.636999999999999744e+01,9.187836996083599550e-02,3.647924960338093658e-01,8.963736802461165221e-01,-1.053047048875441899e-01,3.711582079813697810e-01,9.380977890052570878e-01
3.638000000000000256e+01,9.187524199347510412e-02,3.647934314865602379e-01,8.963741738033720319e-01,-1.053023730302852790e-01,3.711581334791286824e-01,9.380987402967733146e-01
3.639000000000000057e+01,9.187263527611271019e-02,3.647941910230889095e-01,8.963745940617479091e-01,-1.053000598035504776e-01,3.711580590596993412e-01,9.380996840858031316e-01
3.639999999999999858e+01,9.214641959846051056e-02,3.644319692863848270e-01,8.960311583163512728e-01,-1.052802850699398052e-01,3.711495137445427472e-01,9.381025230190190856e-01
3.641000000000000369e+01,9.273915395104309622e-02,3.636924698684764756e-01,8.953281356957693005e-01,-1.052557404599629154e-01,3.711408680372470514e-01,9.381061936166177340e-01
3.642000000000000171e+01,9.349871212418837951e-02,3.628210163976970937e-01,8.944746513731776094e-01,-1.052385819248387866e-01,3.711383499636768390e-01,9.381097376457502302e-01
3.642999999999999972e+01,9.430937434639863337e-02,3.619656199223811877e-01,8.936080028427192401e-01,-1.052300670965128221e-01,3.711408541356549518e-01,9.381127961590691733e-01
3.643999999999999773e+01,9.508787795511507157e-02,3.612079155998942914e-01,8.928129309955483706e-01,-1.052286394395225422e-01,3.711459608885576134e-01,9.381151474747192465e-01
3.645000000000000284e+01,9.577896498979995843e-02,3.605864602418165643e-01,8.921366831419083043e-01,-1.052321501179317720e-01,3.711514141105543563e-01,9.381165944520213351e-01
3.646000000000000085e+01,9.635024032226227608e-02,3.601129263512890533e-01,8.916006749564415745e-01,-1.052387021261860095e-01,3.711560388633724505e-01,9.381172262815515861e-01
3.646999999999999886e+01,9.678702960686594303e-02,3.597831360433884629e-01,8.912092299148196561e-01,-1.052468126263232107e-01,3.711593367838546542e-01,9.381172049359283172e-01
3.648000000000000398e+01,9.708747502240984428e-02,3.595843706361652736e-01,8.909560177245241519e-01,-1.052554334514911871e-01,3.711613269023463779e-01,9.381167014968436746e-01
3.649000000000000199e+01,9.725816198680552194e-02,3.594998946183436961e-01,8.908286430252086996e-01,-1.052638261531317065e-01,3.711622811412126910e-01,9.381158936273366056e-01
3.650000000000000000e+01,9.731155801519922321e-02,3.595120069863023682e-01,8.908114923560216392e-01,-1.052715156727484225e-01,3.711626295881382265e-01,9.381149797483705477e-01
3.650999999999999801e+01,9.726271771151040468e-02,3.596042000520605630e-01,8.908883658250233983e-01,-1.052781986232173422e-01,3.711626777766247054e-01,9.381140965230188034e-01
3.652000000000000313e+01,9.712772503988775785e-02,3.597615054336590901e-01,8.910433991384631991e-01,-1.052836782638238017e-01,3.711625522927119447e-01,9.381133158115431137e-01
3.653000000000000114e+01,9.692210901330880479e-02,3.599707168598887397e-01,8.912620421692953876e-01,-1.052878944839796549e-01,3.711623403342366734e-01,9.381126767080756323e-01
3.653999999999999915e+01,9.666033792802242175e-02,3.602205281079050581e-01,8.915312130790910006e-01,-1.052908888825992012e-01,3.711621026307403981e-01,9.381121945054285982e-01
3.655000000000000426e+01,9.635546035885858562e-02,3.605013963100563990e-01,8.918394167228365088e-01,-1.052927389094980015e-01,3.711618402706603481e-01,9.381118644702149956e-01
3.656000000000000227e+01,9.601890599246333535e-02,3.608052987931605338e-01,8.921767208617621403e-01,-1.052935685722998921e-01,3.711615698107227912e-01,9.381116820784681787e-01
3.657000000000000028e+01,9.566047936926144746e-02,3.611254729026468491e-01,8.925346244456963118e-01,-1.052935558520685377e-01,3.711613632575736510e-01,9.381116494502665937e-01
3.657999999999999829e+01,9.528848629605450593e-02,3.614561573829032093e-01,8.929058637913188656e-01,-1.052928237317825311e-01,3.711612147645318993e-01,9.381117585541987047e-01
3.659000000000000341e+01,9.490992180859587901e-02,3.617923674357234609e-01,8.932842056564962441e-01,-1.052914477126793424e-01,3.711610681079584029e-01,9.381120030460829984e-01
3.660000000000000142e+01,9.453066919662882206e-02,3.621297117842937063e-01,8.936642569500686806e-01,-1.052895242371871126e-01,3.711608964680307432e-01,9.381123710458810772e-01
3.660999999999999943e+01,9.415571241215833775e-02,3.624642382638595395e-01,8.940412817766253406e-01,-1.052871436766218971e-01,3.711606842339192913e-01,9.381128473048785388e-01
3.661999999999999744e+01,9.378933609759035339e-02,3.627923125370532409e-01,8.944110407605238011e-01,-1.052843803111111198e-01,3.711604213898120341e-01,9.381134172978917718e-01
3.663000000000000256e+01,9.343530259674376337e-02,3.631105256166001771e-01,8.947696561087953304e-01,-1.052812922602070905e-01,3.711601033489035362e-01,9.381140693232526973e-01
3.664000000000000057e+01,9.309700190846972867e-02,3.634156249546592332e-01,8.951135020300231560e-01,-1.052779236401088642e-01,3.711597304081832860e-01,9.381147950315764650e-01
3.664999999999999858e+01,9.277757396587442418e-02,3.637044642210218726e-01,8.954391186259881286e-01,-1.052743050662036522e-01,3.711593035624519699e-01,9.381155892100754290e-01
3.666000000000000369e+01,9.248000467790495893e-02,3.639739673508216034e-01,8.957431465453304931e-01,-1.052704579724595690e-01,3.711588240769753133e-01,9.381164479152285240e-01
3.667000000000000171e+01,9.220719800506223252e-02,3.642211028688460694e-01,8.960222794728783802e-01,-1.052663991230438356e-01,3.711582980759835504e-01,9.381173683607312297e-01
3.667999999999999972e+01,9.196202700049924128e-02,3.644428655671724804e-01,8.962732316562149748e-01,-1.052621370840593762e-01,3.711577298690574289e-01,9.381183498572850388e-01
3.668999999999999773e+01,9.174737017631222347e-02,3.646362585269623535e-01,8.964927169887770830e-01,-1.052576750367534286e-01,3.711571217215630103e-01,9.381193935441677345e-01
3.670000000000000284e+01,9.156573416628503714e-02,3.647985593962925210e-01,8.966779054485337630e-01,-1.052530441598192729e-01,3.711564923271919447e-01,9.381204964203007091e-01
3.671000000000000085e+01,9.141770216866021426e-02,3.649295878595690823e-01,8.968283998017210212e-01,-1.052483772911735616e-01,3.711559061563666218e-01,9.381216458489112231e-01
3.671999999999999886e+01,9.130155164959290193e-02,3.650319861925301890e-01,8.969464998939610245e-01,-1.052438491191412112e-01,3.711554349068626468e-01,9.381228180158207586e-01
3.673000000000000398e+01,9.121401042731427933e-02,3.651097684047723835e-01,8.970360629013106601e-01,-1.052395894325303949e-01,3.711551098019776340e-01,9.381239889044680202e-01
3.674000000000000199e+01,9.115100450979887747e-02,3.651673159041021743e-01,8.971015810500099219e-01,-1.052356733816800505e-01,3.711549264791303981e-01,9.381251361285545265e-01
3.675000000000000000e+01,9.110821066798986678e-02,3.652088060544640968e-01,8.971475844127186905e-01,-1.052321224725187854e-01,3.711548491497572710e-01,9.381262424772802699e-01
3.675999999999999801e+01,9.108143555576557471e-02,3.652379264161925709e-01,8.971782837183650550e-01,-1.052289273710836914e-01,3.711548360145908720e-01,9.381272969376892590e-01
3.677000000000000313e+01,9.106682761290779693e-02,3.652577590417493414e-01,8.971973953419258851e-01,-1.052260623784715549e-01,3.711548534580303982e-01,9.381282944435838100e-01
3.678000000000000114e+01,9.106090009232876981e-02,3.652707471592189226e-01,8.972081200352748365e-01,-1.052234947538009530e-01,3.711548772389220985e-01,9.381292335002376914e-01
3.678999999999999915e+01,9.106051291119260371e-02,3.652787556591899354e-01,8.972131345004581426e-01,-1.052211938956518072e-01,3.711548933623963209e-01,9.381301159149422197e-01
3.680000000000000426e+01,9.106365453140288779e-02,3.652833260189746190e-01,8.972143420419704807e-01,-1.052191067988059725e-01,3.711548948147451732e-01,9.381309504763379881e-01
3.681000000000000227e+01,9.106886783465747981e-02,3.652856134666062071e-01,8.972131509085131684e-01,-1.052171871049484564e-01,3.711548789243768742e-01,9.381317453717530341e-01
3.682000000000000028e+01,9.107507389607732984e-02,3.652865232781297711e-01,8.972106312838583619e-01,-1.052154007343193698e-01,3.711548504080566246e-01,9.381325073662237779e-01
3.682999999999999829e+01,9.108151622503819766e-02,3.652868694772877234e-01,8.972076281693652788e-01,-1.052137210145421553e-01,3.711548168729839614e-01,9.381332419939958367e-01
3.684000000000000341e+01,9.108767243370448352e-02,3.652869946209714724e-01,8.972046137985774106e-01,-1.052121188633001053e-01,3.711547783639251863e-01,9.381339537461326206e-01
3.685000000000000142e+01,9.109321875609383001e-02,3.652869920881836596e-01,8.972018216578826477e-01,-1.052105705093566990e-01,3.711547347923416784e-01,9.381346465513638044e-01
3.685999999999999943e+01,9.109798930089299529e-02,3.652868837913314515e-01,8.971993607240118518e-01,-1.052090588480336653e-01,3.711546874634165105e-01,9.381353240396306248e-01
3.686999999999999744e+01,9.110193282054976360e-02,3.652866710128826466e-01,8.971972655800415364e-01,-1.052075724745533403e-01,3.711546390216217683e-01,9.381359891972671505e-01
3.688000000000000256e+01,9.110507545668335150e-02,3.652863573046690182e-01,8.971955287814299407e-01,-1.052061037735158716e-01,3.711545920666080023e-01,9.381366442963977592e-01
3.689000000000000057e+01,9.110749414569525861e-02,3.652859521824193823e-01,8.971941182484267641e-01,-1.052046473722105663e-01,3.711545482792389383e-01,9.381372909715991470e-01
3.689999999999999858e+01,9.110934753986868473e-02,3.652854794595381538e-01,8.971929683673902645e-01,-1.052031976873335356e-01,3.711545082591828359e-01,9.381379307034247717e-01
3.691000000000000369e+01,9.111084496622194606e-02,3.652849753138910915e-01,8.971919874834151098e-01,-1.052017511192948618e-01,3.711544720122166852e-01,9.381385646085137475e-01
3.692000000000000171e+01,9.111214160025929432e-02,3.652844667874028395e-01,8.971911050990537539e-01,-1.052003076308259399e-01,3.711544390215358868e-01,9.381391928524374091e-01
3.692999999999999972e+01,9.111332139648981032e-02,3.652839673313114099e-01,8.971902815988425095e-01,-1.051988690380922103e-01,3.711544084170624869e-01,9.381398150650567258e-01
3.693999999999999773e+01,9.112055794711874934e-02,3.653022778191065134e-01,8.971919717471972255e-01,-1.051971992777261389e-01,3.711542370033885097e-01,9.381404596393766449e-01
3.695000000000000284e+01,9.114585119946337632e-02,3.653636022394016192e-01,8.972022540309371186e-01,-1.051949853497086834e-01,3.711535864184221101e-01,9.381410984665909947e-01
3.696000000000000085e+01,9.119522988279148146e-02,3.654484007064490170e-01,8.972120056827659340e-01,-1.051922837560455154e-01,3.711524125849647304e-01,9.381417032296180958e-01
3.696999999999999886e+01,9.126533011616000390e-02,3.655380881969317874e-01,8.972141459962917898e-01,-1.051895073694134319e-01,3.711509628203873423e-01,9.381422400486956192e-01
3.698000000000000398e+01,9.134017649578998754e-02,3.656327053656428516e-01,8.972158286233288260e-01,-1.051871391058006588e-01,3.711495231145928164e-01,9.381426787700695158e-01
3.699000000000000199e+01,9.141913041014311514e-02,3.657216401923936711e-01,8.972138157567456362e-01,-1.051850068080781714e-01,3.711481541311623111e-01,9.381430942853135058e-01
3.700000000000000000e+01,9.149707426884645667e-02,3.658014480968580506e-01,8.972079527088482331e-01,-1.051832573253965730e-01,3.711469990751048442e-01,9.381434668863058990e-01
3.700999999999999801e+01,9.157275093847458414e-02,3.658708437555183712e-01,8.971990055327654368e-01,-1.051817632845480355e-01,3.711460424589607121e-01,9.381438330281580695e-01
3.702000000000000313e+01,9.164117846713278059e-02,3.659351557014088874e-01,8.971910728273511104e-01,-1.051805873074945497e-01,3.711452958045811101e-01,9.381441670519750087e-01
3.703000000000000114e+01,9.170831436619969468e-02,3.659871208072691950e-01,8.971785337966318163e-01,-1.051795138858059031e-01,3.711446873370458643e-01,9.381445051302235161e-01
3.703999999999999915e+01,9.176793028437919830e-02,3.660361461406036465e-01,8.971683891361699192e-01,-1.051786574512914990e-01,3.711442086219461922e-01,9.381448165257867400e-01
3.705000000000000426e+01,9.182656892223452216e-02,3.660742184015869927e-01,8.971539600563188666e-01,-1.051778572454636212e-01,3.711438118038473122e-01,9.381451248318664060e-01
3.706000000000000227e+01,9.187753714908161728e-02,3.661119382249439225e-01,8.971432093089921622e-01,-1.051772451654394563e-01,3.711434939448185477e-01,9.381454014720177481e-01
3.707000000000000028e+01,9.192833932104493844e-02,3.661393541441754773e-01,8.971282935319749852e-01,-1.051766361426633711e-01,3.711432112854722298e-01,9.381456773805961769e-01
3.707999999999999829e+01,9.197085362261757380e-02,3.661687852710540092e-01,8.971180928508517560e-01,-1.051762429516388403e-01,3.711430006414822569e-01,9.381459114698497137e-01
3.709000000000000341e+01,9.201278069456933495e-02,3.661904764052242300e-01,8.971053542912152956e-01,-1.051758137432163981e-01,3.711427898906244915e-01,9.381461487808736566e-01
3.710000000000000142e+01,9.205088552789877920e-02,3.662086113978308965e-01,8.970926984229510293e-01,-1.051755180680956914e-01,3.711426404938072965e-01,9.381463577058241077e-01
3.710999999999999943e+01,9.208377461051710233e-02,3.662274396913854924e-01,8.970831500180092011e-01,-1.051753172964466493e-01,3.711425169811732871e-01,9.381465462072993144e-01
3.711999999999999744e+01,9.211709097438292027e-02,3.662375562419882824e-01,8.970702822917089314e-01,-1.051750933520608777e-01,3.711424067373978453e-01,9.381467347543970270e-01
3.713000000000000256e+01,9.215466478562554797e-02,3.662364280966173835e-01,8.970496421274856136e-01,-1.051749712331240955e-01,3.711424098882606382e-01,9.381469155317413433e-01
3.714000000000000057e+01,9.219750412480451351e-02,3.662376740984297219e-01,8.970263991257699798e-01,-1.051749378001852336e-01,3.711424465605289158e-01,9.381470735174933795e-01
3.714999999999999858e+01,9.224330344945737281e-02,3.662439634215564621e-01,8.970033212298481606e-01,-1.051749581557055307e-01,3.711424265489863816e-01,9.381471917664941929e-01
3.716000000000000369e+01,9.228568565305844684e-02,3.662616001839119062e-01,8.969869377376010755e-01,-1.051750292497099781e-01,3.711422873407374534e-01,9.381472645390510623e-01
3.717000000000000171e+01,9.232589015995960879e-02,3.662875986666030981e-01,8.969760892054932100e-01,-1.051750651783773666e-01,3.711420103995758391e-01,9.381473106757548530e-01
3.717999999999999972e+01,9.236675413067162166e-02,3.663160967047797145e-01,8.969665842152769741e-01,-1.051750833492527126e-01,3.711416519804983660e-01,9.381473302958326377e-01
3.718999999999999773e+01,9.240634646628541338e-02,3.663462181174063637e-01,8.969585565377145020e-01,-1.051751763629058811e-01,3.711412823629582358e-01,9.381473181439496933e-01
3.720000000000000284e+01,9.242160396189194604e-02,3.663511275417973279e-01,8.969549814369564000e-01,-1.051754758625208369e-01,3.711410299552913017e-01,9.381472756287385639e-01
3.721000000000000085e+01,9.240516515004006115e-02,3.663094247726595976e-01,8.969477408585273537e-01,-1.051759339017312028e-01,3.711412320182074231e-01,9.381473419909841516e-01
3.721999999999999886e+01,9.236883425334546649e-02,3.662326937144383954e-01,8.969340010722384182e-01,-1.051764549068426868e-01,3.711419506960192960e-01,9.381475461941859439e-01
3.723000000000000398e+01,9.232498705367393754e-02,3.661393673716368258e-01,8.969154305005192507e-01,-1.051769803045692481e-01,3.711430590037299582e-01,9.381478282955593162e-01
3.724000000000000199e+01,9.228097907444256232e-02,3.660422537870101078e-01,8.968944016013479237e-01,-1.051774425027170862e-01,3.711443900534971974e-01,9.381481672753556600e-01
3.725000000000000000e+01,9.237221618437700676e-02,3.657455580264499795e-01,8.966621293088729017e-01,-1.051616196341118858e-01,3.711379938507515797e-01,9.381502952248809146e-01
3.725999999999999801e+01,9.254746489467786941e-02,3.654305892840922221e-01,8.963538815394215264e-01,-1.051382226920531543e-01,3.711284746957752567e-01,9.381533113023169390e-01
3.727000000000000313e+01,9.274211258759675058e-02,3.651645786664222681e-01,8.960691343675917242e-01,-1.051160137753390095e-01,3.711210950080787718e-01,9.381568026700246588e-01
3.728000000000000114e+01,9.290681493405231195e-02,3.649597606194226462e-01,8.958397873582051307e-01,-1.050970638926088385e-01,3.711165049358747248e-01,9.381605111343371828e-01
3.728999999999999915e+01,9.303331680515265767e-02,3.648201914747326580e-01,8.956695072533832347e-01,-1.050809776237219273e-01,3.711138340271500358e-01,9.381642753067408469e-01
3.730000000000000426e+01,9.312790037017312783e-02,3.647341541279028321e-01,8.955476245436362337e-01,-1.050669963026243658e-01,3.711122941323575231e-01,9.381680253689546056e-01
3.731000000000000227e+01,9.320435673137432431e-02,3.646826027102069157e-01,8.954560141468561607e-01,-1.050546892821013212e-01,3.711114752413217643e-01,9.381717007679523102e-01
3.732000000000000028e+01,9.327058554694621362e-02,3.646541810362569080e-01,8.953831033713505194e-01,-1.050439600594178652e-01,3.711111515370644209e-01,9.381752055115712974e-01
3.732999999999999829e+01,9.332765552743610415e-02,3.646494929157030329e-01,8.953274493434276726e-01,-1.050349929397473153e-01,3.711113982456063498e-01,9.381785026994045040e-01
3.734000000000000341e+01,9.337745584250956021e-02,3.646727649706369423e-01,8.952894355160124773e-01,-1.050277717898591701e-01,3.711121976842894910e-01,9.381815960311056246e-01
3.735000000000000142e+01,9.342284185242329120e-02,3.647234893317223836e-01,8.952665548797761330e-01,-1.050218748663479806e-01,3.711133073326909892e-01,9.381844890048963714e-01
3.735999999999999943e+01,9.346412765641358422e-02,3.647994507455304958e-01,8.952571491046142915e-01,-1.050168308615864465e-01,3.711145260343061136e-01,9.381871994492221312e-01
3.736999999999999744e+01,9.350389126470948220e-02,3.648985879742777660e-01,8.952580519464310438e-01,-1.050121433238157820e-01,3.711157385090379512e-01,9.381897893975145175e-01
3.738000000000000256e+01,9.354786344834688239e-02,3.650283506733060790e-01,8.952678745654596426e-01,-1.050067331541480742e-01,3.711166284967198359e-01,9.381924141880122470e-01
3.739000000000000057e+01,9.358338002589439153e-02,3.651710063420450236e-01,8.952918167973449304e-01,-1.050014294412253413e-01,3.711175992122771050e-01,9.381949813162978602e-01
3.739999999999999858e+01,9.361047542605094307e-02,3.653144129298112053e-01,8.953240970343886440e-01,-1.049967835472685879e-01,3.711190146090311281e-01,9.381974596858911886e-01
3.741000000000000369e+01,9.363164092965256535e-02,3.654583391411440618e-01,8.953623565733949130e-01,-1.049928755249313339e-01,3.711209248811764283e-01,9.381998552712820238e-01
3.742000000000000171e+01,9.364813491393295108e-02,3.656047887599774837e-01,8.954066893863991128e-01,-1.049895842635332616e-01,3.711232088348863090e-01,9.382021743764124011e-01
3.742999999999999972e+01,9.366070711576988950e-02,3.657547731839588812e-01,8.954573407718200428e-01,-1.049867538067243283e-01,3.711257195681770815e-01,9.382044137726185395e-01
3.743999999999999773e+01,9.367003906179902084e-02,3.659083496859643625e-01,8.955141732190810000e-01,-1.049842387577796382e-01,3.711283351616632142e-01,9.382065694293071356e-01
3.745000000000000284e+01,9.367678023392680964e-02,3.660649520025447967e-01,8.955767407601890051e-01,-1.049819127106839528e-01,3.711309667641479182e-01,9.382086408745821116e-01
3.746000000000000085e+01,9.368153488510433391e-02,3.662236237347485379e-01,8.956443851768667308e-01,-1.049796719100507536e-01,3.711335563505162582e-01,9.382106313378817397e-01
3.746999999999999886e+01,9.368502670245447417e-02,3.663834618646443220e-01,8.957163200143922754e-01,-1.049774174468557086e-01,3.711360567061368076e-01,9.382125536220641271e-01
3.748000000000000398e+01,9.368842522294892894e-02,3.665437038074290110e-01,8.957915396538276287e-01,-1.049750540458254944e-01,3.711384172443559226e-01,9.382144300056457498e-01
3.749000000000000199e+01,9.369197650421372259e-02,3.667032608959940876e-01,8.958693011943332785e-01,-1.049725381504729993e-01,3.711406259370252925e-01,9.382162650924674718e-01
3.750000000000000000e+01,9.369719568932945164e-02,3.668624738756180448e-01,8.959486594747381183e-01,-1.049698225485241054e-01,3.711426800904010781e-01,9.382180653864291564e-01
3.750999999999999801e+01,9.370589593045765275e-02,3.670209542380371004e-01,8.960284065450337954e-01,-1.049668761469188943e-01,3.711445586014767706e-01,9.382198305979397857e-01
3.752000000000000313e+01,9.371701755119739297e-02,3.671763378952301871e-01,8.961076299000372281e-01,-1.049636667810190799e-01,3.711462397764733190e-01,9.382215663076454160e-01
3.753000000000000114e+01,9.372989877916554358e-02,3.673274902737506675e-01,8.961856249532756946e-01,-1.049601617331079040e-01,3.711477194283065439e-01,9.382232825316412228e-01
3.753999999999999915e+01,9.374467408790632117e-02,3.674738548829776796e-01,8.962615500181141392e-01,-1.049563191875090978e-01,3.711489859426169158e-01,9.382249898306744829e-01
3.755000000000000426e+01,9.376167785232644714e-02,3.676146040819141536e-01,8.963343490793649337e-01,-1.049521075373973933e-01,3.711500193253319257e-01,9.382266918603920924e-01
3.756000000000000227e+01,9.378179142633039089e-02,3.677488040427570604e-01,8.964026362876522658e-01,-1.049475323850990877e-01,3.711508048926369652e-01,9.382283806052815756e-01
3.757000000000000028e+01,9.380558555058030046e-02,3.678753045317741388e-01,8.964650596988507081e-01,-1.049426488860586981e-01,3.711513695296343451e-01,9.382300533014221733e-01
3.757999999999999829e+01,9.383353454852591535e-02,3.679926100646938592e-01,8.965200546869183107e-01,-1.049375215296228236e-01,3.711517697262594062e-01,9.382317231462244944e-01
3.759000000000000341e+01,9.390177893866502590e-02,3.680803214141100677e-01,8.965365241204175106e-01,-1.049309823904088085e-01,3.711513711557732909e-01,9.382334033060012457e-01
3.760000000000000142e+01,9.406443440219307284e-02,3.679068470971083582e-01,8.963368772865614176e-01,-1.049161174152340587e-01,3.711420544408088884e-01,9.382333743057232889e-01
3.760999999999999943e+01,9.400027388071427459e-02,3.677004846866402388e-01,8.962189411578291853e-01,-1.049022637563084975e-01,3.711308814737814266e-01,9.382335938374272155e-01
3.761999999999999744e+01,9.393730945790122744e-02,3.675534044963352232e-01,8.961432485043061558e-01,-1.048905601845452618e-01,3.711220041940858083e-01,9.382348135988654025e-01
3.763000000000000256e+01,9.394253542472695562e-02,3.674466875442598535e-01,8.960649738839369105e-01,-1.048812986311956769e-01,3.711158681092132650e-01,9.382363995547335911e-01
3.764000000000000057e+01,9.398111072006139211e-02,3.673663911875161281e-01,8.959909131934539195e-01,-1.048742378129612352e-01,3.711120251425249483e-01,9.382380814225548260e-01
3.764999999999999858e+01,9.402875043513142517e-02,3.673048002776826415e-01,8.959284333910340070e-01,-1.048686215748569767e-01,3.711098831159912459e-01,9.382398743096123095e-01
3.766000000000000369e+01,9.407945791620794806e-02,3.672578818539147805e-01,8.958777230649508372e-01,-1.048637747486231286e-01,3.711089361059409231e-01,9.382418111249890558e-01
3.767000000000000171e+01,9.413240253479282504e-02,3.672241263323537397e-01,8.958374836336966407e-01,-1.048592204426662539e-01,3.711087028458370241e-01,9.382438474079539681e-01
3.767999999999999972e+01,9.418660657540929571e-02,3.672031824878966844e-01,8.958071327173430243e-01,-1.048547150679828288e-01,3.711090618989223988e-01,9.382460138747831246e-01
3.768999999999999773e+01,9.424251146593889961e-02,3.671950561425157966e-01,8.957857792984051937e-01,-1.048500151112328332e-01,3.711098850382157921e-01,9.382483418401640352e-01
3.770000000000000284e+01,9.430046382641586733e-02,3.671992220744749735e-01,8.957725896420106748e-01,-1.048449282656409853e-01,3.711110370008850468e-01,9.382508311984001370e-01
3.771000000000000085e+01,9.436046670049214047e-02,3.672147424970721996e-01,8.957666517955169549e-01,-1.048392744221373629e-01,3.711123999130346296e-01,9.382534893875489335e-01
3.771999999999999886e+01,9.442367697447628938e-02,3.672407535256722033e-01,8.957665657727262865e-01,-1.048328926726072169e-01,3.711138785679982122e-01,9.382563439438152963e-01
3.773000000000000398e+01,9.449068665318728633e-02,3.672762740314047814e-01,8.957712550149071751e-01,-1.048257154945195641e-01,3.711154412595686902e-01,9.382594130406938238e-01
3.774000000000000199e+01,9.456174642818031273e-02,3.673203759575225935e-01,8.957798746419236569e-01,-1.048177130247725242e-01,3.711170820400945258e-01,9.382627120298410173e-01
3.775000000000000000e+01,9.463701599842656853e-02,3.673722779569410513e-01,8.957917179983491129e-01,-1.048088621088810596e-01,3.711187629428475687e-01,9.382662342683528722e-01
3.775999999999999801e+01,9.471662926432931895e-02,3.674313444558955921e-01,8.958061780981586564e-01,-1.047991560640021969e-01,3.711204624295644794e-01,9.382699758252103228e-01
3.777000000000000313e+01,9.480066535579484421e-02,3.674969681096685870e-01,8.958227077655273041e-01,-1.047885959079807999e-01,3.711221716464199183e-01,9.382739457030612185e-01
3.778000000000000114e+01,9.489015445409647309e-02,3.675688090684094966e-01,8.958403667959264904e-01,-1.047771887746829500e-01,3.711238623822183946e-01,9.382781434462210690e-01
3.778999999999999915e+01,9.498593863266951987e-02,3.676466245078185979e-01,8.958584687450977802e-01,-1.047650042465835818e-01,3.711255159602938614e-01,9.382825481792629319e-01
3.780000000000000426e+01,9.508747694420603691e-02,3.677288435326494520e-01,8.958763665454190228e-01,-1.047520303796744268e-01,3.711270767745314947e-01,9.382871577654711137e-01
3.781000000000000227e+01,9.519969764722245598e-02,3.678118279025241466e-01,8.958891017612431451e-01,-1.047378527084908834e-01,3.711283333963895648e-01,9.382920267183497698e-01
3.782000000000000028e+01,9.532366253197786798e-02,3.678986256926950471e-01,8.958972467677260854e-01,-1.047227117906651267e-01,3.711293853886520333e-01,9.382971101331123442e-01
3.782999999999999829e+01,9.545557212537955638e-02,3.679900225938413927e-01,8.959033995556707763e-01,-1.047069188533997081e-01,3.711303187096579026e-01,9.383023592314011507e-01
3.784000000000000341e+01,9.558992925261199092e-02,3.680853751297968879e-01,8.959100167706690598e-01,-1.046906373124170536e-01,3.711311541983051687e-01,9.383077519598582716e-01
3.785000000000000142e+01,9.572648922418344752e-02,3.681842643750025124e-01,8.959169954538322989e-01,-1.046739821899390632e-01,3.711318966998254920e-01,9.383132695678018109e-01
3.785999999999999943e+01,9.586847728236878863e-02,3.682868136306620133e-01,8.959225452767068942e-01,-1.046570960567025921e-01,3.711325465245319255e-01,9.383188744006397686e-01
3.786999999999999744e+01,9.601452912068172973e-02,3.683919772466912046e-01,8.959267183146009117e-01,-1.046401658514085897e-01,3.711331016038791897e-01,9.383245188508173573e-01
3.788000000000000256e+01,9.616563804213565381e-02,3.684995367345974548e-01,8.959286888906122792e-01,-1.046233555615155020e-01,3.711335658844699958e-01,9.383301652657096703e-01
3.789000000000000057e+01,9.631939340304211672e-02,3.686074517177440613e-01,8.959284054523097840e-01,-1.046067811117426666e-01,3.711339038007796520e-01,9.383357720545854042e-01
3.789999999999999858e+01,9.647341580797665073e-02,3.687145091483572390e-01,8.959261424172948463e-01,-1.045905303027773875e-01,3.711340929587281234e-01,9.383413091394602334e-01
3.791000000000000369e+01,9.662652653589499929e-02,3.688200048462523806e-01,8.959218778857126475e-01,-1.045746905119944725e-01,3.711341373477385353e-01,9.383467537769472067e-01
3.792000000000000171e+01,9.677785794339976988e-02,3.689231593118058039e-01,8.959154136320354178e-01,-1.045593675152337587e-01,3.711340540385834053e-01,9.383520815923602765e-01
3.792999999999999972e+01,9.692671173292051467e-02,3.690230797250935724e-01,8.959064304837706105e-01,-1.045446669125895400e-01,3.711338436364818305e-01,9.383572587161067569e-01
3.793999999999999773e+01,9.708363625864378788e-02,3.690708246069570042e-01,8.958596631482567130e-01,-1.045310568665501205e-01,3.711318299174734547e-01,9.383614954201268121e-01
3.795000000000000284e+01,9.714104368134157674e-02,3.689195866188241801e-01,8.957305417207754861e-01,-1.045235179090148597e-01,3.711226137021289007e-01,9.383619284924973325e-01
3.796000000000000085e+01,9.701843791603398381e-02,3.689258758725312282e-01,8.957993010051056304e-01,-1.045395536079441606e-01,3.711197605193157778e-01,9.383586948588047427e-01
3.796999999999999886e+01,9.692749902595307332e-02,3.689165138214318684e-01,8.958486559925173953e-01,-1.045595525668454595e-01,3.711175159008947011e-01,9.383555863940633568e-01
3.798000000000000398e+01,9.691030936946694319e-02,3.688394493947111386e-01,8.958140630456242759e-01,-1.045709032914304004e-01,3.711118519470783528e-01,9.383534666853896589e-01
3.799000000000000199e+01,9.693216951750729948e-02,3.687520346821930861e-01,8.957563268939772172e-01,-1.045773316978888812e-01,3.711060177640345681e-01,9.383520478115547903e-01
3.800000000000000000e+01,9.697626682128258901e-02,3.686790510651722919e-01,8.957026515801479460e-01,-1.045807449815054357e-01,3.711015481967398499e-01,9.383513290799236906e-01
3.800999999999999801e+01,9.692591964328274579e-02,3.688429562861715305e-01,8.958729954306703380e-01,-1.046082380151780317e-01,3.711085437215274063e-01,9.383472645030520587e-01
3.802000000000000313e+01,9.695405601078602165e-02,3.688561482602138453e-01,8.959058578055938415e-01,-1.046210491018998157e-01,3.711103066469009226e-01,9.383457284986748137e-01
3.803000000000000114e+01,9.693538237310764250e-02,3.690156766080083806e-01,8.960685016328655550e-01,-1.046457108663065710e-01,3.711176616596041367e-01,9.383422155183703817e-01
3.803999999999999915e+01,9.695740809056746512e-02,3.691174921308251200e-01,8.961754964428190195e-01,-1.046635443953421174e-01,3.711223226060950675e-01,9.383396685608238474e-01
3.805000000000000426e+01,9.696168382353786974e-02,3.693320970332583109e-01,8.963725031822611378e-01,-1.046906502232121672e-01,3.711308200519278788e-01,9.383356927660069235e-01
3.806000000000000227e+01,9.698621101803928113e-02,3.695719760294425282e-01,8.965757817640870320e-01,-1.047182237344335409e-01,3.711389571269098631e-01,9.383315023295015767e-01
3.807000000000000028e+01,9.703754521142995970e-02,3.699685740136521850e-01,8.968540988675164360e-01,-1.047542894004366842e-01,3.711494858618004655e-01,9.383259743255235596e-01
3.807999999999999829e+01,9.727658572788186464e-02,3.702331970896591273e-01,8.969400185771023715e-01,-1.047670899907581776e-01,3.711495298777327534e-01,9.383229748707063722e-01
3.809000000000000341e+01,9.756398809238615855e-02,3.705034629202115237e-01,8.970131026028987931e-01,-1.047789363383952177e-01,3.711496461108829137e-01,9.383198463861163185e-01
3.810000000000000142e+01,9.790926673028940708e-02,3.707502232056368863e-01,8.970466561096508418e-01,-1.047869276102237623e-01,3.711494513574774001e-01,9.383173064774386063e-01
3.810999999999999943e+01,9.830000733157026604e-02,3.709644157950456322e-01,8.970428003601084166e-01,-1.047906052507752706e-01,3.711493297688425175e-01,9.383155950081567553e-01
3.811999999999999744e+01,9.878139653695786060e-02,3.709933438578489895e-01,8.968724639612197791e-01,-1.047742588565692134e-01,3.711431587005316612e-01,9.383173338221009185e-01
3.813000000000000256e+01,9.926673106788570788e-02,3.709450548978734941e-01,8.966583995288942566e-01,-1.047470977092154337e-01,3.711357409908587757e-01,9.383210654464526623e-01
3.814000000000000057e+01,9.975472906961090069e-02,3.708947374870829039e-01,8.964525450709528442e-01,-1.047160700835124136e-01,3.711304475896370914e-01,9.383263101807302053e-01
3.814999999999999858e+01,1.002702650684279551e-01,3.708583182686459589e-01,8.962501710773397301e-01,-1.046831188164476512e-01,3.711271909929707569e-01,9.383326968399292589e-01
3.816000000000000369e+01,1.007030218947399663e-01,3.712224871067228982e-01,8.963690832524319196e-01,-1.046860077017985058e-01,3.711400425388409752e-01,9.383341486086536065e-01
3.817000000000000171e+01,1.014838296454800004e-01,3.723483056408852798e-01,8.967355675383732461e-01,-1.047441974356479039e-01,3.711707972905572972e-01,9.383285980975968332e-01
3.817999999999999972e+01,1.030136267850653847e-01,3.729468464421101803e-01,8.963474686301280414e-01,-1.047312448372703930e-01,3.711610186140286705e-01,9.383299235039370689e-01
3.818999999999999773e+01,1.042900217399052587e-01,3.730920185279311685e-01,8.958376228489081106e-01,-1.047050876180986301e-01,3.711422899628381566e-01,9.383307284461833708e-01
3.820000000000000284e+01,1.049240585938119169e-01,3.730808875415073111e-01,8.955679083297218845e-01,-1.046790996473256907e-01,3.711280124697878269e-01,9.383332375138910830e-01
3.821000000000000085e+01,1.052734953853762673e-01,3.730867291615138082e-01,8.954608443923417482e-01,-1.046521675415355013e-01,3.711199678180482908e-01,9.383380898886324317e-01
3.821999999999999886e+01,1.055421155943364331e-01,3.731432747089143409e-01,8.954282334993489689e-01,-1.046233459731653326e-01,3.711160029375828451e-01,9.383443842250640543e-01
3.823000000000000398e+01,1.057805389609005053e-01,3.732280798823119361e-01,8.954296747618730734e-01,-1.045926930360981666e-01,3.711141702529630049e-01,9.383515833237245918e-01
3.824000000000000199e+01,1.060136550368188796e-01,3.733211793907847964e-01,8.954385920730986159e-01,-1.045606543130486454e-01,3.711133102630477243e-01,9.383594446417410362e-01
3.825000000000000000e+01,1.062510151636329725e-01,3.734129999882691564e-01,8.954424502192067647e-01,-1.045278994107759346e-01,3.711126770358862959e-01,9.383677008307447220e-01
3.825999999999999801e+01,1.064871715738907043e-01,3.734985768465320377e-01,8.954395237379733086e-01,-1.044951836498544118e-01,3.711119085933502482e-01,9.383761359940387958e-01
3.827000000000000313e+01,1.067185404105167323e-01,3.735770891891749268e-01,8.954297494274759961e-01,-1.044631332860358752e-01,3.711109021170408417e-01,9.383846039982588483e-01
3.828000000000000114e+01,1.069432454257391724e-01,3.736484365525438722e-01,8.954128144699425862e-01,-1.044322338023326302e-01,3.711096279866268333e-01,9.383929697083639443e-01
3.828999999999999915e+01,1.071682616840309715e-01,3.736105647609945790e-01,8.953064454427073215e-01,-1.044065700624854792e-01,3.711065440055172915e-01,9.383994008124149078e-01
3.830000000000000426e+01,1.071971317545543922e-01,3.734231458268665316e-01,8.951571778893009368e-01,-1.043938869096436295e-01,3.710995325190908911e-01,9.384015772688292234e-01
3.831000000000000227e+01,1.071335830995598093e-01,3.732704246304049955e-01,8.950803332607529805e-01,-1.043879238694360723e-01,3.710923281859843104e-01,9.384027292717757041e-01
3.832000000000000028e+01,1.071121735384554241e-01,3.731609370886488919e-01,8.950266521771830242e-01,-1.043850827809961190e-01,3.710862350343587801e-01,9.384034662015925399e-01
3.832999999999999829e+01,1.071333741186527716e-01,3.730727679241500061e-01,8.949838026687385595e-01,-1.043835958113750878e-01,3.710815907735316999e-01,9.384040195273252172e-01
3.834000000000000341e+01,1.071768045305060979e-01,3.729913031548334201e-01,8.949541065324957412e-01,-1.043821547709339881e-01,3.710782557041707452e-01,9.384047236588820562e-01
3.835000000000000142e+01,1.072348145556292764e-01,3.729123776754002528e-01,8.949391627110268033e-01,-1.043799557716645898e-01,3.710761144142075141e-01,9.384057573505675265e-01
3.835999999999999943e+01,1.073069721909747365e-01,3.728361604915253480e-01,8.949391039814904580e-01,-1.043763651699546463e-01,3.710749041875929244e-01,9.384071824217680158e-01
3.836999999999999744e+01,1.073944728156865369e-01,3.727635182107234546e-01,8.949535286938907763e-01,-1.043708973784238103e-01,3.710743814413438035e-01,9.384090612190061353e-01
3.838000000000000256e+01,1.074986236967922781e-01,3.726949809315886486e-01,8.949817441512841754e-01,-1.043630986695142648e-01,3.710742975604504612e-01,9.384115253045046678e-01
3.839000000000000057e+01,1.076206329652441424e-01,3.726306814533405509e-01,8.950228343979377277e-01,-1.043525905599468478e-01,3.710744082357841367e-01,9.384147425957523048e-01
3.839999999999999858e+01,1.077615498834420954e-01,3.725703124515674647e-01,8.950756349004607149e-01,-1.043392190867683256e-01,3.710745270774189475e-01,9.384187415722080594e-01
3.841000000000000369e+01,1.079222573146450537e-01,3.725136589236128781e-01,8.951390628666129334e-01,-1.043228928690361490e-01,3.710745296403930582e-01,9.384235141467380803e-01
3.842000000000000171e+01,1.081033320249961682e-01,3.724604761531748465e-01,8.952121007737070535e-01,-1.043036134177081353e-01,3.710743143674511968e-01,9.384290640641247405e-01
3.842999999999999972e+01,1.083053742868827773e-01,3.724103546504211049e-01,8.952935102643644338e-01,-1.042813038412843812e-01,3.710738282712806035e-01,9.384354181641262338e-01
3.843999999999999773e+01,1.085286743536003351e-01,3.723629620303702814e-01,8.953821196663801496e-01,-1.042558963307050057e-01,3.710730490215336519e-01,9.384426034379234061e-01
3.845000000000000284e+01,1.087732520114025603e-01,3.723180212005651746e-01,8.954768166540933994e-01,-1.042273813797105486e-01,3.710719683053034235e-01,9.384506365211711110e-01
3.846000000000000085e+01,1.090389423466487373e-01,3.722752632713529075e-01,8.955764632210887477e-01,-1.041957959889154017e-01,3.710705885767951462e-01,9.384595259322724425e-01
3.846999999999999886e+01,1.093255588799356415e-01,3.722345102872787748e-01,8.956798349204523335e-01,-1.041612174021116777e-01,3.710689192575912787e-01,9.384692721599650067e-01
3.848000000000000398e+01,1.096129388864041654e-01,3.722719653187493427e-01,8.958462487725983303e-01,-1.041319184851272339e-01,3.710700466196170111e-01,9.384785248923008805e-01
3.849000000000000199e+01,1.099751717908126758e-01,3.722934113489886343e-01,8.959762547014642475e-01,-1.041000380037875178e-01,3.710701748581020087e-01,9.384885802669293842e-01
3.850000000000000000e+01,1.104271111625474977e-01,3.722630166229198845e-01,8.960373741906404454e-01,-1.040622349114042611e-01,3.710681941253008431e-01,9.384997599371514010e-01
3.850999999999999801e+01,1.109852121275725911e-01,3.722078028898611057e-01,8.960387538139090724e-01,-1.040215805597679566e-01,3.710655866002262604e-01,9.385116135517677094e-01
3.852000000000000313e+01,1.116090608374839671e-01,3.721444272902235118e-01,8.960073963934597208e-01,-1.039803280754865999e-01,3.710629851685897096e-01,9.385237382339330914e-01
3.853000000000000114e+01,1.122534804950232890e-01,3.720832169412643387e-01,8.959698267352315115e-01,-1.039394955693206390e-01,3.710607499887048633e-01,9.385361000783913887e-01
3.853999999999999915e+01,1.129039753431338999e-01,3.720339649730377563e-01,8.959365279982451913e-01,-1.038994586911354268e-01,3.710589096010595833e-01,9.385486549224073549e-01
3.855000000000000426e+01,1.135387664319063711e-01,3.720428824389070410e-01,8.959446177510299592e-01,-1.038641938998643016e-01,3.710588844858659363e-01,9.385607024113598040e-01
3.856000000000000227e+01,1.142524772052092435e-01,3.721876393328101829e-01,8.959928578812353939e-01,-1.038400597889329591e-01,3.710627350510525835e-01,9.385715649863867194e-01
3.857000000000000028e+01,1.157936009423526647e-01,3.723384583273546822e-01,8.956240452112929074e-01,-1.038099536790425964e-01,3.710630858715016078e-01,9.385832378001122134e-01
3.857999999999999829e+01,1.180252998534777886e-01,3.724549886719450420e-01,8.948853430375287576e-01,-1.037820509956217385e-01,3.710605273822727979e-01,9.385930750921798182e-01
3.859000000000000341e+01,1.205749731978994627e-01,3.725393275134689652e-01,8.939697897919912650e-01,-1.037664763642875132e-01,3.710582644224045823e-01,9.385998805911239806e-01
3.860000000000000142e+01,1.231824032651643308e-01,3.726061536520374751e-01,8.930114195130615107e-01,-1.037650931741915528e-01,3.710574941399401583e-01,9.386039627839030119e-01
3.860999999999999943e+01,1.256706630236177347e-01,3.726636754641728944e-01,8.920960920710733211e-01,-1.037758724127911675e-01,3.710579531518428675e-01,9.386057869857190594e-01
3.861999999999999744e+01,1.279275188105752359e-01,3.727159234526240539e-01,8.912735329767397241e-01,-1.037957876773285687e-01,3.710591597881652826e-01,9.386058180318868072e-01
3.863000000000000256e+01,1.298900480913164346e-01,3.727643017073439258e-01,8.905674382717173598e-01,-1.038218663050559237e-01,3.710608069452120961e-01,9.386044780300798474e-01
3.864000000000000057e+01,1.315252743882486530e-01,3.725873617015316164e-01,8.897546190596241633e-01,-1.038456393100139763e-01,3.710588063777437440e-01,9.386049153143397605e-01
3.864999999999999858e+01,1.328851845890869632e-01,3.719142812709257950e-01,8.887795880996294251e-01,-1.038653067307207106e-01,3.710521050925051356e-01,9.386035338078676515e-01
3.866000000000000369e+01,1.339909721048789248e-01,3.710101794216315585e-01,8.878186829863098373e-01,-1.038880390058148639e-01,3.710499984945070384e-01,9.386002605700936030e-01
3.867000000000000171e+01,1.348725041455926532e-01,3.700618668015905888e-01,8.869550519016993206e-01,-1.039130057028802706e-01,3.710536297727726751e-01,9.385965398709970042e-01
3.867999999999999972e+01,1.355660295315346264e-01,3.691792868571044384e-01,8.862283408949125363e-01,-1.039381857100482309e-01,3.710612605730645996e-01,9.385930033100040593e-01
3.868999999999999773e+01,1.361097799101756156e-01,3.684212433050539914e-01,8.856506620578510347e-01,-1.039618844778582019e-01,3.710705247462449674e-01,9.385897520537274108e-01
3.870000000000000284e+01,1.365410170207372875e-01,3.678123534115841364e-01,8.852172027995680592e-01,-1.039831446198024312e-01,3.710796748796590938e-01,9.385867648268146901e-01
3.871000000000000085e+01,1.368939973828373902e-01,3.673558579469790586e-01,8.849138269666230183e-01,-1.040016220694046228e-01,3.710876837125423044e-01,9.385839728863271114e-01
3.871999999999999886e+01,1.371986935788947759e-01,3.670426020069070816e-01,8.847222374211600737e-01,-1.040173379721435476e-01,3.710940199702984499e-01,9.385812736167005177e-01
3.873000000000000398e+01,1.374801621380719319e-01,3.668570594803008400e-01,8.846232504565129107e-01,-1.040305506070756114e-01,3.710986036103341434e-01,9.385786010238216237e-01
3.874000000000000199e+01,1.377583832054106727e-01,3.667809304865511932e-01,8.845985902527568889e-01,-1.040416890739161992e-01,3.711017603945976351e-01,9.385759611689767912e-01
3.875000000000000000e+01,1.380485115465726054e-01,3.667961484689925000e-01,8.846322434370220700e-01,-1.040512179762812933e-01,3.711039862376768195e-01,9.385734227848897548e-01
3.875999999999999801e+01,1.383613120316967149e-01,3.668861529448665948e-01,8.847108171696604906e-01,-1.040594034907375287e-01,3.711053975905201363e-01,9.385709775184901682e-01
3.877000000000000313e+01,1.387037171463868235e-01,3.670362420758845889e-01,8.848234421767562363e-01,-1.040665912799422221e-01,3.711062116031561553e-01,9.385686143669351722e-01
3.878000000000000114e+01,1.390794467362311548e-01,3.672337967965129124e-01,8.849615872968650265e-01,-1.040731121769749995e-01,3.711066664740577670e-01,9.385663332352951471e-01
3.878999999999999915e+01,1.394896262811874121e-01,3.674682311246302846e-01,8.851187456784690433e-01,-1.040792304457101997e-01,3.711069075741730283e-01,9.385641154079871207e-01
3.880000000000000426e+01,1.399333647742219966e-01,3.677307988433987651e-01,8.852900718638094801e-01,-1.040851505450960945e-01,3.711070204617278878e-01,9.385619372089042400e-01
3.881000000000000227e+01,1.404082576660048987e-01,3.680143350862920548e-01,8.854720224463584755e-01,-1.040910286960907982e-01,3.711070672574671714e-01,9.385597882175586992e-01
3.882000000000000028e+01,1.409108045548461141e-01,3.683129770205556541e-01,8.856620264506037676e-01,-1.040969442694683611e-01,3.711070482311664143e-01,9.385576897405323304e-01
3.882999999999999829e+01,1.414367713798350967e-01,3.686219058275528315e-01,8.858581914879536390e-01,-1.041030008837988546e-01,3.711069821046765749e-01,9.385556487079914634e-01
3.884000000000000341e+01,1.419814714617573248e-01,3.689371302508300809e-01,8.860590670381782719e-01,-1.041093541978363735e-01,3.711069486519401051e-01,9.385536278961582601e-01
3.885000000000000142e+01,1.425399793971484641e-01,3.692552865127316508e-01,8.862634486115705812e-01,-1.041160727263556740e-01,3.711069951687280821e-01,9.385516181828605919e-01
3.885999999999999943e+01,1.431072781024393392e-01,3.695734795676995366e-01,8.864702327451172703e-01,-1.041231830847295092e-01,3.711071322521313220e-01,9.385496137996197641e-01
3.886999999999999744e+01,1.436783617922522682e-01,3.698891625608909939e-01,8.866783118766906613e-01,-1.041307025687152332e-01,3.711073718963552315e-01,9.385476135927610652e-01
3.888000000000000256e+01,1.442483030362140262e-01,3.702000460680540672e-01,8.868865024895494775e-01,-1.041386425476563127e-01,3.711077254297766581e-01,9.385456196928645412e-01
3.889000000000000057e+01,1.448122945001342754e-01,3.705040290840679318e-01,8.870934977324526072e-01,-1.041469932666554965e-01,3.711081593703448034e-01,9.385436152484271100e-01
3.889999999999999858e+01,1.453656664533749254e-01,3.707991483501245633e-01,8.872978419256367655e-01,-1.041557438606701275e-01,3.711086506532155216e-01,9.385415867006066115e-01
3.891000000000000369e+01,1.459038879542209899e-01,3.710835401413221102e-01,8.874979209267612745e-01,-1.041648861690088190e-01,3.711091926686125864e-01,9.385395257076583064e-01
3.892000000000000171e+01,1.464225589921459292e-01,3.713554124986004346e-01,8.876919641471608946e-01,-1.041744125520623898e-01,3.711097879697641266e-01,9.385374273389744948e-01
3.892999999999999972e+01,1.469174190963867810e-01,3.716130258939771003e-01,8.878780516650327526e-01,-1.041843128073794145e-01,3.711104370125116181e-01,9.385352865167838621e-01
3.893999999999999773e+01,1.473845310087166238e-01,3.718546984480908812e-01,8.880540854260643435e-01,-1.041945673175780906e-01,3.711111155274638973e-01,9.385330893615805303e-01
3.895000000000000284e+01,1.478195516689508326e-01,3.720787339392181425e-01,8.882179538668774077e-01,-1.042051617790511475e-01,3.711118126364850722e-01,9.385308269877992160e-01
3.896000000000000085e+01,1.482185065648681244e-01,3.722834772185216190e-01,8.883674095915234936e-01,-1.042160472055320697e-01,3.711125237559003143e-01,9.385285092831021636e-01
3.896999999999999886e+01,1.485774553151935073e-01,3.724672683772431991e-01,8.885001460957384634e-01,-1.042272420821113710e-01,3.711133014219590298e-01,9.385261473810444510e-01
3.898000000000000398e+01,1.488924435601137464e-01,3.726284192236868908e-01,8.886138445576151623e-01,-1.042387719442631339e-01,3.711141912433700285e-01,9.385237510246663417e-01
3.899000000000000199e+01,1.494708328861900637e-01,3.724361652517627630e-01,8.882560118066897825e-01,-1.042383210272083000e-01,3.711090879484243987e-01,9.385255693710341518e-01
3.900000000000000000e+01,1.501945992556946441e-01,3.717381643476231345e-01,8.875697300394874700e-01,-1.042315838170089493e-01,3.711004177405267113e-01,9.385255442622346678e-01
3.900999999999999801e+01,1.509470936855872025e-01,3.708092455107559471e-01,8.867693570059408392e-01,-1.042299418814760376e-01,3.710972811293447027e-01,9.385239883770843949e-01
3.902000000000000313e+01,1.516768860881775316e-01,3.698381707086215164e-01,8.859765773151606627e-01,-1.042342660759294493e-01,3.710999473738863519e-01,9.385217936100681557e-01
3.903000000000000114e+01,1.523538594290348436e-01,3.689361301822368655e-01,8.852619921388076296e-01,-1.042428924465872292e-01,3.711061468037172850e-01,9.385192952809265909e-01
3.903999999999999915e+01,1.529631959420190979e-01,3.681625307051854534e-01,8.846619171064575848e-01,-1.042538180867899622e-01,3.711133019549844869e-01,9.385165306209488634e-01
3.905000000000000426e+01,1.535016503245165975e-01,3.675424912600175897e-01,8.841895697150258249e-01,-1.042656423478812433e-01,3.711198478120135147e-01,9.385134980359588486e-01
3.906000000000000227e+01,1.539739544038425945e-01,3.670789019921253393e-01,8.838435814267877610e-01,-1.042774359538494039e-01,3.711250273917848785e-01,9.385102065908960123e-01
3.907000000000000028e+01,1.543872573311231844e-01,3.667627043753302618e-01,8.836153295614371794e-01,-1.042885999506137085e-01,3.711286310169926717e-01,9.385067327691252181e-01
3.907999999999999829e+01,1.547212235768303801e-01,3.665831230124651507e-01,8.835063125635869152e-01,-1.042986689694878344e-01,3.711307600475934332e-01,9.385032308125218492e-01
3.909000000000000341e+01,1.549841440442261409e-01,3.665075167014282265e-01,8.834984890574673067e-01,-1.043069249194805564e-01,3.711315012960001436e-01,9.384999173746129131e-01
3.910000000000000142e+01,1.552074359255392888e-01,3.665083417285436851e-01,8.835646760828151924e-01,-1.043134184135980219e-01,3.711314292398876225e-01,9.384968852659203442e-01
3.910999999999999943e+01,1.554307565450717965e-01,3.665737742343082584e-01,8.836804946927125926e-01,-1.043185776800057557e-01,3.711310497823789301e-01,9.384940878533838404e-01
3.911999999999999744e+01,1.556915905938500710e-01,3.667114453241973049e-01,8.838303582803940239e-01,-1.043228138354207468e-01,3.711305733973547238e-01,9.384914877623076190e-01
3.913000000000000256e+01,1.559947933785445773e-01,3.669106212154483182e-01,8.840078316286448246e-01,-1.043265789414022371e-01,3.711299809222239898e-01,9.384889758319093778e-01
3.914000000000000057e+01,1.563294963483141953e-01,3.671545885744279536e-01,8.842084325808530210e-01,-1.043302420814705700e-01,3.711293341851552574e-01,9.384865425462206590e-01
3.914999999999999858e+01,1.566877067170620585e-01,3.674310006248207583e-01,8.844282456286141070e-01,-1.043339859710505080e-01,3.711286742562506791e-01,9.384841866318963666e-01
3.916000000000000369e+01,1.570631217160365356e-01,3.677302858366183202e-01,8.846639199140778898e-01,-1.043378898704678537e-01,3.711280032244454463e-01,9.384818924682255536e-01
3.917000000000000171e+01,1.574506963966494366e-01,3.680450602714804287e-01,8.849125334660244979e-01,-1.043419748398630165e-01,3.711273251691036279e-01,9.384796693756843888e-01
3.917999999999999972e+01,1.578463014441636725e-01,3.683696274914142754e-01,8.851714941941808412e-01,-1.043462673260684981e-01,3.711266491894188446e-01,9.384775123202602209e-01
3.918999999999999773e+01,1.582464816303657817e-01,3.686995418427267968e-01,8.854384311975690425e-01,-1.043508134843605800e-01,3.711260277542143826e-01,9.384754138354847175e-01
3.920000000000000284e+01,1.586482602322993596e-01,3.690312534633324315e-01,8.857111037145639632e-01,-1.043556257549918820e-01,3.711254937399725007e-01,9.384733758235719314e-01
3.921000000000000085e+01,1.590489747266521647e-01,3.693618420087533827e-01,8.859873402939673070e-01,-1.043607037378539298e-01,3.711250562213351256e-01,9.384713939526124760e-01
3.921999999999999886e+01,1.594461578359359644e-01,3.696888179944604613e-01,8.862649934703581422e-01,-1.043660423249746783e-01,3.711247122839552159e-01,9.384694609909507435e-01
3.923000000000000398e+01,1.598374495221174252e-01,3.700099765616186032e-01,8.865419079396794633e-01,-1.043716386250805178e-01,3.711244566311303061e-01,9.384675676161147173e-01
3.924000000000000199e+01,1.602205335432916045e-01,3.703232951728143152e-01,8.868159004262144984e-01,-1.043775062948754523e-01,3.711243061762970474e-01,9.384657056636604988e-01
3.925000000000000000e+01,1.605930998235430840e-01,3.706268638680191851e-01,8.870847464990591069e-01,-1.043836370944369873e-01,3.711242506136337438e-01,9.384638690402058447e-01
3.925999999999999801e+01,1.609528212561519844e-01,3.709188363297334923e-01,8.873461727964351287e-01,-1.043900250987509770e-01,3.711242735011593408e-01,9.384620456872477812e-01
3.927000000000000313e+01,1.612973412263896955e-01,3.711974645879741463e-01,8.875978516539452245e-01,-1.043966701307135342e-01,3.711243674438532980e-01,9.384602235803107817e-01
3.928000000000000114e+01,1.616242762913217001e-01,3.714611329923028227e-01,8.878374062765090891e-01,-1.044035686559235954e-01,3.711245245697475936e-01,9.384583923952791729e-01
3.928999999999999915e+01,1.619312272587901114e-01,3.717078298785808643e-01,8.880624339019225211e-01,-1.044107137140543734e-01,3.711247442838647159e-01,9.384565511220934741e-01
3.930000000000000426e+01,1.622159609396921776e-01,3.719357150906282827e-01,8.882704268405172687e-01,-1.044181013864754898e-01,3.711250273490599438e-01,9.384546983060847447e-01
3.931000000000000227e+01,1.624757427680135480e-01,3.721429729601510861e-01,8.884589508041385031e-01,-1.044257271077685678e-01,3.711253729497724363e-01,9.384528318952105597e-01
3.932000000000000028e+01,1.627080334909784542e-01,3.723277774895236147e-01,8.886255199474962785e-01,-1.044335884466217335e-01,3.711257803080252327e-01,9.384509495419803837e-01
3.932999999999999829e+01,1.629365565767296187e-01,3.724678327235819708e-01,8.887245609952333369e-01,-1.044408670907263914e-01,3.711259775829153784e-01,9.384496030086708629e-01
3.934000000000000341e+01,1.634425346371271570e-01,3.721295231755600286e-01,8.883158081578041987e-01,-1.044330240191466141e-01,3.711182732150187791e-01,9.384514608660315949e-01
3.935000000000000142e+01,1.640816363312246062e-01,3.713453440658471827e-01,8.876296388213831268e-01,-1.044224686316036071e-01,3.711099354462791822e-01,9.384516293487228378e-01
3.935999999999999943e+01,1.647607531943120485e-01,3.703805092994217341e-01,8.868525183315670857e-01,-1.044181219611445555e-01,3.711076481839343244e-01,9.384507294973335467e-01
3.936999999999999744e+01,1.654284561658178609e-01,3.694052375170517877e-01,8.860956143468774471e-01,-1.044201628032927209e-01,3.711106869890752891e-01,9.384493027120935915e-01
3.938000000000000256e+01,1.660546231512929072e-01,3.685180840817434134e-01,8.854223517176413871e-01,-1.044267068113459984e-01,3.711166005451849159e-01,9.384475029250426426e-01
3.939000000000000057e+01,1.666244750201811564e-01,3.677698365888968923e-01,8.848641997206243559e-01,-1.044357320576503184e-01,3.711231260584100800e-01,9.384453917768224018e-01
3.939999999999999858e+01,1.671344315188434959e-01,3.671794502259485560e-01,8.844314305455868164e-01,-1.044458588615098243e-01,3.711290042494549413e-01,9.384429949366072110e-01
3.941000000000000369e+01,1.675884412074117591e-01,3.667461338354089384e-01,8.841211452190891329e-01,-1.044560741535500020e-01,3.711335270985498536e-01,9.384403223829149709e-01
3.942000000000000171e+01,1.679947895002052438e-01,3.664579524972010893e-01,8.839231382295346107e-01,-1.044657317011900427e-01,3.711365140275466601e-01,9.384374552369091349e-01
3.942999999999999972e+01,1.683638001267970252e-01,3.662978609932012186e-01,8.838237088870813940e-01,-1.044745176753429511e-01,3.711381929041929206e-01,9.384345191833609601e-01
3.943999999999999773e+01,1.687061888486116601e-01,3.662467080888173188e-01,8.838079879513325299e-01,-1.044822507442460385e-01,3.711387621479915189e-01,9.384315890751530054e-01
3.945000000000000284e+01,1.690319875500998215e-01,3.662859102937639499e-01,8.838617439107288032e-01,-1.044889553934879728e-01,3.711385558072149982e-01,9.384287396431242323e-01
3.946000000000000085e+01,1.693498839297883918e-01,3.663987140159232769e-01,8.839721447066604121e-01,-1.044947628513991367e-01,3.711379083278240620e-01,9.384260138127864526e-01
3.946999999999999886e+01,1.696668998207344070e-01,3.665704185478825816e-01,8.841279816975721184e-01,-1.044998202109204549e-01,3.711370534983788882e-01,9.384234148482735183e-01
3.948000000000000398e+01,1.699883134793765682e-01,3.667885168896543591e-01,8.843197555609445537e-01,-1.045042567825987950e-01,3.711361639082770836e-01,9.384209674348668040e-01
3.949000000000000199e+01,1.703177256943007034e-01,3.670425897565079421e-01,8.845395893649881103e-01,-1.045082085422985307e-01,3.711353621723388896e-01,9.384186998617117803e-01
3.950000000000000000e+01,1.706572274842385883e-01,3.673240736239475890e-01,8.847810431901588224e-01,-1.045118028357189532e-01,3.711346898382764659e-01,9.384166147755370613e-01
3.950999999999999801e+01,1.710076158655159939e-01,3.676260252527812078e-01,8.850388839104015304e-01,-1.045151515829722544e-01,3.711341319464632749e-01,9.384146951492158273e-01
3.952000000000000313e+01,1.713686260309812970e-01,3.679428206499445464e-01,8.853088548802057201e-01,-1.045183532291779349e-01,3.711336454945101115e-01,9.384129077016181153e-01
3.953000000000000114e+01,1.717391450885012161e-01,3.682697489183089923e-01,8.855874655176414478e-01,-1.045215208694630360e-01,3.711332227346787471e-01,9.384112104774150476e-01
3.953999999999999915e+01,1.721173906986206981e-01,3.686027193968957061e-01,8.858717957951749433e-01,-1.045247283827909490e-01,3.711328454368114649e-01,9.384095771247656925e-01
3.955000000000000426e+01,1.725010980057324617e-01,3.689383753309787295e-01,8.861593153418005908e-01,-1.045280229792139998e-01,3.711324905220412251e-01,9.384080026712988687e-01
3.956000000000000227e+01,1.728876843822723108e-01,3.692738089126677004e-01,8.864477602797893319e-01,-1.045314582714476359e-01,3.711321591167968670e-01,9.384064813698154151e-01
3.957000000000000028e+01,1.732743599706229043e-01,3.696064201482470724e-01,8.867350280016323971e-01,-1.045350787205302917e-01,3.711318585419917659e-01,9.384050042456382190e-01
3.957999999999999829e+01,1.736582134407866351e-01,3.699338231594530013e-01,8.870190992507784866e-01,-1.045389141967565660e-01,3.711315950658359286e-01,9.384035618207207108e-01
3.959000000000000341e+01,1.740362762423883769e-01,3.702537803436418695e-01,8.872979822681733575e-01,-1.045429818980397607e-01,3.711313725097626914e-01,9.384021451777340150e-01
3.960000000000000142e+01,1.744055679504693535e-01,3.705641550671006090e-01,8.875696753673258943e-01,-1.045472900508958858e-01,3.711311934201327323e-01,9.384007465946382354e-01
3.960999999999999943e+01,1.747631245433321490e-01,3.708628770332262903e-01,8.878321433101714621e-01,-1.045518482467665822e-01,3.711310748705760609e-01,9.383993651194004748e-01
3.961999999999999744e+01,1.751060160369037055e-01,3.711479178267794166e-01,8.880833039324210754e-01,-1.045566628432552519e-01,3.711310207782508308e-01,9.383979902683493579e-01
3.963000000000000256e+01,1.754313586101781952e-01,3.714172754440922541e-01,8.883210222644843945e-01,-1.045617239821170497e-01,3.711310157886936190e-01,9.383966087172473935e-01
3.964000000000000057e+01,1.757363173719366234e-01,3.716689631842411967e-01,8.885431114836040978e-01,-1.045670246316423718e-01,3.711310610547555733e-01,9.383952153030270527e-01
3.964999999999999858e+01,1.760181154325156372e-01,3.719010019551525770e-01,8.887473363217278655e-01,-1.045725561880556653e-01,3.711311588602587141e-01,9.383938083090184179e-01
3.966000000000000369e+01,1.762742556480335065e-01,3.721114376685696334e-01,8.889313716614601901e-01,-1.045783131945543371e-01,3.711313057659640369e-01,9.383923792917804318e-01
3.967000000000000171e+01,1.765018069338152584e-01,3.722982740869910101e-01,8.890929562660412344e-01,-1.045842839444723893e-01,3.711315019487386735e-01,9.383909279469826448e-01
3.967999999999999972e+01,1.767580097909010051e-01,3.723914241795531210e-01,8.891213504309938287e-01,-1.045876519063701493e-01,3.711305187572019326e-01,9.383906041445665425e-01
3.968999999999999773e+01,1.772572080537079819e-01,3.719429280548747774e-01,8.886488418996680849e-01,-1.045760245732040988e-01,3.711216256971608951e-01,9.383924499979189315e-01
3.970000000000000284e+01,1.778489452640165114e-01,3.711298952244651561e-01,8.879343926265191866e-01,-1.045657842312320007e-01,3.711148952382126720e-01,9.383931727235115261e-01
3.971000000000000085e+01,1.784473839424132457e-01,3.702192097226401080e-01,8.871398562144947597e-01,-1.045636562068874009e-01,3.711145488280212512e-01,9.383932871029712075e-01
3.971999999999999886e+01,1.789961467856565069e-01,3.693800832931098399e-01,8.863638044935963078e-01,-1.045694760227931508e-01,3.711193059541275652e-01,9.383929302612927792e-01
3.973000000000000398e+01,1.794578083043086580e-01,3.687117352269907444e-01,8.856626927210747846e-01,-1.045811075112911687e-01,3.711265806753688556e-01,9.383921128948546908e-01
3.974000000000000199e+01,1.798104533045138953e-01,3.682660738716016513e-01,8.850644000957720303e-01,-1.045963946258795657e-01,3.711342558931464142e-01,9.383907857559087295e-01
3.975000000000000000e+01,1.800441439081407746e-01,3.680636879504591286e-01,8.845780999187933258e-01,-1.046135408175513926e-01,3.711409763771238435e-01,9.383889675578849232e-01
3.975999999999999801e+01,1.801573358428289751e-01,3.681055519022814471e-01,8.842016290685096314e-01,-1.046313734640580001e-01,3.711462448749811571e-01,9.383866990151595866e-01
3.977000000000000313e+01,1.801541277504606631e-01,3.683810893156767019e-01,8.839265139464402843e-01,-1.046491072647430937e-01,3.711500618477097113e-01,9.383840574602445583e-01
3.978000000000000114e+01,1.800421425237396789e-01,3.688744782505438136e-01,8.837417410203625145e-01,-1.046662270999904887e-01,3.711526727227066891e-01,9.383811381065532142e-01
3.978999999999999915e+01,1.798308146507485994e-01,3.695676694448748467e-01,8.836356670781363443e-01,-1.046824133505109139e-01,3.711544058205115681e-01,9.383780394701930483e-01
3.980000000000000426e+01,1.795301291061905946e-01,3.704424303911355576e-01,8.835972997445648014e-01,-1.046975254006179690e-01,3.711555914991180871e-01,9.383748461006016228e-01
3.981000000000000227e+01,1.791500178778872576e-01,3.714816090171697560e-01,8.836169675280842739e-01,-1.047114520217115319e-01,3.711564556162032513e-01,9.383716368165184729e-01
3.982000000000000028e+01,1.786997958432214317e-01,3.726696830762127322e-01,8.836866365146943680e-01,-1.047241629803736251e-01,3.711571525638321378e-01,9.383684683637164570e-01
3.982999999999999829e+01,1.781878538992154315e-01,3.739929079802853940e-01,8.837999746883644647e-01,-1.047356944635315645e-01,3.711577808046513938e-01,9.383653795350330729e-01
3.984000000000000341e+01,1.776215674757493368e-01,3.754392494639593458e-01,8.839522495182313699e-01,-1.047461227877402451e-01,3.711583954267014263e-01,9.383623948407729953e-01
3.985000000000000142e+01,1.770073137925545215e-01,3.769981940486954453e-01,8.841401427582826766e-01,-1.047555504903405488e-01,3.711590349100730712e-01,9.383595286024321025e-01
3.985999999999999943e+01,1.763505493680121439e-01,3.786605023624338151e-01,8.843615283661007131e-01,-1.047640670405995400e-01,3.711596694621847603e-01,9.383567691011782674e-01
3.986999999999999744e+01,1.756559245714368611e-01,3.804179583132012987e-01,8.846152445866178882e-01,-1.047717358240272262e-01,3.711602010950700858e-01,9.383540853800937942e-01
3.988000000000000256e+01,1.749274138805766710e-01,3.822631452947891639e-01,8.849008810195434505e-01,-1.047786541736527161e-01,3.711606019649830723e-01,9.383514528581091696e-01
3.989000000000000057e+01,1.741684450088157587e-01,3.841892491936406695e-01,8.852185851836640307e-01,-1.047849063459680985e-01,3.711608737868325458e-01,9.383488618360971145e-01
3.989999999999999858e+01,1.733820165548289882e-01,3.861898985102175108e-01,8.855688960163002887e-01,-1.047905610543034688e-01,3.711610271183316545e-01,9.383463087095510469e-01
3.991000000000000369e+01,1.725708009011565347e-01,3.882590301006121347e-01,8.859526006150719724e-01,-1.047956715933016786e-01,3.711610750509591883e-01,9.383437946624764159e-01
3.992000000000000171e+01,1.717372300277658081e-01,3.903907903071478502e-01,8.863706163261331206e-01,-1.048002804730444604e-01,3.711610325750143158e-01,9.383413237407117746e-01
3.992999999999999972e+01,1.708835644150546174e-01,3.925794737514251564e-01,8.868239003343307836e-01,-1.048044208848310649e-01,3.711609119927533618e-01,9.383389003146341834e-01
3.993999999999999773e+01,1.700119476727559586e-01,3.948194777309912418e-01,8.873133778245995140e-01,-1.048081185843913882e-01,3.711607223258243105e-01,9.383365284819542573e-01
3.995000000000000284e+01,1.691244457524843647e-01,3.971052635856252566e-01,8.878398809215830578e-01,-1.048113932915594737e-01,3.711604709557737580e-01,9.383342131884223614e-01
3.996000000000000085e+01,1.682230789053427711e-01,3.994313370604929414e-01,8.884041013904687700e-01,-1.048142518671327933e-01,3.711601755088603793e-01,9.383319778756652463e-01
3.996999999999999886e+01,1.673098391090161452e-01,4.017922383734211511e-01,8.890065566107548944e-01,-1.048167001719104430e-01,3.711598231413418270e-01,9.383298276926269610e-01
3.998000000000000398e+01,1.663866981059718697e-01,4.041825399395035934e-01,8.896475651448740862e-01,-1.048187398923500213e-01,3.711593803656538793e-01,9.383277571930720429e-01
3.999000000000000199e+01,1.654556082617166801e-01,4.065968470406896018e-01,8.903272288506236531e-01,-1.048203872256545099e-01,3.711588407326333883e-01,9.383257682592872628e-01
4.000000000000000000e+01,1.645185127745143749e-01,4.090298027911946077e-01,8.910454154870766086e-01,-1.048216661022898927e-01,3.711582130321802730e-01,9.383238617098085266e-01
4.000999999999999801e+01,1.635773477621651484e-01,4.114760951264023747e-01,8.918017473114527860e-01,-1.048225957261819941e-01,3.711575043308628086e-01,9.383220344050426931e-01
4.002000000000000313e+01,1.626340379821018811e-01,4.139304646299372115e-01,8.925955945986199236e-01,-1.048231908451949940e-01,3.711567250014571884e-01,9.383202863022575002e-01
4.003000000000000114e+01,1.616904907364000443e-01,4.163877122104345241e-01,8.934260717682510622e-01,-1.048234672148586066e-01,3.711558915170997119e-01,9.383186209898697339e-01
4.003999999999999915e+01,1.607485923347543588e-01,4.188427073172880100e-01,8.942920346322565939e-01,-1.048234401134175292e-01,3.711550173731017477e-01,9.383170402838282298e-01
4.005000000000000426e+01,1.598102092606392133e-01,4.212903965063801714e-01,8.951920778183151128e-01,-1.048231352872322913e-01,3.711541275437896803e-01,9.383155391941742085e-01
4.006000000000000227e+01,1.588771807034616568e-01,4.237258104485781551e-01,8.961245364313600303e-01,-1.048225601306470717e-01,3.711532307036534695e-01,9.383141132513780347e-01
4.007000000000000028e+01,1.579513070811301712e-01,4.261440703028410715e-01,8.970874910714815575e-01,-1.048217127197227372e-01,3.711523165796466461e-01,9.383127590213218294e-01
4.007999999999999829e+01,1.570343452403710482e-01,4.285403959715822775e-01,8.980787731101691485e-01,-1.048206293918930720e-01,3.711514080412876004e-01,9.383114654847161118e-01
4.009000000000000341e+01,1.561280073271729407e-01,4.309101107043138423e-01,8.990959683120298696e-01,-1.048193465095041965e-01,3.711505308613903820e-01,9.383102177440333369e-01
4.010000000000000142e+01,1.552339743615074874e-01,4.332486389471634225e-01,9.001364115905723384e-01,-1.048178077377245748e-01,3.711496201434355546e-01,9.383090250175427638e-01
4.010999999999999943e+01,1.543538854790557358e-01,4.355515157020479200e-01,9.011972007230468762e-01,-1.048160099372498627e-01,3.711486612524103057e-01,9.383078960225140763e-01
4.011999999999999744e+01,1.534893334452023528e-01,4.378143901460389564e-01,9.022752062574548315e-01,-1.048139761334263287e-01,3.711476682043805542e-01,9.383068352260993672e-01
4.013000000000000256e+01,1.526418653150534155e-01,4.400330267979659649e-01,9.033670793903435525e-01,-1.048117280304604187e-01,3.711466546563542135e-01,9.383058449419038327e-01
4.014000000000000057e+01,1.518129828838352124e-01,4.422033061809497179e-01,9.044692614634932681e-01,-1.048092832517884265e-01,3.711456297735663545e-01,9.383049261390945528e-01
4.014999999999999858e+01,1.510041433799309551e-01,4.443212245563244456e-01,9.055779946147122228e-01,-1.048066565019596941e-01,3.711445990572659337e-01,9.383040789599925713e-01
4.016000000000000369e+01,1.502167604282358682e-01,4.463828926231773742e-01,9.066893334881501731e-01,-1.048038607563965274e-01,3.711435657122607035e-01,9.383033030198590918e-01
4.017000000000000171e+01,1.494522052563790893e-01,4.483845333174117376e-01,9.077991580962463392e-01,-1.048009069047511344e-01,3.711425317583658123e-01,9.383025993721858526e-01
4.017999999999999972e+01,1.487118072271713942e-01,4.503224782229680034e-01,9.089031879305902173e-01,-1.047978063333654397e-01,3.711414974027772429e-01,9.383019688715771300e-01
4.018999999999999773e+01,1.479968570113374959e-01,4.521931628829913841e-01,9.099969960334746144e-01,-1.047945729805377507e-01,3.711404637492614622e-01,9.383014084492339313e-01
4.020000000000000284e+01,1.473086100384210506e-01,4.539931212565294638e-01,9.110760241833896211e-01,-1.047912182057164771e-01,3.711394327673081528e-01,9.383009161046733659e-01
4.021000000000000085e+01,1.466482890507625481e-01,4.557189788912454631e-01,9.121355994310695881e-01,-1.047877513951883943e-01,3.711384062482538937e-01,9.383004904014128345e-01
4.021999999999999886e+01,1.460170871801721448e-01,4.573674449452682644e-01,9.131709514436527897e-01,-1.047841806458908454e-01,3.711373857013687272e-01,9.383001300713873505e-01
4.023000000000000398e+01,1.454161715536930188e-01,4.589353030497097530e-01,9.141772306289969174e-01,-1.047805129975907940e-01,3.711363723588363972e-01,9.382998338774982683e-01
4.024000000000000199e+01,1.448466873911719854e-01,4.604194010035781992e-01,9.151495270331050369e-01,-1.047767544573678516e-01,3.711353671595821746e-01,9.382996005713181153e-01
4.025000000000000000e+01,1.443097625754968805e-01,4.618166393052907104e-01,9.160828900037274458e-01,-1.047729099535422148e-01,3.711343707211356979e-01,9.382994288838165664e-01
4.025999999999999801e+01,1.438065126825734952e-01,4.631239585343180365e-01,9.169723486172731697e-01,-1.047689832714211455e-01,3.711333833132793303e-01,9.382993175284717324e-01
4.027000000000000313e+01,1.433380464596598902e-01,4.643383256044584795e-01,9.178129328717570257e-01,-1.047649769875151349e-01,3.711324048387624197e-01,9.382992652100030639e-01
4.028000000000000114e+01,1.429054717404756591e-01,4.654567189182349241e-01,9.185996956551057968e-01,-1.047608924065066560e-01,3.711314348214281300e-01,9.382992706364087221e-01
4.028999999999999915e+01,1.425099017844762561e-01,4.664761124602045950e-01,9.193277355055510247e-01,-1.047567295017045180e-01,3.711304724002485456e-01,9.382993325333595092e-01
4.030000000000000426e+01,1.421524620261510885e-01,4.673934588754675157e-01,9.199922201888167672e-01,-1.047524868590715974e-01,3.711295163274544451e-01,9.382994496603936918e-01
4.031000000000000227e+01,1.418342972182045636e-01,4.682056715884684306e-01,9.205884111252464752e-01,-1.047481616250122427e-01,3.711285649692803723e-01,9.382996208284499762e-01
4.032000000000000028e+01,1.415565277648482001e-01,4.689095995488007373e-01,9.211116998508580567e-01,-1.047437493077066351e-01,3.711276162004108481e-01,9.382998448889022791e-01
4.032999999999999829e+01,1.413191264244253453e-01,4.695036191134875359e-01,9.215591246455494545e-01,-1.047393219137779802e-01,3.711267057528004898e-01,9.383001152150535207e-01
4.034000000000000341e+01,1.411217477203329795e-01,4.699943591571200674e-01,9.219326297005528970e-01,-1.047351344880457918e-01,3.711259770974621452e-01,9.383004810340438429e-01
4.035000000000000142e+01,1.409674591342890138e-01,4.703892152030233476e-01,9.222319671027946475e-01,-1.047312160580594897e-01,3.711253952741591089e-01,9.383010085190665039e-01
4.035999999999999943e+01,1.408546005730767492e-01,4.707000594553357731e-01,9.224630990045921131e-01,-1.047278026874590706e-01,3.711249646548381298e-01,9.383016547829340359e-01
4.036999999999999744e+01,1.407788536861431794e-01,4.709400827769222309e-01,9.226350131776519525e-01,-1.047251023067364145e-01,3.711247392895707931e-01,9.383023754243040582e-01
4.038000000000000256e+01,1.407345078519054993e-01,4.711222092029888064e-01,9.227577544825765754e-01,-1.047232179493392118e-01,3.711247209768125388e-01,9.383031108883634897e-01
4.039000000000000057e+01,1.407153660342468915e-01,4.712581666931056623e-01,9.228411859273033535e-01,-1.047221523230801310e-01,3.711248468740013795e-01,9.383038009099853305e-01
4.039999999999999858e+01,1.407153619683292889e-01,4.713581190831667156e-01,9.228943084892652360e-01,-1.047218382555901578e-01,3.711250355164000814e-01,9.383044173020262946e-01
4.041000000000000369e+01,1.407290038838377721e-01,4.714305530853219461e-01,9.229248951437286630e-01,-1.047222045866400414e-01,3.711252582653981613e-01,9.383049511864601788e-01
4.042000000000000171e+01,1.407515910798452785e-01,4.714823456414718450e-01,9.229393769232083766e-01,-1.047231705776698746e-01,3.711255084674878746e-01,9.383053967114548533e-01
4.042999999999999972e+01,1.407792915166152792e-01,4.715189285246435547e-01,9.229428820027474334e-01,-1.047246446764279054e-01,3.711257861700430483e-01,9.383057520011728325e-01
4.043999999999999773e+01,1.408091338265287096e-01,4.715445975884711705e-01,9.229394383239132305e-01,-1.047265438444488217e-01,3.711261034997318520e-01,9.383060124013182790e-01
4.045000000000000284e+01,1.408389343328080301e-01,4.715628026189374600e-01,9.229321851179000946e-01,-1.047287726069927316e-01,3.711264669560617735e-01,9.383061855179526400e-01
4.046000000000000085e+01,1.408671588896992510e-01,4.715757173897518473e-01,9.229230944944832871e-01,-1.047312299596638852e-01,3.711268703717498507e-01,9.383062869247716931e-01
4.046999999999999886e+01,1.408928448263957467e-01,4.715849031257290935e-01,9.229134953316278089e-01,-1.047338262146863125e-01,3.711273042936958921e-01,9.383063371911286588e-01
4.048000000000000398e+01,1.409154799564061589e-01,4.715914901184777852e-01,9.229042447181328157e-01,-1.047364928853463106e-01,3.711277584913557637e-01,9.383063524002166478e-01
4.049000000000000199e+01,1.409348890013918387e-01,4.715962829689082092e-01,9.228958473166012366e-01,-1.047391838909365741e-01,3.711282265855198603e-01,9.383063410619234546e-01
4.050000000000000000e+01,1.409511351694603953e-01,4.715998447246605441e-01,9.228885541895947009e-01,-1.047418661382767124e-01,3.711287014667830064e-01,9.383063065559711369e-01
4.050999999999999801e+01,1.409644369273650721e-01,4.716025621829897929e-01,9.228824423236116070e-01,-1.047445210787269071e-01,3.711291662824654503e-01,9.383062371169009763e-01
4.052000000000000313e+01,1.409751055721957524e-01,4.716047014390901682e-01,9.228774770214513978e-01,-1.047471397691834560e-01,3.711296227783136836e-01,9.383061271266779357e-01
4.053000000000000114e+01,1.409834960237404677e-01,4.716064459767342343e-01,9.228735575321820317e-01,-1.047497080038133632e-01,3.711300712759834641e-01,9.383059802418599604e-01
4.053999999999999915e+01,1.409899705180797935e-01,4.716079139431116896e-01,9.228705480937789973e-01,-1.047522166435581881e-01,3.711305111611444829e-01,9.383058005273628988e-01
4.055000000000000426e+01,1.409948747059470986e-01,4.716091794414581373e-01,9.228683008374743979e-01,-1.047546614967467399e-01,3.711309416090678992e-01,9.383055914882718618e-01
4.056000000000000227e+01,1.409985229160644893e-01,4.716102885104178077e-01,9.228666709844487448e-01,-1.047570417821397232e-01,3.711313615288228673e-01,9.383053560159426709e-01
4.057000000000000028e+01,1.410011886602933473e-01,4.716112433436703277e-01,9.228655067224097452e-01,-1.047593583803574369e-01,3.711317691446868183e-01,9.383050964822104989e-01
4.057999999999999829e+01,1.410031015145488953e-01,4.716119847256871056e-01,9.228646355651826116e-01,-1.047616131937117862e-01,3.711321624210461301e-01,9.383048148706485403e-01
4.059000000000000341e+01,1.410044554129977756e-01,4.716125116906698111e-01,9.228639496232072803e-01,-1.047638105441431600e-01,3.711325411664679885e-01,9.383045129094521597e-01
4.060000000000000142e+01,1.410054077053135013e-01,4.716128540531842606e-01,9.228633843242770585e-01,-1.047659550056746630e-01,3.711329053626214458e-01,9.383041921119846807e-01
4.060999999999999943e+01,1.410060811045615869e-01,4.716130469402350367e-01,9.228628975844888060e-01,-1.047680507100922087e-01,3.711332547355659650e-01,9.383038538228263281e-01
4.061999999999999744e+01,1.410065681429035211e-01,4.716131222403194823e-01,9.228624607856957818e-01,-1.047701013297791250e-01,3.711335889361137563e-01,9.383034992707346422e-01
4.063000000000000256e+01,1.410069373292828221e-01,4.716131065075835904e-01,9.228620540790386517e-01,-1.047721101400391763e-01,3.711339077351589744e-01,9.383031296129363819e-01
4.064000000000000057e+01,1.410072413616281217e-01,4.716130214455567793e-01,9.228616629827323115e-01,-1.047740799257408928e-01,3.711342111588774029e-01,9.383027459946066129e-01
4.064999999999999858e+01,1.410075252749779517e-01,4.716128860204748530e-01,9.228612758360910107e-01,-1.047760133162402851e-01,3.711344994019795118e-01,9.383023495378839396e-01
4.066000000000000369e+01,1.410078216578209975e-01,4.716127281634044377e-01,9.228608939753626395e-01,-1.047779133603244373e-01,3.711347737315049966e-01,9.383019410318046427e-01
4.067000000000000171e+01,1.410081476986246585e-01,4.716125847749945699e-01,9.228605329292830506e-01,-1.047797829240920547e-01,3.711350356847883392e-01,9.383015210785479177e-01
4.067999999999999972e+01,1.410085079187066992e-01,4.716124754808477260e-01,9.228602014938194209e-01,-1.047816239408369959e-01,3.711352867243963849e-01,9.383010907213092944e-01
4.068999999999999773e+01,1.410088989703790485e-01,4.716124068818994264e-01,9.228599027750539197e-01,-1.047834376298819176e-01,3.711355276988529406e-01,9.383006510865974370e-01
4.070000000000000284e+01,1.410093133693498535e-01,4.716123779048704834e-01,9.228596364930804485e-01,-1.047852249489411580e-01,3.711357591223235497e-01,9.383002032491870592e-01
4.071000000000000085e+01,1.410097420432697146e-01,4.716123834396259706e-01,9.228594005112744636e-01,-1.047869868543439970e-01,3.711359815513243232e-01,9.382997482207697804e-01
4.071999999999999886e+01,1.410101759638244245e-01,4.716124167035180559e-01,9.228591918169065655e-01,-1.047887242864101176e-01,3.711361956058247813e-01,9.382992869470073716e-01
4.073000000000000398e+01,1.410106070918525079e-01,4.716124706900678976e-01,9.228590071254302307e-01,-1.047904381248425387e-01,3.711364019057430408e-01,9.382988203050038889e-01
4.074000000000000199e+01,1.410110288369025577e-01,4.716125389819953440e-01,9.228588432311983780e-01,-1.047921291692397727e-01,3.711366010158764217e-01,9.382983491016186894e-01
4.075000000000000000e+01,1.410114361928920534e-01,4.716126161403788597e-01,9.228586971919372495e-01,-1.047937981425414861e-01,3.711367934192482121e-01,9.382978740736221956e-01
4.075999999999999801e+01,1.410118256725735320e-01,4.716126978250014257e-01,9.228585664082213924e-01,-1.047954457050732646e-01,3.711369795140604944e-01,9.382973958898798150e-01
4.077000000000000313e+01,1.410121951298277665e-01,4.716127807557103924e-01,9.228584486399772358e-01,-1.047970724699826411e-01,3.711371596243893678e-01,9.382969151551544540e-01
4.078000000000000114e+01,1.410125338578121224e-01,4.716128723236979181e-01,9.228583538254476748e-01,-1.047986795241814539e-01,3.711373342451426693e-01,9.382964325232202585e-01
4.078999999999999915e+01,1.410127718076929770e-01,4.716130415728496117e-01,9.228583659014734097e-01,-1.048002697128944671e-01,3.711375051681793380e-01,9.382959495212124246e-01
4.080000000000000426e+01,1.410129313681176555e-01,4.716132648123342874e-01,9.228584559194701331e-01,-1.048018403045534591e-01,3.711376714588143222e-01,9.382954662882843078e-01
4.081000000000000227e+01,1.410130536138497481e-01,4.716134995137123420e-01,9.228585725050090227e-01,-1.048033898126198293e-01,3.711378319902572387e-01,9.382949826189739273e-01
4.082000000000000028e+01,1.410131650312116125e-01,4.716137191372164472e-01,9.228586833276111179e-01,-1.048049186483305112e-01,3.711379865768832387e-01,9.382944986116147357e-01
4.082999999999999829e+01,1.410132810974640549e-01,4.716139094592235459e-01,9.228587704990587337e-01,-1.048064279658403181e-01,3.711381355602065835e-01,9.382940144953583195e-01
4.084000000000000341e+01,1.410134096342237076e-01,4.716140646459003327e-01,9.228588259945786909e-01,-1.048079190217077877e-01,3.711382794345142178e-01,9.382935305336111975e-01
4.085000000000000142e+01,1.410135533196902324e-01,4.716141842248267602e-01,9.228588481892926465e-01,-1.048093929137495217e-01,3.711384186526375251e-01,9.382930469840992105e-01
4.085999999999999943e+01,1.410137115692825238e-01,4.716142708775254988e-01,9.228588393250642952e-01,-1.048108505180718880e-01,3.711385535634890154e-01,9.382925640854776761e-01
4.086999999999999744e+01,1.410138819205013216e-01,4.716143289011760498e-01,9.228588037173008907e-01,-1.048122925089956525e-01,3.711386844168943488e-01,9.382920820553304342e-01
4.088000000000000256e+01,1.410140610198947764e-01,4.716143631867389385e-01,9.228587465357179775e-01,-1.048137194031140557e-01,3.711388113919645293e-01,9.382916010922660588e-01
4.089000000000000057e+01,1.410142452935632118e-01,4.716143785794312815e-01,9.228586730182815057e-01,-1.048151316027074592e-01,3.711389346265988598e-01,9.382911213788123206e-01
4.089999999999999858e+01,1.410144313724343290e-01,4.716143795118653559e-01,9.228585880022203147e-01,-1.048165294306926815e-01,3.711390542396407199e-01,9.382906430838368061e-01
4.091000000000000369e+01,1.410146163341202963e-01,4.716143698241523907e-01,9.228584956790454319e-01,-1.048179131564028754e-01,3.711391703444161250e-01,9.382901663641950440e-01
4.092000000000000171e+01,1.410147978133843294e-01,4.716143527064057261e-01,9.228583995012155095e-01,-1.048192830137976150e-01,3.711392830553072453e-01,9.382896913657043925e-01
4.092999999999999972e+01,1.410149740233945792e-01,4.716143307165718279e-01,9.228583021858403068e-01,-1.048206392140381832e-01,3.711393924896931318e-01,9.382892182236550749e-01
4.093999999999999773e+01,1.410151437206325076e-01,4.716143058404226873e-01,9.228582057755663204e-01,-1.048219819540146258e-01,3.711394987673073409e-01,9.382887470630796312e-01
4.095000000000000284e+01,1.410153061380207129e-01,4.716142795712044977e-01,9.228581117286098756e-01,-1.048233114220073758e-01,3.711396020084858360e-01,9.382882779989258903e-01
4.096000000000000085e+01,1.410154609038147544e-01,4.716142529944011286e-01,9.228580210190404642e-01,-1.048246278013092447e-01,3.711397023322196564e-01,9.382878111362615847e-01
4.096999999999999886e+01,1.410156079581264266e-01,4.716142268687941730e-01,9.228579342353577797e-01,-1.048259312723915648e-01,3.711397998544941901e-01,9.382873465705434679e-01
4.098000000000000398e+01,1.410157474745326045e-01,4.716142016990340080e-01,9.228578516703750401e-01,-1.048272220140453875e-01,3.711398946871066196e-01,9.382868843879874632e-01
4.099000000000000199e+01,1.410158797909625006e-01,4.716141777976153304e-01,9.228577733989357101e-01,-1.048285002038197439e-01,3.711399869369740867e-01,9.382864246660285179e-01
4.100000000000000000e+01,1.410160053517210133e-01,4.716141553358799698e-01,9.228576993423687203e-01,-1.048297660179940832e-01,3.711400767058545269e-01,9.382859674738435185e-01
4.100999999999999801e+01,1.410161246609371033e-01,4.716141343846932954e-01,9.228576293200103642e-01,-1.048310196312725179e-01,3.711401640903729815e-01,9.382855128729358229e-01
4.102000000000000313e+01,1.410162382467503861e-01,4.716141149459791015e-01,9.228575630890196724e-01,-1.048322612163393591e-01,3.711402491822460292e-01,9.382850609177266765e-01
4.103000000000000114e+01,1.410163466349921846e-01,4.716140969765131863e-01,9.228575003740935312e-01,-1.048334909433724094e-01,3.711403320686070817e-01,9.382846116561560645e-01
4.103999999999999915e+01,1.410164503308830863e-01,4.716140804053954860e-01,9.228574408888139402e-01,-1.048347089795796244e-01,3.711404128323705920e-01,9.382841651302638031e-01
4.105000000000000426e+01,1.410165498072180057e-01,4.716140651465121625e-01,9.228573843503096175e-01,-1.048359154888026668e-01,3.711404915525875481e-01,9.382837213767398765e-01
4.106000000000000227e+01,1.410166454976165551e-01,4.716140511071336694e-01,9.228573304887364159e-01,-1.048371106312107892e-01,3.711405683047644954e-01,9.382832804274315874e-01
4.107000000000000028e+01,1.410167377935652999e-01,4.716140381936212433e-01,9.228572790528727365e-01,-1.048382945630842583e-01,3.711406431611408707e-01,9.382828423098148463e-01
4.107999999999999829e+01,1.410168270441807814e-01,4.716140263150146450e-01,9.228572298129021911e-01,-1.048394674366905921e-01,3.711407161909168195e-01,9.382824070474129474e-01
4.109000000000000341e+01,1.410169135578203115e-01,4.716140153851213213e-01,9.228571825612384982e-01,-1.048406294002414280e-01,3.711407874604407131e-01,9.382819746601792632e-01
4.110000000000000142e+01,1.410169976048518958e-01,4.716140053235757246e-01,9.228571371120577460e-01,-1.048417805979150463e-01,3.711408570333624146e-01,9.382815451648329752e-01
4.110999999999999943e+01,1.410170794210663658e-01,4.716139960562178990e-01,9.228570933000270760e-01,-1.048429211699320185e-01,3.711409249707607327e-01,9.382811185751618321e-01
4.111999999999999744e+01,1.410171592113522165e-01,4.716139875150458516e-01,9.228570509786032661e-01,-1.048440512526732926e-01,3.711409913312508357e-01,9.382806949022906018e-01
4.113000000000000256e+01,1.410172371533690572e-01,4.716139796379206772e-01,9.228570100181398006e-01,-1.048451709788209840e-01,3.711410561710812850e-01,9.382802741549179926e-01
4.114000000000000057e+01,1.410173134010477558e-01,4.716139723681432860e-01,9.228569703039786187e-01,-1.048462804775175533e-01,3.711411195442215205e-01,9.382798563395304825e-01
4.114999999999999858e+01,1.410173880878189401e-01,4.716139656539841130e-01,9.228569317346337897e-01,-1.048473798745329921e-01,3.711411815024448502e-01,9.382794414605943878e-01
4.116000000000000369e+01,1.410174613295088197e-01,4.716139594482119390e-01,9.228568942201182956e-01,-1.048484692924304684e-01,3.711412420954097735e-01,9.382790295207267262e-01
4.117000000000000171e+01,1.410175332268953363e-01,4.716139537076516342e-01,9.228568576804497825e-01,-1.048495488507351775e-01,3.711413013707401398e-01,9.382786205208489827e-01
4.117999999999999972e+01,1.410176038679240573e-01,4.716139483927812015e-01,9.228568220443404968e-01,-1.048506186660877887e-01,3.711413593741016981e-01,9.382782144603289964e-01
4.118999999999999773e+01,1.410176733296127916e-01,4.716139434673767838e-01,9.228567872480586409e-01,-1.048516788523969068e-01,3.711414161492800901e-01,9.382778113371078588e-01
4.120000000000000284e+01,1.410177416796707661e-01,4.716139388981995806e-01,9.228567532344577051e-01,-1.048527295209785298e-01,3.711414717382581774e-01,9.382774111478164869e-01
4.121000000000000085e+01,1.410178089778675314e-01,4.716139346547247868e-01,9.228567199521422459e-01,-1.048537707806848074e-01,3.711415261812885391e-01,9.382770138878805399e-01
4.121999999999999886e+01,1.410178752771859834e-01,4.716139307089044497e-01,9.228566873547634497e-01,-1.048548027380262204e-01,3.711415795169676346e-01,9.382766195516207830e-01
4.123000000000000398e+01,1.410179406247915601e-01,4.716139270349604673e-01,9.228566554004181688e-01,-1.048558254972807302e-01,3.711416317823056921e-01,9.382762281323386855e-01
4.124000000000000199e+01,1.410180050628454251e-01,4.716139236092029563e-01,9.228566240511366647e-01,-1.048568391605970845e-01,3.711416830127951538e-01,9.382758396224006869e-01
4.125000000000000000e+01,1.410180686291879759e-01,4.716139204098674376e-01,9.228565932724424048e-01,-1.048578438280897140e-01,3.711417332424767901e-01,9.382754540133123600e-01
4.125999999999999801e+01,1.410181313579166595e-01,4.716139174169687864e-01,9.228565630329780278e-01,-1.048588395979244137e-01,3.711417825040019824e-01,9.382750712957905748e-01
4.127000000000000313e+01,1.410181932798721394e-01,4.716139146121671732e-01,9.228565333041759411e-01,-1.048598265664004714e-01,3.711418308286947298e-01,9.382746914598235621e-01
4.128000000000000114e+01,1.410646140624749190e-01,4.715281915615754937e-01,9.227682951504936337e-01,-1.048809477697318915e-01,3.711436976353004180e-01,9.382522428124324687e-01
4.128999999999999915e+01,1.414055380503732584e-01,4.709309810634021431e-01,9.221608355959444170e-01,-1.049537226442222304e-01,3.711697026877700534e-01,9.381668397165825457e-01
4.130000000000000426e+01,1.419603404006265779e-01,4.700325494218001721e-01,9.212325257463247485e-01,-1.050199540789592406e-01,3.712234886860196759e-01,9.380826573665085322e-01
4.131000000000000227e+01,1.426199989082725661e-01,4.690457875824751710e-01,9.201880396188599764e-01,-1.050800700850814673e-01,3.712906906794135042e-01,9.380018842922129840e-01
4.132000000000000028e+01,1.433079092581327485e-01,4.680992160210120101e-01,9.191534826212250930e-01,-1.051375105458810799e-01,3.713601914747626243e-01,9.379201954164324562e-01
4.132999999999999829e+01,1.439739901475309558e-01,4.672632855271194874e-01,9.181993468268722092e-01,-1.051944982401740170e-01,3.714269261989786575e-01,9.378340053631679663e-01
4.134000000000000341e+01,1.445888310360107509e-01,4.665697677511430053e-01,9.173583942727342455e-01,-1.052524107862915642e-01,3.714905333966252443e-01,9.377408140467008435e-01
4.135000000000000142e+01,1.451385601733075903e-01,4.660258751336441296e-01,9.166389594497499349e-01,-1.053118869227044341e-01,3.715533440305412438e-01,9.376389710230441654e-01
4.135999999999999943e+01,1.456203401581642742e-01,4.656242806198011563e-01,9.160345735146117052e-01,-1.053729447174828610e-01,3.716187439819859106e-01,9.375274041381533863e-01
4.136999999999999744e+01,1.460386145247082601e-01,4.653500040979757779e-01,9.155306975485557608e-01,-1.054351819557129838e-01,3.716901111949219016e-01,9.374054024622682224e-01
4.138000000000000256e+01,1.464021866583452569e-01,4.651849281764595667e-01,9.151092173991479672e-01,-1.054979365114623036e-01,3.717701863445945776e-01,9.372724709643446284e-01
4.139000000000000057e+01,1.467222614564133165e-01,4.651108589942773430e-01,9.147514042987838767e-01,-1.055604948038774138e-01,3.718610007145244367e-01,9.371282684193963375e-01
4.139999999999999858e+01,1.470107030837449480e-01,4.651110264302929509e-01,9.144396415253420729e-01,-1.056222587237384825e-01,3.719638211882314582e-01,9.369725058331894729e-01
4.141000000000000369e+01,1.472789522031409115e-01,4.651708652570543112e-01,9.141583600229102879e-01,-1.056828265874065614e-01,3.720792836697194295e-01,9.368048969224551659e-01
4.142000000000000171e+01,1.475373621437537086e-01,4.652782780250689365e-01,9.138944407927974689e-01,-1.057420286273569460e-01,3.722075988432380633e-01,9.366251240412217793e-01
4.142999999999999972e+01,1.477948321287064493e-01,4.654235594970748680e-01,9.136372679431797872e-01,-1.057999088527642739e-01,3.723487432161872168e-01,9.364328199368501249e-01
4.143999999999999773e+01,1.480586512014034628e-01,4.655991504159884831e-01,9.133785798800981848e-01,-1.058566742356346901e-01,3.725026070081571827e-01,9.362275638365038510e-01
4.145000000000000284e+01,1.483344977939222709e-01,4.657993000294551322e-01,9.131122031034840658e-01,-1.059126324300805749e-01,3.726690896072260561e-01,9.360088847705191339e-01
4.146000000000000085e+01,1.486265340271465951e-01,4.660197234261274080e-01,9.128337467523786053e-01,-1.059681352950625072e-01,3.728481493486384135e-01,9.357762623244851863e-01
4.146999999999999886e+01,1.489401190416465015e-01,4.662579389584616263e-01,9.125396874638138645e-01,-1.059963884207041213e-01,3.730038591699143535e-01,9.355318357317938815e-01
4.148000000000000398e+01,1.492798052089410188e-01,4.665127851329571307e-01,9.122278724500141323e-01,-1.059963647328857894e-01,3.731132315508081110e-01,9.352658900149491972e-01
4.149000000000000199e+01,1.496464397986059236e-01,4.667830605462880977e-01,9.118977351469313986e-01,-1.059878730085897780e-01,3.731986930478020104e-01,9.349750714507304439e-01
4.150000000000000000e+01,1.500393929301106766e-01,4.670674312987125876e-01,9.115492777555160853e-01,-1.059781152395839199e-01,3.732782036612325993e-01,9.346619657006951520e-01
4.150999999999999801e+01,1.504570747393329522e-01,4.673645829121408912e-01,9.111829560133438699e-01,-1.059681652354126646e-01,3.733606590523862456e-01,9.343289681862148033e-01
4.152000000000000313e+01,1.508974592626051436e-01,4.676733891516691166e-01,9.107995724869314413e-01,-1.059572201494128896e-01,3.734492698205786887e-01,9.339774199610844096e-01
4.153000000000000114e+01,1.513584731070458655e-01,4.679929531443488555e-01,9.104001398978776027e-01,-1.059443232606720880e-01,3.735445679347004222e-01,9.336079383226056905e-01
4.153999999999999915e+01,1.518382036671823143e-01,4.683225884359566993e-01,9.099857771433880194e-01,-1.059288602674065549e-01,3.736460790302557067e-01,9.332207771618710179e-01
4.155000000000000426e+01,1.523349822661656250e-01,4.686617654188651727e-01,9.095576334291328724e-01,-1.059105906703825123e-01,3.737530914850169528e-01,9.328160476414190105e-01
4.156000000000000227e+01,1.528473940855324398e-01,4.690100502146583028e-01,9.091168403724889657e-01,-1.058895527387390956e-01,3.738649576601277280e-01,9.323938322408675816e-01
4.157000000000000028e+01,1.533742461220145847e-01,4.693670660720248300e-01,9.086644947647292136e-01,-1.058659650621724679e-01,3.739811829607735394e-01,9.319542380289123074e-01
4.157999999999999829e+01,1.539145287141202856e-01,4.697324514186224098e-01,9.082016447743374021e-01,-1.058401560234653455e-01,3.741014288690164280e-01,9.314974186656459487e-01
4.159000000000000341e+01,1.544673687708892351e-01,4.701058487698402955e-01,9.077292990719143528e-01,-1.058125214409294801e-01,3.742254872486276418e-01,9.310235811800444683e-01
4.160000000000000142e+01,1.550319976864830696e-01,4.704868810104451127e-01,9.072484230976085584e-01,-1.057835020147569888e-01,3.743532498048165458e-01,9.305329858126026865e-01
4.160999999999999943e+01,1.556077170123246756e-01,4.708751575307555948e-01,9.067599554306169374e-01,-1.057535732303923476e-01,3.744846818902390906e-01,9.300259431445322411e-01
4.161999999999999744e+01,1.561938810021275270e-01,4.712702610565537853e-01,9.062648055531307145e-01,-1.057232417518877698e-01,3.746198029776794391e-01,9.295028105709204347e-01
4.163000000000000256e+01,1.567898757845328506e-01,4.716717604963465149e-01,9.057638694812164548e-01,-1.056930452900932960e-01,3.747586737343603369e-01,9.289639890891822072e-01
4.164000000000000057e+01,1.573951127963693353e-01,4.720792017019684872e-01,9.052580258504649979e-01,-1.056635535480867916e-01,3.749013882850833479e-01,9.284099207410214660e-01
4.164999999999999858e+01,1.580090166792451623e-01,4.724921219614328094e-01,9.047481491967354073e-01,-1.056353697110208045e-01,3.750480704100703777e-01,9.278410867715418675e-01
4.166000000000000369e+01,1.586310247819171793e-01,4.729100416684635100e-01,9.042351043203387118e-01,-1.056091315671174036e-01,3.751988721698891194e-01,9.272580063889046542e-01
4.167000000000000171e+01,1.592617661385453132e-01,4.733326230308636529e-01,9.037193915157203383e-01,-1.055910509191272661e-01,3.753794690889907804e-01,9.266759429182301888e-01
4.167999999999999972e+01,1.599006440922997874e-01,4.737590487127021355e-01,9.032016634809170164e-01,-1.055887882856460097e-01,3.755937959588724340e-01,9.260933474580628211e-01
4.168999999999999773e+01,1.605466433120981695e-01,4.741886152440952240e-01,9.026828195417637701e-01,-1.055978638365242389e-01,3.758248350365909207e-01,9.255024758106245031e-01
4.170000000000000284e+01,1.611991731852097653e-01,4.746208947409268908e-01,9.021637938028793657e-01,-1.056152069932392995e-01,3.760647290745049998e-01,9.249011039921971600e-01
4.171000000000000085e+01,1.618577761767585055e-01,4.750556379665331619e-01,9.016456015011881098e-01,-1.056363410883107840e-01,3.763157503135178827e-01,9.242934774275881615e-01
4.171999999999999886e+01,1.625178385105423839e-01,4.754950638424350617e-01,9.011326792061288282e-01,-1.056144574031852024e-01,3.766446496374824537e-01,9.237432366439206621e-01
4.173000000000000398e+01,1.631704355557997144e-01,4.759396106760088174e-01,9.006297758723419422e-01,-1.055653585727651111e-01,3.770079949953704102e-01,9.232243511210775910e-01
4.174000000000000199e+01,1.638193641223559538e-01,4.763877345102530136e-01,9.001352606277766011e-01,-1.055163240620011350e-01,3.773431759613323777e-01,9.226899787089258842e-01
4.175000000000000000e+01,1.644758778229656049e-01,4.768368711805849314e-01,8.996439443316799345e-01,-1.054959718824521608e-01,3.776173477676212364e-01,9.221187999264949253e-01
4.175999999999999801e+01,1.651577181701713304e-01,4.772845416420825604e-01,8.991482986584213855e-01,-1.055244543541833530e-01,3.778127738226910171e-01,9.214972977007566124e-01
4.177000000000000313e+01,1.658752810942828448e-01,4.777308567411628348e-01,8.986456019660369332e-01,-1.055746645962496871e-01,3.779505038978581144e-01,9.208387782531896049e-01
4.178000000000000114e+01,1.666269764432987410e-01,4.781762899117854571e-01,8.981379820265469327e-01,-1.056376181783220541e-01,3.780589581203268601e-01,9.201596531440607851e-01
4.178999999999999915e+01,1.673959894386623792e-01,4.786229442872942386e-01,8.976360636229939738e-01,-1.057114233107304957e-01,3.781513380602861130e-01,9.194662466349914354e-01
4.180000000000000426e+01,1.679928162922093571e-01,4.791065867463882855e-01,8.972612854384247605e-01,-1.058170740186130665e-01,3.782513112656132326e-01,9.187679574250788850e-01
4.181000000000000227e+01,1.683864342719842144e-01,4.795441641826831414e-01,8.969684246257912941e-01,-1.059674703781994937e-01,3.783690505956960326e-01,9.180705008109520948e-01
4.182000000000000028e+01,1.686762741736961002e-01,4.799130873922747842e-01,8.966831268655202081e-01,-1.061588624982495316e-01,3.784951492903890768e-01,9.173708758202629987e-01
4.182999999999999829e+01,1.689256141078602225e-01,4.802229689112860189e-01,8.963767383601451977e-01,-1.063867529445078064e-01,3.786146374132898784e-01,9.166570712311906677e-01
4.184000000000000341e+01,1.691471807447097186e-01,4.805069510769351959e-01,8.960725049320227287e-01,-1.066524593517846620e-01,3.787258013971138704e-01,9.159228154829853752e-01
4.185000000000000142e+01,1.693506843577998189e-01,4.807861671575947571e-01,8.957841803232008404e-01,-1.069580062896270112e-01,3.788334610084096443e-01,9.151677362477639299e-01
4.185999999999999943e+01,1.695387973664910508e-01,4.810431816857151377e-01,8.954996181316257076e-01,-1.073040504662371997e-01,3.789415058039296569e-01,9.143928780525659716e-01
4.186999999999999744e+01,1.697248336079471009e-01,4.812744428636574479e-01,8.952070042752643397e-01,-1.076541982254951291e-01,3.790809143702847384e-01,9.136505484067988236e-01
4.188000000000000256e+01,1.699171603174166045e-01,4.814823473777494200e-01,8.949017787491617693e-01,-1.079842937505791634e-01,3.792358505600392227e-01,9.129588230498502099e-01
4.189000000000000057e+01,1.701113208964729617e-01,4.816951180874992078e-01,8.946036488397651754e-01,-1.083047760328013503e-01,3.793652215868086319e-01,9.122864258609391097e-01
4.189999999999999858e+01,1.703093142303207796e-01,4.819138562764950784e-01,8.943158190605988711e-01,-1.085900475232117190e-01,3.794623801620951586e-01,9.116527394972354648e-01
4.191000000000000369e+01,1.705198881914904985e-01,4.821389801700069477e-01,8.940386489865522757e-01,-1.088507314814997629e-01,3.795069680007685520e-01,9.110418208986269528e-01
4.192000000000000171e+01,1.707522508048739951e-01,4.823709996568409375e-01,8.937718051945676700e-01,-1.090945573471416435e-01,3.795065184050436802e-01,9.104461082994591559e-01
4.192999999999999972e+01,1.710116378393841952e-01,4.826100773313723447e-01,8.935158484799542444e-01,-1.093194528336665083e-01,3.794710535525704365e-01,9.098658028068209447e-01
4.193999999999999773e+01,1.712987814591714897e-01,4.828567148844654100e-01,8.932730800975527963e-01,-1.095302952741531444e-01,3.794012729753368229e-01,9.092911152754818982e-01
4.195000000000000284e+01,1.716137028062441339e-01,4.831122196553073733e-01,8.930465937734010096e-01,-1.097298271572962336e-01,3.792988106146657490e-01,9.087137498888495646e-01
4.196000000000000085e+01,1.719569363667989847e-01,4.833783037933310212e-01,8.928395625827570958e-01,-1.099171678798691876e-01,3.791681437048362024e-01,9.081303035893922848e-01
4.196999999999999886e+01,1.723291705068680235e-01,4.836565591551666432e-01,8.926549664208072166e-01,-1.100897605531054313e-01,3.790131793728682696e-01,9.075398844838514778e-01
4.198000000000000398e+01,1.727316582766859621e-01,4.839482011372681081e-01,8.924952269853494435e-01,-1.102439594450158045e-01,3.788365323608600677e-01,9.069431530508638151e-01
4.199000000000000199e+01,1.731662972956040381e-01,4.842538886327053538e-01,8.923620212583507350e-01,-1.103795588853026532e-01,3.786482022755499055e-01,9.063436482767210922e-01
4.200000000000000000e+01,1.736314997016472350e-01,4.845728044670938317e-01,8.922570829205571652e-01,-1.105325679303763575e-01,3.785006606512137939e-01,9.057385009611726989e-01
4.200999999999999801e+01,1.741269527131579509e-01,4.849041768737019087e-01,8.921815650271081033e-01,-1.106671731317088597e-01,3.783486075519055802e-01,9.051251502170588603e-01
4.202000000000000313e+01,1.746544181711880694e-01,4.852476765474190157e-01,8.921360330260964533e-01,-1.107690803532837553e-01,3.781757233070965341e-01,9.045095015423700868e-01
4.203000000000000114e+01,1.752147777034921139e-01,4.856025775350689133e-01,8.921209362443128787e-01,-1.108421365684287563e-01,3.779841542625404505e-01,9.038949021978716081e-01
4.203999999999999915e+01,1.758080594477822445e-01,4.859676293459147534e-01,8.921365052605045864e-01,-1.108929235545399461e-01,3.777789662159866668e-01,9.032829587266406612e-01
4.205000000000000426e+01,1.764337000973031366e-01,4.863411602958789826e-01,8.921827354839817481e-01,-1.109270179821289226e-01,3.775641362198314810e-01,9.026743531510790230e-01
4.206000000000000227e+01,1.770908512708460891e-01,4.867212107773214447e-01,8.922593819504875956e-01,-1.109490759755396849e-01,3.773417149051766506e-01,9.020687682147914277e-01
4.207000000000000028e+01,1.777785532294449411e-01,4.871055046780449760e-01,8.923658826362153018e-01,-1.109633979182201580e-01,3.771125190257111348e-01,9.014649350655314919e-01
4.207999999999999829e+01,1.784943953308901765e-01,4.874897984864205447e-01,8.925006019366904519e-01,-1.109728631590600756e-01,3.768779135642658096e-01,9.008625293528266242e-01
4.209000000000000341e+01,1.792323490470137115e-01,4.878645396848664828e-01,8.926592346796449196e-01,-1.109784095065341203e-01,3.766402381565861490e-01,9.002633986118959708e-01
4.210000000000000142e+01,1.799778714900799326e-01,4.882386007644747838e-01,8.928543303314654400e-01,-1.109555662737993775e-01,3.764969126911197894e-01,8.997294094471540715e-01
4.210999999999999943e+01,1.807128455152810786e-01,4.886274326823224490e-01,8.931041512336382882e-01,-1.109124938967175344e-01,3.764444456740633216e-01,8.992641853322635992e-01
4.211999999999999744e+01,1.814426993922020892e-01,4.890667090731028455e-01,8.934340779568719082e-01,-1.108639068692350849e-01,3.764431709566679607e-01,8.988464594315102030e-01
4.213000000000000256e+01,1.821744113911379637e-01,4.895458999320267957e-01,8.938340946251579489e-01,-1.108230243570606927e-01,3.764576563171860291e-01,8.984559239796903185e-01
4.214000000000000057e+01,1.829160514293641238e-01,4.900379917168272703e-01,8.942812785839786560e-01,-1.108051148378804002e-01,3.764438676802521755e-01,8.980640065389902116e-01
4.214999999999999858e+01,1.836739462300056580e-01,4.905237689807877000e-01,8.947592832795639994e-01,-1.108177076746464235e-01,3.763969010990975694e-01,8.976650841209149467e-01
4.216000000000000369e+01,1.844519998828727525e-01,4.909935448237466860e-01,8.952596972690101129e-01,-1.108648481791238705e-01,3.763263843959180344e-01,8.972615170095947779e-01
4.217000000000000171e+01,1.852520590884871587e-01,4.914436277842508805e-01,8.957792166715645710e-01,-1.109483402666662788e-01,3.762432605381875184e-01,8.968569562956181240e-01
4.217999999999999972e+01,1.860713542351396244e-01,4.918729357950019088e-01,8.963179661995436254e-01,-1.110833710856762302e-01,3.761468461610503189e-01,8.964420595443087780e-01
4.218999999999999773e+01,1.868678146594364986e-01,4.922745817515953304e-01,8.968845741761933832e-01,-1.115200216497038710e-01,3.757519810227900603e-01,8.957482796443281270e-01
4.220000000000000284e+01,1.876965424440338592e-01,4.926359617206386154e-01,8.974506060540361485e-01,-1.121806848931005407e-01,3.751569720580534284e-01,8.948536676301898085e-01
4.221000000000000085e+01,1.885706676971853346e-01,4.929588169789029251e-01,8.980134059768142274e-01,-1.128960519919101624e-01,3.746705600489123045e-01,8.939856319575820720e-01
4.221999999999999886e+01,1.894840122483267553e-01,4.932492757797400373e-01,8.985797092885128290e-01,-1.136617935638361415e-01,3.744881924293650410e-01,8.932660124703351023e-01
4.223000000000000398e+01,1.904278942343597125e-01,4.935143326563127264e-01,8.991577144751100592e-01,-1.147935067306429663e-01,3.749860048330624362e-01,8.928001476328056851e-01
4.224000000000000199e+01,1.912175978111139152e-01,4.937602066902569975e-01,8.998110366410145833e-01,-1.164917664299857658e-01,3.754269697428953001e-01,8.920903692925739037e-01
4.225000000000000000e+01,1.919003484627659073e-01,4.939927747807789649e-01,9.005257056355125966e-01,-1.183675411776024811e-01,3.757860146487828623e-01,8.913104400513069958e-01
4.225999999999999801e+01,1.925211947268862522e-01,4.941848124509192197e-01,9.012668195766945223e-01,-1.202561944017870865e-01,3.760325429003605335e-01,8.905289309098557426e-01
4.227000000000000313e+01,1.931284485177493238e-01,4.942930616277671496e-01,9.019806963831115132e-01,-1.221411753995265415e-01,3.761428596948379610e-01,8.897544326804316395e-01
4.228000000000000114e+01,1.943066846378987966e-01,4.941131570813835361e-01,9.022775387929778956e-01,-1.240578556135844557e-01,3.760692866233223408e-01,8.889899926268656216e-01
4.228999999999999915e+01,1.955841693430279693e-01,4.937694391013150441e-01,9.024785980133392949e-01,-1.259096619821287732e-01,3.756093724080235008e-01,8.880815167491931117e-01
4.230000000000000426e+01,1.966089540264501223e-01,4.933915174757489419e-01,9.027761591549385845e-01,-1.275614940890830995e-01,3.748472374487035741e-01,8.870871412497881581e-01
4.231000000000000227e+01,1.977407975327278300e-01,4.928304267901294500e-01,9.029266700221976194e-01,-1.291620809521670521e-01,3.734793380232820370e-01,8.857745218208682436e-01
4.232000000000000028e+01,1.989097798206744538e-01,4.921153623444881053e-01,9.029925861962841971e-01,-1.308149003957679302e-01,3.713592784483522591e-01,8.839841230728687771e-01
4.232999999999999829e+01,2.000576936882961232e-01,4.912168518895828617e-01,9.029855998711300291e-01,-1.329811950737030402e-01,3.678335983711493173e-01,8.810128887713405410e-01
4.234000000000000341e+01,2.011936071609717047e-01,4.902941398539476525e-01,9.030285480308620771e-01,-1.342389476071366161e-01,3.643360674451817660e-01,8.784217822356108485e-01
4.235000000000000142e+01,2.024612605186875969e-01,4.893185872824186711e-01,9.030112390438783665e-01,-1.345243196458691393e-01,3.626683175455714947e-01,8.773523882293112752e-01
4.235999999999999943e+01,2.037298434987479534e-01,4.882931613868016774e-01,9.029917136154953505e-01,-1.345859227630965271e-01,3.615131879686453442e-01,8.767537025918169524e-01
4.236999999999999744e+01,2.050409336043421682e-01,4.871828716561957817e-01,9.029209705295111466e-01,-1.346681587978756089e-01,3.603532984825070784e-01,8.762284162635267659e-01
4.238000000000000256e+01,2.063092924926215321e-01,4.860605693371572444e-01,9.028970336890174142e-01,-1.348762593129955167e-01,3.593834919274877526e-01,8.758266272171553180e-01
4.239000000000000057e+01,2.074436940742318547e-01,4.850167566882787051e-01,9.030173744304328398e-01,-1.352196063382355151e-01,3.587856589794080064e-01,8.756548192417065168e-01
4.239999999999999858e+01,2.083671458034501989e-01,4.841053624718926196e-01,9.033457146121768311e-01,-1.357986413873089604e-01,3.584266412549454439e-01,8.756002840304674129e-01
4.241000000000000369e+01,2.090458584036125333e-01,4.833408970583489284e-01,9.039022262229531313e-01,-1.366660488491874270e-01,3.581088126031607977e-01,8.755259384375005949e-01
4.242000000000000171e+01,2.094927613132924749e-01,4.827154192125292509e-01,9.046756823696402439e-01,-1.378205980125366825e-01,3.577305586649174862e-01,8.753695194081049236e-01
4.242999999999999972e+01,2.097532603256953010e-01,4.822078352130619860e-01,9.056350808421277376e-01,-1.392568521480060939e-01,3.572520655251263388e-01,8.751058307099064404e-01
4.243999999999999773e+01,2.098862928820789953e-01,4.817878775433977467e-01,9.067383622135093413e-01,-1.409254347969148835e-01,3.566605180082231819e-01,8.747436681223271782e-01
4.245000000000000284e+01,2.099547403774091325e-01,4.814209405925949925e-01,9.079388651093101004e-01,-1.427626400829457021e-01,3.559787877949781021e-01,8.743184614078222117e-01
4.246000000000000085e+01,2.100188151145912507e-01,4.810727651054853560e-01,9.091907185956861204e-01,-1.447057166772101888e-01,3.552496644784069457e-01,8.738760548130718453e-01
4.246999999999999886e+01,2.101293040783909494e-01,4.807142337471561611e-01,9.104544943866602624e-01,-1.467063054237093822e-01,3.545107408805035498e-01,8.734540627014948377e-01
4.248000000000000398e+01,2.103211056746785712e-01,4.803235429615789753e-01,9.117011000311967539e-01,-1.487451635977786180e-01,3.537745930810303752e-01,8.730637878361426907e-01
4.249000000000000199e+01,2.106151670097882456e-01,4.798866580476122135e-01,9.129117461095546116e-01,-1.508141785947401670e-01,3.530457087520037507e-01,8.727080023719570034e-01
4.250000000000000000e+01,2.110200513341796147e-01,4.793962342822971623e-01,9.140767449876501249e-01,-1.529062215319655915e-01,3.523292246490725699e-01,8.723885945780455176e-01
4.250999999999999801e+01,2.115330317390019532e-01,4.788501805650796084e-01,9.151941631509394881e-01,-1.550136679296410247e-01,3.516292829246975282e-01,8.721060885331032297e-01
4.252000000000000313e+01,2.121431571120826753e-01,4.782503000347391175e-01,9.162678456706322416e-01,-1.571321907519263317e-01,3.509454998689215399e-01,8.718574943418789802e-01
4.253000000000000114e+01,2.128347412355876545e-01,4.776009738454106701e-01,9.173053009773899369e-01,-1.592608251209447212e-01,3.502740208461431193e-01,8.716374192017005695e-01
4.253999999999999915e+01,2.135911380323363973e-01,4.769080231283857607e-01,9.183154566341217295e-01,-1.614006623119720873e-01,3.496094748002027686e-01,8.714397266591412672e-01
4.255000000000000426e+01,2.143961683174886723e-01,4.761776478566794868e-01,9.193074121999645909e-01,-1.635537859774944813e-01,3.489475212000701099e-01,8.712585639417402827e-01
4.256000000000000227e+01,2.152350712628112173e-01,4.754157826362561678e-01,9.202895997266665740e-01,-1.657207176904736401e-01,3.482845693016245470e-01,8.710896660155222904e-01
4.257000000000000028e+01,2.160953733467176618e-01,4.746278334503202800e-01,9.212692612115171986e-01,-1.679010341259252748e-01,3.476163974356923370e-01,8.709310330987605209e-01
4.257999999999999829e+01,2.169666640914150180e-01,4.738185690634857394e-01,9.222524296851948300e-01,-1.700999315383017185e-01,3.469396808702095436e-01,8.707767949533816720e-01
4.259000000000000341e+01,2.178412269093805420e-01,4.729917765179149081e-01,9.232434858718895354e-01,-1.723197623762893760e-01,3.462504950368712753e-01,8.706224992918414340e-01
4.260000000000000142e+01,2.187144325313764848e-01,4.721501217800195827e-01,9.242449244288810650e-01,-1.745625931388631868e-01,3.455449941895746835e-01,8.704643310558323188e-01
4.260999999999999943e+01,2.195849026287011729e-01,4.712951952135535638e-01,9.252573436723641187e-01,-1.768224941119485860e-01,3.448197350376382975e-01,8.703052873909737919e-01
4.261999999999999744e+01,2.204527872484049744e-01,4.704278111604519585e-01,9.262801922237393626e-01,-1.791084321600397711e-01,3.440738043983126992e-01,8.701413118891477838e-01
4.263000000000000256e+01,2.213194004682019767e-01,4.695480397992638499e-01,9.273119822720454763e-01,-1.814214160390549280e-01,3.433104157941995749e-01,8.699722908900739959e-01
4.264000000000000057e+01,2.221869896961641277e-01,4.686553058040976438e-01,9.283504085246133686e-01,-1.837576575984222194e-01,3.425317632780621180e-01,8.698001580589376225e-01
4.264999999999999858e+01,2.230580131950727907e-01,4.677488207416263810e-01,9.293929107654859134e-01,-1.861126664372658723e-01,3.417397252365590998e-01,8.696271719782513454e-01
4.266000000000000369e+01,2.239346737047460956e-01,4.668279051521520562e-01,9.304370754949803368e-01,-1.884823640578405513e-01,3.409359303749624481e-01,8.694553696312130597e-01
4.267000000000000171e+01,2.248186553198216198e-01,4.658921681320833952e-01,9.314808608763626152e-01,-1.908633869022258733e-01,3.401217075565330927e-01,8.692863327844175814e-01
4.267999999999999972e+01,2.257110139978432128e-01,4.649415772160413463e-01,9.325226867564517796e-01,-1.932530732678846841e-01,3.392980479407725625e-01,8.691211240426083284e-01
4.268999999999999773e+01,2.266121790587692086e-01,4.639764528428483303e-01,9.335614303178177975e-01,-1.956493372143167653e-01,3.384656050360584922e-01,8.689603183965520783e-01
4.270000000000000284e+01,2.275220273390957115e-01,4.629974173763214962e-01,9.345963630886480189e-01,-1.980505161071624831e-01,3.376247308387091417e-01,8.688040856888232799e-01
4.271000000000000085e+01,2.284399971470263413e-01,4.620053224248790169e-01,9.356270584123238532e-01,-2.004552292339675523e-01,3.367755366357424451e-01,8.686522945807925167e-01
4.271999999999999886e+01,2.293646693899733524e-01,4.610014320914174180e-01,9.366536238726337338e-01,-2.028558852454210304e-01,3.359267920205052937e-01,8.685081139841259734e-01
4.273000000000000398e+01,2.302927134174369839e-01,4.599875057980937765e-01,9.376771218096395799e-01,-2.052455484255652773e-01,3.350795152663252896e-01,8.683707842014938283e-01
4.274000000000000199e+01,2.312208559843151046e-01,4.589654644330971034e-01,9.386987187696205215e-01,-2.076247414338013020e-01,3.342269285264871659e-01,8.682356716417144460e-01
4.275000000000000000e+01,2.321461839465623345e-01,4.579373348769450458e-01,9.397195438255765421e-01,-2.099956169299793118e-01,3.333618110245082367e-01,8.680982390009428507e-01
4.275999999999999801e+01,2.330671723694189845e-01,4.569047133671639283e-01,9.407399730281720274e-01,-2.123620614791807970e-01,3.324792956041189851e-01,8.679554242922752350e-01
4.277000000000000313e+01,2.339811433013046227e-01,4.558699109261684090e-01,9.417611259168892079e-01,-2.147030178510414555e-01,3.316030251156169006e-01,8.678169732103355738e-01
4.278000000000000114e+01,2.348838908934813285e-01,4.548349262794566528e-01,9.427844565293765910e-01,-2.170264214257447144e-01,3.307134350533580402e-01,8.676713511368041587e-01
4.278999999999999915e+01,2.357745196123793852e-01,4.538007537442859118e-01,9.438096767155045308e-01,-2.193419309793564753e-01,3.297985890171569734e-01,8.675119385713788711e-01
4.280000000000000426e+01,2.366543095034619459e-01,4.527676404454684667e-01,9.448352416427917566e-01,-2.216499187741393928e-01,3.288565604353728689e-01,8.673396747005219787e-01
4.281000000000000227e+01,2.375268078760232882e-01,4.517350106557818101e-01,9.458583217718755654e-01,-2.239583131542267902e-01,3.278756114870102767e-01,8.671558795570283307e-01
4.282000000000000028e+01,2.383941403471271370e-01,4.507077394983821650e-01,9.468802517085208592e-01,-2.262450570589795706e-01,3.269039294923539174e-01,8.669969792421321486e-01
4.282999999999999829e+01,2.392549862756590817e-01,4.496923704047812720e-01,9.479051267651567025e-01,-2.285314223014186519e-01,3.259307237182750838e-01,8.668722391964485130e-01
4.284000000000000341e+01,2.401287719430688916e-01,4.486781162435866110e-01,9.489187803196657001e-01,-2.309807360713082292e-01,3.248551571342678801e-01,8.667406822480605566e-01
4.285000000000000142e+01,2.411945717040616111e-01,4.474884119425509565e-01,9.497525668243027575e-01,-2.362001886370919956e-01,3.233932910627399515e-01,8.667709707089428228e-01
4.285999999999999943e+01,2.430394396048196348e-01,4.456246906538960384e-01,9.498563490943460197e-01,-2.443626826579132771e-01,3.245042090022934311e-01,8.684510903523616765e-01
4.286999999999999744e+01,2.453785206144259989e-01,4.433872284809220465e-01,9.495216435395176235e-01,-2.548069851643678385e-01,3.292803468279062451e-01,8.717754194384412791e-01
4.288000000000000256e+01,2.480139876191719828e-01,4.407795185340002142e-01,9.488292734176413390e-01,-2.738969704052121035e-01,3.401226438803736096e-01,8.775141582507972604e-01
4.289000000000000057e+01,2.508308147218137329e-01,4.381016192831928557e-01,9.480356552572134499e-01,-2.969494211377673998e-01,3.530974620408921516e-01,8.843814823193592023e-01
4.289999999999999858e+01,2.537081857755066339e-01,4.355536821606247333e-01,9.473253567247759133e-01,-3.205301634124261279e-01,3.657549063022399460e-01,8.920667347144002335e-01
4.291000000000000369e+01,2.565323913169824666e-01,4.332227566263690544e-01,9.467902870421943673e-01,-3.425942476151032090e-01,3.769718415936201272e-01,9.001288534265960983e-01
4.292000000000000171e+01,2.592073772201392567e-01,4.311313173011891986e-01,9.464663768452640236e-01,-3.620736468377119821e-01,3.863594696144168616e-01,9.080977962653503655e-01
4.292999999999999972e+01,2.616612697898089701e-01,4.292683169259350895e-01,9.463572129892314777e-01,-3.785624208559055792e-01,3.939077514933218005e-01,9.155808968640538614e-01
4.293999999999999773e+01,2.638491760762614047e-01,4.276078250324741870e-01,9.464485273508869145e-01,-3.920735756780796000e-01,3.997833331790496825e-01,9.223146578068933676e-01
4.295000000000000284e+01,2.657523175768795598e-01,4.261192844587667339e-01,9.467168057051978947e-01,-4.028598492072019144e-01,4.042199768214913558e-01,9.281685652979093648e-01
4.296000000000000085e+01,2.673742415722648591e-01,4.247727370667853108e-01,9.471344811281061649e-01,-4.112895143202648374e-01,4.074623367963852716e-01,9.331214859570814424e-01
4.296999999999999886e+01,2.687353536062642712e-01,4.235412387178670302e-01,9.476731531601293446e-01,-4.177659195557553162e-01,4.097393030883947906e-01,9.372284338535565862e-01
4.298000000000000398e+01,2.698670028721528169e-01,4.224017876505891111e-01,9.483056099974793707e-01,-4.226791508666984942e-01,4.112529944829098061e-01,9.405886506573540862e-01
4.299000000000000199e+01,2.708060438878059362e-01,4.213354903340544300e-01,9.490070634839877783e-01,-4.263798613916460201e-01,4.121756412654726254e-01,9.433201301601992217e-01
4.300000000000000000e+01,2.715904114046580053e-01,4.203273316636902956e-01,9.497558211418958285e-01,-4.291676209406111719e-01,4.126503899432820144e-01,9.455419447101169883e-01
4.300999999999999801e+01,2.722560080505840308e-01,4.193657749016442282e-01,9.505334965652785240e-01,-4.312883366721179113e-01,4.127936851799429152e-01,9.473634549349290168e-01
4.302000000000000313e+01,2.728344588463872400e-01,4.184422603889660364e-01,9.513251396290032247e-01,-4.329370008613639964e-01,4.126978215304505926e-01,9.488784867312419768e-01
4.303000000000000114e+01,2.733520087696298395e-01,4.175506710067936056e-01,9.521189506146434667e-01,-4.342632534037322301e-01,4.124348143669397948e-01,9.501639639962067285e-01
4.303999999999999915e+01,2.738294218005161151e-01,4.166868425050062053e-01,9.529058515103985272e-01,-4.353782182527755062e-01,4.120597043560916828e-01,9.512805407504804078e-01
4.305000000000000426e+01,2.742821994878907876e-01,4.158480848754781967e-01,9.536790903120493379e-01,-4.363615116250547654e-01,4.116136146508981852e-01,9.522743619423892358e-01
4.306000000000000227e+01,2.747211794122786377e-01,4.150328014380960662e-01,9.544338057454678781e-01,-4.372675433403519496e-01,4.111265585906871411e-01,9.531792749294223377e-01
4.307000000000000028e+01,2.751532803899148227e-01,4.142403325451693430e-01,9.551667308340510143e-01,-4.381316298765012274e-01,4.106200221415163831e-01,9.540194765319949255e-01
4.307999999999999829e+01,2.755822923360692900e-01,4.134705797007054984e-01,9.558757412353574567e-01,-4.389749380897507436e-01,4.101089023441850667e-01,9.548115622962759508e-01
4.309000000000000341e+01,2.760096443714021297e-01,4.127238171145006240e-01,9.565595370464047287e-01,-4.398085329050665515e-01,4.096032111272615017e-01,9.555664083179775670e-01
4.310000000000000142e+01,2.764350895353611115e-01,4.120005580304718640e-01,9.572173867352479215e-01,-4.406365423105320644e-01,4.091094420966149281e-01,9.562907021982520739e-01
4.310999999999999943e+01,2.768572821979008447e-01,4.113014580227031813e-01,9.578489230621672901e-01,-4.414585217264666017e-01,4.086316296882760435e-01,9.569881442318819431e-01
4.311999999999999744e+01,2.772742070745480847e-01,4.106272508868460958e-01,9.584539970716844381e-01,-4.422715960706741778e-01,4.081721320678322051e-01,9.576605585108127761e-01
4.313000000000000256e+01,2.776835514706799124e-01,4.099787068411493984e-01,9.590325636251098018e-01,-4.430714831504781737e-01,4.077322370524678052e-01,9.583084017049748882e-01
4.314000000000000057e+01,2.780829481028662675e-01,4.093566012190046899e-01,9.595846032782924251e-01,-4.438533681780404416e-01,4.073125741372303210e-01,9.589313142626794129e-01
4.314999999999999858e+01,2.784701376069704248e-01,4.087616988576444621e-01,9.601100749842057525e-01,-4.446124695510977332e-01,4.069134000699108356e-01,9.595284763940157280e-01
4.316000000000000369e+01,2.788430660610321521e-01,4.081947455617893628e-01,9.606088891822784914e-01,-4.453443715422948923e-01,4.065347886581091030e-01,9.600988446991222114e-01
4.317000000000000171e+01,2.791999334112181819e-01,4.076564641423033875e-01,9.610808955882267357e-01,-4.460451931039700613e-01,4.061767506772278602e-01,9.606413043206513125e-01
4.317999999999999972e+01,2.795392066746391624e-01,4.071475533021762239e-01,9.615258811317204390e-01,-4.467116458757219299e-01,4.058393044696116947e-01,9.611547605565364805e-01
4.318999999999999773e+01,2.798596095724504851e-01,4.066686880818589089e-01,9.619435743375649439e-01,-4.473410216601342304e-01,4.055225130295698754e-01,9.616381885877163249e-01
4.320000000000000284e+01,2.801600978548927645e-01,4.062205210436671265e-01,9.623336533797504089e-01,-4.479311388770812474e-01,4.052264992023516532e-01,9.620906553724637433e-01
4.321000000000000085e+01,2.804398272489946886e-01,4.058036836198065656e-01,9.626957557870045035e-01,-4.484802687784396058e-01,4.049514473478034171e-01,9.625113240266575110e-01
4.321999999999999886e+01,2.806981190872109289e-01,4.054187873463869773e-01,9.630294884450893989e-01,-4.489870553826912358e-01,4.046975972631796092e-01,9.628994480277298651e-01
4.323000000000000398e+01,2.809344269920992510e-01,4.050664248241424015e-01,9.633344370299403714e-01,-4.494504379315038545e-01,4.044652342555989377e-01,9.632543602834947594e-01
4.324000000000000199e+01,2.811483066810808729e-01,4.047471703399788678e-01,9.636101743809514231e-01,-4.498695809103674392e-01,4.042546778608424041e-01,9.635754603757231695e-01
4.325000000000000000e+01,2.813393899695472711e-01,4.044615801447127290e-01,9.638562675951781733e-01,-4.502438140420538804e-01,4.040662707159050626e-01,9.638622020211640162e-01
4.325999999999999801e+01,2.815073633438447409e-01,4.042101924171926375e-01,9.640722838079210932e-01,-4.505725829053228715e-01,4.039003684129295335e-01,9.641140818952967928e-01
4.327000000000000313e+01,2.816519511741987225e-01,4.039935269880961521e-01,9.642577941249039775e-01,-4.508554097258158366e-01,4.037573307284803015e-01,9.643306304852240496e-01
4.328000000000000114e+01,2.817729159344314338e-01,4.038120569076048549e-01,9.644125522604076739e-01,-4.510918872029617277e-01,4.036375020220452359e-01,9.645114768377930359e-01
4.328999999999999915e+01,2.818705877095885048e-01,4.036651579049960192e-01,9.645406834909144855e-01,-4.512825790111950064e-01,4.035405030191168696e-01,9.646596568284617756e-01
4.330000000000000426e+01,2.819466375383151702e-01,4.035498051094779659e-01,9.646494600426942512e-01,-4.514308448872234036e-01,4.034643031530049107e-01,9.647812822417779488e-01
4.331000000000000227e+01,2.820036376497959130e-01,4.034616778407048576e-01,9.647437114841258543e-01,-4.515420630299141758e-01,4.034059753818353133e-01,9.648812315522585781e-01
4.332000000000000028e+01,2.820445652099582423e-01,4.033960932752898576e-01,9.648264028580829654e-01,-4.516223744663114825e-01,4.033623661021319973e-01,9.649633714399954432e-01
4.332999999999999829e+01,2.820724499318873479e-01,4.033485505115149694e-01,9.648993636544397345e-01,-4.516778817362672727e-01,4.033304795404036858e-01,9.650308283151561861e-01
4.334000000000000341e+01,2.820901402285355686e-01,4.033150241917590750e-01,9.649637688395512614e-01,-4.517142121236095154e-01,4.033076687029622520e-01,9.650861878818107753e-01
4.335000000000000142e+01,2.821001603247599854e-01,4.032921043891146695e-01,9.650204518893511496e-01,-4.517363125750159525e-01,4.032916946718130280e-01,9.651316074677664947e-01
4.335999999999999943e+01,2.821046497334068759e-01,4.032770222906292834e-01,9.650700899159492252e-01,-4.517481953517962223e-01,4.032807306774172096e-01,9.651687900245825569e-01
4.336999999999999744e+01,2.821053585334365454e-01,4.032675745925598521e-01,9.651132775908038974e-01,-4.517530151983707443e-01,4.032733543202987603e-01,9.651991661319334614e-01
4.338000000000000256e+01,2.821036609450643939e-01,4.032620537421238716e-01,9.651505782365893404e-01,-4.517532659665231543e-01,4.032684931011175089e-01,9.652239520397873918e-01
4.339000000000000057e+01,2.821007224851575512e-01,4.032591559694179706e-01,9.651825246026066729e-01,-4.517510164266779760e-01,4.032653539033294599e-01,9.652442021402604100e-01
4.339999999999999858e+01,2.820974528695838757e-01,4.032576901837405803e-01,9.652094593747577722e-01,-4.517474843032830978e-01,4.032633594044931491e-01,9.652607647491099341e-01
4.341000000000000369e+01,2.820942662327030614e-01,4.032569913078501989e-01,9.652319190234839308e-01,-4.517434302394268686e-01,4.032621242147516050e-01,9.652743146321284273e-01
4.342000000000000171e+01,2.820913813099711898e-01,4.032567508385643262e-01,9.652505529813276697e-01,-4.517393571451051026e-01,4.032613833397187264e-01,9.652854085075218693e-01
4.342999999999999972e+01,2.820889071921027225e-01,4.032567599018002658e-01,9.652659392291701446e-01,-4.517355744172708576e-01,4.032609134562837871e-01,9.652944738662976309e-01
4.343999999999999773e+01,2.820868783641418687e-01,4.032568919184615908e-01,9.652785920599142866e-01,-4.517322486099837331e-01,4.032605799648474321e-01,9.653018709684058063e-01
4.345000000000000284e+01,2.820852811847957553e-01,4.032570766833821763e-01,9.652889642094667488e-01,-4.517294466435644584e-01,4.032603257779673323e-01,9.653079152504349114e-01
4.346000000000000085e+01,2.820840725551940209e-01,4.032572702569975909e-01,9.652974418798780931e-01,-4.517271701752390012e-01,4.032601241514112145e-01,9.653128665944226139e-01
4.346999999999999886e+01,2.820831774922443191e-01,4.032574466367551680e-01,9.653043539746475332e-01,-4.517253808788244673e-01,4.032599610019951264e-01,9.653169339506920688e-01
4.348000000000000398e+01,2.820825054644705010e-01,4.032575925948321260e-01,9.653099824751361080e-01,-4.517240194394950281e-01,4.032598275475252070e-01,9.653202838094430138e-01
4.349000000000000199e+01,2.820819872770433667e-01,4.032577038122635571e-01,9.653145630194013282e-01,-4.517230179915088240e-01,4.032597175639878184e-01,9.653230486785508990e-01
4.350000000000000000e+01,2.820815787686176135e-01,4.032577814330754462e-01,9.653182887517661737e-01,-4.517223046044744339e-01,4.032596264012968112e-01,9.653253320230605894e-01
4.350999999999999801e+01,2.820812478789082589e-01,4.032578294826222876e-01,9.653213185750565417e-01,-4.517217868401962599e-01,4.032595512690515527e-01,9.653272187154483541e-01
4.352000000000000313e+01,2.820809643054021931e-01,4.032578532844472985e-01,9.653237861605408199e-01,-4.517213827198966469e-01,4.032594896193010259e-01,9.653287798921456053e-01
4.353000000000000114e+01,2.820807129516680889e-01,4.032578591152610747e-01,9.653258079199755759e-01,-4.517210491095813296e-01,4.032594385783042079e-01,9.653300731186410522e-01
4.353999999999999915e+01,2.820804876955765872e-01,4.032578592084685165e-01,9.653274851531584710e-01,-4.517207635550900546e-01,4.032593958183504634e-01,9.653311453567500200e-01
4.355000000000000426e+01,2.820802862223468210e-01,4.032578617174314983e-01,9.653288912105211228e-01,-4.517205137411894333e-01,4.032593596504585043e-01,9.653320350640713920e-01
4.356000000000000227e+01,2.820801070725395543e-01,4.032578683629390870e-01,9.653300772320176915e-01,-4.517202924192514346e-01,4.032593288016379507e-01,9.653327737606712811e-01
4.357000000000000028e+01,2.820799486917697774e-01,4.032578788808332537e-01,9.653310814467280787e-01,-4.517200949148399425e-01,4.032593022901487245e-01,9.653333873285854239e-01
4.357999999999999829e+01,2.820798093063560108e-01,4.032578925740831211e-01,9.653319338526864524e-01,-4.517199178983661301e-01,4.032592793412463905e-01,9.653338970636972105e-01
4.359000000000000341e+01,2.820796870292069380e-01,4.032579087733216827e-01,9.653326587168241657e-01,-4.517197587840640072e-01,4.032592593331280617e-01,9.653343205266199378e-01
4.360000000000000142e+01,2.820795799861749442e-01,4.032579269366834973e-01,9.653332760335857632e-01,-4.517196154372550287e-01,4.032592417614100921e-01,9.653346722294733340e-01
4.360999999999999943e+01,2.820794864051461848e-01,4.032579466442518523e-01,9.653338024577234888e-01,-4.517194860303692105e-01,4.032592262143697148e-01,9.653349641897446265e-01
4.361999999999999744e+01,2.820794046639570340e-01,4.032579675706399192e-01,9.653342519523842036e-01,-4.517193689693062564e-01,4.032592123546252516e-01,9.653352063775149094e-01
4.363000000000000256e+01,2.820793333079561482e-01,4.032579894595961778e-01,9.653346362699755101e-01,-4.517192628523292175e-01,4.032591999049827125e-01,9.653354070775481688e-01
4.364000000000000057e+01,2.820792710489267718e-01,4.032580121052349309e-01,9.653349653260999697e-01,-4.517191664437278931e-01,4.032591886372214329e-01,9.653355731835054909e-01
4.364999999999999858e+01,2.820792167541579243e-01,4.032580353391286287e-01,9.653352474995402499e-01,-4.517190786541934733e-01,4.032591783630872784e-01,9.653357104379407527e-01
4.366000000000000369e+01,2.820791694313061204e-01,4.032580590215587568e-01,9.653354898777453119e-01,-4.517189985244297046e-01,4.032591689270103030e-01,9.653358236288319683e-01
4.367000000000000171e+01,2.820791282123228383e-01,4.032580830350245282e-01,9.653356984599377189e-01,-4.517189252110464515e-01,4.032591601975500928e-01,9.653359167495421111e-01
4.367999999999999972e+01,2.820790923380839810e-01,4.032581072799641397e-01,9.653358783269038179e-01,-4.517188579732168696e-01,4.032591520627016313e-01,9.653359931320454335e-01
4.368999999999999773e+01,2.820790611442675622e-01,4.032581316732437582e-01,9.653360337843628347e-01,-4.517187961591348500e-01,4.032591444367916722e-01,9.653360555633326845e-01
4.370000000000000284e+01,2.820790340491976522e-01,4.032581561435655271e-01,9.653361684815418009e-01,-4.517187391977736666e-01,4.032591372606117441e-01,9.653361063779537510e-01
4.371000000000000085e+01,2.820790105434031192e-01,4.032581806279892378e-01,9.653362855112879171e-01,-4.517186865904868065e-01,4.032591304940377763e-01,9.653361475308706030e-01
4.371999999999999886e+01,2.820789901797802202e-01,4.032582050768603321e-01,9.653363874981929493e-01,-4.517186378937446123e-01,4.032591240820601053e-01,9.653361806439630932e-01
4.373000000000000398e+01,2.820789725660282632e-01,4.032582294462143668e-01,9.653364766692251742e-01,-4.517185927191343930e-01,4.032591179596780595e-01,9.653362070630870928e-01
4.374000000000000199e+01,2.820789573577545117e-01,4.032582536992262434e-01,9.653365549154517833e-01,-4.517185507243385856e-01,4.032591120740284252e-01,9.653362279146205926e-01
4.375000000000000000e+01,2.820789442520642565e-01,4.032582778092083098e-01,9.653366238434076818e-01,-4.517185116030756897e-01,4.032591063941095011e-01,9.653362441462406407e-01
4.375999999999999801e+01,2.820789329827732561e-01,4.032583017540444792e-01,9.653366848176969661e-01,-4.517184750856235720e-01,4.032591008973663849e-01,9.653362565514087557e-01
4.377000000000000313e+01,2.820789233161172249e-01,4.032583255146640622e-01,9.653367389972838941e-01,-4.517184409350804564e-01,4.032590955651600417e-01,9.653362657927010426e-01
4.378000000000000114e+01,2.820789150469029116e-01,4.032583490746685095e-01,9.653367873667575427e-01,-4.517184089428714078e-01,4.032590903814419203e-01,9.653362724228559122e-01
4.378999999999999915e+01,2.820789079950893896e-01,4.032583724201690423e-01,9.653368307628958922e-01,-4.517183789246458914e-01,4.032590853323167468e-01,9.653362769027875601e-01
4.380000000000000426e+01,2.820789020027673066e-01,4.032583955396022435e-01,9.653368698971449557e-01,-4.517183507168163747e-01,4.032590804058009404e-01,9.653362796167153093e-01
4.381000000000000227e+01,2.820788969314995120e-01,4.032584184235094571e-01,9.653369053746335693e-01,-4.517183241736914545e-01,4.032590755916088399e-01,9.653362808848059418e-01
4.382000000000000028e+01,2.820788926599791524e-01,4.032584410642949813e-01,9.653369377102619664e-01,-4.517182991650959822e-01,4.032590708809368762e-01,9.653362809737158212e-01
4.382999999999999829e+01,2.820788890819688199e-01,4.032584634559902570e-01,9.653369673423235486e-01,-4.517182755743763267e-01,4.032590662662573489e-01,9.653362801053985143e-01
4.384000000000000341e+01,2.820788861044843387e-01,4.032584855940318791e-01,9.653369946440469862e-01,-4.517182532967076170e-01,4.032590617411282996e-01,9.653362784644522465e-01
4.385000000000000142e+01,2.820788836461965987e-01,4.032585074750624221e-01,9.653370199333808355e-01,-4.517182322376459558e-01,4.032590573000266465e-01,9.653362762042673184e-01
4.385999999999999943e+01,2.820788816360210172e-01,4.032585290967534708e-01,9.653370434812916789e-01,-4.517182123118799186e-01,4.032590529382029110e-01,9.653362734521629962e-01
4.386999999999999744e+01,2.820788800118755324e-01,4.032585504576516877e-01,9.653370655188061589e-01,-4.517181934421496958e-01,4.032590486515579276e-01,9.653362703136800782e-01
4.388000000000000256e+01,2.820788787195835923e-01,4.032585715570460305e-01,9.653370862429863086e-01,-4.517181755583077329e-01,4.032590444365394267e-01,9.653362668761775733e-01
4.389000000000000057e+01,2.820788777119095925e-01,4.032585923948529549e-01,9.653371058220036049e-01,-4.517181585964996637e-01,4.032590402900524951e-01,9.653362632118365205e-01
4.389999999999999858e+01,2.820788769477057811e-01,4.032586129715182155e-01,9.653371243994479656e-01,-4.517181424984523797e-01,4.032590362093886882e-01,9.653362593801756431e-01
4.391000000000000369e+01,2.820788763911645236e-01,4.032586332879319890e-01,9.653371420979890427e-01,-4.517181272108506396e-01,4.032590321921627474e-01,9.653362554301505583e-01
4.392000000000000171e+01,2.820788760111557214e-01,4.032586533453572653e-01,9.653371590224859577e-01,-4.517181126847928385e-01,4.032590282362622514e-01,9.653362514019160345e-01
4.392999999999999972e+01,2.820788757806462765e-01,4.032586731453685625e-01,9.653371752626332958e-01,-4.517180988753139448e-01,4.032590243398049834e-01,9.653362473282934841e-01
4.393999999999999773e+01,2.820788756761883898e-01,4.032586926897991919e-01,9.653371908952081970e-01,-4.517180857409700545e-01,4.032590205011019058e-01,9.653362432360023115e-01
4.395000000000000284e+01,2.820788756774702533e-01,4.032587119806964604e-01,9.653372059859821608e-01,-4.517180732434726287e-01,4.032590167186274055e-01,9.653362391466859815e-01
4.396000000000000085e+01,2.820788757669199232e-01,4.032587310202834230e-01,9.653372205913481885e-01,-4.517180613473681383e-01,4.032590129909953136e-01,9.653362350777724421e-01
4.396999999999999886e+01,2.820788759293588743e-01,4.032587498109274637e-01,9.653372347597042324e-01,-4.517180500197551796e-01,4.032590093169360901e-01,9.653362310431897741e-01
4.398000000000000398e+01,2.820788761516964671e-01,4.032587683551116520e-01,9.653372485326314756e-01,-4.517180392300388925e-01,4.032590056952810031e-01,9.653362270539654899e-01
4.399000000000000199e+01,2.820788764226641043e-01,4.032587866554118716e-01,9.653372619458976400e-01,-4.517180289497103596e-01,4.032590021249455314e-01,9.653362231187285758e-01
4.400000000000000000e+01,2.820788767325793089e-01,4.032588047144767818e-01,9.653372750303090832e-01,-4.517180191521550925e-01,4.032589986049186503e-01,9.653362192441243828e-01
4.400999999999999801e+01,2.820788770731413875e-01,4.032588225350107747e-01,9.653372878124388823e-01,-4.517180098124834453e-01,4.032589951342517298e-01,9.653362154351639024e-01
4.402000000000000313e+01,2.820788774372512964e-01,4.032588401197602090e-01,9.653373003152481147e-01,-4.517180009073781255e-01,4.032589917120491529e-01,9.653362116955143124e-01
4.403000000000000114e+01,2.820788778188541013e-01,4.032588574715010310e-01,9.653373125586097725e-01,-4.517179924149604120e-01,4.032589883374627093e-01,9.653362080277408941e-01
4.403999999999999915e+01,2.820788782128017536e-01,4.032588745930281715e-01,9.653373245597628438e-01,-4.517179843146709728e-01,4.032589850096833795e-01,9.653362044335066505e-01
4.405000000000000426e+01,2.820788786147326865e-01,4.032588914871477748e-01,9.653373363336923418e-01,-4.517179765871653374e-01,4.032589817279383926e-01,9.653362009137421706e-01
4.406000000000000227e+01,2.820788790209665664e-01,4.032589081566692601e-01,9.653373478934582641e-01,-4.517179692142165859e-01,4.032589784914850650e-01,9.653361974687832969e-01
4.407000000000000028e+01,2.820788794284124767e-01,4.032589246043987163e-01,9.653373592504740364e-01,-4.517179621786310828e-01,4.032589752996081356e-01,9.653361940984875877e-01
4.407999999999999829e+01,2.820788798344899262e-01,4.032589408331354042e-01,9.653373704147434342e-01,-4.517179554641715944e-01,4.032589721516163794e-01,9.653361908023285753e-01
4.409000000000000341e+01,2.820788802370570170e-01,4.032589568456659279e-01,9.653373813950647531e-01,-4.517179490554895649e-01,4.032589690468397214e-01,9.653361875794769231e-01
4.410000000000000142e+01,2.820788806343518806e-01,4.032589726447608491e-01,9.653373921992033369e-01,-4.517179429380618338e-01,4.032589659846281815e-01,9.653361844288665949e-01
4.410999999999999943e+01,2.820788810249383327e-01,4.032589882331724662e-01,9.653374028340392377e-01,-4.517179370981349584e-01,4.032589629643482665e-01,9.653361813492460364e-01
4.411999999999999744e+01,2.820788814076606310e-01,4.032590036136317613e-01,9.653374133056927819e-01,-4.517179315226731995e-01,4.032589599853834139e-01,9.653361783392261364e-01
4.413000000000000256e+01,2.820788817816023974e-01,4.032590187888464017e-01,9.653374236196337055e-01,-4.517179261993141681e-01,4.032589570471304952e-01,9.653361753973147552e-01
4.414000000000000057e+01,2.820788821460532003e-01,4.032590337614989640e-01,9.653374337807717476e-01,-4.517179211163231400e-01,4.032589541490006479e-01,9.653361725219476996e-01
4.414999999999999858e+01,2.820788825004770239e-01,4.032590485342459896e-01,9.653374437935359209e-01,-4.517179162625575284e-01,4.032589512904173890e-01,9.653361697115125928e-01
4.416000000000000369e+01,2.820788828444870666e-01,4.032590631097167089e-01,9.653374536619425683e-01,-4.517179116274293027e-01,4.032589484708150596e-01,9.653361669643706344e-01
4.417000000000000171e+01,2.820788831778225925e-01,4.032590774905117081e-01,9.653374633896489865e-01,-4.517179072008728480e-01,4.032589456896402691e-01,9.653361642788695907e-01
4.417999999999999972e+01,2.820788835003295025e-01,4.032590916792032631e-01,9.653374729800076048e-01,-4.517179029733147666e-01,4.032589429463484532e-01,9.653361616533594480e-01
4.418999999999999773e+01,2.820788838119431263e-01,4.032591056783336736e-01,9.653374824361042883e-01,-4.517178989356450680e-01,4.032589402404060386e-01,9.653361590862021835e-01
4.420000000000000284e+01,2.820788841126736779e-01,4.032591194904160403e-01,9.653374917607954186e-01,-4.517178950791940761e-01,4.032589375712877788e-01,9.653361565757795359e-01
4.421000000000000085e+01,2.820788844025935993e-01,4.032591331179330996e-01,9.653375009567379816e-01,-4.517178913957051734e-01,4.032589349384780864e-01,9.653361541204985574e-01
4.421999999999999886e+01,2.820788846818265694e-01,4.032591465633377226e-01,9.653375100264163233e-01,-4.517178878773142059e-01,4.032589323414694227e-01,9.653361517187992735e-01
4.423000000000000398e+01,2.820788849505387885e-01,4.032591598290520274e-01,9.653375189721649097e-01,-4.517178845165287782e-01,4.032589297797629646e-01,9.653361493691547945e-01
4.424000000000000199e+01,2.820788852089294307e-01,4.032591729174687112e-01,9.653375277961863121e-01,-4.517178813062086573e-01,4.032589272528673829e-01,9.653361470700768665e-01
4.425000000000000000e+01,2.820788854572255366e-01,4.032591858309496624e-01,9.653375365005688602e-01,-4.517178782395467884e-01,4.032589247602992311e-01,9.653361448201167594e-01
4.425999999999999801e+01,2.820788856956747970e-01,4.032591985718272376e-01,9.653375450873001862e-01,-4.517178753100535293e-01,4.032589223015826674e-01,9.653361426178660443e-01
4.427000000000000313e+01,2.820788859245412228e-01,4.032592111424037062e-01,9.653375535582796596e-01,-4.517178725115404414e-01,4.032589198762486227e-01,9.653361404619589248e-01
4.428000000000000114e+01,2.820788861441007600e-01,4.032592235449514728e-01,9.653375619153274911e-01,-4.517178698381046353e-01,4.032589174838361323e-01,9.653361383510697946e-01
4.428999999999999915e+01,2.820788863546370706e-01,4.032592357817140205e-01,9.653375701601958347e-01,-4.517178672841150600e-01,4.032589151238898384e-01,9.653361362839162352e-01
4.430000000000000426e+01,2.820788865564398118e-01,4.032592478549049120e-01,9.653375782945746719e-01,-4.517178648441992350e-01,4.032589127959620434e-01,9.653361342592562400e-01
4.431000000000000227e+01,2.820788867498003061e-01,4.032592597667092327e-01,9.653375863200986950e-01,-4.517178625132314274e-01,4.032589104996119334e-01,9.653361322758882146e-01
4.432000000000000028e+01,2.820788869350109307e-01,4.032592715192836463e-01,9.653375942383530806e-01,-4.517178602863187731e-01,4.032589082344038567e-01,9.653361303326520870e-01
4.432999999999999829e+01,2.820788871123478536e-01,4.032592831146775691e-01,9.653376020508317445e-01,-4.517178581587902864e-01,4.032589059999253100e-01,9.653361284284335264e-01
4.434000000000000341e+01,2.820788872820615967e-01,4.032592945547432417e-01,9.653376097588866056e-01,-4.517178561261816494e-01,4.032589037958028699e-01,9.653361265621767107e-01
4.435000000000000142e+01,2.820788874445001038e-01,4.032593058418459941e-01,9.653376173641547986e-01,-4.517178541842460371e-01,4.032589016215634703e-01,9.653361247328027250e-01
4.435999999999999943e+01,2.820788875999618028e-01,4.032593169781456544e-01,9.653376248681331262e-01,-4.517178523289251402e-01,4.032588994767735691e-01,9.653361229392884990e-01
4.436999999999999744e+01,2.820788877487169777e-01,4.032593279656745966e-01,9.653376322722290181e-01,-4.517178505563421709e-01,4.032588973610256033e-01,9.653361211806571474e-01
4.438000000000000256e+01,2.820788878910234221e-01,4.032593388064091289e-01,9.653376395778039409e-01,-4.517178488627946464e-01,4.032588952739232790e-01,9.653361194559685332e-01
4.439000000000000057e+01,2.820788880271328791e-01,4.032593495022949170e-01,9.653376467861900512e-01,-4.517178472447473392e-01,4.032588932150778516e-01,9.653361177643146052e-01
4.439999999999999858e+01,2.820788881572918738e-01,4.032593600552534796e-01,9.653376538986965238e-01,-4.517178456988232282e-01,4.032588911841051837e-01,9.653361161048198413e-01
4.441000000000000369e+01,2.820788882817413246e-01,4.032593704671847412e-01,9.653376609166103295e-01,-4.517178442217981704e-01,4.032588891806258014e-01,9.653361144766380297e-01
4.442000000000000171e+01,2.820788884007158770e-01,4.032593807399655894e-01,9.653376678411996759e-01,-4.517178428105932397e-01,4.032588872042658923e-01,9.653361128789513801e-01
4.442999999999999972e+01,2.820788885144431823e-01,4.032593908754517065e-01,9.653376746737102332e-01,-4.517178414622673999e-01,4.032588852546550862e-01,9.653361113109709679e-01
4.443999999999999773e+01,2.820788886231439530e-01,4.032594008754741832e-01,9.653376814153701302e-01,-4.517178401740120086e-01,4.032588833314291188e-01,9.653361097719345141e-01
4.445000000000000284e+01,2.820788887270312406e-01,4.032594107418418505e-01,9.653376880673889548e-01,-4.517178389431449892e-01,4.032588814342277228e-01,9.653361082611052746e-01
4.446000000000000085e+01,2.820788888263105476e-01,4.032594204763397250e-01,9.653376946309574214e-01,-4.517178377671037803e-01,4.032588795626966816e-01,9.653361067777721516e-01
4.446999999999999886e+01,2.820788889211798267e-01,4.032594300807295085e-01,9.653377011072499236e-01,-4.517178366434411174e-01,4.032588777164852201e-01,9.653361053212476950e-01
4.448000000000000398e+01,2.820788890118299252e-01,4.032594395567499768e-01,9.653377074974235361e-01,-4.517178355698196479e-01,4.032588758952482255e-01,9.653361038908678804e-01
4.449000000000000199e+01,2.820788890984436970e-01,4.032594489061167575e-01,9.653377138026183468e-01,-4.517178345440066578e-01,4.032588740986453590e-01,9.653361024859916650e-01
4.450000000000000000e+01,2.820788891811973342e-01,4.032594581305231074e-01,9.653377200239585676e-01,-4.517178335638694087e-01,4.032588723263407227e-01,9.653361011059982122e-01
4.450999999999999801e+01,2.820788892602592579e-01,4.032594672316394679e-01,9.653377261625538663e-01,-4.517178326273700306e-01,4.032588705780033034e-01,9.653360997502868912e-01
4.452000000000000313e+01,2.820788893357918936e-01,4.032594762111143538e-01,9.653377322194974797e-01,-4.517178317325628578e-01,4.032588688533064736e-01,9.653360984182786098e-01
4.453000000000000114e+01,2.820788894079506726e-01,4.032594850705734646e-01,9.653377381958687664e-01,-4.517178308775881557e-01,4.032588671519283796e-01,9.653360971094121501e-01
4.453999999999999915e+01,2.820788894768844757e-01,4.032594938116222938e-01,9.653377440927314312e-01,-4.517178300606704555e-01,4.032588654735512756e-01,9.653360958231450573e-01
4.455000000000000426e+01,2.820788895427359666e-01,4.032595024358437974e-01,9.653377499111364113e-01,-4.517178292801132256e-01,4.032588638178623563e-01,9.653360945589519737e-01
4.456000000000000227e+01,2.820788896056418693e-01,4.032595109448001702e-01,9.653377556521197667e-01,-4.517178285342951516e-01,4.032588621845525356e-01,9.653360933163246393e-01
4.457000000000000028e+01,2.820788896657331346e-01,4.032595193400324018e-01,9.653377613167031246e-01,-4.517178278216680276e-01,4.032588605733172793e-01,9.653360920947710033e-01
4.457999999999999829e+01,2.820788897231350512e-01,4.032595276230617198e-01,9.653377669058960109e-01,-4.517178271407523149e-01,4.032588589838568272e-01,9.653360908938141138e-01
4.459000000000000341e+01,2.820788897779675786e-01,4.032595357953882020e-01,9.653377724206942956e-01,-4.517178264901351437e-01,4.032588574158746941e-01,9.653360897129927842e-01
4.460000000000000142e+01,2.820788898303455139e-01,4.032595438584919978e-01,9.653377778620808591e-01,-4.517178258684665382e-01,4.032588558690788916e-01,9.653360885518602608e-01
4.460999999999999943e+01,2.820788898803783806e-01,4.032595518138342161e-01,9.653377832310245932e-01,-4.517178252744564748e-01,4.032588543431814276e-01,9.653360874099828903e-01
4.461999999999999744e+01,2.820788899281712059e-01,4.032595596628549273e-01,9.653377885284839532e-01,-4.517178247068723840e-01,4.032588528378983628e-01,9.653360862869407866e-01
4.463000000000000256e+01,2.820788899738245759e-01,4.032595674069766045e-01,9.653377937554028509e-01,-4.517178241645377623e-01,4.032588513529496432e-01,9.653360851823263866e-01
4.464000000000000057e+01,2.820788900174341363e-01,4.032595750476016261e-01,9.653377989127139847e-01,-4.517178236463272323e-01,4.032588498880588235e-01,9.653360840957456723e-01
4.464999999999999858e+01,2.820788900590919246e-01,4.032595825861139960e-01,9.653378040013377293e-01,-4.517178231511668751e-01,4.032588484429537323e-01,9.653360830268148396e-01
4.466000000000000369e+01,2.820788900988855930e-01,4.032595900238788444e-01,9.653378090221822472e-01,-4.517178226780294570e-01,4.032588470173659179e-01,9.653360819751627409e-01
4.467000000000000171e+01,2.820788901368987966e-01,4.032595973622435936e-01,9.653378139761443766e-01,-4.517178222259343179e-01,4.032588456110302588e-01,9.653360809404283316e-01
4.467999999999999972e+01,2.820788901732114717e-01,4.032596046025371805e-01,9.653378188641088542e-01,-4.517178217939445961e-01,4.032588442236851867e-01,9.653360799222621136e-01
4.468999999999999773e+01,2.820788902079005567e-01,4.032596117460710006e-01,9.653378236869487594e-01,-4.517178213811647858e-01,4.032588428550734627e-01,9.653360789203232484e-01
4.470000000000000284e+01,2.820788902410386600e-01,4.032596187941389632e-01,9.653378284455269576e-01,-4.517178209867395156e-01,4.032588415049407349e-01,9.653360779342821107e-01
4.471000000000000085e+01,2.820788902726961700e-01,4.032596257480168256e-01,9.653378331406935464e-01,-4.517178206098516613e-01,4.032588401730364813e-01,9.653360769638174022e-01
4.471999999999999886e+01,2.820788903029392003e-01,4.032596326089649685e-01,9.653378377732887428e-01,-4.517178202497200701e-01,4.032588388591132889e-01,9.653360760086182601e-01
4.473000000000000398e+01,2.820788903318320329e-01,4.032596393782249544e-01,9.653378423441417722e-01,-4.517178199055995602e-01,4.032588375629276856e-01,9.653360750683811498e-01
4.474000000000000199e+01,2.820788903594351194e-01,4.032596460570230801e-01,9.653378468540700919e-01,-4.517178195767768689e-01,4.032588362842389751e-01,9.653360741428116398e-01
4.475000000000000000e+01,2.820788903858068575e-01,4.032596526465689335e-01,9.653378513038819442e-01,-4.517178192625705413e-01,4.032588350228097362e-01,9.653360732316232928e-01
4.475999999999999801e+01,2.820788904110027584e-01,4.032596591480557269e-01,9.653378556943732480e-01,-4.517178189623307638e-01,4.032588337784069332e-01,9.653360723345372207e-01
4.477000000000000313e+01,2.820788904350755577e-01,4.032596655626603521e-01,9.653378600263320397e-01,-4.517178186754354230e-01,4.032588325507991400e-01,9.653360714512823071e-01
4.478000000000000114e+01,2.820788904580763257e-01,4.032596718915447687e-01,9.653378643005331439e-01,-4.517178184012907161e-01,4.032588313397587054e-01,9.653360705815949849e-01
4.478999999999999915e+01,2.820788904800533570e-01,4.032596781358547822e-01,9.653378685177439467e-01,-4.517178181393296521e-01,4.032588301450620305e-01,9.653360697252183487e-01
4.480000000000000426e+01,2.820788905010524483e-01,4.032596842967213213e-01,9.653378726787199549e-01,-4.517178178890091100e-01,4.032588289664870707e-01,9.653360688819019320e-01
4.481000000000000227e+01,2.820788905211181197e-01,4.032596903752594386e-01,9.653378767842077934e-01,-4.517178176498118924e-01,4.032588278038158336e-01,9.653360680514024850e-01
4.482000000000000028e+01,2.820788905402922264e-01,4.032596963725701422e-01,9.653378808349444284e-01,-4.517178174212430619e-01,4.032588266568328805e-01,9.653360672334826420e-01
4.482999999999999829e+01,2.820788905586149586e-01,4.032597022897391748e-01,9.653378848316558347e-01,-4.517178172028294414e-01,4.032588255253257703e-01,9.653360664279110326e-01
4.484000000000000341e+01,2.820788905761250631e-01,4.032597081278377349e-01,9.653378887750604376e-01,-4.517178169941189481e-01,4.032588244090851148e-01,9.653360656344623925e-01
4.485000000000000142e+01,2.820788905928588441e-01,4.032597138879231435e-01,9.653378926658655601e-01,-4.517178167946801493e-01,4.032588233079042461e-01,9.653360648529168975e-01
4.485999999999999943e+01,2.820788906088514958e-01,4.032597195710380666e-01,9.653378965047705318e-01,-4.517178166041007636e-01,4.032588222215796048e-01,9.653360640830609407e-01
4.486999999999999744e+01,2.820788906241361582e-01,4.032597251782114034e-01,9.653379002924649122e-01,-4.517178164219868286e-01,4.032588211499101294e-01,9.653360633246844680e-01
4.488000000000000256e+01,2.820788906387451389e-01,4.032597307104582862e-01,9.653379040296288238e-01,-4.517178162479609238e-01,4.032588200926972011e-01,9.653360625775845305e-01
4.489000000000000057e+01,2.820788906527086359e-01,4.032597361687801918e-01,9.653379077169346179e-01,-4.517178160816638366e-01,4.032588190497456426e-01,9.653360618415616212e-01
4.489999999999999858e+01,2.820788906660556816e-01,4.032597415541654962e-01,9.653379113550450974e-01,-4.517178159227520640e-01,4.032588180208623307e-01,9.653360611164220062e-01
4.491000000000000369e+01,2.820788906788141426e-01,4.032597468675892527e-01,9.653379149446138507e-01,-4.517178157708970354e-01,4.032588170058569732e-01,9.653360604019760594e-01
4.492000000000000171e+01,2.820788906910107197e-01,4.032597521100128590e-01,9.653379184862864726e-01,-4.517178156257844468e-01,4.032588160045422199e-01,9.653360596980384845e-01
4.492999999999999972e+01,2.820788907026705594e-01,4.032597572823855558e-01,9.653379219807001199e-01,-4.517178154871151485e-01,4.032588150167327745e-01,9.653360590044285372e-01
4.493999999999999773e+01,2.820788907138176982e-01,4.032597623856439828e-01,9.653379254284837341e-01,-4.517178153546022035e-01,4.032588140422461165e-01,9.653360583209695811e-01
4.495000000000000284e+01,2.820788907244754506e-01,4.032597674207112348e-01,9.653379288302578187e-01,-4.517178152279719416e-01,4.032588130809017790e-01,9.653360576474893096e-01
4.496000000000000085e+01,2.820788907346655772e-01,4.032597723884997487e-01,9.653379321866339957e-01,-4.517178151069627390e-01,4.032588121325225150e-01,9.653360569838193017e-01
4.496999999999999886e+01,2.820788907444094495e-01,4.032597772899079169e-01,9.653379354982167815e-01,-4.517178149913249063e-01,4.032588111969331313e-01,9.653360563297940233e-01
4.498000000000000398e+01,2.820788907537267187e-01,4.032597821258234738e-01,9.653379387656023658e-01,-4.517178148808191351e-01,4.032588102739604885e-01,9.653360556852530472e-01
4.499000000000000199e+01,2.820788907626369801e-01,4.032597868971214417e-01,9.653379419893792779e-01,-4.517178147752181627e-01,4.032588093634343340e-01,9.653360550500381665e-01
4.500000000000000000e+01,2.820788907711583859e-01,4.032597916046655184e-01,9.653379451701276093e-01,-4.517178146743033862e-01,4.032588084651863025e-01,9.653360544239953933e-01
4.500999999999999801e+01,2.820788907793082001e-01,4.032597962493081889e-01,9.653379483084207902e-01,-4.517178145778667497e-01,4.032588075790508597e-01,9.653360538069739594e-01
4.502000000000000313e+01,2.820788907871033535e-01,4.032598008318895033e-01,9.653379514048239241e-01,-4.517178144857087463e-01,4.032588067048636926e-01,9.653360531988264270e-01
4.503000000000000114e+01,2.820788907945596669e-01,4.032598053532395199e-01,9.653379544598948980e-01,-4.517178143976398053e-01,4.032588058424640964e-01,9.653360525994081343e-01
4.503999999999999915e+01,2.820788908016923502e-01,4.032598098141761955e-01,9.653379574741841607e-01,-4.517178143134777946e-01,4.032588049916923656e-01,9.653360520085780827e-01
4.505000000000000426e+01,2.820788908085161140e-01,4.032598142155072174e-01,9.653379604482352772e-01,-4.517178142330490753e-01,4.032588041523917366e-01,9.653360514261967174e-01
4.506000000000000227e+01,2.820788908150445584e-01,4.032598185580290595e-01,9.653379633825838191e-01,-4.517178141561882243e-01,4.032588033244071113e-01,9.653360508521300343e-01
4.507000000000000028e+01,2.820788908212908952e-01,4.032598228425278153e-01,9.653379662777591408e-01,-4.517178140827360910e-01,4.032588025075856120e-01,9.653360502862446957e-01
4.507999999999999829e+01,2.820788908272677808e-01,4.032598270697786424e-01,9.653379691342828250e-01,-4.517178140125420183e-01,4.032588017017768034e-01,9.653360497284104724e-01
4.509000000000000341e+01,2.820788908329875944e-01,4.032598312405468732e-01,9.653379719526706815e-01,-4.517178139454604002e-01,4.032588009068316381e-01,9.653360491784996888e-01
4.510000000000000142e+01,2.820788908384614935e-01,4.032598353555874593e-01,9.653379747334297489e-01,-4.517178138813535138e-01,4.032588001226035113e-01,9.653360486363882220e-01
4.510999999999999943e+01,2.820788908437004694e-01,4.032598394156450272e-01,9.653379774770622923e-01,-4.517178138200890758e-01,4.032587993489480382e-01,9.653360481019528372e-01
4.511999999999999744e+01,2.820788908487154578e-01,4.032598434214541561e-01,9.653379801840639152e-01,-4.517178137615405764e-01,4.032587985857221113e-01,9.653360475750742964e-01
4.513000000000000256e+01,2.820788908535160067e-01,4.032598473737401545e-01,9.653379828549213393e-01,-4.517178137055876674e-01,4.032587978327850653e-01,9.653360470556348050e-01
4.514000000000000057e+01,2.820788908581118304e-01,4.032598512732181728e-01,9.653379854901174006e-01,-4.517178136521148857e-01,4.032587970899979002e-01,9.653360465435185667e-01
4.514999999999999858e+01,2.820788908625118663e-01,4.032598551205938131e-01,9.653379880901273857e-01,-4.517178136010125411e-01,4.032587963572237810e-01,9.653360460386132269e-01
4.516000000000000369e+01,2.820788908667254402e-01,4.032598589165637959e-01,9.653379906554203638e-01,-4.517178135521748850e-01,4.032587956343273716e-01,9.653360455408075413e-01
4.517000000000000171e+01,2.820788908707601572e-01,4.032598626618144055e-01,9.653379931864592978e-01,-4.517178135055012755e-01,4.032587949211755562e-01,9.653360450499924861e-01
4.517999999999999972e+01,2.820788908746244550e-01,4.032598663570240438e-01,9.653379956837008224e-01,-4.517178134608959006e-01,4.032587942176368290e-01,9.653360445660614797e-01
4.518999999999999773e+01,2.820788908783257165e-01,4.032598700028611760e-01,9.653379981475957994e-01,-4.517178134182670002e-01,4.032587935235812382e-01,9.653360440889098282e-01
4.520000000000000284e+01,2.820788908818712137e-01,4.032598735999857187e-01,9.653380005785888729e-01,-4.517178133775265336e-01,4.032587928388809972e-01,9.653360436184343918e-01
4.521000000000000085e+01,2.820788908852679411e-01,4.032598771490482070e-01,9.653380029771184700e-01,-4.517178133385912342e-01,4.032587921634097072e-01,9.653360431545345843e-01
4.521999999999999886e+01,2.820788908885222823e-01,4.032598806506916267e-01,9.653380053436182440e-01,-4.517178133013802221e-01,4.032587914970429677e-01,9.653360426971112629e-01
4.523000000000000398e+01,2.820788908916408988e-01,4.032598841055489713e-01,9.653380076785154085e-01,-4.517178132658175027e-01,4.032587908396581544e-01,9.653360422460668389e-01
4.524000000000000199e+01,2.820788908946296747e-01,4.032598875142459072e-01,9.653380099822314042e-01,-4.517178132318298567e-01,4.032587901911334760e-01,9.653360418013059441e-01
4.525000000000000000e+01,2.820788908974941611e-01,4.032598908773989965e-01,9.653380122551820097e-01,-4.517178131993470069e-01,4.032587895513497500e-01,9.653360413627350978e-01
4.525999999999999801e+01,2.820788909002401312e-01,4.032598941956169747e-01,9.653380144977772304e-01,-4.517178131683023956e-01,4.032587889201891262e-01,9.653360409302613743e-01
4.527000000000000313e+01,2.820788909028726921e-01,4.032598974695003058e-01,9.653380167104235188e-01,-4.517178131386320183e-01,4.032587882975353089e-01,9.653360405037950676e-01
4.527600000000000335e+01,2.820788909043999704e-01,4.032598994127962744e-01,9.653380180238012587e-01,-4.517178131214643066e-01,4.032587879279783127e-01,9.653360402507614735e-01
