time,x_error_mm,y_error_mm,z_error_mm
0.000000000000000000e+00,1.920514645195468688e+02,1.502439097864838402e+01,1.780036089285341916e+01
1.000000000000000021e-02,1.920514646486615220e+02,1.502439131822075424e+01,1.780035723149076077e+01
2.000000000000000042e-02,1.920514650383763637e+02,1.502439169113417528e+01,1.780035294448545358e+01
2.999999999999999889e-02,1.920514655309622754e+02,1.502439204747818557e+01,1.780034868114033131e+01
4.000000000000000083e-02,1.920514660283213573e+02,1.502439236027180947e+01,1.780034482314707489e+01
5.000000000000000278e-02,1.920514664758918855e+02,1.502439261842697427e+01,1.780034155522447392e+01
5.999999999999999778e-02,1.920514668489792314e+02,1.502439282103801332e+01,1.780033892822618924e+01
7.000000000000000666e-02,1.920514671419652473e+02,1.502439297306545996e+01,1.780033691020188513e+01
8.000000000000000167e-02,1.920514673603021549e+02,1.502439308228009551e+01,1.780033542462244966e+01
8.999999999999999667e-02,1.920514675149192385e+02,1.502439315724846125e+01,1.780033437697958831e+01
1.000000000000000056e-01,1.920514676185669316e+02,1.502439320611936857e+01,1.780033367184596926e+01
1.100000000000000006e-01,1.920514676836208707e+02,1.502439323598675536e+01,1.780033322268181806e+01
1.199999999999999956e-01,1.920514677209237675e+02,1.502439325264348646e+01,1.780033295648841829e+01
1.300000000000000044e-01,1.920514677393195768e+02,1.502439326057736224e+01,1.780033281506343457e+01
1.400000000000000133e-01,1.920514677456157813e+02,1.502439326310339673e+01,1.780033275421200045e+01
1.499999999999999944e-01,1.920514677447835936e+02,1.502439326255705687e+01,1.780033274189118941e+01
1.600000000000000033e-01,1.920514677402643997e+02,1.502439326050147805e+01,1.780033275594894349e+01
1.700000000000000122e-01,1.920514677343018093e+02,1.502439325792087566e+01,1.780033278187176293e+01
1.799999999999999933e-01,1.920514677282513105e+02,1.502439325538573733e+01,1.780033281076665119e+01
1.900000000000000022e-01,1.920514677228435971e+02,1.502439325318560748e+01,1.780033283768123198e+01
2.000000000000000111e-01,1.920514677183945196e+02,1.502439325143051185e+01,1.780033286028415063e+01
2.099999999999999922e-01,1.920514677149636213e+02,1.502439325012405646e+01,1.780033287787896512e+01
2.200000000000000011e-01,1.920514677124673142e+02,1.502439324921422958e+01,1.780033289070182079e+01
2.300000000000000100e-01,1.920514677107548778e+02,1.502439324862581138e+01,1.780033289944726960e+01
2.399999999999999911e-01,1.920514677096569756e+02,1.502439324828064215e+01,1.780033290496852061e+01
2.500000000000000000e-01,1.920514677090133375e+02,1.502439324810817034e+01,1.780033290810056812e+01
2.600000000000000089e-01,1.920514677086867437e+02,1.502439324805015985e+01,1.780033290957106118e+01
2.700000000000000178e-01,1.920514677085678557e+02,1.502439324806198506e+01,1.780033290996396644e+01
2.800000000000000266e-01,1.920514677085745063e+02,1.502439324811111199e+01,1.780033290971982751e+01
2.899999999999999800e-01,1.920514677086483459e+02,1.502439324817594901e+01,1.780033290915061883e+01
2.999999999999999889e-01,1.920514677087503230e+02,1.502439324824250733e+01,1.780033290846261451e+01
3.099999999999999978e-01,1.920514677088563928e+02,1.502439324830301359e+01,1.780033290778249011e+01
3.200000000000000067e-01,1.920514677089529698e+02,1.502439324835386181e+01,1.780033290717874905e+01
3.300000000000000155e-01,1.920514677090338580e+02,1.502439324839410872e+01,1.780033290668070478e+01
3.400000000000000244e-01,1.920514677090973237e+02,1.502439324842430679e+01,1.780033290629334886e+01
3.500000000000000333e-01,1.920514677091445321e+02,1.502439324844590018e+01,1.780033290600713158e+01
3.599999999999999867e-01,1.920514677091777003e+02,1.502439324846049828e+01,1.780033290580651339e+01
3.699999999999999956e-01,1.920514677091996418e+02,1.502439324846976909e+01,1.780033290567340032e+01
3.800000000000000044e-01,1.920514677092132274e+02,1.502439324847521007e+01,1.780033290559135395e+01
3.900000000000000133e-01,1.920514677092207023e+02,1.502439324847798474e+01,1.780033290554527881e+01
4.000000000000000222e-01,1.920514677092241698e+02,1.502439324847915003e+01,1.780033290552340830e+01
4.100000000000000311e-01,1.920514677092250793e+02,1.502439324847920687e+01,1.780033290551708092e+01
4.199999999999999845e-01,1.920514677092245677e+02,1.502439324847870594e+01,1.780033290551952163e+01
4.299999999999999933e-01,1.920514677092232887e+02,1.502439324847798474e+01,1.780033290552640679e+01
4.400000000000000022e-01,1.920514677092216971e+02,1.502439324847709656e+01,1.780033290553506475e+01
4.500000000000000111e-01,1.920514677092202476e+02,1.502439324847637536e+01,1.780033290554350245e+01
4.600000000000000200e-01,1.920514677092188833e+02,1.502439324847582114e+01,1.780033290555083170e+01
4.700000000000000289e-01,1.920514677092178317e+02,1.502439324847532021e+01,1.780033290555682512e+01
4.799999999999999822e-01,1.920514677092170075e+02,1.502439324847504309e+01,1.780033290556137615e+01
4.899999999999999911e-01,1.920514677092164391e+02,1.502439324847476598e+01,1.780033290556470860e+01
5.000000000000000000e-01,1.920514677092160412e+02,1.502439324847454394e+01,1.780033290556681891e+01
5.100000000000000089e-01,1.920514677092157854e+02,1.502439324847454394e+01,1.780033290556826131e+01
5.200000000000000178e-01,1.920514677092156148e+02,1.502439324847459901e+01,1.780033290556914949e+01
5.300000000000000266e-01,1.920514677092156148e+02,1.502439324847459901e+01,1.780033290556936976e+01
5.400000000000000355e-01,1.920514677092156148e+02,1.502439324847459901e+01,1.780033290556948344e+01
5.500000000000000444e-01,1.920514677092156148e+02,1.502439324847459901e+01,1.780033290556936976e+01
5.600000000000000533e-01,1.920514677092156148e+02,1.502439324847459901e+01,1.780033290556936976e+01
5.700000000000000622e-01,1.920514677092156148e+02,1.502439324847459901e+01,1.780033290556925962e+01
5.799999999999999600e-01,1.920514677092156148e+02,1.502439324847459901e+01,1.780033290556925962e+01
5.899999999999999689e-01,1.920514677092156148e+02,1.502439324847459901e+01,1.780033290556914949e+01
5.999999999999999778e-01,1.920514677092156148e+02,1.502439324847459901e+01,1.780033290556914949e+01
6.099999999999999867e-01,1.920514677092156148e+02,1.502439324847459901e+01,1.780033290556903935e+01
6.199999999999999956e-01,1.920514677092156148e+02,1.502439324847459901e+01,1.780033290556903935e+01
6.300000000000000044e-01,1.920514677092156148e+02,1.502439324847459901e+01,1.780033290556903935e+01
6.400000000000000133e-01,1.920514677092156148e+02,1.502439324847459901e+01,1.780033290556903935e+01
6.500000000000000222e-01,1.920514677092156148e+02,1.502439324847459901e+01,1.780033290556903935e+01
6.600000000000000311e-01,1.920514677092156148e+02,1.502439324847459901e+01,1.780033290556903935e+01
6.700000000000000400e-01,1.920514677092156148e+02,1.502439324847459901e+01,1.780033290556903935e+01
6.800000000000000488e-01,1.920514677092156148e+02,1.502439324847459901e+01,1.780033290556903935e+01
6.900000000000000577e-01,1.920514677092156148e+02,1.502439324847459901e+01,1.780033290556903935e+01
7.000000000000000666e-01,1.920514677092156148e+02,1.502439324847459901e+01,1.780033290556903935e+01
7.099999999999999645e-01,1.920514677092156148e+02,1.502439324847459901e+01,1.780033290556903935e+01
7.199999999999999734e-01,1.920514677092156148e+02,1.502439324847459901e+01,1.780033290556903935e+01
7.299999999999999822e-01,1.920514677092156148e+02,1.502439324847459901e+01,1.780033290556903935e+01
7.399999999999999911e-01,1.920514677092156148e+02,1.502439324847459901e+01,1.780033290556903935e+01
7.500000000000000000e-01,1.920514677092156148e+02,1.502439324847459901e+01,1.780033290556903935e+01
7.600000000000000089e-01,1.920514677092156148e+02,1.502439324847459901e+01,1.780033290556903935e+01
7.700000000000000178e-01,1.920514677092156148e+02,1.502439324847459901e+01,1.780033290556903935e+01
7.800000000000000266e-01,1.920514677092156148e+02,1.502439324847459901e+01,1.780033290556903935e+01
7.900000000000000355e-01,1.920514677092156148e+02,1.502439324847459901e+01,1.780033290556903935e+01
8.000000000000000444e-01,1.920514677092156148e+02,1.502439324847459901e+01,1.780033290556903935e+01
8.100000000000000533e-01,1.920514677092156148e+02,1.502439324847459901e+01,1.780033290556903935e+01
8.200000000000000622e-01,1.920514677092156148e+02,1.502439324847459901e+01,1.780033290556903935e+01
8.300000000000000711e-01,1.920514677092156148e+02,1.502439324847459901e+01,1.780033290556903935e+01
8.399999999999999689e-01,1.920514677092156148e+02,1.502439324847459901e+01,1.780033290556903935e+01
8.499999999999999778e-01,1.920514677092156148e+02,1.502439324847459901e+01,1.780033290556903935e+01
8.599999999999999867e-01,1.920514677092156148e+02,1.502439324847459901e+01,1.780033290556903935e+01
8.699999999999999956e-01,1.920514677092156148e+02,1.502439324847459901e+01,1.780033290556903935e+01
8.800000000000000044e-01,1.920514677092156148e+02,1.502439324847459901e+01,1.780033290556903935e+01
8.900000000000000133e-01,1.920514677092156148e+02,1.502439324847459901e+01,1.780033290556903935e+01
9.000000000000000222e-01,1.920514677092156148e+02,1.502439324847459901e+01,1.780033290556903935e+01
9.100000000000000311e-01,1.920514677092156148e+02,1.502439324847459901e+01,1.780033290556903935e+01
9.200000000000000400e-01,1.920514677092156148e+02,1.502439324847459901e+01,1.780033290556903935e+01
9.300000000000000488e-01,1.920514677092156148e+02,1.502439324847459901e+01,1.780033290556903935e+01
9.400000000000000577e-01,1.920514677092156148e+02,1.502439324847459901e+01,1.780033290556903935e+01
9.500000000000000666e-01,1.920514677092156148e+02,1.502439324847459901e+01,1.780033290556903935e+01
9.599999999999999645e-01,1.920514677092156148e+02,1.502439324847459901e+01,1.780033290556903935e+01
9.699999999999999734e-01,1.920514677092156148e+02,1.502439324847459901e+01,1.780033290556903935e+01
9.799999999999999822e-01,1.920514677092156148e+02,1.502439324847459901e+01,1.780033290556903935e+01
9.899999999999999911e-01,1.920514677092156148e+02,1.502439324847459901e+01,1.780033290556903935e+01
1.000000000000000000e+00,1.920514677092156148e+02,1.502439324847459901e+01,1.780033290556903935e+01
1.010000000000000009e+00,1.920514677092156148e+02,1.502439324847459901e+01,1.780033290556903935e+01
1.020000000000000018e+00,1.920514677092156148e+02,1.502439324847459901e+01,1.780033290556903935e+01
1.030000000000000027e+00,1.920514677092156148e+02,1.502439324847459901e+01,1.780033290556903935e+01
1.040000000000000036e+00,1.920514677092156148e+02,1.502439324847459901e+01,1.780033290556903935e+01
1.050000000000000044e+00,1.920514677092156148e+02,1.502439324847459901e+01,1.780033290556903935e+01
1.060000000000000053e+00,1.920514677092156148e+02,1.502439324847459901e+01,1.780033290556903935e+01
1.070000000000000062e+00,1.920514677092156148e+02,1.502439324847459901e+01,1.780033290556903935e+01
1.080000000000000071e+00,1.920514677092156148e+02,1.502439324847459901e+01,1.780033290556903935e+01
1.090000000000000080e+00,1.920514677092156148e+02,1.502439324847459901e+01,1.780033290556903935e+01
1.100000000000000089e+00,1.920514677092156148e+02,1.502439324847459901e+01,1.780033290556903935e+01
1.110000000000000098e+00,1.920514677092156148e+02,1.502439324847459901e+01,1.780033290556903935e+01
1.120000000000000107e+00,1.920514677092156148e+02,1.502439324847459901e+01,1.780033290556903935e+01
1.130000000000000115e+00,1.920514677092156148e+02,1.502439324847459901e+01,1.780033290556903935e+01
1.140000000000000124e+00,1.920514677092156148e+02,1.502439324847459901e+01,1.780033290556903935e+01
1.150000000000000133e+00,1.920514677092156148e+02,1.502439324847459901e+01,1.780033290556903935e+01
1.159999999999999920e+00,1.920514677092156148e+02,1.502439324847459901e+01,1.780033290556903935e+01
1.169999999999999929e+00,1.920514677092156148e+02,1.502439324847459901e+01,1.780033290556903935e+01
1.179999999999999938e+00,1.920514677092156148e+02,1.502439324847459901e+01,1.780033290556903935e+01
1.189999999999999947e+00,1.920514677092156148e+02,1.502439324847459901e+01,1.780033290556903935e+01
1.199999999999999956e+00,1.920514677092156148e+02,1.502439324847459901e+01,1.780033290556903935e+01
1.209999999999999964e+00,1.920514677092156148e+02,1.502439324847459901e+01,1.780033290556903935e+01
1.219999999999999973e+00,1.920514677092156148e+02,1.502439324847459901e+01,1.780033290556903935e+01
1.229999999999999982e+00,1.920514677092156148e+02,1.502439324847459901e+01,1.780033290556903935e+01
1.239999999999999991e+00,1.920514677092156148e+02,1.502439324847459901e+01,1.780033290556903935e+01
1.250000000000000000e+00,1.920514677092156148e+02,1.502439324847459901e+01,1.780033290556903935e+01
1.260000000000000009e+00,1.920514677092156148e+02,1.502439324847459901e+01,1.780033290556903935e+01
1.270000000000000018e+00,1.920514677092156148e+02,1.502439324847459901e+01,1.780033290556903935e+01
1.280000000000000027e+00,1.920514677092156148e+02,1.502439324847459901e+01,1.780033290556903935e+01
1.290000000000000036e+00,1.920514677092156148e+02,1.502439324847459901e+01,1.780033290556903935e+01
1.300000000000000044e+00,1.920514677092156148e+02,1.502439324847459901e+01,1.780033290556903935e+01
1.310000000000000053e+00,1.920514677092156148e+02,1.502439324847459901e+01,1.780033290556903935e+01
1.320000000000000062e+00,1.920514677092156148e+02,1.502439324847459901e+01,1.780033290556903935e+01
1.330000000000000071e+00,1.920514677092156148e+02,1.502439324847459901e+01,1.780033290556903935e+01
1.340000000000000080e+00,1.920514677092156148e+02,1.502439324847459901e+01,1.780033290556903935e+01
1.350000000000000089e+00,1.920514677092156148e+02,1.502439324847459901e+01,1.780033290556903935e+01
1.360000000000000098e+00,1.920514677092156148e+02,1.502439324847459901e+01,1.780033290556903935e+01
1.370000000000000107e+00,1.920514677092156148e+02,1.502439324847459901e+01,1.780033290556903935e+01
1.380000000000000115e+00,1.920514677092156148e+02,1.502439324847459901e+01,1.780033290556903935e+01
1.390000000000000124e+00,1.920514677092156148e+02,1.502439324847459901e+01,1.780033290556903935e+01
1.400000000000000133e+00,1.920514677092156148e+02,1.502439324847459901e+01,1.780033290556903935e+01
1.409999999999999920e+00,1.920514677092156148e+02,1.502439324847459901e+01,1.780033290556903935e+01
1.419999999999999929e+00,1.920514677092156148e+02,1.502439324847459901e+01,1.780033290556903935e+01
1.429999999999999938e+00,1.920514677092156148e+02,1.502439324847459901e+01,1.780033290556903935e+01
1.439999999999999947e+00,1.920514677092156148e+02,1.502439324847459901e+01,1.780033290556903935e+01
1.449999999999999956e+00,1.920514677092156148e+02,1.502439324847459901e+01,1.780033290556903935e+01
1.459999999999999964e+00,1.920514677092156148e+02,1.502439324847459901e+01,1.780033290556903935e+01
1.469999999999999973e+00,1.920514677092156148e+02,1.502439324847459901e+01,1.780033290556903935e+01
1.479999999999999982e+00,1.920514677092156148e+02,1.502439324847459901e+01,1.780033290556903935e+01
1.489999999999999991e+00,1.920514677092156148e+02,1.502439324847459901e+01,1.780033290556903935e+01
1.500000000000000000e+00,1.920514677092156148e+02,1.502439324847459901e+01,1.780033290556903935e+01
1.510000000000000009e+00,1.920514677092156148e+02,1.502439324847459901e+01,1.780033290556903935e+01
1.520000000000000018e+00,1.920514677092156148e+02,1.502439324847459901e+01,1.780033290556903935e+01
1.530000000000000027e+00,1.920514677092156148e+02,1.502439324847459901e+01,1.780033290556903935e+01
1.540000000000000036e+00,1.920514677092156148e+02,1.502439324847459901e+01,1.780033290556903935e+01
1.550000000000000044e+00,1.920514677092156148e+02,1.502439324847459901e+01,1.780033290556903935e+01
1.560000000000000053e+00,1.920514677092156148e+02,1.502439324847459901e+01,1.780033290556903935e+01
1.570000000000000062e+00,1.920514677092156148e+02,1.502439324847459901e+01,1.780033290556903935e+01
1.580000000000000071e+00,1.920514677092156148e+02,1.502439324847459901e+01,1.780033290556903935e+01
1.590000000000000080e+00,1.920514677092156148e+02,1.502439324847459901e+01,1.780033290556903935e+01
1.600000000000000089e+00,1.920514677092156148e+02,1.502439324847459901e+01,1.780033290556903935e+01
1.610000000000000098e+00,1.920514677092156148e+02,1.502439324847459901e+01,1.780033290556903935e+01
1.620000000000000107e+00,1.920514677092156148e+02,1.502439324847459901e+01,1.780033290556903935e+01
1.630000000000000115e+00,1.920514677092156148e+02,1.502439324847459901e+01,1.780033290556903935e+01
1.640000000000000124e+00,1.920514677092156148e+02,1.502439324847459901e+01,1.780033290556903935e+01
1.650000000000000133e+00,1.920514677092156148e+02,1.502439324847459901e+01,1.780033290556903935e+01
1.660000000000000142e+00,1.920514677092156148e+02,1.502439324847459901e+01,1.780033290556903935e+01
1.669999999999999929e+00,1.920514677092156148e+02,1.502439324847459901e+01,1.780033290556903935e+01
1.679999999999999938e+00,1.920514677092156148e+02,1.502439324847459901e+01,1.780033290556903935e+01
1.689999999999999947e+00,1.920514677092156148e+02,1.502439324847459901e+01,1.780033290556903935e+01
1.699999999999999956e+00,1.920514677092156148e+02,1.502439324847459901e+01,1.780033290556903935e+01
1.709999999999999964e+00,1.920514677092156148e+02,1.502439324847459901e+01,1.780033290556903935e+01
1.719999999999999973e+00,1.920514677092156148e+02,1.502439324847459901e+01,1.780033290556903935e+01
1.729999999999999982e+00,1.920514677092156148e+02,1.502439324847459901e+01,1.780033290556903935e+01
1.739999999999999991e+00,1.920514677092156148e+02,1.502439324847459901e+01,1.780033290556903935e+01
1.750000000000000000e+00,1.920514677092156148e+02,1.502439324847459901e+01,1.780033290556903935e+01
1.760000000000000009e+00,1.920514677092156148e+02,1.502439324847459901e+01,1.780033290556903935e+01
1.770000000000000018e+00,1.920514677092156148e+02,1.502439324847459901e+01,1.780033290556903935e+01
1.780000000000000027e+00,1.920514677092156148e+02,1.502439324847459901e+01,1.780033290556903935e+01
1.790000000000000036e+00,1.920514677092156148e+02,1.502439324847459901e+01,1.780033290556903935e+01
1.800000000000000044e+00,1.920514677092156148e+02,1.502439324847459901e+01,1.780033290556903935e+01
1.810000000000000053e+00,1.920514677092156148e+02,1.502439324847459901e+01,1.780033290556903935e+01
1.820000000000000062e+00,1.920514677092156148e+02,1.502439324847459901e+01,1.780033290556903935e+01
1.830000000000000071e+00,1.920514677092156148e+02,1.502439324847459901e+01,1.780033290556903935e+01
1.840000000000000080e+00,1.920514677092156148e+02,1.502439324847459901e+01,1.780033290556903935e+01
1.850000000000000089e+00,1.920514677092156148e+02,1.502439324847459901e+01,1.780033290556903935e+01
1.860000000000000098e+00,1.920514677092156148e+02,1.502439324847459901e+01,1.780033290556903935e+01
1.870000000000000107e+00,1.920514677092156148e+02,1.502439324847459901e+01,1.780033290556903935e+01
1.880000000000000115e+00,1.920514677092156148e+02,1.502439324847459901e+01,1.780033290556903935e+01
1.890000000000000124e+00,1.920514677092156148e+02,1.502439324847459901e+01,1.780033290556903935e+01
1.900000000000000133e+00,1.920514677092156148e+02,1.502439324847459901e+01,1.780033290556903935e+01
1.910000000000000142e+00,1.920514677092156148e+02,1.502439324847459901e+01,1.780033290556903935e+01
1.919999999999999929e+00,1.920514677092156148e+02,1.502439324847459901e+01,1.780033290556903935e+01
1.929999999999999938e+00,1.920514677092156148e+02,1.502439324847459901e+01,1.780033290556903935e+01
1.939999999999999947e+00,1.920514677092156148e+02,1.502439324847459901e+01,1.780033290556903935e+01
1.949999999999999956e+00,1.920514677092156148e+02,1.502439324847459901e+01,1.780033290556903935e+01
1.959999999999999964e+00,1.920514677092156148e+02,1.502439324847459901e+01,1.780033290556903935e+01
1.969999999999999973e+00,1.920514677092156148e+02,1.502439324847459901e+01,1.780033290556903935e+01
1.979999999999999982e+00,1.920514677092156148e+02,1.502439324847459901e+01,1.780033290556903935e+01
1.989999999999999991e+00,1.920514677092156148e+02,1.502439324847459901e+01,1.780033290556903935e+01
2.000000000000000000e+00,1.920514677092156148e+02,1.502439324847459901e+01,1.780033290556903935e+01
2.010000000000000231e+00,1.920514677092156148e+02,1.502439324847459901e+01,1.780033290556903935e+01
2.020000000000000018e+00,1.920514677092156148e+02,1.502439324847459901e+01,1.780033290556903935e+01
2.030000000000000249e+00,1.920514677092156148e+02,1.502439324847459901e+01,1.780033290556903935e+01
2.040000000000000036e+00,1.920514677092156148e+02,1.502439324847459901e+01,1.780033290556903935e+01
2.049999999999999822e+00,1.920514677092156148e+02,1.502439324847459901e+01,1.780033290556903935e+01
2.060000000000000053e+00,1.920514677092156148e+02,1.502439324847459901e+01,1.780033290556903935e+01
2.069999999999999840e+00,1.920514677092156148e+02,1.502439324847459901e+01,1.780033290556903935e+01
2.080000000000000071e+00,1.920514677092156148e+02,1.502439324847459901e+01,1.780033290556903935e+01
2.089999999999999858e+00,1.920514677092156148e+02,1.502439324847459901e+01,1.780033290556903935e+01
2.100000000000000089e+00,1.920514677092156148e+02,1.502439324847459901e+01,1.780033290556903935e+01
2.109999999999999876e+00,1.920514677092156148e+02,1.502439324847459901e+01,1.780033290556903935e+01
2.120000000000000107e+00,1.920514677092156148e+02,1.502439324847459901e+01,1.780033290556903935e+01
2.129999999999999893e+00,1.920514677092156148e+02,1.502439324847459901e+01,1.780033290556903935e+01
2.140000000000000124e+00,1.920514677092156148e+02,1.502439324847459901e+01,1.780033290556903935e+01
2.149999999999999911e+00,1.920514677092156148e+02,1.502439324847459901e+01,1.780033290556903935e+01
2.160000000000000142e+00,1.920514677092156148e+02,1.502439324847459901e+01,1.780033290556903935e+01
2.169999999999999929e+00,1.920514677092156148e+02,1.502439324847459901e+01,1.780033290556903935e+01
2.180000000000000160e+00,1.920514677092156148e+02,1.502439324847459901e+01,1.780033290556903935e+01
2.189999999999999947e+00,1.920514677092156148e+02,1.502439324847459901e+01,1.780033290556903935e+01
2.200000000000000178e+00,1.920514677092156148e+02,1.502439324847459901e+01,1.780033290556903935e+01
2.209999999999999964e+00,1.920514677092156148e+02,1.502439324847459901e+01,1.780033290556903935e+01
2.220000000000000195e+00,1.920514677092156148e+02,1.502439324847459901e+01,1.780033290556903935e+01
2.229999999999999982e+00,1.920514677092156148e+02,1.502439324847459901e+01,1.780033290556903935e+01
2.240000000000000213e+00,1.920514677092156148e+02,1.502439324847459901e+01,1.780033290556903935e+01
2.250000000000000000e+00,1.920514677092156148e+02,1.502439324847459901e+01,1.780033290556903935e+01
2.260000000000000231e+00,1.920514677092156148e+02,1.502439324847459901e+01,1.780033290556903935e+01
2.270000000000000018e+00,1.920514677092156148e+02,1.502439324847459901e+01,1.780033290556903935e+01
2.280000000000000249e+00,1.920514677092156148e+02,1.502439324847459901e+01,1.780033290556903935e+01
2.290000000000000036e+00,1.920514677092156148e+02,1.502439324847459901e+01,1.780033290556903935e+01
2.300000000000000266e+00,1.920514677092156148e+02,1.502439324847459901e+01,1.780033290556903935e+01
2.310000000000000053e+00,1.920514677092156148e+02,1.502439324847459901e+01,1.780033290556903935e+01
2.319999999999999840e+00,1.920514677092156148e+02,1.502439324847459901e+01,1.780033290556903935e+01
2.330000000000000071e+00,1.920514677092156148e+02,1.502439324847459901e+01,1.780033290556903935e+01
2.339999999999999858e+00,1.920514677092156148e+02,1.502439324847459901e+01,1.780033290556903935e+01
2.350000000000000089e+00,1.920514677092156148e+02,1.502439324847459901e+01,1.780033290556903935e+01
2.359999999999999876e+00,1.920514677092156148e+02,1.502439324847459901e+01,1.780033290556903935e+01
2.370000000000000107e+00,1.920514677092156148e+02,1.502439324847459901e+01,1.780033290556903935e+01
2.379999999999999893e+00,1.920514677092156148e+02,1.502439324847459901e+01,1.780033290556903935e+01
2.390000000000000124e+00,1.920514677092156148e+02,1.502439324847459901e+01,1.780033290556903935e+01
2.399999999999999911e+00,1.920514677092156148e+02,1.502439324847459901e+01,1.780033290556903935e+01
2.410000000000000142e+00,1.920514677092156148e+02,1.502439324847459901e+01,1.780033290556903935e+01
2.419999999999999929e+00,1.920514677092156148e+02,1.502439324847459901e+01,1.780033290556903935e+01
2.430000000000000160e+00,1.920514677092156148e+02,1.502439324847459901e+01,1.780033290556903935e+01
2.439999999999999947e+00,1.920514677092156148e+02,1.502439324847459901e+01,1.780033290556903935e+01
2.450000000000000178e+00,1.920514677092156148e+02,1.502439324847459901e+01,1.780033290556903935e+01
2.459999999999999964e+00,1.920514677092156148e+02,1.502439324847459901e+01,1.780033290556903935e+01
2.470000000000000195e+00,1.920514677092156148e+02,1.502439324847459901e+01,1.780033290556903935e+01
2.479999999999999982e+00,1.920514677092156148e+02,1.502439324847459901e+01,1.780033290556903935e+01
2.490000000000000213e+00,1.920514677092156148e+02,1.502439324847459901e+01,1.780033290556903935e+01
2.500000000000000000e+00,1.920514677092156148e+02,1.502439324847459901e+01,1.780033290556903935e+01
2.510000000000000231e+00,1.920514677092156148e+02,1.502439324847459901e+01,1.780033290556903935e+01
2.520000000000000018e+00,1.920514677092156148e+02,1.502439324847459901e+01,1.780033290556903935e+01
2.530000000000000249e+00,1.920514677092156148e+02,1.502439324847459901e+01,1.780033290556903935e+01
2.540000000000000036e+00,1.920514677092156148e+02,1.502439324847459901e+01,1.780033290556903935e+01
2.550000000000000266e+00,1.920514677092156148e+02,1.502439324847459901e+01,1.780033290556903935e+01
2.560000000000000053e+00,1.920514677092156148e+02,1.502439324847459901e+01,1.780033290556903935e+01
2.569999999999999840e+00,1.920514677092156148e+02,1.502439324847459901e+01,1.780033290556903935e+01
2.580000000000000071e+00,1.920514677092156148e+02,1.502439324847459901e+01,1.780033290556903935e+01
2.589999999999999858e+00,1.920514677092156148e+02,1.502439324847459901e+01,1.780033290556903935e+01
2.600000000000000089e+00,1.920514677092156148e+02,1.502439324847459901e+01,1.780033290556903935e+01
2.609999999999999876e+00,1.920514677092156148e+02,1.502439324847459901e+01,1.780033290556903935e+01
2.620000000000000107e+00,1.920514677092156148e+02,1.502439324847459901e+01,1.780033290556903935e+01
2.629999999999999893e+00,1.920514677092156148e+02,1.502439324847459901e+01,1.780033290556903935e+01
2.640000000000000124e+00,1.920514677092156148e+02,1.502439324847459901e+01,1.780033290556903935e+01
2.649999999999999911e+00,1.920514677092156148e+02,1.502439324847459901e+01,1.780033290556903935e+01
2.660000000000000142e+00,1.920514677092156148e+02,1.502439324847459901e+01,1.780033290556903935e+01
2.669999999999999929e+00,1.920514677092156148e+02,1.502439324847459901e+01,1.780033290556903935e+01
2.680000000000000160e+00,1.920514677092156148e+02,1.502439324847459901e+01,1.780033290556903935e+01
2.689999999999999947e+00,1.920514677092156148e+02,1.502439324847459901e+01,1.780033290556903935e+01
2.700000000000000178e+00,1.920514677092156148e+02,1.502439324847459901e+01,1.780033290556903935e+01
2.709999999999999964e+00,1.920514677092156148e+02,1.502439324847459901e+01,1.780033290556903935e+01
2.720000000000000195e+00,1.920514677092156148e+02,1.502439324847459901e+01,1.780033290556903935e+01
2.729999999999999982e+00,1.920514677092156148e+02,1.502439324847459901e+01,1.780033290556903935e+01
2.740000000000000213e+00,1.920514677092156148e+02,1.502439324847459901e+01,1.780033290556903935e+01
2.750000000000000000e+00,1.920514677092156148e+02,1.502439324847459901e+01,1.780033290556903935e+01
2.760000000000000231e+00,1.920514677092156148e+02,1.502439324847459901e+01,1.780033290556903935e+01
2.770000000000000018e+00,1.920514677092156148e+02,1.502439324847459901e+01,1.780033290556903935e+01
2.780000000000000249e+00,1.920514677092156148e+02,1.502439324847459901e+01,1.780033290556903935e+01
2.790000000000000036e+00,1.920514677092156148e+02,1.502439324847459901e+01,1.780033290556903935e+01
2.800000000000000266e+00,1.920514677092156148e+02,1.502439324847459901e+01,1.780033290556903935e+01
2.810000000000000053e+00,1.920514677092156148e+02,1.502439324847459901e+01,1.780033290556903935e+01
2.819999999999999840e+00,1.920514677092156148e+02,1.502439324847459901e+01,1.780033290556903935e+01
2.830000000000000071e+00,1.920514677092156148e+02,1.502439324847459901e+01,1.780033290556903935e+01
2.839999999999999858e+00,1.920514677092156148e+02,1.502439324847459901e+01,1.780033290556903935e+01
2.850000000000000089e+00,1.920514677092156148e+02,1.502439324847459901e+01,1.780033290556903935e+01
2.859999999999999876e+00,1.920514677092156148e+02,1.502439324847459901e+01,1.780033290556903935e+01
2.870000000000000107e+00,1.920514677092156148e+02,1.502439324847459901e+01,1.780033290556903935e+01
2.879999999999999893e+00,1.920514677092156148e+02,1.502439324847459901e+01,1.780033290556903935e+01
2.890000000000000124e+00,1.920514677092156148e+02,1.502439324847459901e+01,1.780033290556903935e+01
2.899999999999999911e+00,1.920514677092156148e+02,1.502439324847459901e+01,1.780033290556903935e+01
2.910000000000000142e+00,1.920514677092156148e+02,1.502439324847459901e+01,1.780033290556903935e+01
2.919999999999999929e+00,1.920514677092156148e+02,1.502439324847459901e+01,1.780033290556903935e+01
2.930000000000000160e+00,1.920514677092156148e+02,1.502439324847459901e+01,1.780033290556903935e+01
2.939999999999999947e+00,1.920514677092156148e+02,1.502439324847459901e+01,1.780033290556903935e+01
2.950000000000000178e+00,1.920514677092156148e+02,1.502439324847459901e+01,1.780033290556903935e+01
2.959999999999999964e+00,1.920514677092156148e+02,1.502439324847459901e+01,1.780033290556903935e+01
2.970000000000000195e+00,1.920514677092156148e+02,1.502439324847459901e+01,1.780033290556903935e+01
2.979999999999999982e+00,1.920514677092156148e+02,1.502439324847459901e+01,1.780033290556903935e+01
2.990000000000000213e+00,1.920514677092156148e+02,1.502439324847459901e+01,1.780033290556903935e+01
3.000000000000000000e+00,1.920514677092156148e+02,1.502439324847459901e+01,1.780033290556903935e+01
3.010000000000000231e+00,1.920514677092156148e+02,1.502439324847459901e+01,1.780033290556903935e+01
3.020000000000000018e+00,1.920514677092156148e+02,1.502439324847459901e+01,1.780033290556903935e+01
3.030000000000000249e+00,1.920514677092156148e+02,1.502439324847459901e+01,1.780033290556903935e+01
3.040000000000000036e+00,1.920514677092156148e+02,1.502439324847459901e+01,1.780033290556903935e+01
3.050000000000000266e+00,1.920514677092156148e+02,1.502439324847459901e+01,1.780033290556903935e+01
3.060000000000000053e+00,1.920514677092156148e+02,1.502439324847459901e+01,1.780033290556903935e+01
3.070000000000000284e+00,1.920514677092156148e+02,1.502439324847459901e+01,1.780033290556903935e+01
3.080000000000000071e+00,1.920514677092156148e+02,1.502439324847459901e+01,1.780033290556903935e+01
3.089999999999999858e+00,1.920514677092156148e+02,1.502439324847459901e+01,1.780033290556903935e+01
3.100000000000000089e+00,1.920514677092156148e+02,1.502439324847459901e+01,1.780033290556903935e+01
3.109999999999999876e+00,1.920514677092156148e+02,1.502439324847459901e+01,1.780033290556903935e+01
3.120000000000000107e+00,1.920514677092156148e+02,1.502439324847459901e+01,1.780033290556903935e+01
3.129999999999999893e+00,1.920514677092156148e+02,1.502439324847459901e+01,1.780033290556903935e+01
3.140000000000000124e+00,1.920514677092156148e+02,1.502439324847459901e+01,1.780033290556903935e+01
3.149999999999999911e+00,1.920514677092156148e+02,1.502439324847459901e+01,1.780033290556903935e+01
3.160000000000000142e+00,1.920514677092156148e+02,1.502439324847459901e+01,1.780033290556903935e+01
3.169999999999999929e+00,1.920514677092156148e+02,1.502439324847459901e+01,1.780033290556903935e+01
3.180000000000000160e+00,1.920514677092156148e+02,1.502439324847459901e+01,1.780033290556903935e+01
3.189999999999999947e+00,1.920514677092156148e+02,1.502439324847459901e+01,1.780033290556903935e+01
3.200000000000000178e+00,1.920514677092156148e+02,1.502439324847459901e+01,1.780033290556903935e+01
3.209999999999999964e+00,1.920514677092156148e+02,1.502439324847459901e+01,1.780033290556903935e+01
3.220000000000000195e+00,1.920514677092156148e+02,1.502439324847459901e+01,1.780033290556903935e+01
3.229999999999999982e+00,1.920514677092156148e+02,1.502439324847459901e+01,1.780033290556903935e+01
3.240000000000000213e+00,1.920514677092156148e+02,1.502439324847459901e+01,1.780033290556903935e+01
3.250000000000000000e+00,1.920514677092156148e+02,1.502439324847459901e+01,1.780033290556903935e+01
3.260000000000000231e+00,1.920514677092156148e+02,1.502439324847459901e+01,1.780033290556903935e+01
3.270000000000000018e+00,1.920514677092156148e+02,1.502439324847459901e+01,1.780033290556903935e+01
3.280000000000000249e+00,1.920514677092156148e+02,1.502439324847459901e+01,1.780033290556903935e+01
3.290000000000000036e+00,1.920514677092156148e+02,1.502439324847459901e+01,1.780033290556903935e+01
3.300000000000000266e+00,1.920514677092156148e+02,1.502439324847459901e+01,1.780033290556903935e+01
3.310000000000000053e+00,1.920514677092156148e+02,1.502439324847459901e+01,1.780033290556903935e+01
3.320000000000000284e+00,1.920514677092156148e+02,1.502439324847459901e+01,1.780033290556903935e+01
3.330000000000000071e+00,1.920514677092156148e+02,1.502439324847459901e+01,1.780033290556903935e+01
3.339999999999999858e+00,1.920514677092156148e+02,1.502439324847459901e+01,1.780033290556903935e+01
3.350000000000000089e+00,1.920514677092156148e+02,1.502439324847459901e+01,1.780033290556903935e+01
3.359999999999999876e+00,1.920514677092156148e+02,1.502439324847459901e+01,1.780033290556903935e+01
3.370000000000000107e+00,1.920514677092156148e+02,1.502439324847459901e+01,1.780033290556903935e+01
3.379999999999999893e+00,1.920514677092156148e+02,1.502439324847459901e+01,1.780033290556903935e+01
3.390000000000000124e+00,1.920514677092156148e+02,1.502439324847459901e+01,1.780033290556903935e+01
3.399999999999999911e+00,1.920514677092156148e+02,1.502439324847459901e+01,1.780033290556903935e+01
3.410000000000000142e+00,1.920514677092156148e+02,1.502439324847459901e+01,1.780033290556903935e+01
3.419999999999999929e+00,1.920514677092156148e+02,1.502439324847459901e+01,1.780033290556903935e+01
3.430000000000000160e+00,1.920514677092156148e+02,1.502439324847459901e+01,1.780033290556903935e+01
3.439999999999999947e+00,1.920514677092156148e+02,1.502439324847459901e+01,1.780033290556903935e+01
3.450000000000000178e+00,1.920514677092156148e+02,1.502439324847459901e+01,1.780033290556903935e+01
3.459999999999999964e+00,1.920514677092156148e+02,1.502439324847459901e+01,1.780033290556903935e+01
3.470000000000000195e+00,1.920514677092156148e+02,1.502439324847459901e+01,1.780033290556903935e+01
3.479999999999999982e+00,1.920514677092156148e+02,1.502439324847459901e+01,1.780033290556903935e+01
3.490000000000000213e+00,1.920514677092156148e+02,1.502439324847459901e+01,1.780033290556903935e+01
3.500000000000000000e+00,1.920514677092156148e+02,1.502439324847459901e+01,1.780033290556903935e+01
3.510000000000000231e+00,1.920514677092156148e+02,1.502439324847459901e+01,1.780033290556903935e+01
3.520000000000000018e+00,1.920514677092156148e+02,1.502439324847459901e+01,1.780033290556903935e+01
3.530000000000000249e+00,1.920514677092156148e+02,1.502439324847459901e+01,1.780033290556903935e+01
3.540000000000000036e+00,1.920514677092156148e+02,1.502439324847459901e+01,1.780033290556903935e+01
3.550000000000000266e+00,1.920514677092156148e+02,1.502439324847459901e+01,1.780033290556903935e+01
3.560000000000000053e+00,1.920514677092156148e+02,1.502439324847459901e+01,1.780033290556903935e+01
3.570000000000000284e+00,1.920514677092156148e+02,1.502439324847459901e+01,1.780033290556903935e+01
3.580000000000000071e+00,1.920514677092156148e+02,1.502439324847459901e+01,1.780033290556903935e+01
3.589999999999999858e+00,1.920514677092156148e+02,1.502439324847459901e+01,1.780033290556903935e+01
3.600000000000000089e+00,1.920514677092156148e+02,1.502439324847459901e+01,1.780033290556903935e+01
3.609999999999999876e+00,1.920514677092156148e+02,1.502439324847459901e+01,1.780033290556903935e+01
3.620000000000000107e+00,1.920514677092156148e+02,1.502439324847459901e+01,1.780033290556903935e+01
3.629999999999999893e+00,1.920514677092156148e+02,1.502439324847459901e+01,1.780033290556903935e+01
3.640000000000000124e+00,1.920514677092156148e+02,1.502439324847459901e+01,1.780033290556903935e+01
3.649999999999999911e+00,1.920514677092156148e+02,1.502439324847459901e+01,1.780033290556903935e+01
3.660000000000000142e+00,1.920514677092156148e+02,1.502439324847459901e+01,1.780033290556903935e+01
3.669999999999999929e+00,1.920514677092156148e+02,1.502439324847459901e+01,1.780033290556903935e+01
3.680000000000000160e+00,1.920514677092156148e+02,1.502439324847459901e+01,1.780033290556903935e+01
3.689999999999999947e+00,1.920514677092156148e+02,1.502439324847459901e+01,1.780033290556903935e+01
3.700000000000000178e+00,1.920514677092156148e+02,1.502439324847459901e+01,1.780033290556903935e+01
3.709999999999999964e+00,1.920514677092156148e+02,1.502439324847459901e+01,1.780033290556903935e+01
3.720000000000000195e+00,1.920514677092156148e+02,1.502439324847459901e+01,1.780033290556903935e+01
3.729999999999999982e+00,1.920514677092156148e+02,1.502439324847459901e+01,1.780033290556903935e+01
3.740000000000000213e+00,1.920514677092156148e+02,1.502439324847459901e+01,1.780033290556903935e+01
3.750000000000000000e+00,1.920514677092156148e+02,1.502439324847459901e+01,1.780033290556903935e+01
3.760000000000000231e+00,1.920514677092156148e+02,1.502439324847459901e+01,1.780033290556903935e+01
3.770000000000000018e+00,1.920514677092156148e+02,1.502439324847459901e+01,1.780033290556903935e+01
3.780000000000000249e+00,1.920514677092156148e+02,1.502439324847459901e+01,1.780033290556903935e+01
3.790000000000000036e+00,1.920514677092156148e+02,1.502439324847459901e+01,1.780033290556903935e+01
3.800000000000000266e+00,1.920514677092156148e+02,1.502439324847459901e+01,1.780033290556903935e+01
3.810000000000000053e+00,1.920514677092156148e+02,1.502439324847459901e+01,1.780033290556903935e+01
3.820000000000000284e+00,1.920514677092156148e+02,1.502439324847459901e+01,1.780033290556903935e+01
3.830000000000000071e+00,1.920514677092156148e+02,1.502439324847459901e+01,1.780033290556903935e+01
3.839999999999999858e+00,1.920514677092156148e+02,1.502439324847459901e+01,1.780033290556903935e+01
3.850000000000000089e+00,1.920514677092156148e+02,1.502439324847459901e+01,1.780033290556903935e+01
3.859999999999999876e+00,1.920514677092156148e+02,1.502439324847459901e+01,1.780033290556903935e+01
3.870000000000000107e+00,1.920514677092156148e+02,1.502439324847459901e+01,1.780033290556903935e+01
3.879999999999999893e+00,1.920514677092156148e+02,1.502439324847459901e+01,1.780033290556903935e+01
3.890000000000000124e+00,1.920514677092156148e+02,1.502439324847459901e+01,1.780033290556903935e+01
3.899999999999999911e+00,1.920514677092156148e+02,1.502439324847459901e+01,1.780033290556903935e+01
3.910000000000000142e+00,1.920514677092156148e+02,1.502439324847459901e+01,1.780033290556903935e+01
3.919999999999999929e+00,1.920514677092156148e+02,1.502439324847459901e+01,1.780033290556903935e+01
3.930000000000000160e+00,1.920514677092156148e+02,1.502439324847459901e+01,1.780033290556903935e+01
3.939999999999999947e+00,1.920514677092156148e+02,1.502439324847459901e+01,1.780033290556903935e+01
3.950000000000000178e+00,1.920514677092156148e+02,1.502439324847459901e+01,1.780033290556903935e+01
3.959999999999999964e+00,1.920514677092156148e+02,1.502439324847459901e+01,1.780033290556903935e+01
3.970000000000000195e+00,1.920514677092156148e+02,1.502439324847459901e+01,1.780033290556903935e+01
3.979999999999999982e+00,1.920514677092156148e+02,1.502439324847459901e+01,1.780033290556903935e+01
3.990000000000000213e+00,1.920514677092156148e+02,1.502439324847459901e+01,1.780033290556903935e+01
4.000000000000000000e+00,1.920514677092156148e+02,1.502439324847459901e+01,1.780033290556903935e+01
4.009999999999999787e+00,1.920514677092156148e+02,1.502439324847459901e+01,1.780033290556903935e+01
4.020000000000000462e+00,1.920514677092156148e+02,1.502439324847459901e+01,1.780033290556903935e+01
4.030000000000000249e+00,1.920514677092156148e+02,1.502439324847459901e+01,1.780033290556903935e+01
4.040000000000000036e+00,1.920514677092156148e+02,1.502439324847459901e+01,1.780033290556903935e+01
4.049999999999999822e+00,1.920514677092156148e+02,1.502439324847459901e+01,1.780033290556903935e+01
4.060000000000000497e+00,1.920514677092156148e+02,1.502439324847459901e+01,1.780033290556903935e+01
4.070000000000000284e+00,1.920514677092156148e+02,1.502439324847459901e+01,1.780033290556903935e+01
4.080000000000000071e+00,1.920514677092156148e+02,1.502439324847459901e+01,1.780033290556903935e+01
4.089999999999999858e+00,1.920514677092156148e+02,1.502439324847459901e+01,1.780033290556903935e+01
4.099999999999999645e+00,1.920514677092156148e+02,1.502439324847459901e+01,1.780033290556903935e+01
4.110000000000000320e+00,1.920514677092156148e+02,1.502439324847459901e+01,1.780033290556903935e+01
4.120000000000000107e+00,1.920514677092156148e+02,1.502439324847459901e+01,1.780033290556903935e+01
4.129999999999999893e+00,1.920514677092156148e+02,1.502439324847459901e+01,1.780033290556903935e+01
4.139999999999999680e+00,1.920514677092156148e+02,1.502439324847459901e+01,1.780033290556903935e+01
4.150000000000000355e+00,1.920514677092156148e+02,1.502439324847459901e+01,1.780033290556903935e+01
4.160000000000000142e+00,1.920514677092156148e+02,1.502439324847459901e+01,1.780033290556903935e+01
4.169999999999999929e+00,1.920514677092156148e+02,1.502439324847459901e+01,1.780033290556903935e+01
4.179999999999999716e+00,1.920514677092156148e+02,1.502439324847459901e+01,1.780033290556903935e+01
4.190000000000000391e+00,1.920514677092156148e+02,1.502439324847459901e+01,1.780033290556903935e+01
4.200000000000000178e+00,1.920514677092156148e+02,1.502439324847459901e+01,1.780033290556903935e+01
4.209999999999999964e+00,1.920514677092156148e+02,1.502439324847459901e+01,1.780033290556903935e+01
4.219999999999999751e+00,1.920514677092156148e+02,1.502439324847459901e+01,1.780033290556903935e+01
4.230000000000000426e+00,1.920514677092156148e+02,1.502439324847459901e+01,1.780033290556903935e+01
4.240000000000000213e+00,1.920514677092156148e+02,1.502439324847459901e+01,1.780033290556903935e+01
4.250000000000000000e+00,1.920514677092156148e+02,1.502439324847459901e+01,1.780033290556903935e+01
4.259999999999999787e+00,1.920514677092156148e+02,1.502439324847459901e+01,1.780033290556903935e+01
4.270000000000000462e+00,1.920514677092156148e+02,1.502439324847459901e+01,1.780033290556903935e+01
4.280000000000000249e+00,1.920514677092156148e+02,1.502439324847459901e+01,1.780033290556903935e+01
4.290000000000000036e+00,1.920514677092156148e+02,1.502439324847459901e+01,1.780033290556903935e+01
4.299999999999999822e+00,1.920514677092156148e+02,1.502439324847459901e+01,1.780033290556903935e+01
4.310000000000000497e+00,1.920514677092156148e+02,1.502439324847459901e+01,1.780033290556903935e+01
4.320000000000000284e+00,1.920514677092156148e+02,1.502439324847459901e+01,1.780033290556903935e+01
4.330000000000000071e+00,1.920514677092156148e+02,1.502439324847459901e+01,1.780033290556903935e+01
4.339999999999999858e+00,1.920514677092156148e+02,1.502439324847459901e+01,1.780033290556903935e+01
4.350000000000000533e+00,1.920514677092156148e+02,1.502439324847459901e+01,1.780033290556903935e+01
4.360000000000000320e+00,1.920514677092156148e+02,1.502439324847459901e+01,1.780033290556903935e+01
4.370000000000000107e+00,1.920514677092156148e+02,1.502439324847459901e+01,1.780033290556903935e+01
4.379999999999999893e+00,1.920514677092156148e+02,1.502439324847459901e+01,1.780033290556903935e+01
4.389999999999999680e+00,1.920514677092156148e+02,1.502439324847459901e+01,1.780033290556903935e+01
4.400000000000000355e+00,1.920514677092156148e+02,1.502439324847459901e+01,1.780033290556903935e+01
4.410000000000000142e+00,1.920514677092156148e+02,1.502439324847459901e+01,1.780033290556903935e+01
4.419999999999999929e+00,1.920514677092156148e+02,1.502439324847459901e+01,1.780033290556903935e+01
4.429999999999999716e+00,1.920514677092156148e+02,1.502439324847459901e+01,1.780033290556903935e+01
4.440000000000000391e+00,1.920514677092156148e+02,1.502439324847459901e+01,1.780033290556903935e+01
4.450000000000000178e+00,1.920514677092156148e+02,1.502439324847459901e+01,1.780033290556903935e+01
4.459999999999999964e+00,1.920514677092156148e+02,1.502439324847459901e+01,1.780033290556903935e+01
4.469999999999999751e+00,1.920514677092156148e+02,1.502439324847459901e+01,1.780033290556903935e+01
4.480000000000000426e+00,1.920514677092156148e+02,1.502439324847459901e+01,1.780033290556903935e+01
4.490000000000000213e+00,1.920514677092156148e+02,1.502439324847459901e+01,1.780033290556903935e+01
4.500000000000000000e+00,1.920514677092156148e+02,1.502439324847459901e+01,1.780033290556903935e+01
4.509999999999999787e+00,1.920514677092156148e+02,1.502439324847459901e+01,1.780033290556903935e+01
4.520000000000000462e+00,1.920514677092156148e+02,1.502439324847459901e+01,1.780033290556903935e+01
4.530000000000000249e+00,1.920514677092156148e+02,1.502439324847459901e+01,1.780033290556903935e+01
4.540000000000000036e+00,1.920514677092156148e+02,1.502439324847459901e+01,1.780033290556903935e+01
4.549999999999999822e+00,1.920514677092156148e+02,1.502439324847459901e+01,1.780033290556903935e+01
4.560000000000000497e+00,1.920514677092156148e+02,1.502439324847459901e+01,1.780033290556903935e+01
4.570000000000000284e+00,1.920514677092156148e+02,1.502439324847459901e+01,1.780033290556903935e+01
4.580000000000000071e+00,1.920514677092156148e+02,1.502439324847459901e+01,1.780033290556903935e+01
4.589999999999999858e+00,1.920514677092156148e+02,1.502439324847459901e+01,1.780033290556903935e+01
4.600000000000000533e+00,1.920514677092156148e+02,1.502439324847459901e+01,1.780033290556903935e+01
4.610000000000000320e+00,1.920514677092156148e+02,1.502439324847459901e+01,1.780033290556903935e+01
4.620000000000000107e+00,1.920514677092156148e+02,1.502439324847459901e+01,1.780033290556903935e+01
4.629999999999999893e+00,1.920514677092156148e+02,1.502439324847459901e+01,1.780033290556903935e+01
4.639999999999999680e+00,1.920514677092156148e+02,1.502439324847459901e+01,1.780033290556903935e+01
4.650000000000000355e+00,1.920514677092156148e+02,1.502439324847459901e+01,1.780033290556903935e+01
4.660000000000000142e+00,1.920514677092156148e+02,1.502439324847459901e+01,1.780033290556903935e+01
4.669999999999999929e+00,1.920514677092156148e+02,1.502439324847459901e+01,1.780033290556903935e+01
4.679999999999999716e+00,1.920514677092156148e+02,1.502439324847459901e+01,1.780033290556903935e+01
4.690000000000000391e+00,1.920514677092156148e+02,1.502439324847459901e+01,1.780033290556903935e+01
4.700000000000000178e+00,1.920514677092156148e+02,1.502439324847459901e+01,1.780033290556903935e+01
4.709999999999999964e+00,1.920514677092156148e+02,1.502439324847459901e+01,1.780033290556903935e+01
4.719999999999999751e+00,1.920514677092156148e+02,1.502439324847459901e+01,1.780033290556903935e+01
4.730000000000000426e+00,1.920514677092156148e+02,1.502439324847459901e+01,1.780033290556903935e+01
4.740000000000000213e+00,1.920514677092156148e+02,1.502439324847459901e+01,1.780033290556903935e+01
4.750000000000000000e+00,1.920514677092156148e+02,1.502439324847459901e+01,1.780033290556903935e+01
4.759999999999999787e+00,1.920514677092156148e+02,1.502439324847459901e+01,1.780033290556903935e+01
4.770000000000000462e+00,1.920514677092156148e+02,1.502439324847459901e+01,1.780033290556903935e+01
4.780000000000000249e+00,1.920514677092156148e+02,1.502439324847459901e+01,1.780033290556903935e+01
4.790000000000000036e+00,1.920514677092156148e+02,1.502439324847459901e+01,1.780033290556903935e+01
4.799999999999999822e+00,1.920514677092156148e+02,1.502439324847459901e+01,1.780033290556903935e+01
4.810000000000000497e+00,1.920514677092156148e+02,1.502439324847459901e+01,1.780033290556903935e+01
4.820000000000000284e+00,1.920514677092156148e+02,1.502439324847459901e+01,1.780033290556903935e+01
4.830000000000000071e+00,1.920514677092156148e+02,1.502439324847459901e+01,1.780033290556903935e+01
4.839999999999999858e+00,1.920514677092156148e+02,1.502439324847459901e+01,1.780033290556903935e+01
4.850000000000000533e+00,1.920514677092156148e+02,1.502439324847459901e+01,1.780033290556903935e+01
4.860000000000000320e+00,1.920514677092156148e+02,1.502439324847459901e+01,1.780033290556903935e+01
4.870000000000000107e+00,1.920514677092156148e+02,1.502439324847459901e+01,1.780033290556903935e+01
4.879999999999999893e+00,1.920514677092156148e+02,1.502439324847459901e+01,1.780033290556903935e+01
4.889999999999999680e+00,1.920514677092156148e+02,1.502439324847459901e+01,1.780033290556903935e+01
4.900000000000000355e+00,1.920514677092156148e+02,1.502439324847459901e+01,1.780033290556903935e+01
4.910000000000000142e+00,1.920514677092156148e+02,1.502439324847459901e+01,1.780033290556903935e+01
4.919999999999999929e+00,1.920514677092156148e+02,1.502439324847459901e+01,1.780033290556903935e+01
4.929999999999999716e+00,1.920514677092156148e+02,1.502439324847459901e+01,1.780033290556903935e+01
4.940000000000000391e+00,1.920514677092156148e+02,1.502439324847459901e+01,1.780033290556903935e+01
4.950000000000000178e+00,1.920514677092156148e+02,1.502439324847459901e+01,1.780033290556903935e+01
4.959999999999999964e+00,1.920514677092156148e+02,1.502439324847459901e+01,1.780033290556903935e+01
4.969999999999999751e+00,1.920514677092156148e+02,1.502439324847459901e+01,1.780033290556903935e+01
4.980000000000000426e+00,1.920514677092156148e+02,1.502439324847459901e+01,1.780033290556903935e+01
4.990000000000000213e+00,1.920514677092156148e+02,1.502439324847459901e+01,1.780033290556903935e+01
5.000000000000000000e+00,1.920514677092156148e+02,1.502439324847459901e+01,1.780033290556903935e+01
5.009999999999999787e+00,1.920514677092156148e+02,1.502439324847459901e+01,1.780033290556903935e+01
5.020000000000000462e+00,1.920514677092156148e+02,1.502439324847459901e+01,1.780033290556903935e+01
5.030000000000000249e+00,1.920514677092156148e+02,1.502439324847459901e+01,1.780033290556903935e+01
5.040000000000000036e+00,1.920514677092156148e+02,1.502439324847459901e+01,1.780033290556903935e+01
5.049999999999999822e+00,1.920514677092156148e+02,1.502439324847459901e+01,1.780033290556903935e+01
5.060000000000000497e+00,1.920514677092156148e+02,1.502439324847459901e+01,1.780033290556903935e+01
5.070000000000000284e+00,1.920514677092156148e+02,1.502439324847459901e+01,1.780033290556903935e+01
5.080000000000000071e+00,1.920514677092156148e+02,1.502439324847459901e+01,1.780033290556903935e+01
5.089999999999999858e+00,1.920514677092156148e+02,1.502439324847459901e+01,1.780033290556903935e+01
5.100000000000000533e+00,1.920514677092156148e+02,1.502439324847459901e+01,1.780033290556903935e+01
5.110000000000000320e+00,1.920514677092156148e+02,1.502439324847459901e+01,1.780033290556903935e+01
5.120000000000000107e+00,1.920514677092156148e+02,1.502439324847459901e+01,1.780033290556903935e+01
5.129999999999999893e+00,1.920514677092156148e+02,1.502439324847459901e+01,1.780033290556903935e+01
5.139999999999999680e+00,1.920514677092156148e+02,1.502439324847459901e+01,1.780033290556903935e+01
5.150000000000000355e+00,1.920514677092156148e+02,1.502439324847459901e+01,1.780033290556903935e+01
5.160000000000000142e+00,1.920514677092156148e+02,1.502439324847459901e+01,1.780033290556903935e+01
5.169999999999999929e+00,1.920514677092156148e+02,1.502439324847459901e+01,1.780033290556903935e+01
5.179999999999999716e+00,1.920514677092156148e+02,1.502439324847459901e+01,1.780033290556903935e+01
5.190000000000000391e+00,1.920514677092156148e+02,1.502439324847459901e+01,1.780033290556903935e+01
5.200000000000000178e+00,1.920514677092156148e+02,1.502439324847459901e+01,1.780033290556903935e+01
5.209999999999999964e+00,1.920514677092156148e+02,1.502439324847459901e+01,1.780033290556903935e+01
5.219999999999999751e+00,1.920514677092156148e+02,1.502439324847459901e+01,1.780033290556903935e+01
5.230000000000000426e+00,1.920514677092156148e+02,1.502439324847459901e+01,1.780033290556903935e+01
5.240000000000000213e+00,1.920514677092156148e+02,1.502439324847459901e+01,1.780033290556903935e+01
5.250000000000000000e+00,1.920514677092156148e+02,1.502439324847459901e+01,1.780033290556903935e+01
5.259999999999999787e+00,1.920514677092156148e+02,1.502439324847459901e+01,1.780033290556903935e+01
5.270000000000000462e+00,1.920514677092156148e+02,1.502439324847459901e+01,1.780033290556903935e+01
5.280000000000000249e+00,1.920514677092156148e+02,1.502439324847459901e+01,1.780033290556903935e+01
5.290000000000000036e+00,1.920514677092156148e+02,1.502439324847459901e+01,1.780033290556903935e+01
5.299999999999999822e+00,1.920514677092156148e+02,1.502439324847459901e+01,1.780033290556903935e+01
5.310000000000000497e+00,1.920514677092156148e+02,1.502439324847459901e+01,1.780033290556903935e+01
5.320000000000000284e+00,1.920514677092156148e+02,1.502439324847459901e+01,1.780033290556903935e+01
5.330000000000000071e+00,1.920514677092156148e+02,1.502439324847459901e+01,1.780033290556903935e+01
5.339999999999999858e+00,1.920514677092156148e+02,1.502439324847459901e+01,1.780033290556903935e+01
5.350000000000000533e+00,1.920514677092156148e+02,1.502439324847459901e+01,1.780033290556903935e+01
5.360000000000000320e+00,1.920514677092156148e+02,1.502439324847459901e+01,1.780033290556903935e+01
5.370000000000000107e+00,1.920514677092156148e+02,1.502439324847459901e+01,1.780033290556903935e+01
5.379999999999999893e+00,1.920514677092156148e+02,1.502439324847459901e+01,1.780033290556903935e+01
5.389999999999999680e+00,1.920514677092156148e+02,1.502439324847459901e+01,1.780033290556903935e+01
5.400000000000000355e+00,1.920514677092156148e+02,1.502439324847459901e+01,1.780033290556903935e+01
5.410000000000000142e+00,1.920514677092156148e+02,1.502439324847459901e+01,1.780033290556903935e+01
5.419999999999999929e+00,1.920514677092156148e+02,1.502439324847459901e+01,1.780033290556903935e+01
5.429999999999999716e+00,1.920514677092156148e+02,1.502439324847459901e+01,1.780033290556903935e+01
5.440000000000000391e+00,1.920514677092156148e+02,1.502439324847459901e+01,1.780033290556903935e+01
5.450000000000000178e+00,1.920514677092156148e+02,1.502439324847459901e+01,1.780033290556903935e+01
5.459999999999999964e+00,1.920514677092156148e+02,1.502439324847459901e+01,1.780033290556903935e+01
5.469999999999999751e+00,1.920514677092156148e+02,1.502439324847459901e+01,1.780033290556903935e+01
5.480000000000000426e+00,1.920514677092156148e+02,1.502439324847459901e+01,1.780033290556903935e+01
5.490000000000000213e+00,1.920514677092156148e+02,1.502439324847459901e+01,1.780033290556903935e+01
5.500000000000000000e+00,1.920514677092156148e+02,1.502439324847459901e+01,1.780033290556903935e+01
5.509999999999999787e+00,1.920514677092156148e+02,1.502439324847459901e+01,1.780033290556903935e+01
5.520000000000000462e+00,1.920514677092156148e+02,1.502439324847459901e+01,1.780033290556903935e+01
5.530000000000000249e+00,1.920514677092156148e+02,1.502439324847459901e+01,1.780033290556903935e+01
5.540000000000000036e+00,1.920514677092156148e+02,1.502439324847459901e+01,1.780033290556903935e+01
5.549999999999999822e+00,1.920514677092156148e+02,1.502439324847459901e+01,1.780033290556903935e+01
5.560000000000000497e+00,1.920514677092156148e+02,1.502439324847459901e+01,1.780033290556903935e+01
5.570000000000000284e+00,1.920514677092156148e+02,1.502439324847459901e+01,1.780033290556903935e+01
5.580000000000000071e+00,1.920514677092156148e+02,1.502439324847459901e+01,1.780033290556903935e+01
5.589999999999999858e+00,1.920514677092156148e+02,1.502439324847459901e+01,1.780033290556903935e+01
5.600000000000000533e+00,1.920514677092156148e+02,1.502439324847459901e+01,1.780033290556903935e+01
5.610000000000000320e+00,1.920514677092156148e+02,1.502439324847459901e+01,1.780033290556903935e+01
5.620000000000000107e+00,1.920514677092156148e+02,1.502439324847459901e+01,1.780033290556903935e+01
5.629999999999999893e+00,1.920514677092156148e+02,1.502439324847459901e+01,1.780033290556903935e+01
5.639999999999999680e+00,1.920514677092156148e+02,1.502439324847459901e+01,1.780033290556903935e+01
5.650000000000000355e+00,1.920514677092156148e+02,1.502439324847459901e+01,1.780033290556903935e+01
5.660000000000000142e+00,1.920514677092156148e+02,1.502439324847459901e+01,1.780033290556903935e+01
5.669999999999999929e+00,1.920514677092156148e+02,1.502439324847459901e+01,1.780033290556903935e+01
5.679999999999999716e+00,1.920514677092156148e+02,1.502439324847459901e+01,1.780033290556903935e+01
5.690000000000000391e+00,1.920514677092156148e+02,1.502439324847459901e+01,1.780033290556903935e+01
5.700000000000000178e+00,1.920514677092156148e+02,1.502439324847459901e+01,1.780033290556903935e+01
5.709999999999999964e+00,1.920514677092156148e+02,1.502439324847459901e+01,1.780033290556903935e+01
5.719999999999999751e+00,1.920514677092156148e+02,1.502439324847459901e+01,1.780033290556903935e+01
5.730000000000000426e+00,1.920514677092156148e+02,1.502439324847459901e+01,1.780033290556903935e+01
5.740000000000000213e+00,1.920514677092156148e+02,1.502439324847459901e+01,1.780033290556903935e+01
5.750000000000000000e+00,1.920514677092156148e+02,1.502439324847459901e+01,1.780033290556903935e+01
5.759999999999999787e+00,1.920514677092156148e+02,1.502439324847459901e+01,1.780033290556903935e+01
5.770000000000000462e+00,1.920514677092156148e+02,1.502439324847459901e+01,1.780033290556903935e+01
5.780000000000000249e+00,1.920514677092156148e+02,1.502439324847459901e+01,1.780033290556903935e+01
5.790000000000000036e+00,1.920514677092156148e+02,1.502439324847459901e+01,1.780033290556903935e+01
5.799999999999999822e+00,1.920514677092156148e+02,1.502439324847459901e+01,1.780033290556903935e+01
5.810000000000000497e+00,1.920514677092156148e+02,1.502439324847459901e+01,1.780033290556903935e+01
5.820000000000000284e+00,1.920514677092156148e+02,1.502439324847459901e+01,1.780033290556903935e+01
5.830000000000000071e+00,1.920514677092156148e+02,1.502439324847459901e+01,1.780033290556903935e+01
5.839999999999999858e+00,1.920514677092156148e+02,1.502439324847459901e+01,1.780033290556903935e+01
5.850000000000000533e+00,1.920514677092156148e+02,1.502439324847459901e+01,1.780033290556903935e+01
5.860000000000000320e+00,1.920514677092156148e+02,1.502439324847459901e+01,1.780033290556903935e+01
5.870000000000000107e+00,1.920514677092156148e+02,1.502439324847459901e+01,1.780033290556903935e+01
5.879999999999999893e+00,1.920514677092156148e+02,1.502439324847459901e+01,1.780033290556903935e+01
5.889999999999999680e+00,1.920514677092156148e+02,1.502439324847459901e+01,1.780033290556903935e+01
5.900000000000000355e+00,1.920514677092156148e+02,1.502439324847459901e+01,1.780033290556903935e+01
5.910000000000000142e+00,1.920514677092156148e+02,1.502439324847459901e+01,1.780033290556903935e+01
5.919999999999999929e+00,1.920514677092156148e+02,1.502439324847459901e+01,1.780033290556903935e+01
5.929999999999999716e+00,1.920514677092156148e+02,1.502439324847459901e+01,1.780033290556903935e+01
5.940000000000000391e+00,1.920514677092156148e+02,1.502439324847459901e+01,1.780033290556903935e+01
5.950000000000000178e+00,1.920514677092156148e+02,1.502439324847459901e+01,1.780033290556903935e+01
5.959999999999999964e+00,1.920514677092156148e+02,1.502439324847459901e+01,1.780033290556903935e+01
5.969999999999999751e+00,1.920514677092156148e+02,1.502439324847459901e+01,1.780033290556903935e+01
5.980000000000000426e+00,1.920514677092156148e+02,1.502439324847459901e+01,1.780033290556903935e+01
5.990000000000000213e+00,1.920514677092156148e+02,1.502439324847459901e+01,1.780033290556903935e+01
6.000000000000000000e+00,1.920514677092156148e+02,1.502439324847459901e+01,1.780033290556903935e+01
6.009999999999999787e+00,1.920514677092156148e+02,1.502439324847459901e+01,1.780033290556903935e+01
6.020000000000000462e+00,1.920514677092156148e+02,1.502439324847459901e+01,1.780033290556903935e+01
6.030000000000000249e+00,1.920514677092156148e+02,1.502439324847459901e+01,1.780033290556903935e+01
6.040000000000000036e+00,1.920514677092156148e+02,1.502439324847459901e+01,1.780033290556903935e+01
6.049999999999999822e+00,1.920514677092156148e+02,1.502439324847459901e+01,1.780033290556903935e+01
6.060000000000000497e+00,1.920514677092156148e+02,1.502439324847459901e+01,1.780033290556903935e+01
6.070000000000000284e+00,1.920514677092156148e+02,1.502439324847459901e+01,1.780033290556903935e+01
6.080000000000000071e+00,1.920514677092156148e+02,1.502439324847459901e+01,1.780033290556903935e+01
6.089999999999999858e+00,1.920514677092156148e+02,1.502439324847459901e+01,1.780033290556903935e+01
6.100000000000000533e+00,1.920514677092156148e+02,1.502439324847459901e+01,1.780033290556903935e+01
6.110000000000000320e+00,1.920514677092156148e+02,1.502439324847459901e+01,1.780033290556903935e+01
6.120000000000000107e+00,1.920514677092156148e+02,1.502439324847459901e+01,1.780033290556903935e+01
6.129999999999999893e+00,1.920514677092156148e+02,1.502439324847459901e+01,1.780033290556903935e+01
6.140000000000000568e+00,1.920514677092156148e+02,1.502439324847459901e+01,1.780033290556903935e+01
6.150000000000000355e+00,1.920514677092156148e+02,1.502439324847459901e+01,1.780033290556903935e+01
6.160000000000000142e+00,1.920514677092156148e+02,1.502439324847459901e+01,1.780033290556903935e+01
6.169999999999999929e+00,1.920514677092156148e+02,1.502439324847459901e+01,1.780033290556903935e+01
6.179999999999999716e+00,1.920514677092156148e+02,1.502439324847459901e+01,1.780033290556903935e+01
6.190000000000000391e+00,1.920514677092156148e+02,1.502439324847459901e+01,1.780033290556903935e+01
6.200000000000000178e+00,1.920514677092156148e+02,1.502439324847459901e+01,1.780033290556903935e+01
6.209999999999999964e+00,1.920514677092156148e+02,1.502439324847459901e+01,1.780033290556903935e+01
6.219999999999999751e+00,1.920514677092156148e+02,1.502439324847459901e+01,1.780033290556903935e+01
6.230000000000000426e+00,1.920514677092156148e+02,1.502439324847459901e+01,1.780033290556903935e+01
6.240000000000000213e+00,1.920514677092156148e+02,1.502439324847459901e+01,1.780033290556903935e+01
6.250000000000000000e+00,1.920514677092156148e+02,1.502439324847459901e+01,1.780033290556903935e+01
6.259999999999999787e+00,1.920514677092156148e+02,1.502439324847459901e+01,1.780033290556903935e+01
6.270000000000000462e+00,1.920514677092156148e+02,1.502439324847459901e+01,1.780033290556903935e+01
6.280000000000000249e+00,1.920514677092156148e+02,1.502439324847459901e+01,1.780033290556903935e+01
6.290000000000000036e+00,1.920514677092156148e+02,1.502439324847459901e+01,1.780033290556903935e+01
6.299999999999999822e+00,1.920514677092156148e+02,1.502439324847459901e+01,1.780033290556903935e+01
6.310000000000000497e+00,1.920514677092156148e+02,1.502439324847459901e+01,1.780033290556903935e+01
6.320000000000000284e+00,1.920514677092156148e+02,1.502439324847459901e+01,1.780033290556903935e+01
6.330000000000000071e+00,1.920514677092156148e+02,1.502439324847459901e+01,1.780033290556903935e+01
6.339999999999999858e+00,1.920514677092156148e+02,1.502439324847459901e+01,1.780033290556903935e+01
6.350000000000000533e+00,1.920514677092156148e+02,1.502439324847459901e+01,1.780033290556903935e+01
6.360000000000000320e+00,1.920514677092156148e+02,1.502439324847459901e+01,1.780033290556903935e+01
6.370000000000000107e+00,1.920514677092156148e+02,1.502439324847459901e+01,1.780033290556903935e+01
6.379999999999999893e+00,1.920514677092156148e+02,1.502439324847459901e+01,1.780033290556903935e+01
6.390000000000000568e+00,1.920514677092156148e+02,1.502439324847459901e+01,1.780033290556903935e+01
6.400000000000000355e+00,1.920514677092156148e+02,1.502439324847459901e+01,1.780033290556903935e+01
6.410000000000000142e+00,1.920514677092156148e+02,1.502439324847459901e+01,1.780033290556903935e+01
6.419999999999999929e+00,1.920514677092156148e+02,1.502439324847459901e+01,1.780033290556903935e+01
6.429999999999999716e+00,1.920514677092156148e+02,1.502439324847459901e+01,1.780033290556903935e+01
6.440000000000000391e+00,1.920514677092156148e+02,1.502439324847459901e+01,1.780033290556903935e+01
6.450000000000000178e+00,1.920514677092156148e+02,1.502439324847459901e+01,1.780033290556903935e+01
6.459999999999999964e+00,1.920514677092156148e+02,1.502439324847459901e+01,1.780033290556903935e+01
6.469999999999999751e+00,1.920514677092156148e+02,1.502439324847459901e+01,1.780033290556903935e+01
6.480000000000000426e+00,1.920514677092156148e+02,1.502439324847459901e+01,1.780033290556903935e+01
6.490000000000000213e+00,1.920514677092156148e+02,1.502439324847459901e+01,1.780033290556903935e+01
6.500000000000000000e+00,1.920514677092156148e+02,1.502439324847459901e+01,1.780033290556903935e+01
6.509999999999999787e+00,1.920514677092156148e+02,1.502439324847459901e+01,1.780033290556903935e+01
6.520000000000000462e+00,1.920514677092156148e+02,1.502439324847459901e+01,1.780033290556903935e+01
6.530000000000000249e+00,1.920514677092156148e+02,1.502439324847459901e+01,1.780033290556903935e+01
6.540000000000000036e+00,1.920514677092156148e+02,1.502439324847459901e+01,1.780033290556903935e+01
6.549999999999999822e+00,1.920514677092156148e+02,1.502439324847459901e+01,1.780033290556903935e+01
6.560000000000000497e+00,1.920514677092156148e+02,1.502439324847459901e+01,1.780033290556903935e+01
6.570000000000000284e+00,1.920514677092156148e+02,1.502439324847459901e+01,1.780033290556903935e+01
6.580000000000000071e+00,1.920514677092156148e+02,1.502439324847459901e+01,1.780033290556903935e+01
6.589999999999999858e+00,1.920514677092156148e+02,1.502439324847459901e+01,1.780033290556903935e+01
6.600000000000000533e+00,1.920514677092156148e+02,1.502439324847459901e+01,1.780033290556903935e+01
6.610000000000000320e+00,1.920514677092156148e+02,1.502439324847459901e+01,1.780033290556903935e+01
6.620000000000000107e+00,1.920514677092156148e+02,1.502439324847459901e+01,1.780033290556903935e+01
6.629999999999999893e+00,1.920514677092156148e+02,1.502439324847459901e+01,1.780033290556903935e+01
6.640000000000000568e+00,1.920514677092156148e+02,1.502439324847459901e+01,1.780033290556903935e+01
6.650000000000000355e+00,1.920514677092156148e+02,1.502439324847459901e+01,1.780033290556903935e+01
6.660000000000000142e+00,1.920514677092156148e+02,1.502439324847459901e+01,1.780033290556903935e+01
6.669999999999999929e+00,1.920514677092156148e+02,1.502439324847459901e+01,1.780033290556903935e+01
6.679999999999999716e+00,1.920514677092156148e+02,1.502439324847459901e+01,1.780033290556903935e+01
6.690000000000000391e+00,1.920514677092156148e+02,1.502439324847459901e+01,1.780033290556903935e+01
6.700000000000000178e+00,1.920514677092156148e+02,1.502439324847459901e+01,1.780033290556903935e+01
6.709999999999999964e+00,1.920514677092156148e+02,1.502439324847459901e+01,1.780033290556903935e+01
6.719999999999999751e+00,1.920514677092156148e+02,1.502439324847459901e+01,1.780033290556903935e+01
6.730000000000000426e+00,1.920514677092156148e+02,1.502439324847459901e+01,1.780033290556903935e+01
6.740000000000000213e+00,1.920514677092156148e+02,1.502439324847459901e+01,1.780033290556903935e+01
6.750000000000000000e+00,1.920514677092156148e+02,1.502439324847459901e+01,1.780033290556903935e+01
6.759999999999999787e+00,1.920514677092156148e+02,1.502439324847459901e+01,1.780033290556903935e+01
6.770000000000000462e+00,1.920514677092156148e+02,1.502439324847459901e+01,1.780033290556903935e+01
6.780000000000000249e+00,1.920514677092156148e+02,1.502439324847459901e+01,1.780033290556903935e+01
6.790000000000000036e+00,1.920514677092156148e+02,1.502439324847459901e+01,1.780033290556903935e+01
6.799999999999999822e+00,1.920514677092156148e+02,1.502439324847459901e+01,1.780033290556903935e+01
6.810000000000000497e+00,1.920514677092156148e+02,1.502439324847459901e+01,1.780033290556903935e+01
6.820000000000000284e+00,1.920514677092156148e+02,1.502439324847459901e+01,1.780033290556903935e+01
6.830000000000000071e+00,1.920514677092156148e+02,1.502439324847459901e+01,1.780033290556903935e+01
6.839999999999999858e+00,1.920514677092156148e+02,1.502439324847459901e+01,1.780033290556903935e+01
6.850000000000000533e+00,1.920514677092156148e+02,1.502439324847459901e+01,1.780033290556903935e+01
6.860000000000000320e+00,1.920514677092156148e+02,1.502439324847459901e+01,1.780033290556903935e+01
6.870000000000000107e+00,1.920514677092156148e+02,1.502439324847459901e+01,1.780033290556903935e+01
6.879999999999999893e+00,1.920514677092156148e+02,1.502439324847459901e+01,1.780033290556903935e+01
6.890000000000000568e+00,1.920514677092156148e+02,1.502439324847459901e+01,1.780033290556903935e+01
6.900000000000000355e+00,1.920514677092156148e+02,1.502439324847459901e+01,1.780033290556903935e+01
6.910000000000000142e+00,1.920514677092156148e+02,1.502439324847459901e+01,1.780033290556903935e+01
6.919999999999999929e+00,1.920514677092156148e+02,1.502439324847459901e+01,1.780033290556903935e+01
6.929999999999999716e+00,1.920514677092156148e+02,1.502439324847459901e+01,1.780033290556903935e+01
6.940000000000000391e+00,1.920514677092156148e+02,1.502439324847459901e+01,1.780033290556903935e+01
6.950000000000000178e+00,1.920514677092156148e+02,1.502439324847459901e+01,1.780033290556903935e+01
6.959999999999999964e+00,1.920514677092156148e+02,1.502439324847459901e+01,1.780033290556903935e+01
6.969999999999999751e+00,1.920514677092156148e+02,1.502439324847459901e+01,1.780033290556903935e+01
6.980000000000000426e+00,1.920514677092156148e+02,1.502439324847459901e+01,1.780033290556903935e+01
6.990000000000000213e+00,1.920514677092156148e+02,1.502439324847459901e+01,1.780033290556903935e+01
7.000000000000000000e+00,1.920514677092156148e+02,1.502439324847459901e+01,1.780033290556903935e+01
7.009999999999999787e+00,1.920514677092156148e+02,1.502439324847459901e+01,1.780033290556903935e+01
7.020000000000000462e+00,1.920514677092156148e+02,1.502439324847459901e+01,1.780033290556903935e+01
7.030000000000000249e+00,1.920514677092156148e+02,1.502439324847459901e+01,1.780033290556903935e+01
7.040000000000000036e+00,1.920514677092156148e+02,1.502439324847459901e+01,1.780033290556903935e+01
7.049999999999999822e+00,1.920514677092156148e+02,1.502439324847459901e+01,1.780033290556903935e+01
7.060000000000000497e+00,1.920514677092156148e+02,1.502439324847459901e+01,1.780033290556903935e+01
7.070000000000000284e+00,1.920514677092156148e+02,1.502439324847459901e+01,1.780033290556903935e+01
7.080000000000000071e+00,1.920514677092156148e+02,1.502439324847459901e+01,1.780033290556903935e+01
7.089999999999999858e+00,1.920514677092156148e+02,1.502439324847459901e+01,1.780033290556903935e+01
7.100000000000000533e+00,1.920514677092156148e+02,1.502439324847459901e+01,1.780033290556903935e+01
7.110000000000000320e+00,1.920514677092156148e+02,1.502439324847459901e+01,1.780033290556903935e+01
7.120000000000000107e+00,1.920514677092156148e+02,1.502439324847459901e+01,1.780033290556903935e+01
7.129999999999999893e+00,1.920514677092156148e+02,1.502439324847459901e+01,1.780033290556903935e+01
7.140000000000000568e+00,1.920514677092156148e+02,1.502439324847459901e+01,1.780033290556903935e+01
7.150000000000000355e+00,1.920514677092156148e+02,1.502439324847459901e+01,1.780033290556903935e+01
7.160000000000000142e+00,1.920514677092156148e+02,1.502439324847459901e+01,1.780033290556903935e+01
7.169999999999999929e+00,1.920514677092156148e+02,1.502439324847459901e+01,1.780033290556903935e+01
7.179999999999999716e+00,1.920514677092156148e+02,1.502439324847459901e+01,1.780033290556903935e+01
7.190000000000000391e+00,1.920514677092156148e+02,1.502439324847459901e+01,1.780033290556903935e+01
7.200000000000000178e+00,1.920514677092156148e+02,1.502439324847459901e+01,1.780033290556903935e+01
7.209999999999999964e+00,1.920514677092156148e+02,1.502439324847459901e+01,1.780033290556903935e+01
7.219999999999999751e+00,1.920514677092156148e+02,1.502439324847459901e+01,1.780033290556903935e+01
7.230000000000000426e+00,1.920514677092156148e+02,1.502439324847459901e+01,1.780033290556903935e+01
7.240000000000000213e+00,1.920514677092156148e+02,1.502439324847459901e+01,1.780033290556903935e+01
7.250000000000000000e+00,1.920514677092156148e+02,1.502439324847459901e+01,1.780033290556903935e+01
7.259999999999999787e+00,1.920514677092156148e+02,1.502439324847459901e+01,1.780033290556903935e+01
7.270000000000000462e+00,1.920514677092156148e+02,1.502439324847459901e+01,1.780033290556903935e+01
7.280000000000000249e+00,1.920514677092156148e+02,1.502439324847459901e+01,1.780033290556903935e+01
7.290000000000000036e+00,1.920514677092156148e+02,1.502439324847459901e+01,1.780033290556903935e+01
7.299999999999999822e+00,1.920514677092156148e+02,1.502439324847459901e+01,1.780033290556903935e+01
7.310000000000000497e+00,1.920514677092156148e+02,1.502439324847459901e+01,1.780033290556903935e+01
7.320000000000000284e+00,1.920514677092156148e+02,1.502439324847459901e+01,1.780033290556903935e+01
7.330000000000000071e+00,1.920514677092156148e+02,1.502439324847459901e+01,1.780033290556903935e+01
7.339999999999999858e+00,1.920514677092156148e+02,1.502439324847459901e+01,1.780033290556903935e+01
7.350000000000000533e+00,1.920514677092156148e+02,1.502439324847459901e+01,1.780033290556903935e+01
7.360000000000000320e+00,1.920514677092156148e+02,1.502439324847459901e+01,1.780033290556903935e+01
7.370000000000000107e+00,1.920514677092156148e+02,1.502439324847459901e+01,1.780033290556903935e+01
7.379999999999999893e+00,1.920514677092156148e+02,1.502439324847459901e+01,1.780033290556903935e+01
7.390000000000000568e+00,1.920514677092156148e+02,1.502439324847459901e+01,1.780033290556903935e+01
7.400000000000000355e+00,1.920514677092156148e+02,1.502439324847459901e+01,1.780033290556903935e+01
7.410000000000000142e+00,1.920514677092156148e+02,1.502439324847459901e+01,1.780033290556903935e+01
7.419999999999999929e+00,1.920514677092156148e+02,1.502439324847459901e+01,1.780033290556903935e+01
7.429999999999999716e+00,1.920514677092156148e+02,1.502439324847459901e+01,1.780033290556903935e+01
7.440000000000000391e+00,1.920514677092156148e+02,1.502439324847459901e+01,1.780033290556903935e+01
7.450000000000000178e+00,1.920514677092156148e+02,1.502439324847459901e+01,1.780033290556903935e+01
7.459999999999999964e+00,1.920514677092156148e+02,1.502439324847459901e+01,1.780033290556903935e+01
7.469999999999999751e+00,1.920514677092156148e+02,1.502439324847459901e+01,1.780033290556903935e+01
7.480000000000000426e+00,1.920514677092156148e+02,1.502439324847459901e+01,1.780033290556903935e+01
7.490000000000000213e+00,1.920514677092156148e+02,1.502439324847459901e+01,1.780033290556903935e+01
7.500000000000000000e+00,1.920514677092156148e+02,1.502439324847459901e+01,1.780033290556903935e+01
7.509999999999999787e+00,1.920514677092156148e+02,1.502439324847459901e+01,1.780033290556903935e+01
7.520000000000000462e+00,1.920514677092156148e+02,1.502439324847459901e+01,1.780033290556903935e+01
7.530000000000000249e+00,1.920514677092156148e+02,1.502439324847459901e+01,1.780033290556903935e+01
7.540000000000000036e+00,1.920514677092156148e+02,1.502439324847459901e+01,1.780033290556903935e+01
7.549999999999999822e+00,1.920514677092156148e+02,1.502439324847459901e+01,1.780033290556903935e+01
7.560000000000000497e+00,1.920514677092156148e+02,1.502439324847459901e+01,1.780033290556903935e+01
7.570000000000000284e+00,1.920514677092156148e+02,1.502439324847459901e+01,1.780033290556903935e+01
7.580000000000000071e+00,1.920514677092156148e+02,1.502439324847459901e+01,1.780033290556903935e+01
7.589999999999999858e+00,1.920514677092156148e+02,1.502439324847459901e+01,1.780033290556903935e+01
7.600000000000000533e+00,1.920514677092156148e+02,1.502439324847459901e+01,1.780033290556903935e+01
7.610000000000000320e+00,1.920514677092156148e+02,1.502439324847459901e+01,1.780033290556903935e+01
7.620000000000000107e+00,1.920514677092156148e+02,1.502439324847459901e+01,1.780033290556903935e+01
7.629999999999999893e+00,1.920514677092156148e+02,1.502439324847459901e+01,1.780033290556903935e+01
7.640000000000000568e+00,1.920514677092156148e+02,1.502439324847459901e+01,1.780033290556903935e+01
7.650000000000000355e+00,1.920514677092156148e+02,1.502439324847459901e+01,1.780033290556903935e+01
7.660000000000000142e+00,1.920514677092156148e+02,1.502439324847459901e+01,1.780033290556903935e+01
7.669999999999999929e+00,1.920514677092156148e+02,1.502439324847459901e+01,1.780033290556903935e+01
7.679999999999999716e+00,1.920514677092156148e+02,1.502439324847459901e+01,1.780033290556903935e+01
7.690000000000000391e+00,1.920514677092156148e+02,1.502439324847459901e+01,1.780033290556903935e+01
7.700000000000000178e+00,1.920514677092156148e+02,1.502439324847459901e+01,1.780033290556903935e+01
7.709999999999999964e+00,1.920514677092156148e+02,1.502439324847459901e+01,1.780033290556903935e+01
7.719999999999999751e+00,1.920514677092156148e+02,1.502439324847459901e+01,1.780033290556903935e+01
7.730000000000000426e+00,1.920514677092156148e+02,1.502439324847459901e+01,1.780033290556903935e+01
7.740000000000000213e+00,1.920514677092156148e+02,1.502439324847459901e+01,1.780033290556903935e+01
7.750000000000000000e+00,1.920514677092156148e+02,1.502439324847459901e+01,1.780033290556903935e+01
7.759999999999999787e+00,1.920514677092156148e+02,1.502439324847459901e+01,1.780033290556903935e+01
7.770000000000000462e+00,1.920514677092156148e+02,1.502439324847459901e+01,1.780033290556903935e+01
7.780000000000000249e+00,1.920514677092156148e+02,1.502439324847459901e+01,1.780033290556903935e+01
7.790000000000000036e+00,1.920514677092156148e+02,1.502439324847459901e+01,1.780033290556903935e+01
7.799999999999999822e+00,1.920514677092156148e+02,1.502439324847459901e+01,1.780033290556903935e+01
7.810000000000000497e+00,1.920514677092156148e+02,1.502439324847459901e+01,1.780033290556903935e+01
7.820000000000000284e+00,1.920514677092156148e+02,1.502439324847459901e+01,1.780033290556903935e+01
7.830000000000000071e+00,1.920514677092156148e+02,1.502439324847459901e+01,1.780033290556903935e+01
7.839999999999999858e+00,1.920514677092156148e+02,1.502439324847459901e+01,1.780033290556903935e+01
7.850000000000000533e+00,1.920514677092156148e+02,1.502439324847459901e+01,1.780033290556903935e+01
7.860000000000000320e+00,1.920514677092156148e+02,1.502439324847459901e+01,1.780033290556903935e+01
7.870000000000000107e+00,1.920514677092156148e+02,1.502439324847459901e+01,1.780033290556903935e+01
7.879999999999999893e+00,1.920514677092156148e+02,1.502439324847459901e+01,1.780033290556903935e+01
7.890000000000000568e+00,1.920514677092156148e+02,1.502439324847459901e+01,1.780033290556903935e+01
7.900000000000000355e+00,1.920514677092156148e+02,1.502439324847459901e+01,1.780033290556903935e+01
7.910000000000000142e+00,1.920514677092156148e+02,1.502439324847459901e+01,1.780033290556903935e+01
7.919999999999999929e+00,1.920514677092156148e+02,1.502439324847459901e+01,1.780033290556903935e+01
7.930000000000000604e+00,1.920514677092156148e+02,1.502439324847459901e+01,1.780033290556903935e+01
7.940000000000000391e+00,1.920514677092156148e+02,1.502439324847459901e+01,1.780033290556903935e+01
7.950000000000000178e+00,1.920514677092156148e+02,1.502439324847459901e+01,1.780033290556903935e+01
7.959999999999999964e+00,1.920514677092156148e+02,1.502439324847459901e+01,1.780033290556903935e+01
7.969999999999999751e+00,1.920514677092156148e+02,1.502439324847459901e+01,1.780033290556903935e+01
7.980000000000000426e+00,1.920514677092156148e+02,1.502439324847459901e+01,1.780033290556903935e+01
7.990000000000000213e+00,1.920514677092156148e+02,1.502439324847459901e+01,1.780033290556903935e+01
8.000000000000000000e+00,1.920514677092156148e+02,1.502439324847459901e+01,1.780033290556903935e+01
8.009999999999999787e+00,1.920514677092156148e+02,1.502439324847459901e+01,1.780033290556903935e+01
8.019999999999999574e+00,1.920514677092156148e+02,1.502439324847459901e+01,1.780033290556903935e+01
8.029999999999999361e+00,1.920514677092156148e+02,1.502439324847459901e+01,1.780033290556903935e+01
8.040000000000000924e+00,1.920514677092156148e+02,1.502439324847459901e+01,1.780033290556903935e+01
8.050000000000000711e+00,1.920514677092156148e+02,1.502439324847459901e+01,1.780033290556903935e+01
8.060000000000000497e+00,1.920514677092156148e+02,1.502439324847459901e+01,1.780033290556903935e+01
8.070000000000000284e+00,1.920514677092156148e+02,1.502439324847459901e+01,1.780033290556903935e+01
8.080000000000000071e+00,1.920514677092156148e+02,1.502439324847459901e+01,1.780033290556903935e+01
8.089999999999999858e+00,1.920514677092156148e+02,1.502439324847459901e+01,1.780033290556903935e+01
8.099999999999999645e+00,1.920514677092156148e+02,1.502439324847459901e+01,1.780033290556903935e+01
8.109999999999999432e+00,1.920514677092156148e+02,1.502439324847459901e+01,1.780033290556903935e+01
8.120000000000000995e+00,1.920514677092156148e+02,1.502439324847459901e+01,1.780033290556903935e+01
8.130000000000000782e+00,1.920514677092156148e+02,1.502439324847459901e+01,1.780033290556903935e+01
8.140000000000000568e+00,1.920514677092156148e+02,1.502439324847459901e+01,1.780033290556903935e+01
8.150000000000000355e+00,1.920514677092156148e+02,1.502439324847459901e+01,1.780033290556903935e+01
8.160000000000000142e+00,1.920514677092156148e+02,1.502439324847459901e+01,1.780033290556903935e+01
8.169999999999999929e+00,1.920514677092156148e+02,1.502439324847459901e+01,1.780033290556903935e+01
8.179999999999999716e+00,1.920514677092156148e+02,1.502439324847459901e+01,1.780033290556903935e+01
8.189999999999999503e+00,1.920514677092156148e+02,1.502439324847459901e+01,1.780033290556903935e+01
8.199999999999999289e+00,1.920514677092156148e+02,1.502439324847459901e+01,1.780033290556903935e+01
8.210000000000000853e+00,1.920514677092156148e+02,1.502439324847459901e+01,1.780033290556903935e+01
8.220000000000000639e+00,1.920514677092156148e+02,1.502439324847459901e+01,1.780033290556903935e+01
8.230000000000000426e+00,1.920514677092156148e+02,1.502439324847459901e+01,1.780033290556903935e+01
8.240000000000000213e+00,1.920514677092156148e+02,1.502439324847459901e+01,1.780033290556903935e+01
8.250000000000000000e+00,1.920514677092156148e+02,1.502439324847459901e+01,1.780033290556903935e+01
8.259999999999999787e+00,1.920514677092156148e+02,1.502439324847459901e+01,1.780033290556903935e+01
8.269999999999999574e+00,1.920514677092156148e+02,1.502439324847459901e+01,1.780033290556903935e+01
8.279999999999999361e+00,1.920514677092156148e+02,1.502439324847459901e+01,1.780033290556903935e+01
8.290000000000000924e+00,1.920514677092156148e+02,1.502439324847459901e+01,1.780033290556903935e+01
8.300000000000000711e+00,1.920514677092156148e+02,1.502439324847459901e+01,1.780033290556903935e+01
8.310000000000000497e+00,1.920514677092156148e+02,1.502439324847459901e+01,1.780033290556903935e+01
8.320000000000000284e+00,1.920514677092156148e+02,1.502439324847459901e+01,1.780033290556903935e+01
8.330000000000000071e+00,1.920514677092156148e+02,1.502439324847459901e+01,1.780033290556903935e+01
8.339999999999999858e+00,1.920514677092156148e+02,1.502439324847459901e+01,1.780033290556903935e+01
8.349999999999999645e+00,1.920514677092156148e+02,1.502439324847459901e+01,1.780033290556903935e+01
8.359999999999999432e+00,1.920514677092156148e+02,1.502439324847459901e+01,1.780033290556903935e+01
8.370000000000000995e+00,1.920514677092156148e+02,1.502439324847459901e+01,1.780033290556903935e+01
8.380000000000000782e+00,1.920514677092156148e+02,1.502439324847459901e+01,1.780033290556903935e+01
8.390000000000000568e+00,1.920514677092156148e+02,1.502439324847459901e+01,1.780033290556903935e+01
8.400000000000000355e+00,1.920514677092156148e+02,1.502439324847459901e+01,1.780033290556903935e+01
8.410000000000000142e+00,1.920514677092156148e+02,1.502439324847459901e+01,1.780033290556903935e+01
8.419999999999999929e+00,1.920514677092156148e+02,1.502439324847459901e+01,1.780033290556903935e+01
8.429999999999999716e+00,1.920514677092156148e+02,1.502439324847459901e+01,1.780033290556903935e+01
8.439999999999999503e+00,1.920514677092156148e+02,1.502439324847459901e+01,1.780033290556903935e+01
8.449999999999999289e+00,1.920514677092156148e+02,1.502439324847459901e+01,1.780033290556903935e+01
8.460000000000000853e+00,1.920514677092156148e+02,1.502439324847459901e+01,1.780033290556903935e+01
8.470000000000000639e+00,1.920514677092156148e+02,1.502439324847459901e+01,1.780033290556903935e+01
8.480000000000000426e+00,1.920514677092156148e+02,1.502439324847459901e+01,1.780033290556903935e+01
8.490000000000000213e+00,1.920514677092156148e+02,1.502439324847459901e+01,1.780033290556903935e+01
8.500000000000000000e+00,1.920514677092156148e+02,1.502439324847459901e+01,1.780033290556903935e+01
8.509999999999999787e+00,1.920514677092156148e+02,1.502439324847459901e+01,1.780033290556903935e+01
8.519999999999999574e+00,1.920514677092156148e+02,1.502439324847459901e+01,1.780033290556903935e+01
8.529999999999999361e+00,1.920514677092156148e+02,1.502439324847459901e+01,1.780033290556903935e+01
8.540000000000000924e+00,1.920514677092156148e+02,1.502439324847459901e+01,1.780033290556903935e+01
8.550000000000000711e+00,1.920514677092156148e+02,1.502439324847459901e+01,1.780033290556903935e+01
8.560000000000000497e+00,1.920514677092156148e+02,1.502439324847459901e+01,1.780033290556903935e+01
8.570000000000000284e+00,1.920514677092156148e+02,1.502439324847459901e+01,1.780033290556903935e+01
8.580000000000000071e+00,1.920514677092156148e+02,1.502439324847459901e+01,1.780033290556903935e+01
8.589999999999999858e+00,1.920514677092156148e+02,1.502439324847459901e+01,1.780033290556903935e+01
8.599999999999999645e+00,1.920514677092156148e+02,1.502439324847459901e+01,1.780033290556903935e+01
8.609999999999999432e+00,1.920514677092156148e+02,1.502439324847459901e+01,1.780033290556903935e+01
8.620000000000000995e+00,1.920514677092156148e+02,1.502439324847459901e+01,1.780033290556903935e+01
8.630000000000000782e+00,1.920514677092156148e+02,1.502439324847459901e+01,1.780033290556903935e+01
8.640000000000000568e+00,1.920514677092156148e+02,1.502439324847459901e+01,1.780033290556903935e+01
8.650000000000000355e+00,1.920514677092156148e+02,1.502439324847459901e+01,1.780033290556903935e+01
8.660000000000000142e+00,1.920514677092156148e+02,1.502439324847459901e+01,1.780033290556903935e+01
8.669999999999999929e+00,1.920514677092156148e+02,1.502439324847459901e+01,1.780033290556903935e+01
8.679999999999999716e+00,1.920514677092156148e+02,1.502439324847459901e+01,1.780033290556903935e+01
8.689999999999999503e+00,1.920514677092156148e+02,1.502439324847459901e+01,1.780033290556903935e+01
8.700000000000001066e+00,1.920514677092156148e+02,1.502439324847459901e+01,1.780033290556903935e+01
8.710000000000000853e+00,1.920514677092156148e+02,1.502439324847459901e+01,1.780033290556903935e+01
8.720000000000000639e+00,1.920514677092156148e+02,1.502439324847459901e+01,1.780033290556903935e+01
8.730000000000000426e+00,1.920514677092156148e+02,1.502439324847459901e+01,1.780033290556903935e+01
8.740000000000000213e+00,1.920514677092156148e+02,1.502439324847459901e+01,1.780033290556903935e+01
8.750000000000000000e+00,1.920514677092156148e+02,1.502439324847459901e+01,1.780033290556903935e+01
8.759999999999999787e+00,1.920514677092156148e+02,1.502439324847459901e+01,1.780033290556903935e+01
8.769999999999999574e+00,1.920514677092156148e+02,1.502439324847459901e+01,1.780033290556903935e+01
8.779999999999999361e+00,1.920514677092156148e+02,1.502439324847459901e+01,1.780033290556903935e+01
8.790000000000000924e+00,1.920514677092156148e+02,1.502439324847459901e+01,1.780033290556903935e+01
8.800000000000000711e+00,1.920514677092156148e+02,1.502439324847459901e+01,1.780033290556903935e+01
8.810000000000000497e+00,1.920514677092156148e+02,1.502439324847459901e+01,1.780033290556903935e+01
8.820000000000000284e+00,1.920514677092156148e+02,1.502439324847459901e+01,1.780033290556903935e+01
8.830000000000000071e+00,1.920514677092156148e+02,1.502439324847459901e+01,1.780033290556903935e+01
8.839999999999999858e+00,1.920514677092156148e+02,1.502439324847459901e+01,1.780033290556903935e+01
8.849999999999999645e+00,1.920514677092156148e+02,1.502439324847459901e+01,1.780033290556903935e+01
8.859999999999999432e+00,1.920514677092156148e+02,1.502439324847459901e+01,1.780033290556903935e+01
8.870000000000000995e+00,1.920514677092156148e+02,1.502439324847459901e+01,1.780033290556903935e+01
8.880000000000000782e+00,1.920514677092156148e+02,1.502439324847459901e+01,1.780033290556903935e+01
8.890000000000000568e+00,1.920514677092156148e+02,1.502439324847459901e+01,1.780033290556903935e+01
8.900000000000000355e+00,1.920514677092156148e+02,1.502439324847459901e+01,1.780033290556903935e+01
8.910000000000000142e+00,1.920514677092156148e+02,1.502439324847459901e+01,1.780033290556903935e+01
8.919999999999999929e+00,1.920514677092156148e+02,1.502439324847459901e+01,1.780033290556903935e+01
8.929999999999999716e+00,1.920514677092156148e+02,1.502439324847459901e+01,1.780033290556903935e+01
8.939999999999999503e+00,1.920514677092156148e+02,1.502439324847459901e+01,1.780033290556903935e+01
8.950000000000001066e+00,1.920514677092156148e+02,1.502439324847459901e+01,1.780033290556903935e+01
8.960000000000000853e+00,1.920514677092156148e+02,1.502439324847459901e+01,1.780033290556903935e+01
8.970000000000000639e+00,1.920514677092156148e+02,1.502439324847459901e+01,1.780033290556903935e+01
8.980000000000000426e+00,1.920514677092156148e+02,1.502439324847459901e+01,1.780033290556903935e+01
8.990000000000000213e+00,1.920514677092156148e+02,1.502439324847459901e+01,1.780033290556903935e+01
9.000000000000000000e+00,1.920514677092156148e+02,1.502439324847459901e+01,1.780033290556903935e+01
9.009999999999999787e+00,1.920514677092156148e+02,1.502439324847459901e+01,1.780033290556903935e+01
9.019999999999999574e+00,1.920514677092156148e+02,1.502439324847459901e+01,1.780033290556903935e+01
9.029999999999999361e+00,1.920514677092156148e+02,1.502439324847459901e+01,1.780033290556903935e+01
9.040000000000000924e+00,1.920514677092156148e+02,1.502439324847459901e+01,1.780033290556903935e+01
9.050000000000000711e+00,1.920514677092156148e+02,1.502439324847459901e+01,1.780033290556903935e+01
9.060000000000000497e+00,1.920514677092156148e+02,1.502439324847459901e+01,1.780033290556903935e+01
9.070000000000000284e+00,1.920514677092156148e+02,1.502439324847459901e+01,1.780033290556903935e+01
9.080000000000000071e+00,1.920514677092156148e+02,1.502439324847459901e+01,1.780033290556903935e+01
9.089999999999999858e+00,1.920514677092156148e+02,1.502439324847459901e+01,1.780033290556903935e+01
9.099999999999999645e+00,1.920514677092156148e+02,1.502439324847459901e+01,1.780033290556903935e+01
9.109999999999999432e+00,1.920514677092156148e+02,1.502439324847459901e+01,1.780033290556903935e+01
9.120000000000000995e+00,1.920514677092156148e+02,1.502439324847459901e+01,1.780033290556903935e+01
9.130000000000000782e+00,1.920514677092156148e+02,1.502439324847459901e+01,1.780033290556903935e+01
9.140000000000000568e+00,1.920514677092156148e+02,1.502439324847459901e+01,1.780033290556903935e+01
9.150000000000000355e+00,1.920514677092156148e+02,1.502439324847459901e+01,1.780033290556903935e+01
9.160000000000000142e+00,1.920514677092156148e+02,1.502439324847459901e+01,1.780033290556903935e+01
9.169999999999999929e+00,1.920514677092156148e+02,1.502439324847459901e+01,1.780033290556903935e+01
9.179999999999999716e+00,1.920514677092156148e+02,1.502439324847459901e+01,1.780033290556903935e+01
9.189999999999999503e+00,1.920514677092156148e+02,1.502439324847459901e+01,1.780033290556903935e+01
9.200000000000001066e+00,1.920514677092156148e+02,1.502439324847459901e+01,1.780033290556903935e+01
9.210000000000000853e+00,1.920514677092156148e+02,1.502439324847459901e+01,1.780033290556903935e+01
9.220000000000000639e+00,1.920514677092156148e+02,1.502439324847459901e+01,1.780033290556903935e+01
9.230000000000000426e+00,1.920514677092156148e+02,1.502439324847459901e+01,1.780033290556903935e+01
9.240000000000000213e+00,1.920514677092156148e+02,1.502439324847459901e+01,1.780033290556903935e+01
9.250000000000000000e+00,1.920514677092156148e+02,1.502439324847459901e+01,1.780033290556903935e+01
9.259999999999999787e+00,1.920514677092156148e+02,1.502439324847459901e+01,1.780033290556903935e+01
9.269999999999999574e+00,1.920514677092156148e+02,1.502439324847459901e+01,1.780033290556903935e+01
9.279999999999999361e+00,1.920514677092156148e+02,1.502439324847459901e+01,1.780033290556903935e+01
9.290000000000000924e+00,1.920514677092156148e+02,1.502439324847459901e+01,1.780033290556903935e+01
9.300000000000000711e+00,1.920514677092156148e+02,1.502439324847459901e+01,1.780033290556903935e+01
9.310000000000000497e+00,1.920514677092156148e+02,1.502439324847459901e+01,1.780033290556903935e+01
9.320000000000000284e+00,1.920514677092156148e+02,1.502439324847459901e+01,1.780033290556903935e+01
9.330000000000000071e+00,1.920514677092156148e+02,1.502439324847459901e+01,1.780033290556903935e+01
9.339999999999999858e+00,1.920514677092156148e+02,1.502439324847459901e+01,1.780033290556903935e+01
9.349999999999999645e+00,1.920514677092156148e+02,1.502439324847459901e+01,1.780033290556903935e+01
9.359999999999999432e+00,1.920514677092156148e+02,1.502439324847459901e+01,1.780033290556903935e+01
9.370000000000000995e+00,1.920514677092156148e+02,1.502439324847459901e+01,1.780033290556903935e+01
9.380000000000000782e+00,1.920514677092156148e+02,1.502439324847459901e+01,1.780033290556903935e+01
9.390000000000000568e+00,1.920514677092156148e+02,1.502439324847459901e+01,1.780033290556903935e+01
9.400000000000000355e+00,1.920514677092156148e+02,1.502439324847459901e+01,1.780033290556903935e+01
9.410000000000000142e+00,1.920514677092156148e+02,1.502439324847459901e+01,1.780033290556903935e+01
9.419999999999999929e+00,1.920514677092156148e+02,1.502439324847459901e+01,1.780033290556903935e+01
9.429999999999999716e+00,1.920514677092156148e+02,1.502439324847459901e+01,1.780033290556903935e+01
9.439999999999999503e+00,1.920514677092156148e+02,1.502439324847459901e+01,1.780033290556903935e+01
9.450000000000001066e+00,1.920514677092156148e+02,1.502439324847459901e+01,1.780033290556903935e+01
9.460000000000000853e+00,1.920514677092156148e+02,1.502439324847459901e+01,1.780033290556903935e+01
9.470000000000000639e+00,1.920514677092156148e+02,1.502439324847459901e+01,1.780033290556903935e+01
9.480000000000000426e+00,1.920514677092156148e+02,1.502439324847459901e+01,1.780033290556903935e+01
9.490000000000000213e+00,1.920514677092156148e+02,1.502439324847459901e+01,1.780033290556903935e+01
9.500000000000000000e+00,1.920514677092156148e+02,1.502439324847459901e+01,1.780033290556903935e+01
9.509999999999999787e+00,1.920514677092156148e+02,1.502439324847459901e+01,1.780033290556903935e+01
9.519999999999999574e+00,1.920514677092156148e+02,1.502439324847459901e+01,1.780033290556903935e+01
9.529999999999999361e+00,1.920514677092156148e+02,1.502439324847459901e+01,1.780033290556903935e+01
9.540000000000000924e+00,1.920514677092156148e+02,1.502439324847459901e+01,1.780033290556903935e+01
9.550000000000000711e+00,1.920514677092156148e+02,1.502439324847459901e+01,1.780033290556903935e+01
9.560000000000000497e+00,1.920514677092156148e+02,1.502439324847459901e+01,1.780033290556903935e+01
9.570000000000000284e+00,1.920514677092156148e+02,1.502439324847459901e+01,1.780033290556903935e+01
9.580000000000000071e+00,1.920514677092156148e+02,1.502439324847459901e+01,1.780033290556903935e+01
9.589999999999999858e+00,1.920514677092156148e+02,1.502439324847459901e+01,1.780033290556903935e+01
9.599999999999999645e+00,1.920514677092156148e+02,1.502439324847459901e+01,1.780033290556903935e+01
9.609999999999999432e+00,1.920514677092156148e+02,1.502439324847459901e+01,1.780033290556903935e+01
9.620000000000000995e+00,1.920514677092156148e+02,1.502439324847459901e+01,1.780033290556903935e+01
9.630000000000000782e+00,1.920514677092156148e+02,1.502439324847459901e+01,1.780033290556903935e+01
9.640000000000000568e+00,1.920514677092156148e+02,1.502439324847459901e+01,1.780033290556903935e+01
9.650000000000000355e+00,1.920514677092156148e+02,1.502439324847459901e+01,1.780033290556903935e+01
9.660000000000000142e+00,1.920514677092156148e+02,1.502439324847459901e+01,1.780033290556903935e+01
9.669999999999999929e+00,1.920514677092156148e+02,1.502439324847459901e+01,1.780033290556903935e+01
9.679999999999999716e+00,1.920514677092156148e+02,1.502439324847459901e+01,1.780033290556903935e+01
9.689999999999999503e+00,1.920514677092156148e+02,1.502439324847459901e+01,1.780033290556903935e+01
9.700000000000001066e+00,1.920514677092156148e+02,1.502439324847459901e+01,1.780033290556903935e+01
9.710000000000000853e+00,1.920514677092156148e+02,1.502439324847459901e+01,1.780033290556903935e+01
9.720000000000000639e+00,1.920514677092156148e+02,1.502439324847459901e+01,1.780033290556903935e+01
9.730000000000000426e+00,1.920514677092156148e+02,1.502439324847459901e+01,1.780033290556903935e+01
9.740000000000000213e+00,1.920514677092156148e+02,1.502439324847459901e+01,1.780033290556903935e+01
9.750000000000000000e+00,1.920514677092156148e+02,1.502439324847459901e+01,1.780033290556903935e+01
9.759999999999999787e+00,1.920514677092156148e+02,1.502439324847459901e+01,1.780033290556903935e+01
9.769999999999999574e+00,1.920514677092156148e+02,1.502439324847459901e+01,1.780033290556903935e+01
9.779999999999999361e+00,1.920514677092156148e+02,1.502439324847459901e+01,1.780033290556903935e+01
9.790000000000000924e+00,1.920514677092156148e+02,1.502439324847459901e+01,1.780033290556903935e+01
9.800000000000000711e+00,1.920514677092156148e+02,1.502439324847459901e+01,1.780033290556903935e+01
9.810000000000000497e+00,1.920514677092156148e+02,1.502439324847459901e+01,1.780033290556903935e+01
9.820000000000000284e+00,1.920514677092156148e+02,1.502439324847459901e+01,1.780033290556903935e+01
9.830000000000000071e+00,1.920514677092156148e+02,1.502439324847459901e+01,1.780033290556903935e+01
9.839999999999999858e+00,1.920514677092156148e+02,1.502439324847459901e+01,1.780033290556903935e+01
9.849999999999999645e+00,1.920514677092156148e+02,1.502439324847459901e+01,1.780033290556903935e+01
9.859999999999999432e+00,1.920514677092156148e+02,1.502439324847459901e+01,1.780033290556903935e+01
9.870000000000000995e+00,1.920514677092156148e+02,1.502439324847459901e+01,1.780033290556903935e+01
9.880000000000000782e+00,1.920514677092156148e+02,1.502439324847459901e+01,1.780033290556903935e+01
9.890000000000000568e+00,1.920514677092156148e+02,1.502439324847459901e+01,1.780033290556903935e+01
9.900000000000000355e+00,1.920514677092156148e+02,1.502439324847459901e+01,1.780033290556903935e+01
9.910000000000000142e+00,1.920514677092156148e+02,1.502439324847459901e+01,1.780033290556903935e+01
9.919999999999999929e+00,1.920514677092156148e+02,1.502439324847459901e+01,1.780033290556903935e+01
9.929999999999999716e+00,1.920514677092156148e+02,1.502439324847459901e+01,1.780033290556903935e+01
9.939999999999999503e+00,1.920514677092156148e+02,1.502439324847459901e+01,1.780033290556903935e+01
9.950000000000001066e+00,1.920514677092156148e+02,1.502439324847459901e+01,1.780033290556903935e+01
9.960000000000000853e+00,1.920514677092156148e+02,1.502439324847459901e+01,1.780033290556903935e+01
9.970000000000000639e+00,1.920514677092156148e+02,1.502439324847459901e+01,1.780033290556903935e+01
9.980000000000000426e+00,1.920514677092156148e+02,1.502439324847459901e+01,1.780033290556903935e+01
9.990000000000000213e+00,1.920514677092156148e+02,1.502439324847459901e+01,1.780033290556903935e+01
1.000000000000000000e+01,1.920514677092156148e+02,1.502439324847459901e+01,1.780033290556903935e+01
1.000999999999999979e+01,1.920514677092156148e+02,1.502439324847459901e+01,1.780033290556903935e+01
1.001999999999999957e+01,1.920514677092156148e+02,1.502439324847459901e+01,1.780033290556903935e+01
1.002999999999999936e+01,1.920514677092156148e+02,1.502439324847459901e+01,1.780033290556903935e+01
1.004000000000000092e+01,1.920514677092156148e+02,1.502439324847459901e+01,1.780033290556903935e+01
1.005000000000000071e+01,1.920514677092156148e+02,1.502439324847459901e+01,1.780033290556903935e+01
1.006000000000000050e+01,1.920514677092156148e+02,1.502439324847459901e+01,1.780033290556903935e+01
1.007000000000000028e+01,1.920514677092156148e+02,1.502439324847459901e+01,1.780033290556903935e+01
1.008000000000000007e+01,1.920514677092156148e+02,1.502439324847459901e+01,1.780033290556903935e+01
1.008999999999999986e+01,1.920514677092156148e+02,1.502439324847459901e+01,1.780033290556903935e+01
1.009999999999999964e+01,1.920514677092156148e+02,1.502439324847459901e+01,1.780033290556903935e+01
1.010999999999999943e+01,1.920514677092156148e+02,1.502439324847459901e+01,1.780033290556903935e+01
1.012000000000000099e+01,1.920514677092156148e+02,1.502439324847459901e+01,1.780033290556903935e+01
1.013000000000000078e+01,1.920514677092156148e+02,1.502439324847459901e+01,1.780033290556903935e+01
1.014000000000000057e+01,1.920514677092156148e+02,1.502439324847459901e+01,1.780033290556903935e+01
1.015000000000000036e+01,1.920514677092156148e+02,1.502439324847459901e+01,1.780033290556903935e+01
1.016000000000000014e+01,1.920514677092156148e+02,1.502439324847459901e+01,1.780033290556903935e+01
1.016999999999999993e+01,1.920514677092156148e+02,1.502439324847459901e+01,1.780033290556903935e+01
1.017999999999999972e+01,1.920514677092156148e+02,1.502439324847459901e+01,1.780033290556903935e+01
1.018999999999999950e+01,1.920514677092156148e+02,1.502439324847459901e+01,1.780033290556903935e+01
1.020000000000000107e+01,1.920514677092156148e+02,1.502439324847459901e+01,1.780033290556903935e+01
1.021000000000000085e+01,1.920514677092156148e+02,1.502439324847459901e+01,1.780033290556903935e+01
1.022000000000000064e+01,1.920514677092156148e+02,1.502439324847459901e+01,1.780033290556903935e+01
1.023000000000000043e+01,1.920514677092156148e+02,1.502439324847459901e+01,1.780033290556903935e+01
1.024000000000000021e+01,1.920514677092156148e+02,1.502439324847459901e+01,1.780033290556903935e+01
1.025000000000000000e+01,1.920514677092156148e+02,1.502439324847459901e+01,1.780033290556903935e+01
1.025999999999999979e+01,1.920514677092156148e+02,1.502439324847459901e+01,1.780033290556903935e+01
1.026999999999999957e+01,1.920514677092156148e+02,1.502439324847459901e+01,1.780033290556903935e+01
1.027999999999999936e+01,1.920514677092156148e+02,1.502439324847459901e+01,1.780033290556903935e+01
1.029000000000000092e+01,1.920514677092156148e+02,1.502439324847459901e+01,1.780033290556903935e+01
1.030000000000000071e+01,1.920514677092156148e+02,1.502439324847459901e+01,1.780033290556903935e+01
1.031000000000000050e+01,1.920514677092156148e+02,1.502439324847459901e+01,1.780033290556903935e+01
1.032000000000000028e+01,1.920514677092156148e+02,1.502439324847459901e+01,1.780033290556903935e+01
1.033000000000000007e+01,1.920514677092156148e+02,1.502439324847459901e+01,1.780033290556903935e+01
1.033999999999999986e+01,1.920514677092156148e+02,1.502439324847459901e+01,1.780033290556903935e+01
1.034999999999999964e+01,1.920514677092156148e+02,1.502439324847459901e+01,1.780033290556903935e+01
1.035999999999999943e+01,1.920514677092156148e+02,1.502439324847459901e+01,1.780033290556903935e+01
1.037000000000000099e+01,1.920514677092156148e+02,1.502439324847459901e+01,1.780033290556903935e+01
1.038000000000000078e+01,1.920514677092156148e+02,1.502439324847459901e+01,1.780033290556903935e+01
1.039000000000000057e+01,1.920514677092156148e+02,1.502439324847459901e+01,1.780033290556903935e+01
1.040000000000000036e+01,1.920514677092156148e+02,1.502439324847459901e+01,1.780033290556903935e+01
1.041000000000000014e+01,1.920514677092156148e+02,1.502439324847459901e+01,1.780033290556903935e+01
1.041999999999999993e+01,1.920514677092156148e+02,1.502439324847459901e+01,1.780033290556903935e+01
1.042999999999999972e+01,1.920514677092156148e+02,1.502439324847459901e+01,1.780033290556903935e+01
1.043999999999999950e+01,1.920514677092156148e+02,1.502439324847459901e+01,1.780033290556903935e+01
1.045000000000000107e+01,1.920514677092156148e+02,1.502439324847459901e+01,1.780033290556903935e+01
1.046000000000000085e+01,1.920514677092156148e+02,1.502439324847459901e+01,1.780033290556903935e+01
1.047000000000000064e+01,1.920514677092156148e+02,1.502439324847459901e+01,1.780033290556903935e+01
1.048000000000000043e+01,1.920514677092156148e+02,1.502439324847459901e+01,1.780033290556903935e+01
1.049000000000000021e+01,1.920514677092156148e+02,1.502439324847459901e+01,1.780033290556903935e+01
1.050000000000000000e+01,1.920514677092156148e+02,1.502439324847459901e+01,1.780033290556903935e+01
1.050999999999999979e+01,1.920514677092156148e+02,1.502439324847459901e+01,1.780033290556903935e+01
1.051999999999999957e+01,1.920514677092156148e+02,1.502439324847459901e+01,1.780033290556903935e+01
1.052999999999999936e+01,1.920514677092156148e+02,1.502439324847459901e+01,1.780033290556903935e+01
1.054000000000000092e+01,1.920514677092156148e+02,1.502439324847459901e+01,1.780033290556903935e+01
1.055000000000000071e+01,1.920514677092156148e+02,1.502439324847459901e+01,1.780033290556903935e+01
1.056000000000000050e+01,1.920514677092156148e+02,1.502439324847459901e+01,1.780033290556903935e+01
1.057000000000000028e+01,1.920514677092156148e+02,1.502439324847459901e+01,1.780033290556903935e+01
1.058000000000000007e+01,1.920514677092156148e+02,1.502439324847459901e+01,1.780033290556903935e+01
1.058999999999999986e+01,1.920514677092156148e+02,1.502439324847459901e+01,1.780033290556903935e+01
1.059999999999999964e+01,1.920514677092156148e+02,1.502439324847459901e+01,1.780033290556903935e+01
1.060999999999999943e+01,1.920514677092156148e+02,1.502439324847459901e+01,1.780033290556903935e+01
1.062000000000000099e+01,1.920514677092156148e+02,1.502439324847459901e+01,1.780033290556903935e+01
1.063000000000000078e+01,1.920514677092156148e+02,1.502439324847459901e+01,1.780033290556903935e+01
1.064000000000000057e+01,1.920514677092156148e+02,1.502439324847459901e+01,1.780033290556903935e+01
1.065000000000000036e+01,1.920514677092156148e+02,1.502439324847459901e+01,1.780033290556903935e+01
1.066000000000000014e+01,1.920514677092156148e+02,1.502439324847459901e+01,1.780033290556903935e+01
1.066999999999999993e+01,1.920514677092156148e+02,1.502439324847459901e+01,1.780033290556903935e+01
1.067999999999999972e+01,1.920514677092156148e+02,1.502439324847459901e+01,1.780033290556903935e+01
1.068999999999999950e+01,1.920514677092156148e+02,1.502439324847459901e+01,1.780033290556903935e+01
1.070000000000000107e+01,1.920514677092156148e+02,1.502439324847459901e+01,1.780033290556903935e+01
1.071000000000000085e+01,1.920514677092156148e+02,1.502439324847459901e+01,1.780033290556903935e+01
1.072000000000000064e+01,1.920514677092156148e+02,1.502439324847459901e+01,1.780033290556903935e+01
1.073000000000000043e+01,1.920514677092156148e+02,1.502439324847459901e+01,1.780033290556903935e+01
1.074000000000000021e+01,1.920514677092156148e+02,1.502439324847459901e+01,1.780033290556903935e+01
1.075000000000000000e+01,1.920514677092156148e+02,1.502439324847459901e+01,1.780033290556903935e+01
1.075999999999999979e+01,1.920514677092156148e+02,1.502439324847459901e+01,1.780033290556903935e+01
1.076999999999999957e+01,1.920514677092156148e+02,1.502439324847459901e+01,1.780033290556903935e+01
1.077999999999999936e+01,1.920514677092156148e+02,1.502439324847459901e+01,1.780033290556903935e+01
1.079000000000000092e+01,1.920514677092156148e+02,1.502439324847459901e+01,1.780033290556903935e+01
1.080000000000000071e+01,1.920514677092156148e+02,1.502439324847459901e+01,1.780033290556903935e+01
1.081000000000000050e+01,1.920514677092156148e+02,1.502439324847459901e+01,1.780033290556903935e+01
1.082000000000000028e+01,1.920514677092156148e+02,1.502439324847459901e+01,1.780033290556903935e+01
1.083000000000000007e+01,1.920514677092156148e+02,1.502439324847459901e+01,1.780033290556903935e+01
1.083999999999999986e+01,1.920514677092156148e+02,1.502439324847459901e+01,1.780033290556903935e+01
1.084999999999999964e+01,1.920514677092156148e+02,1.502439324847459901e+01,1.780033290556903935e+01
1.085999999999999943e+01,1.920514677092156148e+02,1.502439324847459901e+01,1.780033290556903935e+01
1.087000000000000099e+01,1.920514677092156148e+02,1.502439324847459901e+01,1.780033290556903935e+01
1.088000000000000078e+01,1.920514677092156148e+02,1.502439324847459901e+01,1.780033290556903935e+01
1.089000000000000057e+01,1.920514677092156148e+02,1.502439324847459901e+01,1.780033290556903935e+01
1.090000000000000036e+01,1.920514677092156148e+02,1.502439324847459901e+01,1.780033290556903935e+01
1.091000000000000014e+01,1.920514677092156148e+02,1.502439324847459901e+01,1.780033290556903935e+01
1.091999999999999993e+01,1.920514677092156148e+02,1.502439324847459901e+01,1.780033290556903935e+01
1.092999999999999972e+01,1.920514677092156148e+02,1.502439324847459901e+01,1.780033290556903935e+01
1.093999999999999950e+01,1.920514677092156148e+02,1.502439324847459901e+01,1.780033290556903935e+01
1.095000000000000107e+01,1.920514677092156148e+02,1.502439324847459901e+01,1.780033290556903935e+01
1.096000000000000085e+01,1.920514677092156148e+02,1.502439324847459901e+01,1.780033290556903935e+01
1.097000000000000064e+01,1.920514677092156148e+02,1.502439324847459901e+01,1.780033290556903935e+01
1.098000000000000043e+01,1.920514677092156148e+02,1.502439324847459901e+01,1.780033290556903935e+01
1.099000000000000021e+01,1.920514677092156148e+02,1.502439324847459901e+01,1.780033290556903935e+01
1.100000000000000000e+01,1.920514677092156148e+02,1.502439324847459901e+01,1.780033290556903935e+01
1.100999999999999979e+01,1.920514677092156148e+02,1.502439324847459901e+01,1.780033290556903935e+01
1.101999999999999957e+01,1.920514677092156148e+02,1.502439324847459901e+01,1.780033290556903935e+01
1.102999999999999936e+01,1.920514677092156148e+02,1.502439324847459901e+01,1.780033290556903935e+01
1.104000000000000092e+01,1.920514677092156148e+02,1.502439324847459901e+01,1.780033290556903935e+01
1.105000000000000071e+01,1.920514677092156148e+02,1.502439324847459901e+01,1.780033290556903935e+01
1.106000000000000050e+01,1.920514677092156148e+02,1.502439324847459901e+01,1.780033290556903935e+01
1.107000000000000028e+01,1.920514677092156148e+02,1.502439324847459901e+01,1.780033290556903935e+01
1.108000000000000007e+01,1.920514677092156148e+02,1.502439324847459901e+01,1.780033290556903935e+01
1.108999999999999986e+01,1.920514677092156148e+02,1.502439324847459901e+01,1.780033290556903935e+01
1.109999999999999964e+01,1.920514677092156148e+02,1.502439324847459901e+01,1.780033290556903935e+01
1.110999999999999943e+01,1.920514677092156148e+02,1.502439324847459901e+01,1.780033290556903935e+01
1.112000000000000099e+01,1.920514677092156148e+02,1.502439324847459901e+01,1.780033290556903935e+01
1.113000000000000078e+01,1.920514677092156148e+02,1.502439324847459901e+01,1.780033290556903935e+01
1.114000000000000057e+01,1.920514677092156148e+02,1.502439324847459901e+01,1.780033290556903935e+01
1.115000000000000036e+01,1.920514677092156148e+02,1.502439324847459901e+01,1.780033290556903935e+01
1.116000000000000014e+01,1.920514677092156148e+02,1.502439324847459901e+01,1.780033290556903935e+01
1.116999999999999993e+01,1.920514677092156148e+02,1.502439324847459901e+01,1.780033290556903935e+01
1.117999999999999972e+01,1.920514677092156148e+02,1.502439324847459901e+01,1.780033290556903935e+01
1.118999999999999950e+01,1.920514677092156148e+02,1.502439324847459901e+01,1.780033290556903935e+01
1.120000000000000107e+01,1.920514677092156148e+02,1.502439324847459901e+01,1.780033290556903935e+01
1.121000000000000085e+01,1.920514677092156148e+02,1.502439324847459901e+01,1.780033290556903935e+01
1.122000000000000064e+01,1.920514677092156148e+02,1.502439324847459901e+01,1.780033290556903935e+01
1.123000000000000043e+01,1.920514677092156148e+02,1.502439324847459901e+01,1.780033290556903935e+01
1.124000000000000021e+01,1.920514677092156148e+02,1.502439324847459901e+01,1.780033290556903935e+01
1.125000000000000000e+01,1.920514677092156148e+02,1.502439324847459901e+01,1.780033290556903935e+01
1.125999999999999979e+01,1.920514677092156148e+02,1.502439324847459901e+01,1.780033290556903935e+01
1.126999999999999957e+01,1.920514677092156148e+02,1.502439324847459901e+01,1.780033290556903935e+01
1.127999999999999936e+01,1.920514677092156148e+02,1.502439324847459901e+01,1.780033290556903935e+01
1.129000000000000092e+01,1.920514677092156148e+02,1.502439324847459901e+01,1.780033290556903935e+01
1.130000000000000071e+01,1.920514677092156148e+02,1.502439324847459901e+01,1.780033290556903935e+01
1.131000000000000050e+01,1.920514677092156148e+02,1.502439324847459901e+01,1.780033290556903935e+01
1.132000000000000028e+01,1.920514677092156148e+02,1.502439324847459901e+01,1.780033290556903935e+01
1.133000000000000007e+01,1.920514677092156148e+02,1.502439324847459901e+01,1.780033290556903935e+01
1.133999999999999986e+01,1.920514677092156148e+02,1.502439324847459901e+01,1.780033290556903935e+01
1.134999999999999964e+01,1.920514677092156148e+02,1.502439324847459901e+01,1.780033290556903935e+01
1.135999999999999943e+01,1.920514677092156148e+02,1.502439324847459901e+01,1.780033290556903935e+01
1.137000000000000099e+01,1.920514677092156148e+02,1.502439324847459901e+01,1.780033290556903935e+01
1.138000000000000078e+01,1.920514677092156148e+02,1.502439324847459901e+01,1.780033290556903935e+01
1.139000000000000057e+01,1.920514677092156148e+02,1.502439324847459901e+01,1.780033290556903935e+01
1.140000000000000036e+01,1.920514677092156148e+02,1.502439324847459901e+01,1.780033290556903935e+01
1.141000000000000014e+01,1.920514677092156148e+02,1.502439324847459901e+01,1.780033290556903935e+01
1.141999999999999993e+01,1.920514677092156148e+02,1.502439324847459901e+01,1.780033290556903935e+01
1.142999999999999972e+01,1.920514677092156148e+02,1.502439324847459901e+01,1.780033290556903935e+01
1.143999999999999950e+01,1.920514677092156148e+02,1.502439324847459901e+01,1.780033290556903935e+01
1.145000000000000107e+01,1.920514677092156148e+02,1.502439324847459901e+01,1.780033290556903935e+01
1.146000000000000085e+01,1.920514677092156148e+02,1.502439324847459901e+01,1.780033290556903935e+01
1.147000000000000064e+01,1.920514677092156148e+02,1.502439324847459901e+01,1.780033290556903935e+01
1.148000000000000043e+01,1.920514677092156148e+02,1.502439324847459901e+01,1.780033290556903935e+01
1.149000000000000021e+01,1.920514677092156148e+02,1.502439324847459901e+01,1.780033290556903935e+01
1.150000000000000000e+01,1.920514677092156148e+02,1.502439324847459901e+01,1.780033290556903935e+01
1.150999999999999979e+01,1.920514677092156148e+02,1.502439324847459901e+01,1.780033290556903935e+01
1.151999999999999957e+01,1.920514677092156148e+02,1.502439324847459901e+01,1.780033290556903935e+01
1.152999999999999936e+01,1.920514677092156148e+02,1.502439324847459901e+01,1.780033290556903935e+01
1.154000000000000092e+01,1.920514677092156148e+02,1.502439324847459901e+01,1.780033290556903935e+01
1.155000000000000071e+01,1.920514677092156148e+02,1.502439324847459901e+01,1.780033290556903935e+01
1.156000000000000050e+01,1.920514677092156148e+02,1.502439324847459901e+01,1.780033290556903935e+01
1.157000000000000028e+01,1.920514677092156148e+02,1.502439324847459901e+01,1.780033290556903935e+01
1.158000000000000007e+01,1.920514677092156148e+02,1.502439324847459901e+01,1.780033290556903935e+01
1.158999999999999986e+01,1.920514677092156148e+02,1.502439324847459901e+01,1.780033290556903935e+01
1.159999999999999964e+01,1.920514677092156148e+02,1.502439324847459901e+01,1.780033290556903935e+01
1.160999999999999943e+01,1.920514677092156148e+02,1.502439324847459901e+01,1.780033290556903935e+01
1.162000000000000099e+01,1.920514677092156148e+02,1.502439324847459901e+01,1.780033290556903935e+01
1.163000000000000078e+01,1.920514677092156148e+02,1.502439324847459901e+01,1.780033290556903935e+01
1.164000000000000057e+01,1.920514677092156148e+02,1.502439324847459901e+01,1.780033290556903935e+01
1.165000000000000036e+01,1.920514677092156148e+02,1.502439324847459901e+01,1.780033290556903935e+01
1.166000000000000014e+01,1.920514677092156148e+02,1.502439324847459901e+01,1.780033290556903935e+01
1.166999999999999993e+01,1.920514677092156148e+02,1.502439324847459901e+01,1.780033290556903935e+01
1.167999999999999972e+01,1.920514677092156148e+02,1.502439324847459901e+01,1.780033290556903935e+01
1.168999999999999950e+01,1.920514677092156148e+02,1.502439324847459901e+01,1.780033290556903935e+01
1.170000000000000107e+01,1.920514677092156148e+02,1.502439324847459901e+01,1.780033290556903935e+01
1.171000000000000085e+01,1.920514677092156148e+02,1.502439324847459901e+01,1.780033290556903935e+01
1.172000000000000064e+01,1.920514677092156148e+02,1.502439324847459901e+01,1.780033290556903935e+01
1.173000000000000043e+01,1.920514677092156148e+02,1.502439324847459901e+01,1.780033290556903935e+01
1.174000000000000021e+01,1.920514677092156148e+02,1.502439324847459901e+01,1.780033290556903935e+01
1.175000000000000000e+01,1.920514677092156148e+02,1.502439324847459901e+01,1.780033290556903935e+01
1.175999999999999979e+01,1.920514677092156148e+02,1.502439324847459901e+01,1.780033290556903935e+01
1.176999999999999957e+01,1.920514677092156148e+02,1.502439324847459901e+01,1.780033290556903935e+01
1.177999999999999936e+01,1.920514677092156148e+02,1.502439324847459901e+01,1.780033290556903935e+01
1.179000000000000092e+01,1.920514677092156148e+02,1.502439324847459901e+01,1.780033290556903935e+01
1.180000000000000071e+01,1.920514677092156148e+02,1.502439324847459901e+01,1.780033290556903935e+01
1.181000000000000050e+01,1.920514677092156148e+02,1.502439324847459901e+01,1.780033290556903935e+01
1.182000000000000028e+01,1.920514677092156148e+02,1.502439324847459901e+01,1.780033290556903935e+01
1.183000000000000007e+01,1.920514677092156148e+02,1.502439324847459901e+01,1.780033290556903935e+01
1.183999999999999986e+01,1.920514677092156148e+02,1.502439324847459901e+01,1.780033290556903935e+01
1.184999999999999964e+01,1.920514677092156148e+02,1.502439324847459901e+01,1.780033290556903935e+01
1.185999999999999943e+01,1.920514677092156148e+02,1.502439324847459901e+01,1.780033290556903935e+01
1.187000000000000099e+01,1.920514677092156148e+02,1.502439324847459901e+01,1.780033290556903935e+01
1.188000000000000078e+01,1.920514677092156148e+02,1.502439324847459901e+01,1.780033290556903935e+01
1.189000000000000057e+01,1.920514677092156148e+02,1.502439324847459901e+01,1.780033290556903935e+01
1.190000000000000036e+01,1.920514677092156148e+02,1.502439324847459901e+01,1.780033290556903935e+01
1.191000000000000014e+01,1.920514677092156148e+02,1.502439324847459901e+01,1.780033290556903935e+01
1.191999999999999993e+01,1.920514677092156148e+02,1.502439324847459901e+01,1.780033290556903935e+01
1.192999999999999972e+01,1.920514677092156148e+02,1.502439324847459901e+01,1.780033290556903935e+01
1.193999999999999950e+01,1.920514677092156148e+02,1.502439324847459901e+01,1.780033290556903935e+01
1.195000000000000107e+01,1.920514677092156148e+02,1.502439324847459901e+01,1.780033290556903935e+01
1.196000000000000085e+01,1.920514677092156148e+02,1.502439324847459901e+01,1.780033290556903935e+01
1.197000000000000064e+01,1.920514677092156148e+02,1.502439324847459901e+01,1.780033290556903935e+01
1.198000000000000043e+01,1.920514677092156148e+02,1.502439324847459901e+01,1.780033290556903935e+01
1.199000000000000021e+01,1.920514677092156148e+02,1.502439324847459901e+01,1.780033290556903935e+01
1.200000000000000000e+01,1.920514677092156148e+02,1.502439324847459901e+01,1.780033290556903935e+01
1.200999999999999979e+01,1.920514677092156148e+02,1.502439324847459901e+01,1.780033290556903935e+01
1.201999999999999957e+01,1.920514677092156148e+02,1.502439324847459901e+01,1.780033290556903935e+01
1.203000000000000114e+01,1.920514677092156148e+02,1.502439324847459901e+01,1.780033290556903935e+01
1.204000000000000092e+01,1.920514677092156148e+02,1.502439324847459901e+01,1.780033290556903935e+01
1.205000000000000071e+01,1.920514677092156148e+02,1.502439324847459901e+01,1.780033290556903935e+01
1.206000000000000050e+01,1.920514677092156148e+02,1.502439324847459901e+01,1.780033290556903935e+01
1.207000000000000028e+01,1.920514677092156148e+02,1.502439324847459901e+01,1.780033290556903935e+01
1.208000000000000007e+01,1.920514677092156148e+02,1.502439324847459901e+01,1.780033290556903935e+01
1.208999999999999986e+01,1.920514677092156148e+02,1.502439324847459901e+01,1.780033290556903935e+01
1.209999999999999964e+01,1.920514677092156148e+02,1.502439324847459901e+01,1.780033290556903935e+01
1.210999999999999943e+01,1.920514677092156148e+02,1.502439324847459901e+01,1.780033290556903935e+01
1.212000000000000099e+01,1.920514677092156148e+02,1.502439324847459901e+01,1.780033290556903935e+01
1.213000000000000078e+01,1.920514677092156148e+02,1.502439324847459901e+01,1.780033290556903935e+01
1.214000000000000057e+01,1.920514677092156148e+02,1.502439324847459901e+01,1.780033290556903935e+01
1.215000000000000036e+01,1.920514677092156148e+02,1.502439324847459901e+01,1.780033290556903935e+01
1.216000000000000014e+01,1.920514677092156148e+02,1.502439324847459901e+01,1.780033290556903935e+01
1.216999999999999993e+01,1.920514677092156148e+02,1.502439324847459901e+01,1.780033290556903935e+01
1.217999999999999972e+01,1.920514677092156148e+02,1.502439324847459901e+01,1.780033290556903935e+01
1.218999999999999950e+01,1.920514677092156148e+02,1.502439324847459901e+01,1.780033290556903935e+01
1.220000000000000107e+01,1.920514677092156148e+02,1.502439324847459901e+01,1.780033290556903935e+01
1.221000000000000085e+01,1.920514677092156148e+02,1.502439324847459901e+01,1.780033290556903935e+01
1.222000000000000064e+01,1.920514677092156148e+02,1.502439324847459901e+01,1.780033290556903935e+01
1.223000000000000043e+01,1.920514677092156148e+02,1.502439324847459901e+01,1.780033290556903935e+01
1.224000000000000021e+01,1.920514677092156148e+02,1.502439324847459901e+01,1.780033290556903935e+01
1.225000000000000000e+01,1.920514677092156148e+02,1.502439324847459901e+01,1.780033290556903935e+01
1.225999999999999979e+01,1.920514677092156148e+02,1.502439324847459901e+01,1.780033290556903935e+01
1.226999999999999957e+01,1.920514677092156148e+02,1.502439324847459901e+01,1.780033290556903935e+01
1.228000000000000114e+01,1.920514677092156148e+02,1.502439324847459901e+01,1.780033290556903935e+01
1.229000000000000092e+01,1.920514677092156148e+02,1.502439324847459901e+01,1.780033290556903935e+01
1.230000000000000071e+01,1.920514677092156148e+02,1.502439324847459901e+01,1.780033290556903935e+01
1.231000000000000050e+01,1.920514677092156148e+02,1.502439324847459901e+01,1.780033290556903935e+01
1.232000000000000028e+01,1.920514677092156148e+02,1.502439324847459901e+01,1.780033290556903935e+01
1.233000000000000007e+01,1.920514677092156148e+02,1.502439324847459901e+01,1.780033290556903935e+01
1.233999999999999986e+01,1.920514677092156148e+02,1.502439324847459901e+01,1.780033290556903935e+01
1.234999999999999964e+01,1.920514677092156148e+02,1.502439324847459901e+01,1.780033290556903935e+01
1.235999999999999943e+01,1.920514677092156148e+02,1.502439324847459901e+01,1.780033290556903935e+01
1.237000000000000099e+01,1.920514677092156148e+02,1.502439324847459901e+01,1.780033290556903935e+01
1.238000000000000078e+01,1.920514677092156148e+02,1.502439324847459901e+01,1.780033290556903935e+01
1.239000000000000057e+01,1.920514677092156148e+02,1.502439324847459901e+01,1.780033290556903935e+01
1.240000000000000036e+01,1.920514677092156148e+02,1.502439324847459901e+01,1.780033290556903935e+01
1.241000000000000014e+01,1.920514677092156148e+02,1.502439324847459901e+01,1.780033290556903935e+01
1.241999999999999993e+01,1.920514677092156148e+02,1.502439324847459901e+01,1.780033290556903935e+01
1.242999999999999972e+01,1.920514677092156148e+02,1.502439324847459901e+01,1.780033290556903935e+01
1.243999999999999950e+01,1.920514677092156148e+02,1.502439324847459901e+01,1.780033290556903935e+01
1.245000000000000107e+01,1.920514677092156148e+02,1.502439324847459901e+01,1.780033290556903935e+01
1.246000000000000085e+01,1.920514677092156148e+02,1.502439324847459901e+01,1.780033290556903935e+01
1.247000000000000064e+01,1.920514677092156148e+02,1.502439324847459901e+01,1.780033290556903935e+01
1.248000000000000043e+01,1.920514677092156148e+02,1.502439324847459901e+01,1.780033290556903935e+01
1.249000000000000021e+01,1.920514677092156148e+02,1.502439324847459901e+01,1.780033290556903935e+01
1.250000000000000000e+01,1.920514677092156148e+02,1.502439324847459901e+01,1.780033290556903935e+01
1.250999999999999979e+01,1.920514677092156148e+02,1.502439324847459901e+01,1.780033290556903935e+01
1.251999999999999957e+01,1.920514677092156148e+02,1.502439324847459901e+01,1.780033290556903935e+01
1.253000000000000114e+01,1.920514677092156148e+02,1.502439324847459901e+01,1.780033290556903935e+01
1.254000000000000092e+01,1.920514677092156148e+02,1.502439324847459901e+01,1.780033290556903935e+01
1.255000000000000071e+01,1.920514677092156148e+02,1.502439324847459901e+01,1.780033290556903935e+01
1.256000000000000050e+01,1.920514677092156148e+02,1.502439324847459901e+01,1.780033290556903935e+01
1.257000000000000028e+01,1.920514677092156148e+02,1.502439324847459901e+01,1.780033290556903935e+01
1.258000000000000007e+01,1.920514677092156148e+02,1.502439324847459901e+01,1.780033290556903935e+01
1.258999999999999986e+01,1.920514677092156148e+02,1.502439324847459901e+01,1.780033290556903935e+01
1.259999999999999964e+01,1.920514677092156148e+02,1.502439324847459901e+01,1.780033290556903935e+01
1.260999999999999943e+01,1.920514677092156148e+02,1.502439324847459901e+01,1.780033290556903935e+01
1.262000000000000099e+01,1.920514677092156148e+02,1.502439324847459901e+01,1.780033290556903935e+01
1.263000000000000078e+01,1.920514677092156148e+02,1.502439324847459901e+01,1.780033290556903935e+01
1.264000000000000057e+01,1.920514677092156148e+02,1.502439324847459901e+01,1.780033290556903935e+01
1.265000000000000036e+01,1.920514677092156148e+02,1.502439324847459901e+01,1.780033290556903935e+01
1.266000000000000014e+01,1.920514677092156148e+02,1.502439324847459901e+01,1.780033290556903935e+01
1.266999999999999993e+01,1.920514677092156148e+02,1.502439324847459901e+01,1.780033290556903935e+01
1.267999999999999972e+01,1.920514677092156148e+02,1.502439324847459901e+01,1.780033290556903935e+01
1.268999999999999950e+01,1.920514677092156148e+02,1.502439324847459901e+01,1.780033290556903935e+01
1.270000000000000107e+01,1.920514677092156148e+02,1.502439324847459901e+01,1.780033290556903935e+01
1.271000000000000085e+01,1.920514677092156148e+02,1.502439324847459901e+01,1.780033290556903935e+01
1.272000000000000064e+01,1.920514677092156148e+02,1.502439324847459901e+01,1.780033290556903935e+01
1.273000000000000043e+01,1.920514677092156148e+02,1.502439324847459901e+01,1.780033290556903935e+01
1.274000000000000021e+01,1.920514677092156148e+02,1.502439324847459901e+01,1.780033290556903935e+01
1.275000000000000000e+01,1.920514677092156148e+02,1.502439324847459901e+01,1.780033290556903935e+01
1.275999999999999979e+01,1.920514677092156148e+02,1.502439324847459901e+01,1.780033290556903935e+01
1.276999999999999957e+01,1.920514677092156148e+02,1.502439324847459901e+01,1.780033290556903935e+01
1.278000000000000114e+01,1.920514677092156148e+02,1.502439324847459901e+01,1.780033290556903935e+01
1.279000000000000092e+01,1.920514677092156148e+02,1.502439324847459901e+01,1.780033290556903935e+01
1.280000000000000071e+01,1.920514677092156148e+02,1.502439324847459901e+01,1.780033290556903935e+01
1.281000000000000050e+01,1.920514677092156148e+02,1.502439324847459901e+01,1.780033290556903935e+01
1.282000000000000028e+01,1.920514677092156148e+02,1.502439324847459901e+01,1.780033290556903935e+01
1.283000000000000007e+01,1.920514677092156148e+02,1.502439324847459901e+01,1.780033290556903935e+01
1.283999999999999986e+01,1.920514677092156148e+02,1.502439324847459901e+01,1.780033290556903935e+01
1.284999999999999964e+01,1.920514677092156148e+02,1.502439324847459901e+01,1.780033290556903935e+01
1.285999999999999943e+01,1.920514677092156148e+02,1.502439324847459901e+01,1.780033290556903935e+01
1.287000000000000099e+01,1.920514677092156148e+02,1.502439324847459901e+01,1.780033290556903935e+01
1.288000000000000078e+01,1.920514677092156148e+02,1.502439324847459901e+01,1.780033290556903935e+01
1.289000000000000057e+01,1.920514677092156148e+02,1.502439324847459901e+01,1.780033290556903935e+01
1.290000000000000036e+01,1.920514677092156148e+02,1.502439324847459901e+01,1.780033290556903935e+01
1.291000000000000014e+01,1.920514677092156148e+02,1.502439324847459901e+01,1.780033290556903935e+01
1.291999999999999993e+01,1.920514677092156148e+02,1.502439324847459901e+01,1.780033290556903935e+01
1.292999999999999972e+01,1.920514677092156148e+02,1.502439324847459901e+01,1.780033290556903935e+01
1.293999999999999950e+01,1.920514677092156148e+02,1.502439324847459901e+01,1.780033290556903935e+01
1.295000000000000107e+01,1.920514677092156148e+02,1.502439324847459901e+01,1.780033290556903935e+01
1.296000000000000085e+01,1.920514677092156148e+02,1.502439324847459901e+01,1.780033290556903935e+01
1.297000000000000064e+01,1.920514677092156148e+02,1.502439324847459901e+01,1.780033290556903935e+01
1.298000000000000043e+01,1.920514677092156148e+02,1.502439324847459901e+01,1.780033290556903935e+01
1.299000000000000021e+01,1.920514677092156148e+02,1.502439324847459901e+01,1.780033290556903935e+01
1.300000000000000000e+01,1.920514677092156148e+02,1.502439324847459901e+01,1.780033290556903935e+01
1.300999999999999979e+01,1.920514677092156148e+02,1.502439324847459901e+01,1.780033290556903935e+01
1.301999999999999957e+01,1.920514677092156148e+02,1.502439324847459901e+01,1.780033290556903935e+01
1.303000000000000114e+01,1.920514677092156148e+02,1.502439324847459901e+01,1.780033290556903935e+01
1.304000000000000092e+01,1.920514677092156148e+02,1.502439324847459901e+01,1.780033290556903935e+01
1.305000000000000071e+01,1.920514677092156148e+02,1.502439324847459901e+01,1.780033290556903935e+01
1.306000000000000050e+01,1.920514677092156148e+02,1.502439324847459901e+01,1.780033290556903935e+01
1.307000000000000028e+01,1.920514677092156148e+02,1.502439324847459901e+01,1.780033290556903935e+01
1.308000000000000007e+01,1.920514677092156148e+02,1.502439324847459901e+01,1.780033290556903935e+01
1.308999999999999986e+01,1.920514677092156148e+02,1.502439324847459901e+01,1.780033290556903935e+01
1.309999999999999964e+01,1.920514677092156148e+02,1.502439324847459901e+01,1.780033290556903935e+01
1.310999999999999943e+01,1.920514677092156148e+02,1.502439324847459901e+01,1.780033290556903935e+01
1.312000000000000099e+01,1.920514677092156148e+02,1.502439324847459901e+01,1.780033290556903935e+01
1.313000000000000078e+01,1.920514677092156148e+02,1.502439324847459901e+01,1.780033290556903935e+01
1.314000000000000057e+01,1.920514677092156148e+02,1.502439324847459901e+01,1.780033290556903935e+01
1.315000000000000036e+01,1.920514677092156148e+02,1.502439324847459901e+01,1.780033290556903935e+01
1.316000000000000014e+01,1.920514677092156148e+02,1.502439324847459901e+01,1.780033290556903935e+01
1.316999999999999993e+01,1.920514677092156148e+02,1.502439324847459901e+01,1.780033290556903935e+01
1.317999999999999972e+01,1.920514677092156148e+02,1.502439324847459901e+01,1.780033290556903935e+01
1.318999999999999950e+01,1.920514677092156148e+02,1.502439324847459901e+01,1.780033290556903935e+01
1.320000000000000107e+01,1.920514677092156148e+02,1.502439324847459901e+01,1.780033290556903935e+01
1.321000000000000085e+01,1.920514677092156148e+02,1.502439324847459901e+01,1.780033290556903935e+01
1.322000000000000064e+01,1.920514677092156148e+02,1.502439324847459901e+01,1.780033290556903935e+01
1.323000000000000043e+01,1.920514677092156148e+02,1.502439324847459901e+01,1.780033290556903935e+01
1.324000000000000021e+01,1.920514677092156148e+02,1.502439324847459901e+01,1.780033290556903935e+01
1.325000000000000000e+01,1.920514677092156148e+02,1.502439324847459901e+01,1.780033290556903935e+01
1.325999999999999979e+01,1.920514677092156148e+02,1.502439324847459901e+01,1.780033290556903935e+01
1.326999999999999957e+01,1.920514677092156148e+02,1.502439324847459901e+01,1.780033290556903935e+01
1.328000000000000114e+01,1.920514677092156148e+02,1.502439324847459901e+01,1.780033290556903935e+01
1.329000000000000092e+01,1.920514677092156148e+02,1.502439324847459901e+01,1.780033290556903935e+01
1.330000000000000071e+01,1.920514677092156148e+02,1.502439324847459901e+01,1.780033290556903935e+01
1.331000000000000050e+01,1.920514677092156148e+02,1.502439324847459901e+01,1.780033290556903935e+01
1.332000000000000028e+01,1.920514677092156148e+02,1.502439324847459901e+01,1.780033290556903935e+01
1.333000000000000007e+01,1.920514677092156148e+02,1.502439324847459901e+01,1.780033290556903935e+01
1.333999999999999986e+01,1.920514677092156148e+02,1.502439324847459901e+01,1.780033290556903935e+01
1.334999999999999964e+01,1.920514677092156148e+02,1.502439324847459901e+01,1.780033290556903935e+01
1.335999999999999943e+01,1.920514677092156148e+02,1.502439324847459901e+01,1.780033290556903935e+01
1.337000000000000099e+01,1.920514677092156148e+02,1.502439324847459901e+01,1.780033290556903935e+01
1.338000000000000078e+01,1.920514677092156148e+02,1.502439324847459901e+01,1.780033290556903935e+01
1.339000000000000057e+01,1.920514677092156148e+02,1.502439324847459901e+01,1.780033290556903935e+01
1.340000000000000036e+01,1.920514677092156148e+02,1.502439324847459901e+01,1.780033290556903935e+01
1.341000000000000014e+01,1.920514677092156148e+02,1.502439324847459901e+01,1.780033290556903935e+01
1.341999999999999993e+01,1.920514677092156148e+02,1.502439324847459901e+01,1.780033290556903935e+01
1.342999999999999972e+01,1.920514677092156148e+02,1.502439324847459901e+01,1.780033290556903935e+01
1.343999999999999950e+01,1.920514677092156148e+02,1.502439324847459901e+01,1.780033290556903935e+01
1.345000000000000107e+01,1.920514677092156148e+02,1.502439324847459901e+01,1.780033290556903935e+01
1.346000000000000085e+01,1.920514677092156148e+02,1.502439324847459901e+01,1.780033290556903935e+01
1.347000000000000064e+01,1.920514677092156148e+02,1.502439324847459901e+01,1.780033290556903935e+01
1.348000000000000043e+01,1.920514677092156148e+02,1.502439324847459901e+01,1.780033290556903935e+01
1.349000000000000021e+01,1.920514677092156148e+02,1.502439324847459901e+01,1.780033290556903935e+01
1.350000000000000000e+01,1.920514677092156148e+02,1.502439324847459901e+01,1.780033290556903935e+01
1.350999999999999979e+01,1.920514677092156148e+02,1.502439324847459901e+01,1.780033290556903935e+01
1.351999999999999957e+01,1.920514677092156148e+02,1.502439324847459901e+01,1.780033290556903935e+01
1.353000000000000114e+01,1.920514677092156148e+02,1.502439324847459901e+01,1.780033290556903935e+01
1.354000000000000092e+01,1.920514677092156148e+02,1.502439324847459901e+01,1.780033290556903935e+01
1.355000000000000071e+01,1.920514677092156148e+02,1.502439324847459901e+01,1.780033290556903935e+01
1.356000000000000050e+01,1.920514677092156148e+02,1.502439324847459901e+01,1.780033290556903935e+01
1.357000000000000028e+01,1.920514677092156148e+02,1.502439324847459901e+01,1.780033290556903935e+01
1.358000000000000007e+01,1.920514677092156148e+02,1.502439324847459901e+01,1.780033290556903935e+01
1.358999999999999986e+01,1.920514677092156148e+02,1.502439324847459901e+01,1.780033290556903935e+01
1.359999999999999964e+01,1.920514677092156148e+02,1.502439324847459901e+01,1.780033290556903935e+01
1.360999999999999943e+01,1.920514677092156148e+02,1.502439324847459901e+01,1.780033290556903935e+01
1.362000000000000099e+01,1.920514677092156148e+02,1.502439324847459901e+01,1.780033290556903935e+01
1.363000000000000078e+01,1.920514677092156148e+02,1.502439324847459901e+01,1.780033290556903935e+01
1.364000000000000057e+01,1.920514677092156148e+02,1.502439324847459901e+01,1.780033290556903935e+01
1.365000000000000036e+01,1.920514677092156148e+02,1.502439324847459901e+01,1.780033290556903935e+01
1.366000000000000014e+01,1.920514677092156148e+02,1.502439324847459901e+01,1.780033290556903935e+01
1.366999999999999993e+01,1.920514677092156148e+02,1.502439324847459901e+01,1.780033290556903935e+01
1.367999999999999972e+01,1.920514677092156148e+02,1.502439324847459901e+01,1.780033290556903935e+01
1.368999999999999950e+01,1.920514677092156148e+02,1.502439324847459901e+01,1.780033290556903935e+01
1.370000000000000107e+01,1.920514677092156148e+02,1.502439324847459901e+01,1.780033290556903935e+01
1.371000000000000085e+01,1.920514677092156148e+02,1.502439324847459901e+01,1.780033290556903935e+01
1.372000000000000064e+01,1.920514677092156148e+02,1.502439324847459901e+01,1.780033290556903935e+01
1.373000000000000043e+01,1.920514677092156148e+02,1.502439324847459901e+01,1.780033290556903935e+01
1.374000000000000021e+01,1.920514677092156148e+02,1.502439324847459901e+01,1.780033290556903935e+01
1.375000000000000000e+01,1.920514677092156148e+02,1.502439324847459901e+01,1.780033290556903935e+01
1.375999999999999979e+01,1.920514677092156148e+02,1.502439324847459901e+01,1.780033290556903935e+01
1.376999999999999957e+01,1.920514677092156148e+02,1.502439324847459901e+01,1.780033290556903935e+01
1.378000000000000114e+01,1.920514677092156148e+02,1.502439324847459901e+01,1.780033290556903935e+01
1.379000000000000092e+01,1.920514677092156148e+02,1.502439324847459901e+01,1.780033290556903935e+01
1.380000000000000071e+01,1.920514677092156148e+02,1.502439324847459901e+01,1.780033290556903935e+01
1.381000000000000050e+01,1.920514677092156148e+02,1.502439324847459901e+01,1.780033290556903935e+01
1.382000000000000028e+01,1.920514677092156148e+02,1.502439324847459901e+01,1.780033290556903935e+01
1.383000000000000007e+01,1.920514677092156148e+02,1.502439324847459901e+01,1.780033290556903935e+01
1.383999999999999986e+01,1.920514677092156148e+02,1.502439324847459901e+01,1.780033290556903935e+01
1.384999999999999964e+01,1.920514677092156148e+02,1.502439324847459901e+01,1.780033290556903935e+01
1.385999999999999943e+01,1.920514677092156148e+02,1.502439324847459901e+01,1.780033290556903935e+01
1.387000000000000099e+01,1.920514677092156148e+02,1.502439324847459901e+01,1.780033290556903935e+01
1.388000000000000078e+01,1.920514677092156148e+02,1.502439324847459901e+01,1.780033290556903935e+01
1.389000000000000057e+01,1.920514677092156148e+02,1.502439324847459901e+01,1.780033290556903935e+01
1.390000000000000036e+01,1.920514677092156148e+02,1.502439324847459901e+01,1.780033290556903935e+01
1.391000000000000014e+01,1.920514677092156148e+02,1.502439324847459901e+01,1.780033290556903935e+01
1.391999999999999993e+01,1.920514677092156148e+02,1.502439324847459901e+01,1.780033290556903935e+01
1.392999999999999972e+01,1.920514677092156148e+02,1.502439324847459901e+01,1.780033290556903935e+01
1.393999999999999950e+01,1.920514677092156148e+02,1.502439324847459901e+01,1.780033290556903935e+01
1.395000000000000107e+01,1.920514677092156148e+02,1.502439324847459901e+01,1.780033290556903935e+01
1.396000000000000085e+01,1.920514677092156148e+02,1.502439324847459901e+01,1.780033290556903935e+01
1.397000000000000064e+01,1.920514677092156148e+02,1.502439324847459901e+01,1.780033290556903935e+01
1.398000000000000043e+01,1.920514677092156148e+02,1.502439324847459901e+01,1.780033290556903935e+01
1.399000000000000021e+01,1.920514677092156148e+02,1.502439324847459901e+01,1.780033290556903935e+01
1.400000000000000000e+01,1.920514677092156148e+02,1.502439324847459901e+01,1.780033290556903935e+01
1.400999999999999979e+01,1.920514677092156148e+02,1.502439324847459901e+01,1.780033290556903935e+01
1.401999999999999957e+01,1.920514677092156148e+02,1.502439324847459901e+01,1.780033290556903935e+01
1.403000000000000114e+01,1.920514677092156148e+02,1.502439324847459901e+01,1.780033290556903935e+01
1.404000000000000092e+01,1.920514677092156148e+02,1.502439324847459901e+01,1.780033290556903935e+01
1.405000000000000071e+01,1.920514677092156148e+02,1.502439324847459901e+01,1.780033290556903935e+01
1.406000000000000050e+01,1.920514677092156148e+02,1.502439324847459901e+01,1.780033290556903935e+01
1.407000000000000028e+01,1.920514677092156148e+02,1.502439324847459901e+01,1.780033290556903935e+01
1.408000000000000007e+01,1.920514677092156148e+02,1.502439324847459901e+01,1.780033290556903935e+01
1.408999999999999986e+01,1.920514677092156148e+02,1.502439324847459901e+01,1.780033290556903935e+01
1.409999999999999964e+01,1.920514677092156148e+02,1.502439324847459901e+01,1.780033290556903935e+01
1.410999999999999943e+01,1.920514677092156148e+02,1.502439324847459901e+01,1.780033290556903935e+01
1.412000000000000099e+01,1.920514677092156148e+02,1.502439324847459901e+01,1.780033290556903935e+01
1.413000000000000078e+01,1.920514677092156148e+02,1.502439324847459901e+01,1.780033290556903935e+01
1.414000000000000057e+01,1.920514677092156148e+02,1.502439324847459901e+01,1.780033290556903935e+01
1.415000000000000036e+01,1.920514677092156148e+02,1.502439324847459901e+01,1.780033290556903935e+01
1.416000000000000014e+01,1.920514677092156148e+02,1.502439324847459901e+01,1.780033290556903935e+01
1.416999999999999993e+01,1.920514677092156148e+02,1.502439324847459901e+01,1.780033290556903935e+01
1.417999999999999972e+01,1.920514677092156148e+02,1.502439324847459901e+01,1.780033290556903935e+01
1.418999999999999950e+01,1.920514677092156148e+02,1.502439324847459901e+01,1.780033290556903935e+01
1.420000000000000107e+01,1.920514677092156148e+02,1.502439324847459901e+01,1.780033290556903935e+01
1.421000000000000085e+01,1.920514677092156148e+02,1.502439324847459901e+01,1.780033290556903935e+01
1.422000000000000064e+01,1.920514677092156148e+02,1.502439324847459901e+01,1.780033290556903935e+01
1.423000000000000043e+01,1.920514677092156148e+02,1.502439324847459901e+01,1.780033290556903935e+01
1.424000000000000021e+01,1.920514677092156148e+02,1.502439324847459901e+01,1.780033290556903935e+01
1.425000000000000000e+01,1.920514677092156148e+02,1.502439324847459901e+01,1.780033290556903935e+01
1.425999999999999979e+01,1.920514677092156148e+02,1.502439324847459901e+01,1.780033290556903935e+01
1.426999999999999957e+01,1.920514677092156148e+02,1.502439324847459901e+01,1.780033290556903935e+01
1.428000000000000114e+01,1.920514677092156148e+02,1.502439324847459901e+01,1.780033290556903935e+01
1.429000000000000092e+01,1.920514677092156148e+02,1.502439324847459901e+01,1.780033290556903935e+01
1.430000000000000071e+01,1.920514677092156148e+02,1.502439324847459901e+01,1.780033290556903935e+01
1.431000000000000050e+01,1.920514677092156148e+02,1.502439324847459901e+01,1.780033290556903935e+01
1.432000000000000028e+01,1.920514677092156148e+02,1.502439324847459901e+01,1.780033290556903935e+01
1.433000000000000007e+01,1.920514677092156148e+02,1.502439324847459901e+01,1.780033290556903935e+01
1.433999999999999986e+01,1.920514677092156148e+02,1.502439324847459901e+01,1.780033290556903935e+01
1.434999999999999964e+01,1.920514677092156148e+02,1.502439324847459901e+01,1.780033290556903935e+01
1.435999999999999943e+01,1.920514677092156148e+02,1.502439324847459901e+01,1.780033290556903935e+01
1.437000000000000099e+01,1.920514677092156148e+02,1.502439324847459901e+01,1.780033290556903935e+01
1.438000000000000078e+01,1.920514677092156148e+02,1.502439324847459901e+01,1.780033290556903935e+01
1.439000000000000057e+01,1.920514677092156148e+02,1.502439324847459901e+01,1.780033290556903935e+01
1.440000000000000036e+01,1.920514677092156148e+02,1.502439324847459901e+01,1.780033290556903935e+01
1.441000000000000014e+01,1.920514677092156148e+02,1.502439324847459901e+01,1.780033290556903935e+01
1.441999999999999993e+01,1.920514677092156148e+02,1.502439324847459901e+01,1.780033290556903935e+01
1.442999999999999972e+01,1.920514677092156148e+02,1.502439324847459901e+01,1.780033290556903935e+01
1.443999999999999950e+01,1.920514677092156148e+02,1.502439324847459901e+01,1.780033290556903935e+01
1.445000000000000107e+01,1.920514677092156148e+02,1.502439324847459901e+01,1.780033290556903935e+01
1.446000000000000085e+01,1.920514677092156148e+02,1.502439324847459901e+01,1.780033290556903935e+01
1.447000000000000064e+01,1.920514677092156148e+02,1.502439324847459901e+01,1.780033290556903935e+01
1.448000000000000043e+01,1.920514677092156148e+02,1.502439324847459901e+01,1.780033290556903935e+01
1.449000000000000021e+01,1.920514677092156148e+02,1.502439324847459901e+01,1.780033290556903935e+01
1.450000000000000000e+01,1.920514677092156148e+02,1.502439324847459901e+01,1.780033290556903935e+01
1.450999999999999979e+01,1.920514677092156148e+02,1.502439324847459901e+01,1.780033290556903935e+01
1.451999999999999957e+01,1.920514677092156148e+02,1.502439324847459901e+01,1.780033290556903935e+01
1.453000000000000114e+01,1.920514677092156148e+02,1.502439324847459901e+01,1.780033290556903935e+01
1.454000000000000092e+01,1.920514677092156148e+02,1.502439324847459901e+01,1.780033290556903935e+01
1.455000000000000071e+01,1.920514677092156148e+02,1.502439324847459901e+01,1.780033290556903935e+01
1.456000000000000050e+01,1.920514677092156148e+02,1.502439324847459901e+01,1.780033290556903935e+01
1.457000000000000028e+01,1.920514677092156148e+02,1.502439324847459901e+01,1.780033290556903935e+01
1.458000000000000007e+01,1.920514677092156148e+02,1.502439324847459901e+01,1.780033290556903935e+01
1.458999999999999986e+01,1.920514677092156148e+02,1.502439324847459901e+01,1.780033290556903935e+01
1.459999999999999964e+01,1.920514677092156148e+02,1.502439324847459901e+01,1.780033290556903935e+01
1.460999999999999943e+01,1.920514677092156148e+02,1.502439324847459901e+01,1.780033290556903935e+01
1.462000000000000099e+01,1.920514677092156148e+02,1.502439324847459901e+01,1.780033290556903935e+01
1.463000000000000078e+01,1.920514677092156148e+02,1.502439324847459901e+01,1.780033290556903935e+01
1.464000000000000057e+01,1.920514677092156148e+02,1.502439324847459901e+01,1.780033290556903935e+01
1.465000000000000036e+01,1.920514677092156148e+02,1.502439324847459901e+01,1.780033290556903935e+01
1.466000000000000014e+01,1.920514677092156148e+02,1.502439324847459901e+01,1.780033290556903935e+01
1.466999999999999993e+01,1.920514677092156148e+02,1.502439324847459901e+01,1.780033290556903935e+01
1.467999999999999972e+01,1.920514677092156148e+02,1.502439324847459901e+01,1.780033290556903935e+01
1.468999999999999950e+01,1.920514677092156148e+02,1.502439324847459901e+01,1.780033290556903935e+01
1.470000000000000107e+01,1.920514677092156148e+02,1.502439324847459901e+01,1.780033290556903935e+01
1.471000000000000085e+01,1.920514677092156148e+02,1.502439324847459901e+01,1.780033290556903935e+01
1.472000000000000064e+01,1.920514677092156148e+02,1.502439324847459901e+01,1.780033290556903935e+01
1.473000000000000043e+01,1.920514677092156148e+02,1.502439324847459901e+01,1.780033290556903935e+01
1.474000000000000021e+01,1.920514677092156148e+02,1.502439324847459901e+01,1.780033290556903935e+01
1.475000000000000000e+01,1.920514677092156148e+02,1.502439324847459901e+01,1.780033290556903935e+01
1.475999999999999979e+01,1.920514677092156148e+02,1.502439324847459901e+01,1.780033290556903935e+01
1.476999999999999957e+01,1.920514677092156148e+02,1.502439324847459901e+01,1.780033290556903935e+01
1.478000000000000114e+01,1.920514677092156148e+02,1.502439324847459901e+01,1.780033290556903935e+01
1.479000000000000092e+01,1.920514677092156148e+02,1.502439324847459901e+01,1.780033290556903935e+01
1.480000000000000071e+01,1.920514677092156148e+02,1.502439324847459901e+01,1.780033290556903935e+01
1.481000000000000050e+01,1.920514677092156148e+02,1.502439324847459901e+01,1.780033290556903935e+01
1.482000000000000028e+01,1.920514677092156148e+02,1.502439324847459901e+01,1.780033290556903935e+01
1.483000000000000007e+01,1.920514677092156148e+02,1.502439324847459901e+01,1.780033290556903935e+01
1.483999999999999986e+01,1.920514677092156148e+02,1.502439324847459901e+01,1.780033290556903935e+01
1.484999999999999964e+01,1.920514677092156148e+02,1.502439324847459901e+01,1.780033290556903935e+01
1.485999999999999943e+01,1.920514677092156148e+02,1.502439324847459901e+01,1.780033290556903935e+01
1.487000000000000099e+01,1.920514677092156148e+02,1.502439324847459901e+01,1.780033290556903935e+01
1.488000000000000078e+01,1.920514677092156148e+02,1.502439324847459901e+01,1.780033290556903935e+01
1.489000000000000057e+01,1.920514677092156148e+02,1.502439324847459901e+01,1.780033290556903935e+01
1.490000000000000036e+01,1.920514677092156148e+02,1.502439324847459901e+01,1.780033290556903935e+01
1.491000000000000014e+01,1.920514677092156148e+02,1.502439324847459901e+01,1.780033290556903935e+01
1.491999999999999993e+01,1.920514677092156148e+02,1.502439324847459901e+01,1.780033290556903935e+01
1.492999999999999972e+01,1.920514677092156148e+02,1.502439324847459901e+01,1.780033290556903935e+01
1.493999999999999950e+01,1.920514677092156148e+02,1.502439324847459901e+01,1.780033290556903935e+01
1.495000000000000107e+01,1.920514677092156148e+02,1.502439324847459901e+01,1.780033290556903935e+01
1.496000000000000085e+01,1.920514677092156148e+02,1.502439324847459901e+01,1.780033290556903935e+01
1.497000000000000064e+01,1.920514677092156148e+02,1.502439324847459901e+01,1.780033290556903935e+01
1.498000000000000043e+01,1.920514677092156148e+02,1.502439324847459901e+01,1.780033290556903935e+01
1.499000000000000021e+01,1.920514677092156148e+02,1.502439324847459901e+01,1.780033290556903935e+01
1.500000000000000000e+01,1.920514677092156148e+02,1.502439324847459901e+01,1.780033290556903935e+01
1.500999999999999979e+01,1.920514677092156148e+02,1.502439324847459901e+01,1.780033290556903935e+01
1.501999999999999957e+01,1.920514677092156148e+02,1.502439324847459901e+01,1.780033290556903935e+01
1.503000000000000114e+01,1.920514677092156148e+02,1.502439324847459901e+01,1.780033290556903935e+01
1.504000000000000092e+01,1.920514677092156148e+02,1.502439324847459901e+01,1.780033290556903935e+01
1.505000000000000071e+01,1.920514677092156148e+02,1.502439324847459901e+01,1.780033290556903935e+01
1.506000000000000050e+01,1.920514677092156148e+02,1.502439324847459901e+01,1.780033290556903935e+01
1.507000000000000028e+01,1.920514677092156148e+02,1.502439324847459901e+01,1.780033290556903935e+01
1.508000000000000007e+01,1.920514677092156148e+02,1.502439324847459901e+01,1.780033290556903935e+01
1.508999999999999986e+01,1.920514677092156148e+02,1.502439324847459901e+01,1.780033290556903935e+01
1.509999999999999964e+01,1.920514677092156148e+02,1.502439324847459901e+01,1.780033290556903935e+01
1.510999999999999943e+01,1.920514677092156148e+02,1.502439324847459901e+01,1.780033290556903935e+01
1.512000000000000099e+01,1.920514677092156148e+02,1.502439324847459901e+01,1.780033290556903935e+01
1.513000000000000078e+01,1.920514677092156148e+02,1.502439324847459901e+01,1.780033290556903935e+01
1.514000000000000057e+01,1.920514677092156148e+02,1.502439324847459901e+01,1.780033290556903935e+01
1.515000000000000036e+01,1.920514677092156148e+02,1.502439324847459901e+01,1.780033290556903935e+01
1.516000000000000014e+01,1.920514677092156148e+02,1.502439324847459901e+01,1.780033290556903935e+01
1.516999999999999993e+01,1.920514677092156148e+02,1.502439324847459901e+01,1.780033290556903935e+01
1.517999999999999972e+01,1.920514677092156148e+02,1.502439324847459901e+01,1.780033290556903935e+01
1.518999999999999950e+01,1.920514677092156148e+02,1.502439324847459901e+01,1.780033290556903935e+01
1.520000000000000107e+01,1.920514677092156148e+02,1.502439324847459901e+01,1.780033290556903935e+01
1.521000000000000085e+01,1.920514677092156148e+02,1.502439324847459901e+01,1.780033290556903935e+01
1.522000000000000064e+01,1.920514677092156148e+02,1.502439324847459901e+01,1.780033290556903935e+01
1.523000000000000043e+01,1.920514677092156148e+02,1.502439324847459901e+01,1.780033290556903935e+01
1.524000000000000021e+01,1.920514677092156148e+02,1.502439324847459901e+01,1.780033290556903935e+01
1.525000000000000000e+01,1.920514677092156148e+02,1.502439324847459901e+01,1.780033290556903935e+01
1.525999999999999979e+01,1.920514677092156148e+02,1.502439324847459901e+01,1.780033290556903935e+01
1.526999999999999957e+01,1.920514677092156148e+02,1.502439324847459901e+01,1.780033290556903935e+01
1.528000000000000114e+01,1.920514677092156148e+02,1.502439324847459901e+01,1.780033290556903935e+01
1.529000000000000092e+01,1.920514677092156148e+02,1.502439324847459901e+01,1.780033290556903935e+01
1.530000000000000071e+01,1.920514677092156148e+02,1.502439324847459901e+01,1.780033290556903935e+01
1.531000000000000050e+01,1.920514677092156148e+02,1.502439324847459901e+01,1.780033290556903935e+01
1.532000000000000028e+01,1.920514677092156148e+02,1.502439324847459901e+01,1.780033290556903935e+01
1.533000000000000007e+01,1.920514677092156148e+02,1.502439324847459901e+01,1.780033290556903935e+01
1.533999999999999986e+01,1.920514677092156148e+02,1.502439324847459901e+01,1.780033290556903935e+01
1.534999999999999964e+01,1.920514677092156148e+02,1.502439324847459901e+01,1.780033290556903935e+01
1.535999999999999943e+01,1.920514677092156148e+02,1.502439324847459901e+01,1.780033290556903935e+01
1.537000000000000099e+01,1.920514677092156148e+02,1.502439324847459901e+01,1.780033290556903935e+01
1.538000000000000078e+01,1.920514677092156148e+02,1.502439324847459901e+01,1.780033290556903935e+01
1.539000000000000057e+01,1.920514677092156148e+02,1.502439324847459901e+01,1.780033290556903935e+01
1.540000000000000036e+01,1.920514677092156148e+02,1.502439324847459901e+01,1.780033290556903935e+01
1.541000000000000014e+01,1.920514677092156148e+02,1.502439324847459901e+01,1.780033290556903935e+01
1.541999999999999993e+01,1.920514677092156148e+02,1.502439324847459901e+01,1.780033290556903935e+01
1.542999999999999972e+01,1.920514677092156148e+02,1.502439324847459901e+01,1.780033290556903935e+01
1.543999999999999950e+01,1.920514677092156148e+02,1.502439324847459901e+01,1.780033290556903935e+01
1.545000000000000107e+01,1.920514677092156148e+02,1.502439324847459901e+01,1.780033290556903935e+01
1.546000000000000085e+01,1.920514677092156148e+02,1.502439324847459901e+01,1.780033290556903935e+01
1.547000000000000064e+01,1.920514677092156148e+02,1.502439324847459901e+01,1.780033290556903935e+01
1.548000000000000043e+01,1.920514677092156148e+02,1.502439324847459901e+01,1.780033290556903935e+01
1.549000000000000021e+01,1.920514677092156148e+02,1.502439324847459901e+01,1.780033290556903935e+01
1.550000000000000000e+01,1.920514677092156148e+02,1.502439324847459901e+01,1.780033290556903935e+01
1.550999999999999979e+01,1.920514677092156148e+02,1.502439324847459901e+01,1.780033290556903935e+01
1.551999999999999957e+01,1.920514677092156148e+02,1.502439324847459901e+01,1.780033290556903935e+01
1.553000000000000114e+01,1.920514677092156148e+02,1.502439324847459901e+01,1.780033290556903935e+01
1.554000000000000092e+01,1.920514677092156148e+02,1.502439324847459901e+01,1.780033290556903935e+01
1.555000000000000071e+01,1.920514677092156148e+02,1.502439324847459901e+01,1.780033290556903935e+01
1.556000000000000050e+01,1.920514677092156148e+02,1.502439324847459901e+01,1.780033290556903935e+01
1.557000000000000028e+01,1.920514677092156148e+02,1.502439324847459901e+01,1.780033290556903935e+01
1.558000000000000007e+01,1.920514677092156148e+02,1.502439324847459901e+01,1.780033290556903935e+01
1.558999999999999986e+01,1.920514677092156148e+02,1.502439324847459901e+01,1.780033290556903935e+01
1.559999999999999964e+01,1.920514677092156148e+02,1.502439324847459901e+01,1.780033290556903935e+01
1.561000000000000121e+01,1.920514677092156148e+02,1.502439324847459901e+01,1.780033290556903935e+01
1.562000000000000099e+01,1.920514677092156148e+02,1.502439324847459901e+01,1.780033290556903935e+01
1.563000000000000078e+01,1.920514677092156148e+02,1.502439324847459901e+01,1.780033290556903935e+01
1.564000000000000057e+01,1.920514677092156148e+02,1.502439324847459901e+01,1.780033290556903935e+01
1.565000000000000036e+01,1.920514677092156148e+02,1.502439324847459901e+01,1.780033290556903935e+01
1.566000000000000014e+01,1.920514677092156148e+02,1.502439324847459901e+01,1.780033290556903935e+01
1.566999999999999993e+01,1.920514677092156148e+02,1.502439324847459901e+01,1.780033290556903935e+01
1.567999999999999972e+01,1.920514677092156148e+02,1.502439324847459901e+01,1.780033290556903935e+01
1.568999999999999950e+01,1.920514677092156148e+02,1.502439324847459901e+01,1.780033290556903935e+01
1.570000000000000107e+01,1.920514677092156148e+02,1.502439324847459901e+01,1.780033290556903935e+01
1.571000000000000085e+01,1.920514677092156148e+02,1.502439324847459901e+01,1.780033290556903935e+01
1.572000000000000064e+01,1.920514677092156148e+02,1.502439324847459901e+01,1.780033290556903935e+01
1.573000000000000043e+01,1.920514677092156148e+02,1.502439324847459901e+01,1.780033290556903935e+01
1.574000000000000021e+01,1.920514677092156148e+02,1.502439324847459901e+01,1.780033290556903935e+01
1.575000000000000000e+01,1.920514677092156148e+02,1.502439324847459901e+01,1.780033290556903935e+01
1.575999999999999979e+01,1.920514677092156148e+02,1.502439324847459901e+01,1.780033290556903935e+01
1.576999999999999957e+01,1.920514677092156148e+02,1.502439324847459901e+01,1.780033290556903935e+01
1.578000000000000114e+01,1.920514677092156148e+02,1.502439324847459901e+01,1.780033290556903935e+01
1.579000000000000092e+01,1.920514677092156148e+02,1.502439324847459901e+01,1.780033290556903935e+01
1.580000000000000071e+01,1.920514677092156148e+02,1.502439324847459901e+01,1.780033290556903935e+01
1.581000000000000050e+01,1.920514677092156148e+02,1.502439324847459901e+01,1.780033290556903935e+01
1.582000000000000028e+01,1.920514677092156148e+02,1.502439324847459901e+01,1.780033290556903935e+01
1.583000000000000007e+01,1.920514677092156148e+02,1.502439324847459901e+01,1.780033290556903935e+01
1.583999999999999986e+01,1.920514677092156148e+02,1.502439324847459901e+01,1.780033290556903935e+01
1.584999999999999964e+01,1.920514677092156148e+02,1.502439324847459901e+01,1.780033290556903935e+01
1.586000000000000121e+01,1.920514677092156148e+02,1.502439324847459901e+01,1.780033290556903935e+01
1.587000000000000099e+01,1.920514677092156148e+02,1.502439324847459901e+01,1.780033290556903935e+01
1.588000000000000078e+01,1.920514677092156148e+02,1.502439324847459901e+01,1.780033290556903935e+01
1.589000000000000057e+01,1.920514677092156148e+02,1.502439324847459901e+01,1.780033290556903935e+01
1.590000000000000036e+01,1.920514677092156148e+02,1.502439324847459901e+01,1.780033290556903935e+01
1.591000000000000014e+01,1.920514677092156148e+02,1.502439324847459901e+01,1.780033290556903935e+01
1.591999999999999993e+01,1.920514677092156148e+02,1.502439324847459901e+01,1.780033290556903935e+01
1.592999999999999972e+01,1.920514677092156148e+02,1.502439324847459901e+01,1.780033290556903935e+01
1.593999999999999950e+01,1.920514677092156148e+02,1.502439324847459901e+01,1.780033290556903935e+01
1.595000000000000107e+01,1.920514677092156148e+02,1.502439324847459901e+01,1.780033290556903935e+01
1.596000000000000085e+01,1.920514677092156148e+02,1.502439324847459901e+01,1.780033290556903935e+01
1.597000000000000064e+01,1.920514677092156148e+02,1.502439324847459901e+01,1.780033290556903935e+01
1.598000000000000043e+01,1.920514677092156148e+02,1.502439324847459901e+01,1.780033290556903935e+01
1.599000000000000021e+01,1.920514677092156148e+02,1.502439324847459901e+01,1.780033290556903935e+01
1.600000000000000000e+01,1.920514677092156148e+02,1.502439324847459901e+01,1.780033290556903935e+01
1.601000000000000156e+01,1.920514677092156148e+02,1.502439324847459901e+01,1.780033290556903935e+01
1.601999999999999957e+01,1.920514677092156148e+02,1.502439324847459901e+01,1.780033290556903935e+01
1.603000000000000114e+01,1.920514677092156148e+02,1.502439324847459901e+01,1.780033290556903935e+01
1.603999999999999915e+01,1.920514677092156148e+02,1.502439324847459901e+01,1.780033290556903935e+01
1.605000000000000071e+01,1.920514677092156148e+02,1.502439324847459901e+01,1.780033290556903935e+01
1.605999999999999872e+01,1.920514677092156148e+02,1.502439324847459901e+01,1.780033290556903935e+01
1.607000000000000028e+01,1.920514677092156148e+02,1.502439324847459901e+01,1.780033290556903935e+01
1.608000000000000185e+01,1.920514677092156148e+02,1.502439324847459901e+01,1.780033290556903935e+01
1.608999999999999986e+01,1.920514677092156148e+02,1.502439324847459901e+01,1.780033290556903935e+01
1.610000000000000142e+01,1.920514677092156148e+02,1.502439324847459901e+01,1.780033290556903935e+01
1.610999999999999943e+01,1.920514677092156148e+02,1.502439324847459901e+01,1.780033290556903935e+01
1.612000000000000099e+01,1.920514677092156148e+02,1.502439324847459901e+01,1.780033290556903935e+01
1.612999999999999901e+01,1.920514677092156148e+02,1.502439324847459901e+01,1.780033290556903935e+01
1.614000000000000057e+01,1.920514677092156148e+02,1.502439324847459901e+01,1.780033290556903935e+01
1.614999999999999858e+01,1.920514677092156148e+02,1.502439324847459901e+01,1.780033290556903935e+01
1.616000000000000014e+01,1.920514677092156148e+02,1.502439324847459901e+01,1.780033290556903935e+01
1.617000000000000171e+01,1.920514677092156148e+02,1.502439324847459901e+01,1.780033290556903935e+01
1.617999999999999972e+01,1.920514677092156148e+02,1.502439324847459901e+01,1.780033290556903935e+01
1.619000000000000128e+01,1.920514677092156148e+02,1.502439324847459901e+01,1.780033290556903935e+01
1.619999999999999929e+01,1.920514677092156148e+02,1.502439324847459901e+01,1.780033290556903935e+01
1.621000000000000085e+01,1.920514677092156148e+02,1.502439324847459901e+01,1.780033290556903935e+01
1.621999999999999886e+01,1.920514677092156148e+02,1.502439324847459901e+01,1.780033290556903935e+01
1.623000000000000043e+01,1.920514677092156148e+02,1.502439324847459901e+01,1.780033290556903935e+01
1.624000000000000199e+01,1.920514677092156148e+02,1.502439324847459901e+01,1.780033290556903935e+01
1.625000000000000000e+01,1.920514677092156148e+02,1.502439324847459901e+01,1.780033290556903935e+01
1.626000000000000156e+01,1.920514677092156148e+02,1.502439324847459901e+01,1.780033290556903935e+01
1.626999999999999957e+01,1.920514677092156148e+02,1.502439324847459901e+01,1.780033290556903935e+01
1.628000000000000114e+01,1.920514677092156148e+02,1.502439324847459901e+01,1.780033290556903935e+01
1.628999999999999915e+01,1.920514677092156148e+02,1.502439324847459901e+01,1.780033290556903935e+01
1.630000000000000071e+01,1.920514677092156148e+02,1.502439324847459901e+01,1.780033290556903935e+01
1.630999999999999872e+01,1.920514677092156148e+02,1.502439324847459901e+01,1.780033290556903935e+01
1.632000000000000028e+01,1.920514677092156148e+02,1.502439324847459901e+01,1.780033290556903935e+01
1.633000000000000185e+01,1.920514677092156148e+02,1.502439324847459901e+01,1.780033290556903935e+01
1.633999999999999986e+01,1.920514677092156148e+02,1.502439324847459901e+01,1.780033290556903935e+01
1.635000000000000142e+01,1.920514677092156148e+02,1.502439324847459901e+01,1.780033290556903935e+01
1.635999999999999943e+01,1.920514677092156148e+02,1.502439324847459901e+01,1.780033290556903935e+01
1.637000000000000099e+01,1.920514677092156148e+02,1.502439324847459901e+01,1.780033290556903935e+01
1.637999999999999901e+01,1.920514677092156148e+02,1.502439324847459901e+01,1.780033290556903935e+01
1.639000000000000057e+01,1.920514677092156148e+02,1.502439324847459901e+01,1.780033290556903935e+01
1.639999999999999858e+01,1.920514677092156148e+02,1.502439324847459901e+01,1.780033290556903935e+01
1.641000000000000014e+01,1.920514677092156148e+02,1.502439324847459901e+01,1.780033290556903935e+01
1.642000000000000171e+01,1.920514677092156148e+02,1.502439324847459901e+01,1.780033290556903935e+01
1.642999999999999972e+01,1.920514677092156148e+02,1.502439324847459901e+01,1.780033290556903935e+01
1.644000000000000128e+01,1.920514677092156148e+02,1.502439324847459901e+01,1.780033290556903935e+01
1.644999999999999929e+01,1.920514677092156148e+02,1.502439324847459901e+01,1.780033290556903935e+01
1.646000000000000085e+01,1.920514677092156148e+02,1.502439324847459901e+01,1.780033290556903935e+01
1.646999999999999886e+01,1.920514677092156148e+02,1.502439324847459901e+01,1.780033290556903935e+01
1.648000000000000043e+01,1.920514677092156148e+02,1.502439324847459901e+01,1.780033290556903935e+01
1.649000000000000199e+01,1.920514677092156148e+02,1.502439324847459901e+01,1.780033290556903935e+01
1.650000000000000000e+01,1.920514677092156148e+02,1.502439324847459901e+01,1.780033290556903935e+01
1.651000000000000156e+01,1.920514677092156148e+02,1.502439324847459901e+01,1.780033290556903935e+01
1.651999999999999957e+01,1.920514677092156148e+02,1.502439324847459901e+01,1.780033290556903935e+01
1.653000000000000114e+01,1.920514677092156148e+02,1.502439324847459901e+01,1.780033290556903935e+01
1.653999999999999915e+01,1.920514677092156148e+02,1.502439324847459901e+01,1.780033290556903935e+01
1.655000000000000071e+01,1.920514677092156148e+02,1.502439324847459901e+01,1.780033290556903935e+01
1.655999999999999872e+01,1.920514677092156148e+02,1.502439324847459901e+01,1.780033290556903935e+01
1.657000000000000028e+01,1.920514677092156148e+02,1.502439324847459901e+01,1.780033290556903935e+01
1.658000000000000185e+01,1.920514677092156148e+02,1.502439324847459901e+01,1.780033290556903935e+01
1.658999999999999986e+01,1.920514677092156148e+02,1.502439324847459901e+01,1.780033290556903935e+01
1.660000000000000142e+01,1.920514677092156148e+02,1.502439324847459901e+01,1.780033290556903935e+01
1.660999999999999943e+01,1.920514677092156148e+02,1.502439324847459901e+01,1.780033290556903935e+01
1.662000000000000099e+01,1.920514677092156148e+02,1.502439324847459901e+01,1.780033290556903935e+01
1.662999999999999901e+01,1.920514677092156148e+02,1.502439324847459901e+01,1.780033290556903935e+01
1.664000000000000057e+01,1.920514677092156148e+02,1.502439324847459901e+01,1.780033290556903935e+01
1.664999999999999858e+01,1.920514677092156148e+02,1.502439324847459901e+01,1.780033290556903935e+01
1.666000000000000014e+01,1.920514677092156148e+02,1.502439324847459901e+01,1.780033290556903935e+01
1.667000000000000171e+01,1.920514677092156148e+02,1.502439324847459901e+01,1.780033290556903935e+01
1.667999999999999972e+01,1.920514677092156148e+02,1.502439324847459901e+01,1.780033290556903935e+01
1.669000000000000128e+01,1.920514677092156148e+02,1.502439324847459901e+01,1.780033290556903935e+01
1.669999999999999929e+01,1.920514677092156148e+02,1.502439324847459901e+01,1.780033290556903935e+01
1.671000000000000085e+01,1.920514677092156148e+02,1.502439324847459901e+01,1.780033290556903935e+01
1.671999999999999886e+01,1.920514677092156148e+02,1.502439324847459901e+01,1.780033290556903935e+01
1.673000000000000043e+01,1.920514677092156148e+02,1.502439324847459901e+01,1.780033290556903935e+01
1.674000000000000199e+01,1.920514677092156148e+02,1.502439324847459901e+01,1.780033290556903935e+01
1.675000000000000000e+01,1.920514677092156148e+02,1.502439324847459901e+01,1.780033290556903935e+01
1.676000000000000156e+01,1.920514677092156148e+02,1.502439324847459901e+01,1.780033290556903935e+01
1.676999999999999957e+01,1.920514677092156148e+02,1.502439324847459901e+01,1.780033290556903935e+01
1.678000000000000114e+01,1.920514677092156148e+02,1.502439324847459901e+01,1.780033290556903935e+01
1.678999999999999915e+01,1.920514677092156148e+02,1.502439324847459901e+01,1.780033290556903935e+01
1.680000000000000071e+01,1.920514677092156148e+02,1.502439324847459901e+01,1.780033290556903935e+01
1.680999999999999872e+01,1.920514677092156148e+02,1.502439324847459901e+01,1.780033290556903935e+01
1.682000000000000028e+01,1.920514677092156148e+02,1.502439324847459901e+01,1.780033290556903935e+01
1.683000000000000185e+01,1.920514677092156148e+02,1.502439324847459901e+01,1.780033290556903935e+01
1.683999999999999986e+01,1.920514677092156148e+02,1.502439324847459901e+01,1.780033290556903935e+01
1.685000000000000142e+01,1.920514677092156148e+02,1.502439324847459901e+01,1.780033290556903935e+01
1.685999999999999943e+01,1.920514677092156148e+02,1.502439324847459901e+01,1.780033290556903935e+01
1.687000000000000099e+01,1.920514677092156148e+02,1.502439324847459901e+01,1.780033290556903935e+01
1.687999999999999901e+01,1.920514677092156148e+02,1.502439324847459901e+01,1.780033290556903935e+01
1.689000000000000057e+01,1.920514677092156148e+02,1.502439324847459901e+01,1.780033290556903935e+01
1.689999999999999858e+01,1.920514677092156148e+02,1.502439324847459901e+01,1.780033290556903935e+01
1.691000000000000014e+01,1.920514677092156148e+02,1.502439324847459901e+01,1.780033290556903935e+01
1.692000000000000171e+01,1.920514677092156148e+02,1.502439324847459901e+01,1.780033290556903935e+01
1.692999999999999972e+01,1.920514677092156148e+02,1.502439324847459901e+01,1.780033290556903935e+01
1.694000000000000128e+01,1.920514677092156148e+02,1.502439324847459901e+01,1.780033290556903935e+01
1.694999999999999929e+01,1.920514677092156148e+02,1.502439324847459901e+01,1.780033290556903935e+01
1.696000000000000085e+01,1.920514677092156148e+02,1.502439324847459901e+01,1.780033290556903935e+01
1.696999999999999886e+01,1.920514677092156148e+02,1.502439324847459901e+01,1.780033290556903935e+01
1.698000000000000043e+01,1.920514677092156148e+02,1.502439324847459901e+01,1.780033290556903935e+01
1.699000000000000199e+01,1.920514677092156148e+02,1.502439324847459901e+01,1.780033290556903935e+01
1.700000000000000000e+01,1.920514677092156148e+02,1.502439324847459901e+01,1.780033290556903935e+01
1.701000000000000156e+01,1.920514677092156148e+02,1.502439324847459901e+01,1.780033290556903935e+01
1.701999999999999957e+01,1.920514677092156148e+02,1.502439324847459901e+01,1.780033290556903935e+01
1.703000000000000114e+01,1.920514677092156148e+02,1.502439324847459901e+01,1.780033290556903935e+01
1.703999999999999915e+01,1.920514677092156148e+02,1.502439324847459901e+01,1.780033290556903935e+01
1.705000000000000071e+01,1.920514677092156148e+02,1.502439324847459901e+01,1.780033290556903935e+01
1.705999999999999872e+01,1.920514677092156148e+02,1.502439324847459901e+01,1.780033290556903935e+01
1.707000000000000028e+01,1.920514677092156148e+02,1.502439324847459901e+01,1.780033290556903935e+01
1.708000000000000185e+01,1.920514677092156148e+02,1.502439324847459901e+01,1.780033290556903935e+01
1.708999999999999986e+01,1.920514677092156148e+02,1.502439324847459901e+01,1.780033290556903935e+01
1.710000000000000142e+01,1.920514677092156148e+02,1.502439324847459901e+01,1.780033290556903935e+01
1.710999999999999943e+01,1.920514677092156148e+02,1.502439324847459901e+01,1.780033290556903935e+01
1.712000000000000099e+01,1.920514677092156148e+02,1.502439324847459901e+01,1.780033290556903935e+01
1.712999999999999901e+01,1.920514677092156148e+02,1.502439324847459901e+01,1.780033290556903935e+01
1.714000000000000057e+01,1.920514677092156148e+02,1.502439324847459901e+01,1.780033290556903935e+01
1.715000000000000213e+01,1.920514677092156148e+02,1.502439324847459901e+01,1.780033290556903935e+01
1.716000000000000014e+01,1.920514677092156148e+02,1.502439324847459901e+01,1.780033290556903935e+01
1.717000000000000171e+01,1.920514677092156148e+02,1.502439324847459901e+01,1.780033290556903935e+01
1.717999999999999972e+01,1.920514677092156148e+02,1.502439324847459901e+01,1.780033290556903935e+01
1.719000000000000128e+01,1.920514677092156148e+02,1.502439324847459901e+01,1.780033290556903935e+01
1.719999999999999929e+01,1.920514677092156148e+02,1.502439324847459901e+01,1.780033290556903935e+01
1.721000000000000085e+01,1.920514677092156148e+02,1.502439324847459901e+01,1.780033290556903935e+01
1.721999999999999886e+01,1.920514677092156148e+02,1.502439324847459901e+01,1.780033290556903935e+01
1.723000000000000043e+01,1.920514677092156148e+02,1.502439324847459901e+01,1.780033290556903935e+01
1.724000000000000199e+01,1.920514677092156148e+02,1.502439324847459901e+01,1.780033290556903935e+01
1.725000000000000000e+01,1.920514677092156148e+02,1.502439324847459901e+01,1.780033290556903935e+01
1.726000000000000156e+01,1.920514677092156148e+02,1.502439324847459901e+01,1.780033290556903935e+01
1.726999999999999957e+01,1.920514677092156148e+02,1.502439324847459901e+01,1.780033290556903935e+01
1.728000000000000114e+01,1.920514677092156148e+02,1.502439324847459901e+01,1.780033290556903935e+01
1.728999999999999915e+01,1.920514677092156148e+02,1.502439324847459901e+01,1.780033290556903935e+01
1.730000000000000071e+01,1.920514677092156148e+02,1.502439324847459901e+01,1.780033290556903935e+01
1.730999999999999872e+01,1.920514677092156148e+02,1.502439324847459901e+01,1.780033290556903935e+01
1.732000000000000028e+01,1.920514677092156148e+02,1.502439324847459901e+01,1.780033290556903935e+01
1.733000000000000185e+01,1.920514677092156148e+02,1.502439324847459901e+01,1.780033290556903935e+01
1.733999999999999986e+01,1.920514677092156148e+02,1.502439324847459901e+01,1.780033290556903935e+01
1.735000000000000142e+01,1.920514677092156148e+02,1.502439324847459901e+01,1.780033290556903935e+01
1.735999999999999943e+01,1.920514677092156148e+02,1.502439324847459901e+01,1.780033290556903935e+01
1.737000000000000099e+01,1.920514677092156148e+02,1.502439324847459901e+01,1.780033290556903935e+01
1.737999999999999901e+01,1.920514677092156148e+02,1.502439324847459901e+01,1.780033290556903935e+01
1.739000000000000057e+01,1.920514677092156148e+02,1.502439324847459901e+01,1.780033290556903935e+01
1.740000000000000213e+01,1.920514677092156148e+02,1.502439324847459901e+01,1.780033290556903935e+01
1.741000000000000014e+01,1.920514677092156148e+02,1.502439324847459901e+01,1.780033290556903935e+01
1.742000000000000171e+01,1.920514677092156148e+02,1.502439324847459901e+01,1.780033290556903935e+01
1.742999999999999972e+01,1.920514677092156148e+02,1.502439324847459901e+01,1.780033290556903935e+01
1.744000000000000128e+01,1.920514677092156148e+02,1.502439324847459901e+01,1.780033290556903935e+01
1.744999999999999929e+01,1.920514677092156148e+02,1.502439324847459901e+01,1.780033290556903935e+01
1.746000000000000085e+01,1.920514677092156148e+02,1.502439324847459901e+01,1.780033290556903935e+01
1.746999999999999886e+01,1.920514677092156148e+02,1.502439324847459901e+01,1.780033290556903935e+01
1.748000000000000043e+01,1.920514677092156148e+02,1.502439324847459901e+01,1.780033290556903935e+01
1.749000000000000199e+01,1.920514677092156148e+02,1.502439324847459901e+01,1.780033290556903935e+01
1.750000000000000000e+01,1.920514677092156148e+02,1.502439324847459901e+01,1.780033290556903935e+01
1.751000000000000156e+01,1.920514677092156148e+02,1.502439324847459901e+01,1.780033290556903935e+01
1.751999999999999957e+01,1.920514677092156148e+02,1.502439324847459901e+01,1.780033290556903935e+01
1.753000000000000114e+01,1.920514677092156148e+02,1.502439324847459901e+01,1.780033290556903935e+01
1.753999999999999915e+01,1.920514677092156148e+02,1.502439324847459901e+01,1.780033290556903935e+01
1.755000000000000071e+01,1.920514677092156148e+02,1.502439324847459901e+01,1.780033290556903935e+01
1.755999999999999872e+01,1.920514677092156148e+02,1.502439324847459901e+01,1.780033290556903935e+01
1.757000000000000028e+01,1.920514677092156148e+02,1.502439324847459901e+01,1.780033290556903935e+01
1.758000000000000185e+01,1.920514677092156148e+02,1.502439324847459901e+01,1.780033290556903935e+01
1.758999999999999986e+01,1.920514677092156148e+02,1.502439324847459901e+01,1.780033290556903935e+01
1.760000000000000142e+01,1.920514677092156148e+02,1.502439324847459901e+01,1.780033290556903935e+01
1.760999999999999943e+01,1.920514677092156148e+02,1.502439324847459901e+01,1.780033290556903935e+01
1.762000000000000099e+01,1.920514677092156148e+02,1.502439324847459901e+01,1.780033290556903935e+01
1.762999999999999901e+01,1.920514677092156148e+02,1.502439324847459901e+01,1.780033290556903935e+01
1.764000000000000057e+01,1.920514677092156148e+02,1.502439324847459901e+01,1.780033290556903935e+01
1.765000000000000213e+01,1.920514677092156148e+02,1.502439324847459901e+01,1.780033290556903935e+01
1.766000000000000014e+01,1.920514677092156148e+02,1.502439324847459901e+01,1.780033290556903935e+01
1.767000000000000171e+01,1.920514677092156148e+02,1.502439324847459901e+01,1.780033290556903935e+01
1.767999999999999972e+01,1.920514677092156148e+02,1.502439324847459901e+01,1.780033290556903935e+01
1.769000000000000128e+01,1.920514677092156148e+02,1.502439324847459901e+01,1.780033290556903935e+01
1.769999999999999929e+01,1.920514677092156148e+02,1.502439324847459901e+01,1.780033290556903935e+01
1.771000000000000085e+01,1.920514677092156148e+02,1.502439324847459901e+01,1.780033290556903935e+01
1.771999999999999886e+01,1.920514677092156148e+02,1.502439324847459901e+01,1.780033290556903935e+01
1.773000000000000043e+01,1.920514677092156148e+02,1.502439324847459901e+01,1.780033290556903935e+01
1.774000000000000199e+01,1.920514677092156148e+02,1.502439324847459901e+01,1.780033290556903935e+01
1.775000000000000000e+01,1.920514677092156148e+02,1.502439324847459901e+01,1.780033290556903935e+01
1.776000000000000156e+01,1.920514677092156148e+02,1.502439324847459901e+01,1.780033290556903935e+01
1.776999999999999957e+01,1.920514677092156148e+02,1.502439324847459901e+01,1.780033290556903935e+01
1.778000000000000114e+01,1.920514677092156148e+02,1.502439324847459901e+01,1.780033290556903935e+01
1.778999999999999915e+01,1.920514677092156148e+02,1.502439324847459901e+01,1.780033290556903935e+01
1.780000000000000071e+01,1.920514677092156148e+02,1.502439324847459901e+01,1.780033290556903935e+01
1.780999999999999872e+01,1.920514677092156148e+02,1.502439324847459901e+01,1.780033290556903935e+01
1.782000000000000028e+01,1.920514677092156148e+02,1.502439324847459901e+01,1.780033290556903935e+01
1.783000000000000185e+01,1.920514677092156148e+02,1.502439324847459901e+01,1.780033290556903935e+01
1.783999999999999986e+01,1.920514677092156148e+02,1.502439324847459901e+01,1.780033290556903935e+01
1.785000000000000142e+01,1.920514677092156148e+02,1.502439324847459901e+01,1.780033290556903935e+01
1.785999999999999943e+01,1.920514677092156148e+02,1.502439324847459901e+01,1.780033290556903935e+01
1.787000000000000099e+01,1.920514677092156148e+02,1.502439324847459901e+01,1.780033290556903935e+01
1.787999999999999901e+01,1.920514677092156148e+02,1.502439324847459901e+01,1.780033290556903935e+01
1.789000000000000057e+01,1.920514677092156148e+02,1.502439324847459901e+01,1.780033290556903935e+01
1.790000000000000213e+01,1.920514677092156148e+02,1.502439324847459901e+01,1.780033290556903935e+01
1.791000000000000014e+01,1.920514677092156148e+02,1.502439324847459901e+01,1.780033290556903935e+01
1.792000000000000171e+01,1.920514677092156148e+02,1.502439324847459901e+01,1.780033290556903935e+01
1.792999999999999972e+01,1.920514677092156148e+02,1.502439324847459901e+01,1.780033290556903935e+01
1.794000000000000128e+01,1.920514677092156148e+02,1.502439324847459901e+01,1.780033290556903935e+01
1.794999999999999929e+01,1.920514677092156148e+02,1.502439324847459901e+01,1.780033290556903935e+01
1.796000000000000085e+01,1.920514677092156148e+02,1.502439324847459901e+01,1.780033290556903935e+01
1.796999999999999886e+01,1.920514677092156148e+02,1.502439324847459901e+01,1.780033290556903935e+01
1.798000000000000043e+01,1.920514677092156148e+02,1.502439324847459901e+01,1.780033290556903935e+01
1.799000000000000199e+01,1.920514677092156148e+02,1.502439324847459901e+01,1.780033290556903935e+01
1.800000000000000000e+01,1.920514677092156148e+02,1.502439324847459901e+01,1.780033290556903935e+01
1.801000000000000156e+01,1.920514677092156148e+02,1.502439324847459901e+01,1.780033290556903935e+01
1.801999999999999957e+01,1.920514677092156148e+02,1.502439324847459901e+01,1.780033290556903935e+01
1.803000000000000114e+01,1.920514677092156148e+02,1.502439324847459901e+01,1.780033290556903935e+01
1.803999999999999915e+01,1.920514677092156148e+02,1.502439324847459901e+01,1.780033290556903935e+01
1.805000000000000071e+01,1.920514677092156148e+02,1.502439324847459901e+01,1.780033290556903935e+01
1.805999999999999872e+01,1.920514677092156148e+02,1.502439324847459901e+01,1.780033290556903935e+01
1.807000000000000028e+01,1.920514677092156148e+02,1.502439324847459901e+01,1.780033290556903935e+01
1.808000000000000185e+01,1.920514677092156148e+02,1.502439324847459901e+01,1.780033290556903935e+01
1.808999999999999986e+01,1.920514677092156148e+02,1.502439324847459901e+01,1.780033290556903935e+01
1.810000000000000142e+01,1.920514677092156148e+02,1.502439324847459901e+01,1.780033290556903935e+01
1.810999999999999943e+01,1.920514677092156148e+02,1.502439324847459901e+01,1.780033290556903935e+01
1.812000000000000099e+01,1.920514677092156148e+02,1.502439324847459901e+01,1.780033290556903935e+01
1.812999999999999901e+01,1.920514677092156148e+02,1.502439324847459901e+01,1.780033290556903935e+01
1.814000000000000057e+01,1.920514677092156148e+02,1.502439324847459901e+01,1.780033290556903935e+01
1.815000000000000213e+01,1.920514677092156148e+02,1.502439324847459901e+01,1.780033290556903935e+01
1.816000000000000014e+01,1.920514677092156148e+02,1.502439324847459901e+01,1.780033290556903935e+01
1.817000000000000171e+01,1.920514677092156148e+02,1.502439324847459901e+01,1.780033290556903935e+01
1.817999999999999972e+01,1.920514677092156148e+02,1.502439324847459901e+01,1.780033290556903935e+01
1.819000000000000128e+01,1.920514677092156148e+02,1.502439324847459901e+01,1.780033290556903935e+01
1.819999999999999929e+01,1.920514677092156148e+02,1.502439324847459901e+01,1.780033290556903935e+01
1.821000000000000085e+01,1.920514677092156148e+02,1.502439324847459901e+01,1.780033290556903935e+01
1.821999999999999886e+01,1.920514677092156148e+02,1.502439324847459901e+01,1.780033290556903935e+01
1.823000000000000043e+01,1.920514677092156148e+02,1.502439324847459901e+01,1.780033290556903935e+01
1.824000000000000199e+01,1.920514677092156148e+02,1.502439324847459901e+01,1.780033290556903935e+01
1.825000000000000000e+01,1.920514677092156148e+02,1.502439324847459901e+01,1.780033290556903935e+01
1.826000000000000156e+01,1.920514677092156148e+02,1.502439324847459901e+01,1.780033290556903935e+01
1.826999999999999957e+01,1.920514677092156148e+02,1.502439324847459901e+01,1.780033290556903935e+01
1.828000000000000114e+01,1.920514677092156148e+02,1.502439324847459901e+01,1.780033290556903935e+01
1.828999999999999915e+01,1.920514677092156148e+02,1.502439324847459901e+01,1.780033290556903935e+01
1.830000000000000071e+01,1.920514677092156148e+02,1.502439324847459901e+01,1.780033290556903935e+01
1.830999999999999872e+01,1.920514677092156148e+02,1.502439324847459901e+01,1.780033290556903935e+01
1.832000000000000028e+01,1.920514677092156148e+02,1.502439324847459901e+01,1.780033290556903935e+01
1.833000000000000185e+01,1.920514677092156148e+02,1.502439324847459901e+01,1.780033290556903935e+01
1.833999999999999986e+01,1.920514677092156148e+02,1.502439324847459901e+01,1.780033290556903935e+01
1.835000000000000142e+01,1.920514677092156148e+02,1.502439324847459901e+01,1.780033290556903935e+01
1.835999999999999943e+01,1.920514677092156148e+02,1.502439324847459901e+01,1.780033290556903935e+01
1.837000000000000099e+01,1.920514677092156148e+02,1.502439324847459901e+01,1.780033290556903935e+01
1.837999999999999901e+01,1.920514677092156148e+02,1.502439324847459901e+01,1.780033290556903935e+01
1.839000000000000057e+01,1.920514677092156148e+02,1.502439324847459901e+01,1.780033290556903935e+01
1.840000000000000213e+01,1.920514677092156148e+02,1.502439324847459901e+01,1.780033290556903935e+01
1.841000000000000014e+01,1.920514677092156148e+02,1.502439324847459901e+01,1.780033290556903935e+01
1.842000000000000171e+01,1.920514677092156148e+02,1.502439324847459901e+01,1.780033290556903935e+01
1.842999999999999972e+01,1.920514677092156148e+02,1.502439324847459901e+01,1.780033290556903935e+01
1.844000000000000128e+01,1.920514677092156148e+02,1.502439324847459901e+01,1.780033290556903935e+01
1.844999999999999929e+01,1.920514677092156148e+02,1.502439324847459901e+01,1.780033290556903935e+01
1.846000000000000085e+01,1.920514677092156148e+02,1.502439324847459901e+01,1.780033290556903935e+01
1.846999999999999886e+01,1.920514677092156148e+02,1.502439324847459901e+01,1.780033290556903935e+01
1.848000000000000043e+01,1.920514677092156148e+02,1.502439324847459901e+01,1.780033290556903935e+01
1.849000000000000199e+01,1.920514677092156148e+02,1.502439324847459901e+01,1.780033290556903935e+01
1.850000000000000000e+01,1.920514677092156148e+02,1.502439324847459901e+01,1.780033290556903935e+01
1.851000000000000156e+01,1.920514677092156148e+02,1.502439324847459901e+01,1.780033290556903935e+01
1.851999999999999957e+01,1.920514677092156148e+02,1.502439324847459901e+01,1.780033290556903935e+01
1.853000000000000114e+01,1.920514677092156148e+02,1.502439324847459901e+01,1.780033290556903935e+01
1.853999999999999915e+01,1.920514677092156148e+02,1.502439324847459901e+01,1.780033290556903935e+01
1.855000000000000071e+01,1.920514677092156148e+02,1.502439324847459901e+01,1.780033290556903935e+01
1.855999999999999872e+01,1.920514677092156148e+02,1.502439324847459901e+01,1.780033290556903935e+01
1.857000000000000028e+01,1.920514677092156148e+02,1.502439324847459901e+01,1.780033290556903935e+01
1.858000000000000185e+01,1.920514677092156148e+02,1.502439324847459901e+01,1.780033290556903935e+01
1.858999999999999986e+01,1.920514677092156148e+02,1.502439324847459901e+01,1.780033290556903935e+01
1.860000000000000142e+01,1.920514677092156148e+02,1.502439324847459901e+01,1.780033290556903935e+01
1.860999999999999943e+01,1.920514677092156148e+02,1.502439324847459901e+01,1.780033290556903935e+01
1.862000000000000099e+01,1.920514677092156148e+02,1.502439324847459901e+01,1.780033290556903935e+01
1.862999999999999901e+01,1.920514677092156148e+02,1.502439324847459901e+01,1.780033290556903935e+01
1.864000000000000057e+01,1.920514677092156148e+02,1.502439324847459901e+01,1.780033290556903935e+01
1.865000000000000213e+01,1.920514677092156148e+02,1.502439324847459901e+01,1.780033290556903935e+01
1.866000000000000014e+01,1.920514677092156148e+02,1.502439324847459901e+01,1.780033290556903935e+01
1.867000000000000171e+01,1.920514677092156148e+02,1.502439324847459901e+01,1.780033290556903935e+01
1.867999999999999972e+01,1.920514677092156148e+02,1.502439324847459901e+01,1.780033290556903935e+01
1.869000000000000128e+01,1.920514677092156148e+02,1.502439324847459901e+01,1.780033290556903935e+01
1.869999999999999929e+01,1.920514677092156148e+02,1.502439324847459901e+01,1.780033290556903935e+01
1.871000000000000085e+01,1.920514677092156148e+02,1.502439324847459901e+01,1.780033290556903935e+01
1.871999999999999886e+01,1.920514677092156148e+02,1.502439324847459901e+01,1.780033290556903935e+01
1.873000000000000043e+01,1.920514677092156148e+02,1.502439324847459901e+01,1.780033290556903935e+01
1.874000000000000199e+01,1.920514677092156148e+02,1.502439324847459901e+01,1.780033290556903935e+01
1.875000000000000000e+01,1.920514677092156148e+02,1.502439324847459901e+01,1.780033290556903935e+01
1.876000000000000156e+01,1.920514677092156148e+02,1.502439324847459901e+01,1.780033290556903935e+01
1.876999999999999957e+01,1.920514677092156148e+02,1.502439324847459901e+01,1.780033290556903935e+01
1.878000000000000114e+01,1.920514677092156148e+02,1.502439324847459901e+01,1.780033290556903935e+01
1.878999999999999915e+01,1.920514677092156148e+02,1.502439324847459901e+01,1.780033290556903935e+01
1.880000000000000071e+01,1.920514677092156148e+02,1.502439324847459901e+01,1.780033290556903935e+01
1.880999999999999872e+01,1.920514677092156148e+02,1.502439324847459901e+01,1.780033290556903935e+01
1.882000000000000028e+01,1.920514677092156148e+02,1.502439324847459901e+01,1.780033290556903935e+01
1.883000000000000185e+01,1.920514677092156148e+02,1.502439324847459901e+01,1.780033290556903935e+01
1.883999999999999986e+01,1.920514677092156148e+02,1.502439324847459901e+01,1.780033290556903935e+01
1.885000000000000142e+01,1.920514677092156148e+02,1.502439324847459901e+01,1.780033290556903935e+01
1.885999999999999943e+01,1.920514677092156148e+02,1.502439324847459901e+01,1.780033290556903935e+01
1.887000000000000099e+01,1.920514677092156148e+02,1.502439324847459901e+01,1.780033290556903935e+01
1.887999999999999901e+01,1.920514677092156148e+02,1.502439324847459901e+01,1.780033290556903935e+01
1.889000000000000057e+01,1.920514677092156148e+02,1.502439324847459901e+01,1.780033290556903935e+01
1.890000000000000213e+01,1.920514677092156148e+02,1.502439324847459901e+01,1.780033290556903935e+01
1.891000000000000014e+01,1.920514677092156148e+02,1.502439324847459901e+01,1.780033290556903935e+01
1.892000000000000171e+01,1.920514677092156148e+02,1.502439324847459901e+01,1.780033290556903935e+01
1.892999999999999972e+01,1.920514677092156148e+02,1.502439324847459901e+01,1.780033290556903935e+01
1.894000000000000128e+01,1.920514677092156148e+02,1.502439324847459901e+01,1.780033290556903935e+01
1.894999999999999929e+01,1.920514677092156148e+02,1.502439324847459901e+01,1.780033290556903935e+01
1.896000000000000085e+01,1.920514677092156148e+02,1.502439324847459901e+01,1.780033290556903935e+01
1.896999999999999886e+01,1.920514677092156148e+02,1.502439324847459901e+01,1.780033290556903935e+01
1.898000000000000043e+01,1.920514677092156148e+02,1.502439324847459901e+01,1.780033290556903935e+01
1.899000000000000199e+01,1.920514677092156148e+02,1.502439324847459901e+01,1.780033290556903935e+01
1.900000000000000000e+01,1.920514677092156148e+02,1.502439324847459901e+01,1.780033290556903935e+01
1.901000000000000156e+01,1.920514677092156148e+02,1.502439324847459901e+01,1.780033290556903935e+01
1.901999999999999957e+01,1.920514677092156148e+02,1.502439324847459901e+01,1.780033290556903935e+01
1.903000000000000114e+01,1.920514677092156148e+02,1.502439324847459901e+01,1.780033290556903935e+01
1.903999999999999915e+01,1.920514677092156148e+02,1.502439324847459901e+01,1.780033290556903935e+01
1.905000000000000071e+01,1.920514677092156148e+02,1.502439324847459901e+01,1.780033290556903935e+01
1.905999999999999872e+01,1.920514677092156148e+02,1.502439324847459901e+01,1.780033290556903935e+01
1.907000000000000028e+01,1.920514677092156148e+02,1.502439324847459901e+01,1.780033290556903935e+01
1.908000000000000185e+01,1.920514677092156148e+02,1.502439324847459901e+01,1.780033290556903935e+01
1.908999999999999986e+01,1.920514677092156148e+02,1.502439324847459901e+01,1.780033290556903935e+01
1.910000000000000142e+01,1.920514677092156148e+02,1.502439324847459901e+01,1.780033290556903935e+01
1.910999999999999943e+01,1.920514677092156148e+02,1.502439324847459901e+01,1.780033290556903935e+01
1.912000000000000099e+01,1.920514677092156148e+02,1.502439324847459901e+01,1.780033290556903935e+01
1.912999999999999901e+01,1.920514677092156148e+02,1.502439324847459901e+01,1.780033290556903935e+01
1.914000000000000057e+01,1.920514677092156148e+02,1.502439324847459901e+01,1.780033290556903935e+01
1.915000000000000213e+01,1.920514677092156148e+02,1.502439324847459901e+01,1.780033290556903935e+01
1.916000000000000014e+01,1.920514677092156148e+02,1.502439324847459901e+01,1.780033290556903935e+01
1.917000000000000171e+01,1.920514677092156148e+02,1.502439324847459901e+01,1.780033290556903935e+01
1.917999999999999972e+01,1.920514677092156148e+02,1.502439324847459901e+01,1.780033290556903935e+01
1.919000000000000128e+01,1.920514677092156148e+02,1.502439324847459901e+01,1.780033290556903935e+01
1.919999999999999929e+01,1.920514677092156148e+02,1.502439324847459901e+01,1.780033290556903935e+01
1.921000000000000085e+01,1.920514677092156148e+02,1.502439324847459901e+01,1.780033290556903935e+01
1.921999999999999886e+01,1.920514677092156148e+02,1.502439324847459901e+01,1.780033290556903935e+01
1.923000000000000043e+01,1.920514677092156148e+02,1.502439324847459901e+01,1.780033290556903935e+01
1.924000000000000199e+01,1.920514677092156148e+02,1.502439324847459901e+01,1.780033290556903935e+01
1.925000000000000000e+01,1.920514677092156148e+02,1.502439324847459901e+01,1.780033290556903935e+01
1.926000000000000156e+01,1.920514677092156148e+02,1.502439324847459901e+01,1.780033290556903935e+01
1.926999999999999957e+01,1.920514677092156148e+02,1.502439324847459901e+01,1.780033290556903935e+01
1.928000000000000114e+01,1.920514677092156148e+02,1.502439324847459901e+01,1.780033290556903935e+01
1.928999999999999915e+01,1.920514677092156148e+02,1.502439324847459901e+01,1.780033290556903935e+01
1.930000000000000071e+01,1.920514677092156148e+02,1.502439324847459901e+01,1.780033290556903935e+01
1.930999999999999872e+01,1.920514677092156148e+02,1.502439324847459901e+01,1.780033290556903935e+01
1.932000000000000028e+01,1.920514677092156148e+02,1.502439324847459901e+01,1.780033290556903935e+01
1.933000000000000185e+01,1.920514677092156148e+02,1.502439324847459901e+01,1.780033290556903935e+01
1.933999999999999986e+01,1.920514677092156148e+02,1.502439324847459901e+01,1.780033290556903935e+01
1.935000000000000142e+01,1.920514677092156148e+02,1.502439324847459901e+01,1.780033290556903935e+01
1.935999999999999943e+01,1.920514677092156148e+02,1.502439324847459901e+01,1.780033290556903935e+01
1.937000000000000099e+01,1.920514677092156148e+02,1.502439324847459901e+01,1.780033290556903935e+01
1.937999999999999901e+01,1.920514677092156148e+02,1.502439324847459901e+01,1.780033290556903935e+01
1.939000000000000057e+01,1.920514677092156148e+02,1.502439324847459901e+01,1.780033290556903935e+01
1.940000000000000213e+01,1.920514677092156148e+02,1.502439324847459901e+01,1.780033290556903935e+01
1.941000000000000014e+01,1.920514677092156148e+02,1.502439324847459901e+01,1.780033290556903935e+01
1.942000000000000171e+01,1.920514677092156148e+02,1.502439324847459901e+01,1.780033290556903935e+01
1.942999999999999972e+01,1.920514677092156148e+02,1.502439324847459901e+01,1.780033290556903935e+01
1.944000000000000128e+01,1.920514677092156148e+02,1.502439324847459901e+01,1.780033290556903935e+01
1.944999999999999929e+01,1.920514677092156148e+02,1.502439324847459901e+01,1.780033290556903935e+01
1.946000000000000085e+01,1.920514677092156148e+02,1.502439324847459901e+01,1.780033290556903935e+01
1.946999999999999886e+01,1.920514677092156148e+02,1.502439324847459901e+01,1.780033290556903935e+01
1.948000000000000043e+01,1.920514677092156148e+02,1.502439324847459901e+01,1.780033290556903935e+01
1.949000000000000199e+01,1.920514677092156148e+02,1.502439324847459901e+01,1.780033290556903935e+01
1.950000000000000000e+01,1.920514677092156148e+02,1.502439324847459901e+01,1.780033290556903935e+01
1.951000000000000156e+01,1.920514677092156148e+02,1.502439324847459901e+01,1.780033290556903935e+01
1.951999999999999957e+01,1.920514677092156148e+02,1.502439324847459901e+01,1.780033290556903935e+01
1.953000000000000114e+01,1.920514677092156148e+02,1.502439324847459901e+01,1.780033290556903935e+01
1.953999999999999915e+01,1.920514677092156148e+02,1.502439324847459901e+01,1.780033290556903935e+01
1.955000000000000071e+01,1.920514677092156148e+02,1.502439324847459901e+01,1.780033290556903935e+01
1.955999999999999872e+01,1.920514677092156148e+02,1.502439324847459901e+01,1.780033290556903935e+01
1.957000000000000028e+01,1.920514677092156148e+02,1.502439324847459901e+01,1.780033290556903935e+01
1.958000000000000185e+01,1.920514677092156148e+02,1.502439324847459901e+01,1.780033290556903935e+01
1.958999999999999986e+01,1.920514677092156148e+02,1.502439324847459901e+01,1.780033290556903935e+01
1.960000000000000142e+01,1.920514677092156148e+02,1.502439324847459901e+01,1.780033290556903935e+01
1.960999999999999943e+01,1.920514677092156148e+02,1.502439324847459901e+01,1.780033290556903935e+01
1.962000000000000099e+01,1.920514677092156148e+02,1.502439324847459901e+01,1.780033290556903935e+01
1.962999999999999901e+01,1.920514677092156148e+02,1.502439324847459901e+01,1.780033290556903935e+01
1.964000000000000057e+01,1.920514677092156148e+02,1.502439324847459901e+01,1.780033290556903935e+01
1.965000000000000213e+01,1.920514677092156148e+02,1.502439324847459901e+01,1.780033290556903935e+01
1.966000000000000014e+01,1.920514677092156148e+02,1.502439324847459901e+01,1.780033290556903935e+01
1.967000000000000171e+01,1.920514677092156148e+02,1.502439324847459901e+01,1.780033290556903935e+01
1.967999999999999972e+01,1.920514677092156148e+02,1.502439324847459901e+01,1.780033290556903935e+01
1.969000000000000128e+01,1.920514677092156148e+02,1.502439324847459901e+01,1.780033290556903935e+01
1.969999999999999929e+01,1.920514677092156148e+02,1.502439324847459901e+01,1.780033290556903935e+01
1.971000000000000085e+01,1.920514677092156148e+02,1.502439324847459901e+01,1.780033290556903935e+01
1.971999999999999886e+01,1.920514677092156148e+02,1.502439324847459901e+01,1.780033290556903935e+01
1.973000000000000043e+01,1.920514677092156148e+02,1.502439324847459901e+01,1.780033290556903935e+01
1.974000000000000199e+01,1.920514677092156148e+02,1.502439324847459901e+01,1.780033290556903935e+01
1.975000000000000000e+01,1.920514677092156148e+02,1.502439324847459901e+01,1.780033290556903935e+01
1.976000000000000156e+01,1.920514677092156148e+02,1.502439324847459901e+01,1.780033290556903935e+01
1.976999999999999957e+01,1.920514677092156148e+02,1.502439324847459901e+01,1.780033290556903935e+01
1.978000000000000114e+01,1.920514677092156148e+02,1.502439324847459901e+01,1.780033290556903935e+01
1.978999999999999915e+01,1.920514677092156148e+02,1.502439324847459901e+01,1.780033290556903935e+01
1.980000000000000071e+01,1.920514677092156148e+02,1.502439324847459901e+01,1.780033290556903935e+01
1.980999999999999872e+01,1.920514677092156148e+02,1.502439324847459901e+01,1.780033290556903935e+01
1.982000000000000028e+01,1.920514677092156148e+02,1.502439324847459901e+01,1.780033290556903935e+01
1.983000000000000185e+01,1.920514677092156148e+02,1.502439324847459901e+01,1.780033290556903935e+01
1.983999999999999986e+01,1.920514677092156148e+02,1.502439324847459901e+01,1.780033290556903935e+01
1.985000000000000142e+01,1.920514677092156148e+02,1.502439324847459901e+01,1.780033290556903935e+01
1.985999999999999943e+01,1.920514677092156148e+02,1.502439324847459901e+01,1.780033290556903935e+01
1.987000000000000099e+01,1.920514677092156148e+02,1.502439324847459901e+01,1.780033290556903935e+01
1.987999999999999901e+01,1.920514677092156148e+02,1.502439324847459901e+01,1.780033290556903935e+01
1.989000000000000057e+01,1.920514677092156148e+02,1.502439324847459901e+01,1.780033290556903935e+01
1.990000000000000213e+01,1.920514677092156148e+02,1.502439324847459901e+01,1.780033290556903935e+01
1.991000000000000014e+01,1.920514677092156148e+02,1.502439324847459901e+01,1.780033290556903935e+01
1.992000000000000171e+01,1.920514677092156148e+02,1.502439324847459901e+01,1.780033290556903935e+01
1.992999999999999972e+01,1.920514677092156148e+02,1.502439324847459901e+01,1.780033290556903935e+01
1.994000000000000128e+01,1.920514677092156148e+02,1.502439324847459901e+01,1.780033290556903935e+01
1.994999999999999929e+01,1.920514677092156148e+02,1.502439324847459901e+01,1.780033290556903935e+01
1.996000000000000085e+01,1.920514677092156148e+02,1.502439324847459901e+01,1.780033290556903935e+01
1.996999999999999886e+01,1.920514677092156148e+02,1.502439324847459901e+01,1.780033290556903935e+01
1.998000000000000043e+01,1.920514677092156148e+02,1.502439324847459901e+01,1.780033290556903935e+01
1.999000000000000199e+01,1.920514677092156148e+02,1.502439324847459901e+01,1.780033290556903935e+01
2.000000000000000000e+01,1.920514677092156148e+02,1.502439324847459901e+01,1.780033290556903935e+01
2.001000000000000156e+01,1.920514677092156148e+02,1.502439324847459901e+01,1.780033290556903935e+01
2.001999999999999957e+01,1.920514677092156148e+02,1.502439324847459901e+01,1.780033290556903935e+01
2.003000000000000114e+01,1.920514677092156148e+02,1.502439324847459901e+01,1.780033290556903935e+01
2.003999999999999915e+01,1.920514677092156148e+02,1.502439324847459901e+01,1.780033290556903935e+01
2.005000000000000071e+01,1.920514677092156148e+02,1.502439324847459901e+01,1.780033290556903935e+01
2.005999999999999872e+01,1.920514677092156148e+02,1.502439324847459901e+01,1.780033290556903935e+01
2.007000000000000028e+01,1.920514677092156148e+02,1.502439324847459901e+01,1.780033290556903935e+01
2.008000000000000185e+01,1.920514677092156148e+02,1.502439324847459901e+01,1.780033290556903935e+01
2.008999999999999986e+01,1.920514677092156148e+02,1.502439324847459901e+01,1.780033290556903935e+01
2.010000000000000142e+01,1.920514677092156148e+02,1.502439324847459901e+01,1.780033290556903935e+01
2.010999999999999943e+01,1.920514677092156148e+02,1.502439324847459901e+01,1.780033290556903935e+01
2.012000000000000099e+01,1.920514677092156148e+02,1.502439324847459901e+01,1.780033290556903935e+01
2.012999999999999901e+01,1.920514677092156148e+02,1.502439324847459901e+01,1.780033290556903935e+01
2.014000000000000057e+01,1.920514677092156148e+02,1.502439324847459901e+01,1.780033290556903935e+01
2.015000000000000213e+01,1.920514677092156148e+02,1.502439324847459901e+01,1.780033290556903935e+01
2.016000000000000014e+01,1.920514677092156148e+02,1.502439324847459901e+01,1.780033290556903935e+01
2.017000000000000171e+01,1.920514677092156148e+02,1.502439324847459901e+01,1.780033290556903935e+01
2.017999999999999972e+01,1.920514677092156148e+02,1.502439324847459901e+01,1.780033290556903935e+01
2.019000000000000128e+01,1.920514677092156148e+02,1.502439324847459901e+01,1.780033290556903935e+01
2.019999999999999929e+01,1.920514677092156148e+02,1.502439324847459901e+01,1.780033290556903935e+01
2.021000000000000085e+01,1.920514677092156148e+02,1.502439324847459901e+01,1.780033290556903935e+01
2.021999999999999886e+01,1.920514677092156148e+02,1.502439324847459901e+01,1.780033290556903935e+01
2.023000000000000043e+01,1.920514677092156148e+02,1.502439324847459901e+01,1.780033290556903935e+01
2.024000000000000199e+01,1.920514677092156148e+02,1.502439324847459901e+01,1.780033290556903935e+01
2.025000000000000000e+01,1.920514677092156148e+02,1.502439324847459901e+01,1.780033290556903935e+01
2.026000000000000156e+01,1.920514677092156148e+02,1.502439324847459901e+01,1.780033290556903935e+01
2.026999999999999957e+01,1.920514677092156148e+02,1.502439324847459901e+01,1.780033290556903935e+01
2.028000000000000114e+01,1.920514677092156148e+02,1.502439324847459901e+01,1.780033290556903935e+01
2.028999999999999915e+01,1.920514677092156148e+02,1.502439324847459901e+01,1.780033290556903935e+01
2.030000000000000071e+01,1.920514677092156148e+02,1.502439324847459901e+01,1.780033290556903935e+01
2.030999999999999872e+01,1.920514677092156148e+02,1.502439324847459901e+01,1.780033290556903935e+01
2.032000000000000028e+01,1.920514677092156148e+02,1.502439324847459901e+01,1.780033290556903935e+01
2.033000000000000185e+01,1.920514677092156148e+02,1.502439324847459901e+01,1.780033290556903935e+01
2.033999999999999986e+01,1.920514677092156148e+02,1.502439324847459901e+01,1.780033290556903935e+01
2.035000000000000142e+01,1.920514677092156148e+02,1.502439324847459901e+01,1.780033290556903935e+01
2.035999999999999943e+01,1.920514677092156148e+02,1.502439324847459901e+01,1.780033290556903935e+01
2.037000000000000099e+01,1.920514677092156148e+02,1.502439324847459901e+01,1.780033290556903935e+01
2.037999999999999901e+01,1.920514677092156148e+02,1.502439324847459901e+01,1.780033290556903935e+01
2.039000000000000057e+01,1.920514677092156148e+02,1.502439324847459901e+01,1.780033290556903935e+01
2.040000000000000213e+01,1.920514677092156148e+02,1.502439324847459901e+01,1.780033290556903935e+01
2.041000000000000014e+01,1.920514677092156148e+02,1.502439324847459901e+01,1.780033290556903935e+01
2.042000000000000171e+01,1.920514677092156148e+02,1.502439324847459901e+01,1.780033290556903935e+01
2.042999999999999972e+01,1.920514677092156148e+02,1.502439324847459901e+01,1.780033290556903935e+01
2.044000000000000128e+01,1.920514677092156148e+02,1.502439324847459901e+01,1.780033290556903935e+01
2.044999999999999929e+01,1.920514677092156148e+02,1.502439324847459901e+01,1.780033290556903935e+01
2.046000000000000085e+01,1.920514677092156148e+02,1.502439324847459901e+01,1.780033290556903935e+01
2.046999999999999886e+01,1.920514677092156148e+02,1.502439324847459901e+01,1.780033290556903935e+01
2.048000000000000043e+01,1.920514677092156148e+02,1.502439324847459901e+01,1.780033290556903935e+01
2.049000000000000199e+01,1.920514677092156148e+02,1.502439324847459901e+01,1.780033290556903935e+01
2.050000000000000000e+01,1.920514677092156148e+02,1.502439324847459901e+01,1.780033290556903935e+01
2.051000000000000156e+01,1.920514677092156148e+02,1.502439324847459901e+01,1.780033290556903935e+01
2.051999999999999957e+01,1.920514677092156148e+02,1.502439324847459901e+01,1.780033290556903935e+01
2.053000000000000114e+01,1.920514677092156148e+02,1.502439324847459901e+01,1.780033290556903935e+01
2.053999999999999915e+01,1.920514677092156148e+02,1.502439324847459901e+01,1.780033290556903935e+01
2.055000000000000071e+01,1.920514677092156148e+02,1.502439324847459901e+01,1.780033290556903935e+01
2.055999999999999872e+01,1.920514677092156148e+02,1.502439324847459901e+01,1.780033290556903935e+01
2.057000000000000028e+01,1.920514677092156148e+02,1.502439324847459901e+01,1.780033290556903935e+01
2.058000000000000185e+01,1.920514677092156148e+02,1.502439324847459901e+01,1.780033290556903935e+01
2.058999999999999986e+01,1.920514677092156148e+02,1.502439324847459901e+01,1.780033290556903935e+01
2.060000000000000142e+01,1.920514677092156148e+02,1.502439324847459901e+01,1.780033290556903935e+01
2.060999999999999943e+01,1.920514677092156148e+02,1.502439324847459901e+01,1.780033290556903935e+01
2.062000000000000099e+01,1.920514677092156148e+02,1.502439324847459901e+01,1.780033290556903935e+01
2.062999999999999901e+01,1.920514677092156148e+02,1.502439324847459901e+01,1.780033290556903935e+01
2.064000000000000057e+01,1.920514677092156148e+02,1.502439324847459901e+01,1.780033290556903935e+01
2.065000000000000213e+01,1.920514677092156148e+02,1.502439324847459901e+01,1.780033290556903935e+01
2.066000000000000014e+01,1.920514677092156148e+02,1.502439324847459901e+01,1.780033290556903935e+01
2.067000000000000171e+01,1.920514677092156148e+02,1.502439324847459901e+01,1.780033290556903935e+01
2.067999999999999972e+01,1.920514677092156148e+02,1.502439324847459901e+01,1.780033290556903935e+01
2.069000000000000128e+01,1.920514677092156148e+02,1.502439324847459901e+01,1.780033290556903935e+01
2.069999999999999929e+01,1.920514677092156148e+02,1.502439324847459901e+01,1.780033290556903935e+01
2.071000000000000085e+01,1.920514677092156148e+02,1.502439324847459901e+01,1.780033290556903935e+01
2.071999999999999886e+01,1.920514677092156148e+02,1.502439324847459901e+01,1.780033290556903935e+01
2.073000000000000043e+01,1.920514677092156148e+02,1.502439324847459901e+01,1.780033290556903935e+01
2.074000000000000199e+01,1.920514677092156148e+02,1.502439324847459901e+01,1.780033290556903935e+01
2.075000000000000000e+01,1.920514677092156148e+02,1.502439324847459901e+01,1.780033290556903935e+01
2.076000000000000156e+01,1.920514677092156148e+02,1.502439324847459901e+01,1.780033290556903935e+01
2.076999999999999957e+01,1.920514677092156148e+02,1.502439324847459901e+01,1.780033290556903935e+01
2.078000000000000114e+01,1.920514677092156148e+02,1.502439324847459901e+01,1.780033290556903935e+01
2.078999999999999915e+01,1.920514677092156148e+02,1.502439324847459901e+01,1.780033290556903935e+01
2.080000000000000071e+01,1.920514677092156148e+02,1.502439324847459901e+01,1.780033290556903935e+01
2.080999999999999872e+01,1.920514677092156148e+02,1.502439324847459901e+01,1.780033290556903935e+01
2.082000000000000028e+01,1.920514677092156148e+02,1.502439324847459901e+01,1.780033290556903935e+01
2.083000000000000185e+01,1.920514677092156148e+02,1.502439324847459901e+01,1.780033290556903935e+01
2.083999999999999986e+01,1.920514677092156148e+02,1.502439324847459901e+01,1.780033290556903935e+01
2.085000000000000142e+01,1.920514677092156148e+02,1.502439324847459901e+01,1.780033290556903935e+01
2.085999999999999943e+01,1.920514677092156148e+02,1.502439324847459901e+01,1.780033290556903935e+01
2.087000000000000099e+01,1.920514677092156148e+02,1.502439324847459901e+01,1.780033290556903935e+01
2.087999999999999901e+01,1.920514677092156148e+02,1.502439324847459901e+01,1.780033290556903935e+01
2.089000000000000057e+01,1.920514677092156148e+02,1.502439324847459901e+01,1.780033290556903935e+01
2.090000000000000213e+01,1.920514677092156148e+02,1.502439324847459901e+01,1.780033290556903935e+01
2.091000000000000014e+01,1.920514677092156148e+02,1.502439324847459901e+01,1.780033290556903935e+01
2.092000000000000171e+01,1.920514677092156148e+02,1.502439324847459901e+01,1.780033290556903935e+01
2.092999999999999972e+01,1.920514677092156148e+02,1.502439324847459901e+01,1.780033290556903935e+01
2.094000000000000128e+01,1.920514677092156148e+02,1.502439324847459901e+01,1.780033290556903935e+01
2.094999999999999929e+01,1.920514677092156148e+02,1.502439324847459901e+01,1.780033290556903935e+01
2.096000000000000085e+01,1.920514677092156148e+02,1.502439324847459901e+01,1.780033290556903935e+01
2.096999999999999886e+01,1.920514677092156148e+02,1.502439324847459901e+01,1.780033290556903935e+01
2.098000000000000043e+01,1.920514677092156148e+02,1.502439324847459901e+01,1.780033290556903935e+01
2.099000000000000199e+01,1.920514677092156148e+02,1.502439324847459901e+01,1.780033290556903935e+01
2.100000000000000000e+01,1.920514677092156148e+02,1.502439324847459901e+01,1.780033290556903935e+01
2.101000000000000156e+01,1.920514677092156148e+02,1.502439324847459901e+01,1.780033290556903935e+01
2.101999999999999957e+01,1.920514677092156148e+02,1.502439324847459901e+01,1.780033290556903935e+01
2.103000000000000114e+01,1.920514677092156148e+02,1.502439324847459901e+01,1.780033290556903935e+01
2.103999999999999915e+01,1.920514677092156148e+02,1.502439324847459901e+01,1.780033290556903935e+01
2.105000000000000071e+01,1.920514677092156148e+02,1.502439324847459901e+01,1.780033290556903935e+01
2.105999999999999872e+01,1.920514677092156148e+02,1.502439324847459901e+01,1.780033290556903935e+01
2.107000000000000028e+01,1.920514677092156148e+02,1.502439324847459901e+01,1.780033290556903935e+01
2.108000000000000185e+01,1.920514677092156148e+02,1.502439324847459901e+01,1.780033290556903935e+01
2.108999999999999986e+01,1.920514677092156148e+02,1.502439324847459901e+01,1.780033290556903935e+01
2.110000000000000142e+01,1.920514677092156148e+02,1.502439324847459901e+01,1.780033290556903935e+01
2.110999999999999943e+01,1.920514677092156148e+02,1.502439324847459901e+01,1.780033290556903935e+01
2.112000000000000099e+01,1.920514677092156148e+02,1.502439324847459901e+01,1.780033290556903935e+01
2.112999999999999901e+01,1.920514677092156148e+02,1.502439324847459901e+01,1.780033290556903935e+01
2.114000000000000057e+01,1.920514677092156148e+02,1.502439324847459901e+01,1.780033290556903935e+01
2.115000000000000213e+01,1.920514677092156148e+02,1.502439324847459901e+01,1.780033290556903935e+01
2.116000000000000014e+01,1.920514677092156148e+02,1.502439324847459901e+01,1.780033290556903935e+01
2.117000000000000171e+01,1.920514677092156148e+02,1.502439324847459901e+01,1.780033290556903935e+01
2.117999999999999972e+01,1.920514677092156148e+02,1.502439324847459901e+01,1.780033290556903935e+01
2.119000000000000128e+01,1.920514677092156148e+02,1.502439324847459901e+01,1.780033290556903935e+01
2.119999999999999929e+01,1.920514677092156148e+02,1.502439324847459901e+01,1.780033290556903935e+01
2.121000000000000085e+01,1.920514677092156148e+02,1.502439324847459901e+01,1.780033290556903935e+01
2.121999999999999886e+01,1.920514677092156148e+02,1.502439324847459901e+01,1.780033290556903935e+01
2.123000000000000043e+01,1.920514677092156148e+02,1.502439324847459901e+01,1.780033290556903935e+01
2.124000000000000199e+01,1.920514677092156148e+02,1.502439324847459901e+01,1.780033290556903935e+01
2.125000000000000000e+01,1.920514677092156148e+02,1.502439324847459901e+01,1.780033290556903935e+01
2.126000000000000156e+01,1.920514677092156148e+02,1.502439324847459901e+01,1.780033290556903935e+01
2.126999999999999957e+01,1.920514677092156148e+02,1.502439324847459901e+01,1.780033290556903935e+01
2.128000000000000114e+01,1.920514677092156148e+02,1.502439324847459901e+01,1.780033290556903935e+01
2.128999999999999915e+01,1.920514677092156148e+02,1.502439324847459901e+01,1.780033290556903935e+01
2.130000000000000071e+01,1.920514677092156148e+02,1.502439324847459901e+01,1.780033290556903935e+01
2.130999999999999872e+01,1.920514677092156148e+02,1.502439324847459901e+01,1.780033290556903935e+01
2.132000000000000028e+01,1.920514677092156148e+02,1.502439324847459901e+01,1.780033290556903935e+01
2.133000000000000185e+01,1.920514677092156148e+02,1.502439324847459901e+01,1.780033290556903935e+01
2.133999999999999986e+01,1.920514677092156148e+02,1.502439324847459901e+01,1.780033290556903935e+01
2.135000000000000142e+01,1.920514677092156148e+02,1.502439324847459901e+01,1.780033290556903935e+01
2.135999999999999943e+01,1.920514677092156148e+02,1.502439324847459901e+01,1.780033290556903935e+01
2.137000000000000099e+01,1.920514677092156148e+02,1.502439324847459901e+01,1.780033290556903935e+01
2.137999999999999901e+01,1.920514677092156148e+02,1.502439324847459901e+01,1.780033290556903935e+01
2.139000000000000057e+01,1.920514677092156148e+02,1.502439324847459901e+01,1.780033290556903935e+01
2.140000000000000213e+01,1.920514677092156148e+02,1.502439324847459901e+01,1.780033290556903935e+01
2.141000000000000014e+01,1.920514677092156148e+02,1.502439324847459901e+01,1.780033290556903935e+01
2.142000000000000171e+01,1.920514677092156148e+02,1.502439324847459901e+01,1.780033290556903935e+01
2.142999999999999972e+01,1.920514677092156148e+02,1.502439324847459901e+01,1.780033290556903935e+01
2.144000000000000128e+01,1.920514677092156148e+02,1.502439324847459901e+01,1.780033290556903935e+01
2.144999999999999929e+01,1.920514677092156148e+02,1.502439324847459901e+01,1.780033290556903935e+01
2.146000000000000085e+01,1.920514677092156148e+02,1.502439324847459901e+01,1.780033290556903935e+01
2.146999999999999886e+01,1.920514677092156148e+02,1.502439324847459901e+01,1.780033290556903935e+01
2.148000000000000043e+01,1.920514677092156148e+02,1.502439324847459901e+01,1.780033290556903935e+01
2.149000000000000199e+01,1.920514677092156148e+02,1.502439324847459901e+01,1.780033290556903935e+01
2.150000000000000000e+01,1.920514677092156148e+02,1.502439324847459901e+01,1.780033290556903935e+01
2.151000000000000156e+01,1.920514677092156148e+02,1.502439324847459901e+01,1.780033290556903935e+01
2.151999999999999957e+01,1.920514677092156148e+02,1.502439324847459901e+01,1.780033290556903935e+01
2.153000000000000114e+01,1.920514677092156148e+02,1.502439324847459901e+01,1.780033290556903935e+01
2.153999999999999915e+01,1.920514677092156148e+02,1.502439324847459901e+01,1.780033290556903935e+01
2.155000000000000071e+01,1.920514677092156148e+02,1.502439324847459901e+01,1.780033290556903935e+01
2.155999999999999872e+01,1.920514677092156148e+02,1.502439324847459901e+01,1.780033290556903935e+01
2.157000000000000028e+01,1.920514677092156148e+02,1.502439324847459901e+01,1.780033290556903935e+01
2.158000000000000185e+01,1.920514677092156148e+02,1.502439324847459901e+01,1.780033290556903935e+01
2.158999999999999986e+01,1.920514677092156148e+02,1.502439324847459901e+01,1.780033290556903935e+01
2.160000000000000142e+01,1.920514677092156148e+02,1.502439324847459901e+01,1.780033290556903935e+01
2.160999999999999943e+01,1.920514677092156148e+02,1.502439324847459901e+01,1.780033290556903935e+01
2.162000000000000099e+01,1.920514677092156148e+02,1.502439324847459901e+01,1.780033290556903935e+01
2.162999999999999901e+01,1.920514677092156148e+02,1.502439324847459901e+01,1.780033290556903935e+01
2.164000000000000057e+01,1.920514677092156148e+02,1.502439324847459901e+01,1.780033290556903935e+01
2.165000000000000213e+01,1.920514677092156148e+02,1.502439324847459901e+01,1.780033290556903935e+01
2.166000000000000014e+01,1.920514677092156148e+02,1.502439324847459901e+01,1.780033290556903935e+01
2.167000000000000171e+01,1.920514677092156148e+02,1.502439324847459901e+01,1.780033290556903935e+01
2.167999999999999972e+01,1.920514677092156148e+02,1.502439324847459901e+01,1.780033290556903935e+01
2.169000000000000128e+01,1.920514677092156148e+02,1.502439324847459901e+01,1.780033290556903935e+01
2.169999999999999929e+01,1.920514677092156148e+02,1.502439324847459901e+01,1.780033290556903935e+01
2.171000000000000085e+01,1.920514677092156148e+02,1.502439324847459901e+01,1.780033290556903935e+01
2.171999999999999886e+01,1.920514677092156148e+02,1.502439324847459901e+01,1.780033290556903935e+01
2.173000000000000043e+01,1.920514677092156148e+02,1.502439324847459901e+01,1.780033290556903935e+01
2.174000000000000199e+01,1.920514677092156148e+02,1.502439324847459901e+01,1.780033290556903935e+01
2.175000000000000000e+01,1.920514677092156148e+02,1.502439324847459901e+01,1.780033290556903935e+01
2.176000000000000156e+01,1.920514677092156148e+02,1.502439324847459901e+01,1.780033290556903935e+01
2.176999999999999957e+01,1.920514677092156148e+02,1.502439324847459901e+01,1.780033290556903935e+01
2.178000000000000114e+01,1.920514677092156148e+02,1.502439324847459901e+01,1.780033290556903935e+01
2.178999999999999915e+01,1.920514677092156148e+02,1.502439324847459901e+01,1.780033290556903935e+01
2.180000000000000071e+01,1.920514677092156148e+02,1.502439324847459901e+01,1.780033290556903935e+01
2.180999999999999872e+01,1.920514677092156148e+02,1.502439324847459901e+01,1.780033290556903935e+01
2.182000000000000028e+01,1.920514677092156148e+02,1.502439324847459901e+01,1.780033290556903935e+01
2.183000000000000185e+01,1.920514677092156148e+02,1.502439324847459901e+01,1.780033290556903935e+01
2.183999999999999986e+01,1.920514677092156148e+02,1.502439324847459901e+01,1.780033290556903935e+01
2.185000000000000142e+01,1.920514677092156148e+02,1.502439324847459901e+01,1.780033290556903935e+01
2.185999999999999943e+01,1.920514677092156148e+02,1.502439324847459901e+01,1.780033290556903935e+01
2.187000000000000099e+01,1.920514677092156148e+02,1.502439324847459901e+01,1.780033290556903935e+01
2.187999999999999901e+01,1.920514677092156148e+02,1.502439324847459901e+01,1.780033290556903935e+01
2.189000000000000057e+01,1.920514677092156148e+02,1.502439324847459901e+01,1.780033290556903935e+01
2.190000000000000213e+01,1.920514677092156148e+02,1.502439324847459901e+01,1.780033290556903935e+01
2.191000000000000014e+01,1.920514677092156148e+02,1.502439324847459901e+01,1.780033290556903935e+01
2.192000000000000171e+01,1.920514677092156148e+02,1.502439324847459901e+01,1.780033290556903935e+01
2.192999999999999972e+01,1.920514677092156148e+02,1.502439324847459901e+01,1.780033290556903935e+01
2.194000000000000128e+01,1.920514677092156148e+02,1.502439324847459901e+01,1.780033290556903935e+01
2.194999999999999929e+01,1.920514677092156148e+02,1.502439324847459901e+01,1.780033290556903935e+01
2.196000000000000085e+01,1.920514677092156148e+02,1.502439324847459901e+01,1.780033290556903935e+01
2.196999999999999886e+01,1.920514677092156148e+02,1.502439324847459901e+01,1.780033290556903935e+01
2.198000000000000043e+01,1.920514677092156148e+02,1.502439324847459901e+01,1.780033290556903935e+01
2.199000000000000199e+01,1.920514677092156148e+02,1.502439324847459901e+01,1.780033290556903935e+01
2.200000000000000000e+01,1.920514677092156148e+02,1.502439324847459901e+01,1.780033290556903935e+01
2.201000000000000156e+01,1.920514677092156148e+02,1.502439324847459901e+01,1.780033290556903935e+01
2.201999999999999957e+01,1.920514677092156148e+02,1.502439324847459901e+01,1.780033290556903935e+01
2.203000000000000114e+01,1.920514677092156148e+02,1.502439324847459901e+01,1.780033290556903935e+01
2.203999999999999915e+01,1.920514677092156148e+02,1.502439324847459901e+01,1.780033290556903935e+01
2.205000000000000071e+01,1.920514677092156148e+02,1.502439324847459901e+01,1.780033290556903935e+01
2.205999999999999872e+01,1.920514677092156148e+02,1.502439324847459901e+01,1.780033290556903935e+01
2.207000000000000028e+01,1.920514677092156148e+02,1.502439324847459901e+01,1.780033290556903935e+01
2.208000000000000185e+01,1.920514677092156148e+02,1.502439324847459901e+01,1.780033290556903935e+01
2.208999999999999986e+01,1.920514677092156148e+02,1.502439324847459901e+01,1.780033290556903935e+01
2.210000000000000142e+01,1.920514677092156148e+02,1.502439324847459901e+01,1.780033290556903935e+01
2.210999999999999943e+01,1.920514677092156148e+02,1.502439324847459901e+01,1.780033290556903935e+01
2.212000000000000099e+01,1.920514677092156148e+02,1.502439324847459901e+01,1.780033290556903935e+01
2.212999999999999901e+01,1.920514677092156148e+02,1.502439324847459901e+01,1.780033290556903935e+01
2.214000000000000057e+01,1.920514677092156148e+02,1.502439324847459901e+01,1.780033290556903935e+01
2.215000000000000213e+01,1.920514677092156148e+02,1.502439324847459901e+01,1.780033290556903935e+01
2.216000000000000014e+01,1.920514677092156148e+02,1.502439324847459901e+01,1.780033290556903935e+01
2.217000000000000171e+01,1.920514677092156148e+02,1.502439324847459901e+01,1.780033290556903935e+01
2.217999999999999972e+01,1.920514677092156148e+02,1.502439324847459901e+01,1.780033290556903935e+01
2.219000000000000128e+01,1.920514677092156148e+02,1.502439324847459901e+01,1.780033290556903935e+01
2.219999999999999929e+01,1.920514677092156148e+02,1.502439324847459901e+01,1.780033290556903935e+01
2.221000000000000085e+01,1.920514677092156148e+02,1.502439324847459901e+01,1.780033290556903935e+01
2.221999999999999886e+01,1.920514677092156148e+02,1.502439324847459901e+01,1.780033290556903935e+01
2.223000000000000043e+01,1.920514677092156148e+02,1.502439324847459901e+01,1.780033290556903935e+01
2.224000000000000199e+01,1.920514677092156148e+02,1.502439324847459901e+01,1.780033290556903935e+01
2.225000000000000000e+01,1.920514677092156148e+02,1.502439324847459901e+01,1.780033290556903935e+01
2.226000000000000156e+01,1.920514677092156148e+02,1.502439324847459901e+01,1.780033290556903935e+01
2.226999999999999957e+01,1.920514677092156148e+02,1.502439324847459901e+01,1.780033290556903935e+01
2.228000000000000114e+01,1.920514677092156148e+02,1.502439324847459901e+01,1.780033290556903935e+01
2.228999999999999915e+01,1.920514677092156148e+02,1.502439324847459901e+01,1.780033290556903935e+01
2.230000000000000071e+01,1.920514677092156148e+02,1.502439324847459901e+01,1.780033290556903935e+01
2.230999999999999872e+01,1.920541409212759163e+02,1.499732120570240745e+01,1.777922265760112452e+01
2.232000000000000028e+01,1.920681768398453642e+02,1.477332730380892478e+01,1.767242583760641850e+01
2.233000000000000185e+01,1.920919630461254144e+02,1.433692105600065148e+01,1.750586279826293890e+01
2.233999999999999986e+01,1.921085965590148135e+02,1.368284994151902723e+01,1.729443758105364637e+01
2.235000000000000142e+01,1.920956564046954611e+02,1.276601048659681226e+01,1.699923962017857448e+01
2.235999999999999943e+01,1.920779558385061137e+02,1.172423006171280413e+01,1.664224438296390929e+01
2.237000000000000099e+01,1.920666535667780010e+02,1.061449580517492919e+01,1.623709434688313991e+01
2.237999999999999901e+01,1.920670649826787439e+02,9.462361140406772009e+00,1.579311649970072118e+01
2.239000000000000057e+01,1.920818923259679423e+02,8.281221024526830732e+00,1.531767111416171190e+01
2.240000000000000213e+01,1.921126081037116649e+02,7.290634235217474668e+00,1.488073777417409005e+01
2.241000000000000014e+01,1.921704014656708921e+02,7.067672900889276910e+00,1.461880582183894361e+01
2.242000000000000171e+01,1.922711000218642710e+02,7.372827343550547141e+00,1.443290015191045583e+01
2.242999999999999972e+01,1.924116818403002753e+02,7.959641365082815057e+00,1.426081811638402286e+01
2.244000000000000128e+01,1.925845916843697410e+02,8.693086173668817196e+00,1.407520711002585578e+01
2.244999999999999929e+01,1.927839210677649930e+02,9.505145696470041372e+00,1.386573005089097776e+01
2.246000000000000085e+01,1.929954252927713299e+02,1.033123335631369599e+01,1.363925178936664651e+01
2.246999999999999886e+01,1.931720558405728809e+02,1.101944737688886988e+01,1.343215270561604058e+01
2.248000000000000043e+01,1.933176513226996178e+02,1.158607276246625872e+01,1.324157861992525298e+01
2.249000000000000199e+01,1.934475826837922625e+02,1.209455530096320608e+01,1.305610332219797698e+01
2.250000000000000000e+01,1.935742706134843445e+02,1.259691119781441948e+01,1.286871756647012255e+01
2.251000000000000156e+01,1.937025619132257077e+02,1.311123398224367520e+01,1.267810588676820949e+01
2.251999999999999957e+01,1.937392778896782488e+02,1.326190268699034647e+01,1.262926273347053652e+01
2.253000000000000114e+01,1.937182562382434412e+02,1.318643984571066241e+01,1.266708211151412655e+01
2.253999999999999915e+01,1.936901793770643110e+02,1.310313720762706957e+01,1.270326633509888481e+01
2.255000000000000071e+01,1.936607220763250723e+02,1.303552327036389080e+01,1.273109768543545428e+01
2.255999999999999872e+01,1.936320807534772257e+02,1.298119105907813520e+01,1.275265763566457622e+01
2.257000000000000028e+01,1.936074031867221947e+02,1.293948078749523845e+01,1.276981940937205096e+01
2.258000000000000185e+01,1.935869616227004997e+02,1.290819354582994904e+01,1.278251487703307987e+01
2.258999999999999986e+01,1.935695599301068910e+02,1.288388751673691424e+01,1.279167934697234088e+01
2.260000000000000142e+01,1.935543817122891141e+02,1.286454723296115432e+01,1.279857192900146856e+01
2.260999999999999943e+01,1.935410438534677553e+02,1.284915721403834254e+01,1.280404336930129894e+01
2.262000000000000099e+01,1.935291787542535076e+02,1.283615049095088168e+01,1.280822649564949955e+01
2.262999999999999901e+01,1.935183722300598390e+02,1.282470593533696679e+01,1.281141916744365972e+01
2.264000000000000057e+01,1.935084931771003482e+02,1.281468548239517169e+01,1.281396227542397348e+01
2.265000000000000213e+01,1.934906568300538652e+02,1.296596629232782405e+01,1.277450080426900669e+01
2.266000000000000014e+01,1.934721493941130461e+02,1.307014092633007607e+01,1.271490949284292959e+01
2.267000000000000171e+01,1.934614791857854641e+02,1.310954512785123072e+01,1.268566111391722373e+01
2.267999999999999972e+01,1.934507230394676469e+02,1.311496276224177748e+01,1.267755641029233438e+01
2.269000000000000128e+01,1.934371508239942443e+02,1.310699725408592897e+01,1.267789672697916536e+01
2.269999999999999929e+01,1.934214649061608782e+02,1.309482313682136478e+01,1.268093230071354327e+01
2.271000000000000085e+01,1.934051399215125855e+02,1.308268047846095072e+01,1.268468818536738851e+01
2.271999999999999886e+01,1.933891636934888538e+02,1.307185206393096699e+01,1.268847153295737940e+01
2.273000000000000043e+01,1.933740427292521815e+02,1.306224416424672796e+01,1.269195184068172466e+01
2.274000000000000199e+01,1.933599814208178600e+02,1.305340415852507263e+01,1.269498366369936626e+01
2.275000000000000000e+01,1.933470474600963485e+02,1.304518428018924858e+01,1.269762172412402990e+01
2.276000000000000156e+01,1.933352434479996589e+02,1.303762421358795009e+01,1.269995715111305046e+01
2.276999999999999957e+01,1.933245251677079182e+02,1.303075892711497197e+01,1.270204971579047637e+01
2.278000000000000114e+01,1.933148169722665557e+02,1.302456899207093954e+01,1.270392900815198090e+01
2.278999999999999915e+01,1.933060233963992971e+02,1.301900508566877690e+01,1.270561215580967485e+01
2.280000000000000071e+01,1.932980496166652244e+02,1.301401037439675612e+01,1.270711578925631713e+01
2.280999999999999872e+01,1.932908127940360998e+02,1.300952851598413673e+01,1.270845820465982356e+01
2.282000000000000028e+01,1.932842405128471057e+02,1.300550570280312179e+01,1.270965864716233540e+01
2.283000000000000185e+01,1.932782678354745372e+02,1.300189222784775467e+01,1.271073393658672757e+01
2.283999999999999986e+01,1.932728367516160972e+02,1.299863987048271952e+01,1.271170132749621651e+01
2.285000000000000142e+01,1.932678945139237214e+02,1.299565078864317513e+01,1.271260967477461179e+01
2.285999999999999943e+01,1.932637234727390023e+02,1.303605436238514059e+01,1.270504343314093987e+01
2.287000000000000099e+01,1.932585584860526922e+02,1.308960275586679245e+01,1.268756452255370704e+01
2.287999999999999901e+01,1.932547350323411592e+02,1.311962777492181687e+01,1.267539288954866450e+01
2.289000000000000057e+01,1.932510575543945492e+02,1.313244057122353681e+01,1.266962706348484602e+01
2.290000000000000213e+01,1.932464921563948792e+02,1.313603451960088009e+01,1.266728672747308160e+01
2.291000000000000014e+01,1.932410287920651797e+02,1.313508363928100842e+01,1.266638939302200484e+01
2.292000000000000171e+01,1.932351685072424345e+02,1.313274502858996584e+01,1.266587623089376891e+01
2.292999999999999972e+01,1.932293184896997218e+02,1.313015163237873928e+01,1.266544249528678279e+01
2.294000000000000128e+01,1.932237202751729228e+02,1.312764386266346328e+01,1.266501705388756172e+01
2.294999999999999929e+01,1.932184877010789421e+02,1.312532921213271919e+01,1.266458983466389654e+01
2.296000000000000085e+01,1.932136587229781242e+02,1.312322478754218658e+01,1.266417034197375813e+01
2.296999999999999886e+01,1.932092446336559419e+02,1.312133178711266623e+01,1.266378390176658897e+01
2.298000000000000043e+01,1.932052316024864922e+02,1.311963000143695446e+01,1.266343078243425957e+01
2.299000000000000199e+01,1.932015946499362542e+02,1.311809959424325989e+01,1.266310740236753496e+01
2.300000000000000000e+01,1.931983051643053670e+02,1.311672291473558971e+01,1.266281345706577000e+01
2.301000000000000156e+01,1.931953331247363224e+02,1.311548368241610696e+01,1.266254803902866399e+01
2.301999999999999957e+01,1.932060797119139295e+02,1.288452949212137710e+01,1.297899890592002592e+01
2.303000000000000114e+01,1.932133120165599678e+02,1.230553705053255520e+01,1.340516518390033696e+01
2.303999999999999915e+01,1.932066697991817250e+02,1.170214152096366078e+01,1.382425834803913034e+01
2.305000000000000071e+01,1.931845190011311217e+02,1.119410301030726629e+01,1.420083450350107057e+01
2.305999999999999872e+01,1.931448071429559548e+02,1.080615877740814845e+01,1.452947741551458094e+01
2.307000000000000028e+01,1.930857180757521974e+02,1.051631910659900271e+01,1.482117537570903920e+01
2.308000000000000185e+01,1.930050460666446099e+02,1.030053202166492099e+01,1.508895696296430700e+01
2.308999999999999986e+01,1.929007009806093436e+02,1.013671456409931437e+01,1.534356177786710873e+01
2.310000000000000142e+01,1.927726379009075686e+02,1.001597053906744250e+01,1.558891925257221978e+01
2.310999999999999943e+01,1.926217144295643777e+02,9.930151351116023761e+00,1.582822273863948581e+01
2.312000000000000099e+01,1.924458472201920358e+02,9.868610358097607005e+00,1.606677024197944448e+01
2.312999999999999901e+01,1.922469248117545817e+02,9.829014027744886306e+00,1.630535528031962400e+01
2.314000000000000057e+01,1.920210105378553749e+02,9.806864343370024883e+00,1.654937419843482971e+01
2.315000000000000213e+01,1.917697061533328053e+02,9.802468292244403969e+00,1.679651951104765928e+01
2.316000000000000014e+01,1.915000087520768091e+02,9.821517944457070826e+00,1.704327685585649377e+01
2.317000000000000171e+01,1.912138237904823939e+02,9.862935594141807982e+00,1.728963698701546647e+01
2.317999999999999972e+01,1.909061804700146752e+02,9.922401225321786811e+00,1.754293429411979588e+01
2.319000000000000128e+01,1.905738497722965406e+02,9.997691814112307895e+00,1.780457438106386547e+01
2.319999999999999929e+01,1.902174832326877265e+02,1.008871809242328865e+01,1.807080878364275378e+01
2.321000000000000085e+01,1.898367420794045870e+02,1.019470177005127276e+01,1.834051755419474716e+01
2.321999999999999886e+01,1.894285980627166737e+02,1.031342386162786795e+01,1.861669802085241798e+01
2.323000000000000043e+01,1.889897204975743250e+02,1.044226805960518689e+01,1.890130381864452147e+01
2.324000000000000199e+01,1.885186073462683964e+02,1.057850941708204928e+01,1.919251946654942742e+01
2.325000000000000000e+01,1.880145421785594522e+02,1.071887077334931959e+01,1.948766941074298131e+01
2.326000000000000156e+01,1.874781668389227320e+02,1.086740509488576301e+01,1.978513428468520274e+01
2.326999999999999957e+01,1.869095680864448354e+02,1.102399917083218739e+01,2.008399383612335853e+01
2.328000000000000114e+01,1.863087179365801660e+02,1.118755278312405466e+01,2.038322035706496749e+01
2.328999999999999915e+01,1.856757680831692880e+02,1.135701350161544276e+01,2.068180830086518895e+01
2.330000000000000071e+01,1.850109948262348212e+02,1.153134799394883814e+01,2.097884290328544310e+01
2.330999999999999872e+01,1.843147524920810554e+02,1.170953159464482951e+01,2.127342531872922393e+01
2.332000000000000028e+01,1.835954793073406961e+02,1.188617927391283402e+01,2.156144798659165218e+01
2.333000000000000185e+01,1.829560496924279960e+02,1.203956083081347828e+01,2.181753873823477718e+01
2.333999999999999986e+01,1.823681456012689068e+02,1.221740246526847784e+01,2.207531403435214656e+01
2.335000000000000142e+01,1.817986972815213846e+02,1.241418642969510699e+01,2.234651456559988247e+01
2.335999999999999943e+01,1.812314261065388621e+02,1.261842570008958653e+01,2.262712916838316346e+01
2.337000000000000099e+01,1.806898947540637153e+02,1.283141616027710974e+01,2.289198359377886405e+01
2.337999999999999901e+01,1.801681563198782783e+02,1.305763466824883068e+01,2.314880664134943800e+01
2.339000000000000057e+01,1.796532395862435862e+02,1.329937212484372289e+01,2.340611086253818840e+01
2.340000000000000213e+01,1.791409526917821893e+02,1.354428752341430098e+01,2.366541612147587870e+01
2.341000000000000014e+01,1.786269127638298073e+02,1.378981067624429713e+01,2.392606338019731638e+01
2.342000000000000171e+01,1.781061750303106805e+02,1.404144895155062756e+01,2.418546964622081319e+01
2.342999999999999972e+01,1.775844470100194599e+02,1.430250108225006400e+01,2.444220827226273229e+01
2.344000000000000128e+01,1.770594519671801095e+02,1.456922932253412739e+01,2.469715776355252501e+01
2.344999999999999929e+01,1.765289923215664771e+02,1.483116937344536268e+01,2.494485217868380644e+01
2.346000000000000085e+01,1.759993612795232707e+02,1.508078693740111476e+01,2.517730397679274290e+01
2.346999999999999886e+01,1.754673927706874395e+02,1.532878362864509292e+01,2.540161589435885503e+01
2.348000000000000043e+01,1.749293973488774725e+02,1.557682568137180823e+01,2.561998846431434629e+01
2.349000000000000199e+01,1.743902134392044161e+02,1.581478149394421884e+01,2.582183849799479702e+01
2.350000000000000000e+01,1.738572021724053229e+02,1.604121294646471085e+01,2.600172886534302208e+01
2.351000000000000156e+01,1.733226027207842321e+02,1.626757040969584267e+01,2.617307670049184765e+01
2.351999999999999957e+01,1.727835891809559143e+02,1.649499581239977175e+01,2.633816252919907086e+01
2.353000000000000114e+01,1.722397023232872755e+02,1.672124471038083371e+01,2.649508470321681841e+01
2.353999999999999915e+01,1.716901774038319672e+02,1.694568737192586738e+01,2.664342733834212851e+01
2.355000000000000071e+01,1.711336146268504308e+02,1.716963956095590760e+01,2.678584986705867621e+01
2.355999999999999872e+01,1.705691564001720621e+02,1.739503323983543481e+01,2.692620380720067885e+01
2.357000000000000028e+01,1.699971947328789099e+02,1.762221780723666242e+01,2.706592131961727077e+01
2.358000000000000185e+01,1.694188216150078006e+02,1.784934630748008644e+01,2.720354260676705138e+01
2.358999999999999986e+01,1.688290307108221100e+02,1.806673723727086767e+01,2.733550957768049372e+01
2.360000000000000142e+01,1.682314517912157612e+02,1.827855421547441850e+01,2.746062265507775990e+01
2.360999999999999943e+01,1.676240869481686389e+02,1.849295212176771486e+01,2.757832072828303538e+01
2.362000000000000099e+01,1.670122857805877743e+02,1.870732602970603864e+01,2.768978420391943018e+01
2.362999999999999901e+01,1.663984043250746652e+02,1.891912665142575634e+01,2.779653833901774007e+01
2.364000000000000057e+01,1.657781522043852931e+02,1.912032619761472318e+01,2.789709758107572668e+01
2.365000000000000213e+01,1.651530040632531779e+02,1.931138680029637200e+01,2.799004374273916795e+01
2.366000000000000014e+01,1.645273555704971500e+02,1.949783889860146147e+01,2.807638946557178272e+01
2.367000000000000171e+01,1.638951903490883524e+02,1.968440082541134117e+01,2.815419738469238098e+01
2.367999999999999972e+01,1.632584391736047849e+02,1.986185653953853603e+01,2.822456093326097815e+01
2.369000000000000128e+01,1.626208142358812552e+02,2.002877060529506537e+01,2.828725586312486229e+01
2.369999999999999929e+01,1.619831466618739455e+02,2.018537522507984860e+01,2.834227503039221574e+01
2.371000000000000085e+01,1.613447369832252889e+02,2.033113420051640929e+01,2.838948458532697572e+01
2.371999999999999886e+01,1.607050182025253662e+02,2.046552030084730589e+01,2.842854690577056687e+01
2.373000000000000043e+01,1.600615904248345203e+02,2.058634228636280028e+01,2.845864886447690978e+01
2.374000000000000199e+01,1.594085729278094448e+02,2.068944530835609186e+01,2.847742941752073875e+01
2.375000000000000000e+01,1.587535265772532682e+02,2.078090471450161303e+01,2.848628498168159950e+01
2.376000000000000156e+01,1.580976527384479198e+02,2.086158609207394576e+01,2.848535053997203192e+01
2.376999999999999957e+01,1.574408075909630895e+02,2.093142630360289758e+01,2.847389881553730362e+01
2.378000000000000114e+01,1.567835980323351635e+02,2.099043571132619235e+01,2.845137966469335566e+01
2.378999999999999915e+01,1.561276082064342177e+02,2.103866400281856386e+01,2.841749050149411460e+01
2.380000000000000071e+01,1.554174646150059687e+02,2.106761313530469693e+01,2.837555654059098487e+01
2.380999999999999872e+01,1.546018582013570892e+02,2.107740860030909857e+01,2.831800122506466977e+01
2.382000000000000028e+01,1.540638724096636167e+02,2.108440758148061178e+01,2.815728678579187871e+01
2.383000000000000185e+01,1.539015389839196359e+02,2.109921124329672182e+01,2.797125414316315073e+01
2.383999999999999986e+01,1.538767447303237930e+02,2.112331488090357823e+01,2.785451505948455164e+01
2.385000000000000142e+01,1.538714129653350540e+02,2.115004984606899541e+01,2.779480039452531059e+01
2.385999999999999943e+01,1.538580988462963433e+02,2.117874643539241575e+01,2.776131045533669806e+01
2.387000000000000099e+01,1.538370344247875892e+02,2.120853840522096689e+01,2.773677301552035601e+01
2.387999999999999901e+01,1.538117841426916073e+02,2.123761962452719132e+01,2.771505232016835407e+01
2.389000000000000057e+01,1.537844783521100851e+02,2.126444433557733760e+01,2.769476597630604431e+01
2.390000000000000213e+01,1.537558648998235071e+02,2.128811295492993949e+01,2.767592851599154358e+01
2.391000000000000014e+01,1.537259845928629147e+02,2.130829202512107656e+01,2.765871944357811785e+01
2.392000000000000171e+01,1.536946779950366135e+02,2.132499679900151790e+01,2.764313376586058268e+01
2.392999999999999972e+01,1.536617669712478573e+02,2.133840674442227936e+01,2.762904770051688530e+01
2.394000000000000128e+01,1.536270722981908818e+02,2.134874784659240987e+01,2.761629594704040258e+01
2.394999999999999929e+01,1.535904067723469382e+02,2.135626356836128892e+01,2.760470654631075149e+01
2.396000000000000085e+01,1.535515336526311216e+02,2.136135206111122642e+01,2.759408741238933516e+01
2.396999999999999886e+01,1.535104668331394464e+02,2.136389227246043987e+01,2.758423882162663787e+01
2.398000000000000043e+01,1.534670764032007924e+02,2.136398993769089572e+01,2.757504663471843642e+01
2.399000000000000199e+01,1.534211959137448105e+02,2.136182005124048899e+01,2.756645159053217142e+01
2.400000000000000000e+01,1.533726819770142811e+02,2.135753366708786771e+01,2.755837863298260615e+01
2.401000000000000156e+01,1.533214138671890794e+02,2.135125203285992512e+01,2.755073884729286604e+01
2.401999999999999957e+01,1.532672854649899534e+02,2.134306719691897314e+01,2.754344768130445686e+01
2.403000000000000114e+01,1.532101999296441193e+02,2.133304247743822302e+01,2.753643186743348537e+01
2.403999999999999915e+01,1.531500679143199761e+02,2.132122536350006214e+01,2.752962883218268431e+01
2.405000000000000071e+01,1.530868068542874596e+02,2.130765763262487766e+01,2.752298364688587995e+01
2.406000000000000227e+01,1.530203402189560222e+02,2.129238008410527883e+01,2.751644649795714770e+01
2.407000000000000028e+01,1.529505966231876926e+02,2.127543371336237854e+01,2.750997139024935478e+01
2.408000000000000185e+01,1.528775089735088670e+02,2.125685913553787643e+01,2.750351561208508144e+01
2.408999999999999986e+01,1.528010137678832052e+02,2.123669541785577763e+01,2.749703949837201122e+01
2.410000000000000142e+01,1.527210505609787106e+02,2.121497892463508705e+01,2.749050626838045375e+01
2.410999999999999943e+01,1.526375615717063852e+02,2.119174242727633839e+01,2.748388186309458447e+01
2.412000000000000099e+01,1.525504914035613524e+02,2.116701453798946986e+01,2.747713476912139186e+01
2.412999999999999901e+01,1.524597868516322308e+02,2.114081943526868912e+01,2.747023583462515717e+01
2.414000000000000057e+01,1.523653967947947194e+02,2.111317679150715065e+01,2.746315806361465661e+01
2.415000000000000213e+01,1.522672721321007998e+02,2.108410218560818805e+01,2.745587653415060458e+01
2.416000000000000014e+01,1.521653656063668620e+02,2.105360704911174352e+01,2.744836834469455056e+01
2.417000000000000171e+01,1.520596331984331187e+02,2.102170047825807586e+01,2.744061127535557532e+01
2.417999999999999972e+01,1.519500443623276453e+02,2.098840305795646088e+01,2.743257797357123806e+01
2.419000000000000128e+01,1.518365665182880946e+02,2.095372803132222828e+01,2.742424334732662672e+01
2.419999999999999929e+01,1.517191481281027734e+02,2.091766615687623698e+01,2.741559758412548575e+01
2.421000000000000085e+01,1.515977423483869302e+02,2.088020258549294539e+01,2.740663387566921827e+01
2.421999999999999886e+01,1.514723112812110060e+02,2.084132025744506223e+01,2.739734107172808564e+01
2.423000000000000043e+01,1.513428223378472239e+02,2.080100307552718064e+01,2.738770533289591924e+01
2.424000000000000199e+01,1.512092450302105817e+02,2.075923516887823084e+01,2.737771611061767629e+01
2.425000000000000000e+01,1.510715502463689290e+02,2.071599962805053963e+01,2.736736704992459579e+01
2.426000000000000156e+01,1.509297110225596441e+02,2.067127862984941089e+01,2.735665215977700626e+01
2.426999999999999957e+01,1.507837031176454445e+02,2.062505333821424003e+01,2.734556488995498569e+01
2.428000000000000114e+01,1.506335053520053577e+02,2.057730414657449458e+01,2.733409839538003538e+01
2.428999999999999915e+01,1.504791075525716053e+02,2.052801182770636146e+01,2.732224168964514277e+01
2.430000000000000071e+01,1.503205146368249814e+02,2.047715804176558763e+01,2.730998516917482277e+01
2.431000000000000227e+01,1.501577021439111661e+02,2.042471908242832157e+01,2.729733473172768399e+01
2.432000000000000028e+01,1.499906474033439565e+02,2.037067115378571458e+01,2.728428829840168390e+01
2.433000000000000185e+01,1.498193382839441767e+02,2.031499136482706191e+01,2.727083902866134224e+01
2.433999999999999986e+01,1.496437697504540267e+02,2.025765704909948539e+01,2.725698027886913621e+01
2.435000000000000142e+01,1.494639410487518205e+02,2.019864555367056980e+01,2.724270678801821077e+01
2.435999999999999943e+01,1.492798538267302604e+02,2.013793438703192962e+01,2.722801468743973885e+01
2.437000000000000099e+01,1.490915075502674085e+02,2.007550538109620319e+01,2.721288495942475549e+01
2.437999999999999901e+01,1.488988017453231691e+02,2.001141517371829437e+01,2.719704585554849530e+01
2.439000000000000057e+01,1.487015598062246227e+02,1.994577623946342015e+01,2.718026351602564716e+01
2.440000000000000213e+01,1.484996851890540484e+02,1.987868654324653761e+01,2.716255624910135680e+01
2.441000000000000014e+01,1.482749852057744988e+02,1.980924581169135479e+01,2.714624700518886158e+01
2.442000000000000171e+01,1.479624575522079510e+02,1.972132539848148269e+01,2.713365391395483783e+01
2.442999999999999972e+01,1.476067489991053492e+02,1.961483227860866307e+01,2.711578189304952957e+01
2.444000000000000128e+01,1.472303714722123402e+02,1.949685071880819009e+01,2.708939046806879603e+01
2.444999999999999929e+01,1.468443805649613978e+02,1.937151565578199097e+01,2.705463630034699207e+01
2.446000000000000085e+01,1.464530062834282091e+02,1.924049006336991852e+01,2.701415015237495965e+01
2.446999999999999886e+01,1.460570421490156150e+02,1.910433909479358761e+01,2.697052219934636952e+01
2.448000000000000043e+01,1.456560683414468542e+02,1.896324677124311364e+01,2.692537237584191701e+01
2.449000000000000199e+01,1.452493652978319005e+02,1.881722191332907457e+01,2.687948132359219144e+01
2.450000000000000000e+01,1.448362364007443261e+02,1.866617306156587119e+01,2.683308942514428708e+01
2.451000000000000156e+01,1.444161232718074643e+02,1.850999684145276802e+01,2.678614532545875448e+01
2.451999999999999957e+01,1.439886284452720417e+02,1.834862937746428813e+01,2.673847603862311573e+01
2.453000000000000114e+01,1.435533130210645254e+02,1.818194646659399183e+01,2.668994636812605137e+01
2.453999999999999915e+01,1.431095656089674151e+02,1.800969836403815094e+01,2.664047059678919993e+01
2.455000000000000071e+01,1.426567181067511001e+02,1.783157656992612061e+01,2.658988143201568377e+01
2.456000000000000227e+01,1.421941093632968318e+02,1.764726128397608917e+01,2.653790438535119733e+01
2.457000000000000028e+01,1.417211687608086379e+02,1.745651515425306144e+01,2.648382951278738062e+01
2.458000000000000185e+01,1.412375119535972203e+02,1.725935055317712141e+01,2.642706163717411982e+01
2.458999999999999986e+01,1.407430395773741907e+02,1.705593721058395928e+01,2.636741437703471291e+01
2.460000000000000142e+01,1.402380076824574644e+02,1.684656623125690800e+01,2.630450983024079648e+01
2.460999999999999943e+01,1.397182452686536465e+02,1.662737878120473667e+01,2.623640119620762690e+01
2.462000000000000099e+01,1.391685811131447110e+02,1.638728075354300984e+01,2.615867376141201106e+01
2.462999999999999901e+01,1.386020377637159129e+02,1.614086737198039501e+01,2.607368821257216496e+01
2.464000000000000057e+01,1.380187343726292397e+02,1.588600841709592082e+01,2.598181470854044051e+01
2.465000000000000213e+01,1.374007094855527384e+02,1.560667034062462832e+01,2.587924384436790604e+01
2.466000000000000014e+01,1.367418872853546929e+02,1.531205213442465762e+01,2.576714966449389266e+01
2.467000000000000171e+01,1.360346132769382734e+02,1.499229237565602446e+01,2.564585602164903833e+01
2.467999999999999972e+01,1.353005359283561688e+02,1.466452491201258823e+01,2.552065117188240251e+01
2.469000000000000128e+01,1.345582298134524137e+02,1.433773585523673333e+01,2.539423904234561036e+01
2.469999999999999929e+01,1.338151300595062878e+02,1.401300267657901166e+01,2.526591942108669286e+01
2.471000000000000085e+01,1.330747541176790492e+02,1.369047379738802483e+01,2.513600498561985219e+01
2.471999999999999886e+01,1.323385611309010415e+02,1.337009519656062650e+01,2.500516729923907278e+01
2.473000000000000043e+01,1.316070409173495932e+02,1.305177749847014113e+01,2.487386959977555634e+01
2.474000000000000199e+01,1.308802997432869120e+02,1.273543665348003628e+01,2.474235270045299728e+01
2.475000000000000000e+01,1.301581150537271867e+02,1.242079188618677676e+01,2.461070759822414544e+01
2.476000000000000156e+01,1.294392129724364509e+02,1.210666345714556158e+01,2.447878585090923309e+01
2.476999999999999957e+01,1.287216741008145675e+02,1.179157424091870077e+01,2.434630647418112304e+01
2.478000000000000114e+01,1.280035549173301774e+02,1.147430973734114801e+01,2.421297147207756950e+01
2.478999999999999915e+01,1.272828262972656432e+02,1.115403567824169073e+01,2.407840925847049007e+01
2.480000000000000071e+01,1.265561725361806538e+02,1.082998134773072252e+01,2.394192976740083623e+01
2.481000000000000227e+01,1.258196071279776902e+02,1.050090161785671761e+01,2.380269410803825991e+01
2.482000000000000028e+01,1.250695289846337772e+02,1.016532419646615182e+01,2.365991032186553866e+01
2.483000000000000185e+01,1.243037738934726661e+02,9.822695999248676202e+00,2.351294579008900243e+01
2.483999999999999986e+01,1.235223338133925353e+02,9.473387542456524812e+00,2.336114862466076403e+01
2.485000000000000142e+01,1.227272351481898340e+02,9.118548062320764203e+00,2.320355316829636649e+01
2.485999999999999943e+01,1.219219635112910822e+02,8.759671017990132924e+00,2.304045911248142531e+01
2.487000000000000099e+01,1.211067230752785946e+02,8.395798182593283698e+00,2.287188420410512890e+01
2.487999999999999901e+01,1.202469473414292054e+02,7.998698488924205208e+00,2.268535802479254571e+01
2.489000000000000057e+01,1.192195678357347646e+02,7.530131693152419814e+00,2.243518792541210161e+01
2.490000000000000213e+01,1.180336565817013366e+02,7.001582989473897456e+00,2.213914082395629279e+01
2.491000000000000014e+01,1.167148423396581194e+02,6.422016902238258496e+00,2.180509154108589698e+01
2.492000000000000171e+01,1.151884134787525795e+02,5.758976827523520470e+00,2.138389018718944712e+01
2.492999999999999972e+01,1.131559998720457259e+02,4.857189431959008097e+00,2.076904669147183569e+01
2.494000000000000128e+01,1.109693692593719589e+02,3.929545569807069150e+00,2.015757109526439450e+01
2.494999999999999929e+01,1.087697528764527988e+02,3.031728702191260894e+00,1.954547850454058278e+01
2.496000000000000085e+01,1.066720337937345846e+02,2.207916975286050576e+00,1.894488646400516174e+01
2.496999999999999886e+01,1.047453028777897686e+02,1.478315103239702388e+00,1.837307612876981722e+01
2.498000000000000043e+01,1.030197463303595384e+02,8.478913738909077402e-01,1.784213839329140683e+01
2.499000000000000199e+01,1.014987303329017152e+02,3.121912224633427435e-01,1.735774617384655727e+01
2.500000000000000000e+01,1.001690831479110670e+02,1.386447066800688965e-01,1.692045938324360321e+01
2.501000000000000156e+01,9.900869661617042539e+01,5.169751411523426654e-01,1.652735837019603338e+01
2.501999999999999957e+01,9.799178318304929292e+01,8.356772401065248879e-01,1.617348893589609560e+01
2.503000000000000114e+01,9.709228345192657628e+01,1.106959613325131375e+00,1.585298451610639425e+01
2.503999999999999915e+01,9.628569736802784007e+01,1.341682331996885136e+00,1.555966710020284438e+01
2.505000000000000071e+01,9.555122047077368563e+01,1.548917836019791938e+00,1.528812218302377701e+01
2.506000000000000227e+01,9.487114158045936563e+01,1.735828832906183283e+00,1.503357341294620042e+01
2.507000000000000028e+01,9.423084612609822841e+01,1.907872939359456232e+00,1.479169808331215563e+01
2.508000000000000185e+01,9.361914788929259146e+01,2.069611436683327366e+00,1.455906379970928199e+01
2.508999999999999986e+01,9.302763230082445034e+01,2.224291978484838062e+00,1.433302609054665311e+01
2.510000000000000142e+01,9.245019865668457726e+01,2.374203547197584196e+00,1.411162398385934580e+01
2.510999999999999943e+01,9.188262184346280037e+01,2.520908229349028140e+00,1.389346051261453141e+01
2.512000000000000099e+01,9.132214303626321339e+01,2.665425331388082686e+00,1.367759453627614974e+01
2.512999999999999901e+01,9.076711014931309762e+01,2.808378272072753479e+00,1.346344218446382612e+01
2.514000000000000057e+01,9.021667609583965941e+01,2.950109904099995628e+00,1.325068948053520401e+01
2.515000000000000213e+01,8.967055554619157931e+01,3.090771090646315944e+00,1.303921830068965804e+01
2.516000000000000014e+01,8.912883439925178664e+01,3.230387780782495444e+00,1.282904754415858939e+01
2.517000000000000171e+01,8.859182648124713921e+01,3.368908522234426162e+00,1.262028313965912751e+01
2.517999999999999972e+01,8.805996992230372200e+01,3.506237056179750677e+00,1.241307947640379794e+01
2.519000000000000128e+01,8.753375509288369472e+01,3.642257149070349254e+00,1.220761613976428706e+01
2.519999999999999929e+01,8.701367745618749439e+01,3.776847045372511147e+00,1.200408174561628982e+01
2.521000000000000085e+01,8.650020902902578257e+01,3.909886366319725859e+00,1.180266226127213436e+01
2.521999999999999886e+01,8.599378249471084246e+01,4.041264135962507886e+00,1.160353423558613173e+01
2.523000000000000043e+01,8.549478490719161528e+01,4.170881029499140524e+00,1.140686071053087502e+01
2.524000000000000199e+01,8.500355785788626406e+01,4.298646850681874909e+00,1.121279025359911330e+01
2.525000000000000000e+01,8.452040087517870859e+01,4.424480362718197668e+00,1.102145769672102560e+01
2.526000000000000156e+01,8.404557674398488132e+01,4.548308354804742493e+00,1.083298554759881682e+01
2.526999999999999957e+01,8.357931759141717976e+01,4.670064305909327196e+00,1.064748579334062839e+01
2.528000000000000114e+01,8.312183095635793961e+01,4.789686993470542831e+00,1.046506183289919178e+01
2.528999999999999915e+01,8.267330534852457902e+01,4.907119199884735217e+00,1.028581030495923088e+01
2.530000000000000071e+01,8.223391454354775476e+01,5.022306674798471704e+00,1.010982244056568646e+01
2.531000000000000227e+01,8.180382211886620780e+01,5.135197100342880461e+00,9.937185890957156431e+00
2.532000000000000028e+01,8.138318528650562200e+01,5.245739416904370955e+00,9.767986077944268430e+00
2.533000000000000185e+01,8.097215709924115856e+01,5.353883463216857486e+00,9.602306982719909456e+00
2.533999999999999986e+01,8.057088826697589923e+01,5.459579534635217613e+00,9.440231785705300638e+00
2.535000000000000142e+01,8.017952846362180708e+01,5.562778081628860782e+00,9.281843321450766737e+00
2.535999999999999943e+01,7.979822719367392381e+01,5.663429532868691219e+00,9.127224377309728354e+00
2.537000000000000099e+01,7.942713432879072855e+01,5.761484202261524246e+00,8.976457869224185870e+00
2.537999999999999901e+01,7.906640040920612478e+01,5.856892250062473160e+00,8.829626926192158720e+00
2.539000000000000057e+01,7.871617684536080617e+01,5.949602741204818024e+00,8.686814830775379193e+00
2.540000000000000213e+01,7.837661589489886182e+01,6.039564523341367064e+00,8.548105158492248279e+00
2.541000000000000014e+01,7.804787065762960196e+01,6.126728405616621131e+00,8.413581890147291631e+00
2.542000000000000171e+01,7.773009514020834843e+01,6.211044763478890118e+00,8.283329043919929191e+00
2.542999999999999972e+01,7.742344398854208976e+01,6.292463462093778048e+00,8.157430586456015931e+00
2.544000000000000128e+01,7.712807239360434153e+01,6.370934147235884915e+00,8.035970397073931792e+00
2.544999999999999929e+01,7.684413605383689116e+01,6.446406412508876471e+00,7.919032217676980068e+00
2.546000000000000085e+01,7.657179109210181878e+01,6.518829880795163234e+00,7.806699573837283523e+00
2.546999999999999886e+01,7.631119397223815781e+01,6.588154259147882996e+00,7.699055712862667988e+00
2.548000000000000043e+01,7.606250147780858128e+01,6.654329369380873160e+00,7.596183558957414483e+00
2.549000000000000199e+01,7.582587071621374264e+01,6.717305165047926963e+00,7.498165672946255356e+00
2.550000000000000000e+01,7.560145900784704054e+01,6.777029898311193179e+00,7.405084201423717261e+00
2.551000000000000156e+01,7.538942351355048288e+01,6.833439556579778973e+00,7.317021094257580849e+00
2.551999999999999957e+01,7.518993198781414833e+01,6.886481928791987173e+00,7.234062745601232969e+00
2.553000000000000114e+01,7.500317382717722126e+01,6.936107120693868922e+00,7.156309135024407908e+00
2.553999999999999915e+01,7.482930761125749086e+01,6.982264143069905060e+00,7.083840968440058283e+00
2.555000000000000071e+01,7.466848972492395831e+01,7.024899775146087322e+00,7.016733446705170074e+00
2.556000000000000227e+01,7.452088119937313593e+01,7.063963101897218877e+00,6.955064504306385231e+00
2.557000000000000028e+01,7.438664400424693213e+01,7.099405999363151309e+00,6.898913072622692155e+00
2.558000000000000185e+01,7.426593906145367896e+01,7.131183694609410928e+00,6.848357290090478777e+00
2.558999999999999986e+01,7.415885534030682891e+01,7.159275051258573441e+00,6.803434026253274425e+00
2.560000000000000142e+01,7.406554840544910689e+01,7.183633113071685727e+00,6.764205292934422076e+00
2.560999999999999943e+01,7.398622007826038782e+01,7.204213522803870617e+00,6.730780330161945102e+00
2.562000000000000099e+01,7.415966253963560462e+01,7.582717363865343785e+00,7.111614001931831908e+00
2.562999999999999901e+01,7.460052610620196845e+01,8.418438767040070658e+00,7.790742225659452735e+00
2.564000000000000057e+01,7.516300665143462822e+01,9.382010287215136302e+00,8.563615895631482289e+00
2.565000000000000213e+01,7.574426085595368363e+01,1.029016114400438298e+01,9.299820774898105213e+00
2.566000000000000014e+01,7.627362026253658200e+01,1.103447411162017389e+01,9.912984077602882138e+00
2.567000000000000171e+01,7.670708143663118506e+01,1.155782639381874866e+01,1.035331013708040615e+01
2.567999999999999972e+01,7.702012287895686882e+01,1.183918658718208228e+01,1.059771308741408546e+01
2.569000000000000128e+01,7.720533666799302353e+01,1.187776136747603672e+01,1.064354970634195929e+01
2.569999999999999929e+01,7.726445649349034284e+01,1.168844292540277507e+01,1.049935392291756386e+01
2.571000000000000085e+01,7.720539876943999502e+01,1.129496979915339772e+01,1.018106750446534647e+01
2.571999999999999886e+01,7.704059847122165650e+01,1.072512653310137054e+01,9.709184451158424878e+00
2.573000000000000043e+01,7.678526446828581697e+01,1.000809229100985220e+01,9.106768952307554343e+00
2.574000000000000199e+01,7.645444815889111112e+01,9.174296541115067427e+00,8.396748676698262415e+00
2.575000000000000000e+01,7.606396515294453309e+01,8.252359748862792443e+00,7.602623626557614145e+00
2.576000000000000156e+01,7.562930855614645509e+01,7.269204334987843907e+00,6.747455878815200592e+00
2.576999999999999957e+01,7.516507543202388320e+01,6.250287516965213896e+00,5.853668597110894822e+00
2.578000000000000114e+01,7.468481705052887776e+01,5.219581786509330357e+00,4.942679526557691716e+00
2.578999999999999915e+01,7.420105272623816006e+01,4.199639260196674329e+00,4.035059577402688724e+00
2.580000000000000071e+01,7.372535547417437840e+01,3.211774344631823652e+00,3.150707827328513844e+00
2.581000000000000227e+01,7.326847306974123342e+01,2.276251284376806794e+00,2.308934378662974574e+00
2.582000000000000028e+01,7.284047236469056941e+01,1.412502805063275968e+00,1.528562408536160433e+00
2.583000000000000185e+01,7.245086343472800650e+01,6.392752230952591930e-01,8.280369477295934644e-01
2.583999999999999986e+01,7.211194281191413324e+01,2.081448722524026351e-02,2.254206202586539476e-01
2.585000000000000142e+01,7.183574264813671562e+01,5.511034423023031259e-01,2.696994856234979920e-01
2.585999999999999943e+01,7.162071143994836575e+01,9.599532633630114553e-01,6.619198541646387213e-01
2.587000000000000099e+01,7.145902427521065192e+01,1.264823508892842785e+00,9.634336312365210375e-01
2.587999999999999901e+01,7.134261516476739473e+01,1.485020537002945673e+00,1.188044318628955764e+00
2.589000000000000057e+01,7.144079284555867559e+01,1.312698510463505830e+00,9.284801843135737087e-01
2.590000000000000213e+01,7.188440919400230200e+01,4.801995645178358529e-01,2.622407637020707227e-01
2.591000000000000014e+01,7.242552307567153491e+01,4.592234524448679522e-01,5.347154842486601112e-01
2.592000000000000171e+01,7.297814550818257828e+01,1.388308718603348257e+00,1.339326447931887820e+00
2.592999999999999972e+01,7.348765965747035978e+01,2.230244255437108247e+00,2.070300609468667119e+00
2.594000000000000128e+01,7.391149431753008514e+01,2.925496601669408392e+00,2.676221352070351500e+00
2.594999999999999929e+01,7.422498572320725430e+01,3.449767505197709472e+00,3.133254946004471186e+00
2.596000000000000085e+01,7.441830350695934726e+01,3.802004732258945641e+00,3.436795838170580986e+00
2.596999999999999886e+01,7.449259260672427274e+01,3.994730206884455903e+00,3.594334118336872663e+00
2.598000000000000043e+01,7.445605608416738619e+01,4.047429696487081507e+00,3.620768248930428257e+00
2.599000000000000199e+01,7.432094304309671884e+01,3.982266915420640263e+00,3.533487429334902785e+00
2.600000000000000000e+01,7.410154145959656091e+01,3.821123701389261829e+00,3.351116704894296916e+00
2.601000000000000156e+01,7.381244300094385835e+01,3.584692605154149447e+00,3.091727175943970174e+00
2.601999999999999957e+01,7.346912156063369537e+01,3.291919259368503159e+00,2.772986643838182275e+00
2.603000000000000114e+01,7.308623516692654221e+01,2.959634621453099967e+00,2.411048595737264044e+00
2.603999999999999915e+01,7.267754749210627097e+01,2.602116127462417161e+00,2.020510116638951637e+00
2.605000000000000071e+01,7.225576915091799890e+01,2.232352106713852979e+00,1.614704681648815310e+00
2.606000000000000227e+01,7.183262103459014725e+01,1.861830635001837653e+00,1.205826932909714877e+00
2.607000000000000028e+01,7.141890127221167006e+01,1.500744168982326432e+00,8.049810079663322071e-01
2.608000000000000185e+01,7.102459234575536584e+01,1.158279280660257093e+00,4.223744197986434301e-01
2.608999999999999986e+01,7.065899209162708416e+01,8.428685337469876693e-01,6.751188193221402400e-02
2.610000000000000142e+01,7.033084999495000034e+01,5.624820739467684128e-01,2.506397783914593447e-01
2.610999999999999943e+01,7.004794029733723448e+01,3.237184771052725729e-01,5.241681805945308525e-01
2.612000000000000099e+01,6.981381155339076372e+01,1.277940973659075219e-01,7.498750067810311393e-01
2.612999999999999901e+01,6.962705218163183929e+01,2.782112079197096577e-02,9.297267008432363866e-01
2.614000000000000057e+01,6.948321160862965939e+01,1.481277800373104192e-01,1.068542358914625900e+00
2.615000000000000213e+01,6.937634705258558654e+01,2.389320719879961530e-01,1.172375384321466818e+00
2.616000000000000014e+01,6.952928627593085764e+01,6.790038612741744473e-02,8.259684399893885143e-01
2.617000000000000171e+01,6.994543590318205872e+01,8.534878668824408265e-01,1.427012160507556970e-01
2.617999999999999972e+01,7.048334537781553877e+01,1.793772449191322060e+00,6.675903453738918358e-01
2.619000000000000128e+01,7.104223568474473893e+01,2.716387364418426653e+00,1.475526699438955980e+00
2.619999999999999929e+01,7.155236777767386513e+01,3.523945596402067171e+00,2.198191116628112063e+00
2.621000000000000085e+01,7.197031451207055852e+01,4.168809514178417608e+00,2.789096299721793848e+00
2.621999999999999886e+01,7.227268229987556936e+01,4.634442102181724366e+00,3.228219915273222718e+00
2.623000000000000043e+01,7.245093864742067069e+01,4.924020445608190855e+00,3.513096263318749024e+00
2.624000000000000199e+01,7.250699550647127012e+01,5.051981526892235230e+00,3.652456266529879869e+00
2.625000000000000000e+01,7.244905628995371671e+01,5.039056594650981324e+00,3.661060078890776559e+00
2.626000000000000156e+01,7.228960715299287187e+01,4.907583210024101916e+00,3.556451663111026562e+00
2.626999999999999957e+01,7.204341467842255042e+01,4.679690461246222455e+00,3.357237888850228558e+00
2.628000000000000114e+01,7.172639468865638435e+01,4.376228528885805602e+00,3.081861020507337123e+00
2.628999999999999915e+01,7.135395012776643853e+01,4.016558984949236688e+00,2.747363391041313108e+00
2.630000000000000071e+01,7.094105718150639461e+01,3.617673612151706131e+00,2.369906505997887436e+00
2.631000000000000227e+01,7.050185581953424219e+01,3.194811434609090561e+00,1.964155901355790768e+00
2.632000000000000028e+01,7.004950113585098848e+01,2.761621820294546392e+00,1.543409073618162708e+00
2.633000000000000185e+01,6.959616437501696851e+01,2.330288997585139299e+00,1.119786492865482153e+00
2.633999999999999986e+01,6.915310160072598933e+01,1.911855788704952541e+00,7.045013880674355633e-01
2.635000000000000142e+01,6.873076575797652765e+01,1.516455588673470967e+00,3.079117910628204058e-01
2.635999999999999943e+01,6.833894138686594033e+01,1.153530212649966913e+00,6.030197234285772367e-02
2.637000000000000099e+01,6.798699744955902702e+01,8.319989017988027591e-01,3.909074233555687172e-01
2.637999999999999901e+01,6.768339591043448422e+01,5.585757833859172905e-01,6.754726885048745189e-01
2.639000000000000057e+01,6.743233739681417660e+01,3.335502269202206271e-01,9.099131366477886118e-01
2.640000000000000213e+01,6.723248016269255345e+01,1.537316759557816326e-01,1.096065320778105701e+00
2.641000000000000014e+01,6.707907797299840524e+01,1.364328087033461756e-02,1.239015812291244245e+00
2.642000000000000171e+01,6.696570867839236030e+01,9.311252520111112929e-02,1.345181634246350733e+00
2.642999999999999972e+01,6.711217520135492975e+01,2.153952581873674887e-01,1.005593601694498851e+00
2.644000000000000128e+01,6.753181488172104707e+01,9.934348842596807394e-01,3.206252517050645068e-01
2.644999999999999929e+01,6.807915608840887955e+01,1.927549193881716860e+00,4.957736870051521194e-01
2.646000000000000085e+01,6.865058537224092561e+01,2.844503363516326377e+00,1.311028273183856285e+00
2.646999999999999886e+01,6.917461060715736210e+01,3.646254924943970188e+00,2.040804398627749094e+00
2.648000000000000043e+01,6.960632458588978011e+01,4.283988931898963237e+00,2.637649512483131176e+00
2.649000000000000199e+01,6.992129968338801405e+01,4.740696026542201125e+00,3.080835208593368790e+00
2.650000000000000000e+01,7.011047892851289021e+01,5.019218469605402078e+00,3.367629457919130154e+00
2.651000000000000156e+01,7.017491926295191718e+01,5.134135913738457901e+00,3.506345705718505457e+00
2.651999999999999957e+01,7.012265131009901609e+01,5.106157382772535946e+00,3.511590909788808723e+00
2.653000000000000114e+01,6.996616161202209128e+01,4.957592575585811900e+00,3.400944441031339416e+00
2.653999999999999915e+01,6.972032140289189783e+01,4.710833039734185768e+00,3.193127439676035628e+00
2.655000000000000071e+01,6.940098923608728398e+01,4.387270460255498605e+00,2.906689367017656345e+00
2.656000000000000227e+01,6.902402907652779618e+01,4.006504649272102370e+00,2.559255194167442404e+00
2.657000000000000028e+01,6.860488637506468024e+01,3.585384908800559600e+00,2.167467573578218953e+00
2.658000000000000185e+01,6.815816150153500530e+01,3.139758839990625106e+00,1.746244886453585110e+00
2.658999999999999986e+01,6.769716413938223809e+01,2.683815787161925037e+00,1.309195373917826366e+00
2.660000000000000142e+01,6.723428434249024122e+01,2.230041760096945769e+00,8.688455934336980491e-01
2.660999999999999943e+01,6.678096682382961546e+01,1.789774635736651742e+00,4.366734143343986574e-01
2.662000000000000099e+01,6.634783254133004959e+01,1.373469461080523146e+00,2.332081478662040297e-02
2.662999999999999901e+01,6.594480623864784263e+01,9.909832892245895586e-01,3.612349201707054647e-01
2.664000000000000057e+01,6.558125434986580160e+01,6.515996196995166301e-01,7.075473190077952168e-01
2.665000000000000213e+01,6.526671650089302545e+01,3.627631842935130635e-01,1.006368378324573598e+00
2.666000000000000014e+01,6.500787432625764950e+01,1.262921755817991709e-01,1.251822127046109401e+00
2.667000000000000171e+01,6.480336384150770357e+01,6.153823903626287617e-02,1.445668918881981568e+00
2.667999999999999972e+01,6.464783045232630343e+01,2.070275317700986939e-01,1.593552945495346762e+00
2.669000000000000128e+01,6.453434349871528752e+01,3.172361885901420209e-01,1.702396795433935850e+00
2.669999999999999929e+01,6.466462334399743384e+01,1.889306917013389153e-02,1.373278196580285382e+00
2.671000000000000085e+01,6.508543935018192883e+01,7.567340591171367592e-01,6.798226797321005321e-01
2.671999999999999886e+01,6.563295976375302132e+01,1.687008116984356487e+00,1.568010539385600310e-01
2.673000000000000043e+01,6.619860004042701007e+01,2.596796642723997461e+00,1.001583907418335251e+00
2.674000000000000199e+01,6.670820769235862713e+01,3.388330346149437400e+00,1.769307777866546694e+00
2.675000000000000000e+01,6.711424129236844749e+01,4.013769568782576513e+00,2.412394771094006352e+00
2.676000000000000156e+01,6.738964723901588627e+01,4.457080957154246903e+00,2.909094727107652822e+00
2.676999999999999957e+01,6.752332872217442628e+01,4.721777832298046818e+00,3.255400806201458330e+00
2.678000000000000114e+01,6.751573069558325813e+01,4.822932759161735916e+00,3.458581070787669631e+00
2.678999999999999915e+01,6.737528436942899646e+01,4.781349602487161121e+00,3.532275916340643640e+00
2.680000000000000071e+01,6.711551040980823757e+01,4.619484171897392244e+00,3.493112317507485187e+00
2.681000000000000227e+01,6.675287134364904773e+01,4.359852238297379223e+00,3.358844468636434932e+00
2.682000000000000028e+01,6.630523623846693226e+01,4.023745447026438882e+00,3.147045920669833130e+00
2.683000000000000185e+01,6.579081471890881971e+01,3.630687710485469566e+00,2.874357181021802710e+00
2.683999999999999986e+01,6.522745047321650702e+01,3.198267935959397956e+00,2.556151698797415328e+00
2.685000000000000142e+01,6.463230883658980019e+01,2.742185056844204105e+00,2.206435692874153531e+00
2.685999999999999943e+01,6.402164940086660749e+01,2.276481770427829510e+00,1.837873320688521162e+00
2.687000000000000099e+01,6.341074557625013597e+01,1.813810249704728150e+00,1.461915471092423147e+00
2.687999999999999901e+01,6.281393764573905969e+01,1.365692452768907383e+00,1.088971402914085118e+00
2.689000000000000057e+01,6.224473615667780280e+01,9.427915747297621607e-01,7.285878568279446910e-01
2.690000000000000213e+01,6.171591186432803511e+01,5.556772024215006489e-01,3.895672171466690870e-01
2.691000000000000014e+01,6.123912727173899384e+01,2.128996247875436509e-01,7.996542733901268463e-02
2.692000000000000171e+01,6.082617525736974784e+01,7.702030645290180999e-02,1.903053405905019702e-01
2.692999999999999972e+01,6.048325198715331652e+01,3.137088838195412066e-01,4.123341590579476801e-01
2.694000000000000128e+01,6.021043549252038929e+01,5.022786181588800858e-01,5.855471684088620066e-01
2.694999999999999929e+01,6.000218244306657311e+01,6.494578712213927574e-01,7.144065832175305886e-01
2.696000000000000085e+01,5.985001738005163219e+01,7.623011616040287208e-01,8.052967730645121947e-01
2.696999999999999886e+01,5.997139759067093934e+01,4.621626621299501636e-01,4.922433690941474538e-01
2.698000000000000043e+01,6.037334181317547177e+01,3.243560781265308890e-01,1.932148104420994272e-01
2.699000000000000199e+01,6.092215396927370819e+01,1.260213546347144220e+00,1.024335191985858984e+00
2.700000000000000000e+01,6.150660867308910440e+01,2.175558992940251901e+00,1.861740121357091660e+00
2.701000000000000156e+01,6.204908141275798528e+01,2.973940555438037148e+00,2.618348710159645876e+00
2.701999999999999957e+01,6.249980198889640093e+01,3.607211896864304101e+00,3.245316160630506985e+00
2.703000000000000114e+01,6.283116679080366396e+01,4.058418261740026622e+00,3.720550336660743973e+00
2.703999999999999915e+01,6.303140399436224328e+01,4.330414655155379045e+00,4.039928437012618723e+00
2.705000000000000071e+01,6.310022712688665081e+01,4.437826637312348055e+00,4.210784136011613832e+00
2.706000000000000227e+01,6.304537428582757030e+01,4.401166009195378592e+00,4.247188869402784839e+00
2.707000000000000028e+01,6.287958693854084657e+01,4.242711902715412542e+00,4.166459048250525932e+00
2.708000000000000185e+01,6.261840166522353002e+01,3.984912557391417920e+00,3.987216158365614049e+00
2.708999999999999986e+01,6.227858835890802425e+01,3.649108936485234711e+00,3.727998978702018462e+00
2.710000000000000142e+01,6.187708660687747653e+01,3.254951128463134946e+00,3.406470464909383544e+00
2.710999999999999943e+01,6.143031014398682288e+01,2.820173773681489138e+00,3.039020132132419505e+00
2.712000000000000099e+01,6.095381556701676118e+01,2.360582098944019602e+00,2.640660254205950963e+00
2.712999999999999901e+01,6.046214108528968723e+01,1.890337405463404785e+00,2.225068882609981813e+00
2.714000000000000057e+01,5.996874487774314844e+01,1.422213673056504923e+00,1.804696614582712577e+00
2.715000000000000213e+01,5.948606601584999254e+01,9.678359497448107973e-01,1.390892540867993965e+00
2.716000000000000014e+01,5.902563934457599970e+01,5.379261510717325834e-01,9.941117595084758563e-01
2.717000000000000171e+01,5.859823892717589899e+01,1.425131691812908663e-01,6.240900046147190849e-01
2.717999999999999972e+01,5.821379137095930645e+01,2.085323126291838136e-01,2.898630518102240927e-01
2.719000000000000128e+01,5.788077726461295214e+01,5.069323370314737787e-01,2.327972918880760744e-04
2.719999999999999929e+01,5.760375692346611487e+01,7.506442421780779028e-01,2.385135791855841347e-01
2.721000000000000085e+01,5.738220116270739624e+01,9.436987772377114503e-01,4.273924316742228058e-01
2.721999999999999886e+01,5.721179746473067951e+01,1.092702771056330846e+00,5.711220221509272221e-01
2.723000000000000043e+01,5.708598358702015929e+01,1.205063497948022366e+00,6.761467693265910128e-01
2.724000000000000199e+01,5.723764862702754641e+01,9.146449578291693250e-01,3.480298342090071273e-01
2.725000000000000000e+01,5.766160426127807170e+01,1.344868352534112077e-01,3.414088112171365097e-01
2.726000000000000156e+01,5.822806455352760935e+01,8.010330799348985842e-01,1.175686602913228462e+00
2.726999999999999957e+01,5.882945126758885834e+01,1.721953616269977783e+00,2.019344879384488145e+00
2.728000000000000114e+01,5.938929096188889645e+01,2.531422291030871463e+00,2.785203252434031995e+00
2.728999999999999915e+01,5.985910065997834550e+01,3.181054764500923504e+00,3.424161620281029883e+00
2.730000000000000071e+01,6.021094973326787425e+01,3.653937798736850429e+00,3.913247095719940560e+00
2.731000000000000227e+01,6.043386720663173861e+01,3.952798973553717232e+00,4.248432695259318770e+00
2.732000000000000028e+01,6.052779240758754042e+01,4.092004049207453420e+00,4.437011950850222597e+00
2.733000000000000185e+01,6.050033002074775368e+01,4.091886448010006561e+00,4.493078643800330063e+00
2.733999999999999986e+01,6.036401754380032969e+01,3.974295063791544180e+00,4.433834972907613192e+00
2.735000000000000142e+01,6.013409289364663124e+01,3.761034480605440766e+00,4.277710378725485540e+00
2.735999999999999943e+01,5.982695802962948051e+01,3.472749607691283380e+00,4.043012835176496012e+00
2.737000000000000099e+01,5.945912963009286756e+01,3.128304318050445509e+00,3.747134761186710072e+00
2.737999999999999901e+01,5.904656024274058979e+01,2.744609852811330519e+00,3.406157751831173641e+00
2.739000000000000057e+01,5.860428556494345997e+01,2.336696485929823375e+00,3.034732656515548577e+00
2.740000000000000213e+01,5.814628677936087087e+01,1.917899615379525802e+00,2.646117561687311159e+00
2.741000000000000014e+01,5.768544096179756053e+01,1.500126145354774287e+00,2.252294644424224224e+00
2.742000000000000171e+01,5.723357687440228148e+01,1.094129047169878355e+00,1.864135287021451148e+00
2.742999999999999972e+01,5.680149230558331652e+01,7.097622735802167071e-01,1.491531990025274368e+00
2.744000000000000128e+01,5.639902521784248535e+01,3.563036779811734611e-01,1.143476975834945009e+00
2.744999999999999929e+01,5.603645715899553892e+01,4.294048212316603497e-02,8.290387451654890327e-01
2.746000000000000085e+01,5.572215417630702206e+01,2.236714425690733421e-01,5.567191549544769913e-01
2.746999999999999886e+01,5.546178021527300928e+01,4.413378772517573267e-01,3.325972394052634229e-01
2.748000000000000043e+01,5.525489862159718513e+01,6.136198064916609241e-01,1.558954979716808964e-01
2.749000000000000199e+01,5.509696467448763002e+01,7.466233706193148301e-01,2.190287153180925372e-02
2.750000000000000000e+01,5.498146745377935218e+01,8.470552781657536556e-01,7.564696104844781388e-02
2.751000000000000156e+01,5.512653201012584958e+01,5.512138738060223808e-01,2.516783672844580266e-01
2.751999999999999957e+01,5.555961736341266999e+01,2.244483845499911645e-01,9.448856854342713163e-01
2.753000000000000114e+01,5.613257680475761191e+01,1.152137311597134506e+00,1.783344254517205130e+00
2.753999999999999915e+01,5.673468289864495517e+01,2.063935807788630505e+00,2.630707202865623096e+00
2.755000000000000071e+01,5.728861113963674967e+01,2.865968174701472027e+00,3.400627492036845112e+00
2.756000000000000227e+01,5.774515749029801270e+01,3.512356616342526827e+00,4.044348307135847698e+00
2.757000000000000028e+01,5.807658920665409141e+01,3.987469621578587642e+00,4.539723812707285866e+00
2.758000000000000185e+01,5.827136005910043792e+01,4.294580239107281372e+00,4.882825863759099327e+00
2.758999999999999986e+01,5.832926643629598829e+01,4.448047688449752179e+00,5.080742999628906631e+00
2.760000000000000142e+01,5.825825883558957941e+01,4.467846657628726348e+00,5.147388181482082103e+00
2.760999999999999943e+01,5.807153476215287924e+01,4.375873246078132439e+00,5.100020825790863022e+00
2.762000000000000099e+01,5.778522670026580954e+01,4.193366430839729375e+00,4.956891799069218507e+00
2.762999999999999901e+01,5.741679754409555159e+01,3.940278912473837991e+00,4.736096066350281575e+00
2.764000000000000057e+01,5.698394569820680289e+01,3.634722259407530132e+00,4.454859711722547466e+00
2.765000000000000213e+01,5.650388758627457264e+01,3.292639042185241394e+00,4.129113583233423590e+00
2.766000000000000014e+01,5.599295925426208953e+01,2.928294550291532516e+00,3.773274293206951846e+00
2.767000000000000171e+01,5.546646607636044024e+01,2.554250814665204317e+00,3.400359548060172266e+00
2.767999999999999972e+01,5.493862807016791550e+01,2.181626217542032009e+00,3.022112835994295033e+00
2.769000000000000128e+01,5.442261393042898021e+01,1.820389447104664438e+00,2.649154939445286239e+00
2.769999999999999929e+01,5.393065947317823827e+01,1.479634323149736641e+00,2.291236797539508707e+00
2.771000000000000085e+01,5.347421427907687530e+01,1.167780745663427044e+00,1.957343937635580566e+00
2.771999999999999886e+01,5.306376469570130183e+01,8.926967664528717705e-01,1.655691242748336123e+00
2.773000000000000043e+01,5.270885838959560488e+01,6.593233728536262994e-01,1.394391826142094004e+00
2.774000000000000199e+01,5.241436980075084051e+01,4.661836503518368424e-01,1.178938833253928564e+00
2.775000000000000000e+01,5.217919811852141265e+01,3.101087913337519097e-01,1.008426472902113069e+00
2.776000000000000156e+01,5.199854050407781614e+01,1.867533466848869672e-01,8.786388540213962983e-01
2.776999999999999957e+01,5.186528619231771131e+01,9.107296524063501764e-02,7.837826421709381819e-01
2.778000000000000114e+01,5.201409602537926702e+01,4.190429306989429392e-01,1.117627852478486616e+00
2.778999999999999915e+01,5.244766877151932505e+01,1.188743782321699527e+00,1.808708536813807832e+00
2.780000000000000071e+01,5.302715260108334405e+01,2.110141850212798875e+00,2.641556053738058907e+00
2.781000000000000227e+01,5.364207885906554907e+01,3.020777224539694661e+00,3.480802197545651566e+00
2.782000000000000028e+01,5.421366722906764579e+01,3.826770360016662487e+00,4.239892489246943619e+00
2.783000000000000185e+01,5.469128772763090751e+01,4.481633126478257623e+00,4.869588700956106742e+00
2.783999999999999986e+01,5.504644051487597523e+01,4.969653989839284414e+00,5.347532772813856639e+00
2.785000000000000142e+01,5.526725902525858913e+01,5.293965585468796142e+00,5.669584614209965956e+00
2.785999999999999943e+01,5.535442196183218755e+01,5.468391154013819033e+00,5.843585571991494199e+00
2.787000000000000099e+01,5.531503000394281599e+01,5.512467082700811538e+00,5.883376944899487704e+00
2.787999999999999901e+01,5.516235591859711462e+01,5.447610183124340644e+00,5.806642207860979177e+00
2.789000000000000057e+01,5.491238527507576350e+01,5.294522766829567573e+00,5.632225296823278882e+00
2.790000000000000213e+01,5.458251590541908627e+01,5.072523206115009842e+00,5.378916576771031188e+00
2.791000000000000014e+01,5.418984087471717714e+01,4.799274804690001339e+00,5.064186571531847925e+00
2.792000000000000171e+01,5.375105529690649320e+01,4.490353145166936955e+00,4.704580281393311303e+00
2.792999999999999972e+01,5.328195589593680381e+01,4.159231197601198637e+00,4.315116820106545958e+00
2.794000000000000128e+01,5.279724346616976050e+01,3.817755781652554248e+00,3.909371192971966558e+00
2.794999999999999929e+01,5.231049562379491391e+01,3.476460002776460279e+00,3.499664512445321840e+00
2.796000000000000085e+01,5.183422105486222620e+01,3.144713725340086974e+00,3.097294535583383635e+00
2.796999999999999886e+01,5.137996539162772791e+01,2.830969606829436547e+00,2.712608298909624516e+00
2.798000000000000043e+01,5.095845865933981855e+01,2.542989595415212634e+00,2.355188415217424058e+00
2.799000000000000199e+01,5.057976536815638013e+01,2.287928642618175523e+00,2.034017579299551848e+00
2.800000000000000000e+01,5.025278751312470149e+01,2.070857468741083007e+00,1.757151577796212116e+00
2.801000000000000156e+01,4.998183166481579320e+01,1.891763468174378904e+00,1.528458318017844597e+00
2.801999999999999957e+01,4.976566313082852844e+01,1.748095168938590405e+00,1.346392424721565284e+00
2.803000000000000114e+01,4.959946842817676327e+01,1.635752218471508979e+00,1.206336758775905516e+00
2.803999999999999915e+01,4.947651284363033142e+01,1.549814144587324805e+00,1.102262073877757764e+00
2.805000000000000071e+01,4.963323677338241424e+01,1.870938896601226364e+00,1.441538166680578215e+00
2.806000000000000227e+01,5.008594655357290293e+01,2.639897670519308903e+00,2.136897887717759126e+00
2.807000000000000028e+01,5.068489369172407777e+01,3.556414560420551041e+00,2.973556805612842524e+00
2.808000000000000185e+01,5.131776315911497477e+01,4.451527249745623749e+00,3.814394930632958314e+00
2.808999999999999986e+01,5.190470265629987523e+01,5.228341499599720166e+00,4.570431432169619335e+00
2.810000000000000142e+01,5.239392215359781346e+01,5.838282255789028596e+00,5.190098041940705009e+00
2.810999999999999943e+01,5.275605346887032709e+01,6.264141253974619516e+00,5.649399135217780810e+00
2.812000000000000099e+01,5.297870420883295139e+01,6.508345436505802439e+00,5.943428801850836329e+00
2.812999999999999901e+01,5.306111476169836294e+01,6.585437119198955358e+00,6.079188246231881365e+00
2.814000000000000057e+01,5.301105087862970322e+01,6.515716188073172432e+00,6.070779014439864341e+00
2.815000000000000213e+01,5.284169374256980944e+01,6.321611526612813670e+00,5.936112082562394754e+00
2.816000000000000014e+01,5.256933832818199903e+01,6.025871692819151804e+00,5.694750821777616601e+00
2.817000000000000171e+01,5.221170792168028640e+01,5.650250555871705771e+00,5.366440748917344905e+00
2.817999999999999972e+01,5.178680069079760528e+01,5.214877970799780549e+00,4.970242151907777739e+00
2.819000000000000128e+01,5.131213880552660811e+01,4.738032468525998908e+00,4.524065272860644527e+00
2.819999999999999929e+01,5.080432356867872556e+01,4.236186777098193801e+00,4.044485097696726150e+00
2.821000000000000085e+01,5.027886243967878954e+01,3.724186703939869059e+00,3.546762256414703884e+00
2.821999999999999886e+01,4.975013729478231284e+01,3.215481795274921506e+00,3.044933884486678011e+00
2.823000000000000043e+01,4.923141859716662339e+01,2.722384872058170036e+00,2.551945688703538551e+00
2.824000000000000199e+01,4.873498033754991354e+01,2.256305776453082501e+00,2.079821854788277413e+00
2.825000000000000000e+01,4.827226034236387164e+01,1.828067751653783546e+00,1.639840898341793363e+00
2.826000000000000156e+01,4.785411076000148256e+01,1.448365134200768622e+00,1.242825781617495906e+00
2.826999999999999957e+01,4.749157021797936551e+01,1.125133807983513812e+00,8.995637867722505732e-01
2.828000000000000114e+01,4.719261383863598525e+01,8.614799356242985873e-01,6.173901157171535203e-01
2.828999999999999915e+01,4.695631456304374751e+01,6.531811833154765878e-01,3.949069128381665905e-01
2.830000000000000071e+01,4.677690449913122706e+01,4.928111841050464292e-01,2.258664931175102808e-01
2.831000000000000227e+01,4.664639869508859249e+01,3.722274451448681631e-01,1.021182268140519156e-01
2.832000000000000028e+01,4.677416644040183513e+01,6.550080324502216556e-01,4.098376437305928377e-01
2.833000000000000185e+01,4.722681934044553742e+01,1.423750735489615060e+00,1.106467731816440647e+00
2.833999999999999986e+01,4.783232783735017080e+01,2.347265924850960861e+00,1.958901745092500590e+00
2.835000000000000142e+01,4.847080519176321900e+01,3.250578303053142104e+00,2.821614146132578327e+00
2.835999999999999943e+01,4.906047622300893352e+01,4.035305911788633182e+00,3.602531076026704859e+00
2.837000000000000099e+01,4.954782106775193284e+01,4.652135530624990523e+00,4.248409880586057064e+00
2.837999999999999901e+01,4.990145502144898160e+01,5.083507664705166462e+00,4.734087335828696119e+00
2.839000000000000057e+01,5.010705958357747392e+01,5.331843877044883939e+00,5.053134903115541476e+00
2.840000000000000213e+01,5.016324002370156876e+01,5.411580607700638978e+00,5.211778464342176065e+00
2.841000000000000014e+01,5.007772090399940623e+01,5.342824312331185155e+00,5.223633742769018262e+00
2.842000000000000171e+01,4.986412097932291232e+01,5.148080942775800750e+00,5.106420499330521778e+00
2.842999999999999972e+01,4.953956132170655735e+01,4.850229005738726507e+00,4.879667223997796732e+00
2.844000000000000128e+01,4.912287716235448443e+01,4.471139926803591180e+00,4.563233491816753862e+00
2.844999999999999929e+01,4.863335438048246573e+01,4.031296193160116559e+00,4.176274010173064433e+00
2.846000000000000085e+01,4.808993845199302797e+01,3.549195563984031132e+00,3.736878475359750595e+00
2.846999999999999886e+01,4.751073281286848271e+01,3.041425360861493843e+00,3.261821122336860945e+00
2.848000000000000043e+01,4.691276441746150283e+01,2.522948759818455233e+00,2.766536166665223284e+00
2.849000000000000199e+01,4.631193735041086512e+01,2.007330496427650601e+00,2.265221635854852700e+00
2.850000000000000000e+01,4.572303381763223484e+01,1.506984806393663057e+00,1.770962665359809840e+00
2.851000000000000156e+01,4.515982217970245216e+01,1.033397312891426445e+00,1.295908189167915836e+00
2.851999999999999957e+01,4.463482614056668751e+01,5.973799114093458762e-01,8.512436040708504237e-01
2.853000000000000114e+01,4.416063177304634024e+01,2.092601492710843836e-01,4.478850143589951927e-01
2.853999999999999915e+01,4.374881254950518894e+01,1.196542573906889118e-01,9.736278715255508587e-02
2.855000000000000071e+01,4.340691773577123769e+01,3.865262028640015224e-01,1.912808959346756765e-01
2.856000000000000227e+01,4.313514923136231261e+01,5.959795252800659249e-01,4.184162011935388392e-01
2.857000000000000028e+01,4.292800216428332760e+01,7.560887613034528165e-01,5.898303453447661937e-01
2.858000000000000185e+01,4.277717395667715294e+01,8.755983321589999591e-01,7.134684044864947339e-01
2.858999999999999986e+01,4.290208840153297842e+01,6.101559724234761894e-01,4.177815360248970933e-01
2.860000000000000142e+01,4.334474345940680706e+01,1.566821914941174398e-01,2.737175668072744372e-01
2.860999999999999943e+01,4.395120686376199615e+01,1.075539137465830741e+00,1.124991661491492323e+00
2.862000000000000099e+01,4.460254511965794677e+01,1.978389245440359545e+00,1.991317880071452606e+00
2.862999999999999901e+01,4.521607736368377317e+01,2.772942376484954785e+00,2.781633892778523354e+00
2.864000000000000057e+01,4.573793482467863925e+01,3.413489941651970394e+00,3.443576532066394691e+00
2.865000000000000213e+01,4.613699270449858858e+01,3.884356968144209166e+00,3.952614407884080805e+00
2.866000000000000014e+01,4.639942099438732015e+01,4.188693048999048152e+00,4.303154539426534697e+00
2.867000000000000171e+01,4.652430944125160295e+01,4.340405389191004382e+00,4.501910882690918214e+00
2.867999999999999972e+01,4.651929544091274948e+01,4.358472413301228698e+00,4.562904941431855654e+00
2.869000000000000128e+01,4.639728599424714162e+01,4.265406135877225502e+00,4.504094024135874008e+00
2.869999999999999929e+01,4.617382929105332323e+01,4.082357701426342800e+00,4.344011088334154280e+00
2.871000000000000085e+01,4.586682075270484660e+01,3.828709346283987180e+00,4.101900761850796329e+00
2.871999999999999886e+01,4.549433657893347771e+01,3.522261163281248386e+00,3.796244825727712602e+00
2.873000000000000043e+01,4.507339507863019890e+01,3.179309379536976454e+00,3.443596201950227531e+00
2.874000000000000199e+01,4.462020011149271426e+01,2.814368698676406044e+00,3.059435918747244187e+00
2.875000000000000000e+01,4.414970032224113794e+01,2.439306136190977359e+00,2.657584617250408066e+00
2.876000000000000156e+01,4.367564812799410134e+01,2.065303409723273642e+00,2.250732578190306477e+00
2.876999999999999957e+01,4.321069113838318998e+01,1.702478731292866865e+00,1.850400805956442518e+00
2.878000000000000114e+01,4.276643501849628137e+01,1.359988181018567666e+00,1.467095009796137717e+00
2.878999999999999915e+01,4.235358357504201621e+01,1.046275905180860111e+00,1.110497002712707015e+00
2.880000000000000071e+01,4.198210219507975438e+01,7.692136138762739606e-01,7.896416060360067490e-01
2.881000000000000227e+01,4.166081044995509330e+01,5.337095058685070725e-01,5.127061946256228353e-01
2.882000000000000028e+01,4.139418389295141054e+01,3.387647590927800323e-01,2.839469738764588413e-01
2.883000000000000185e+01,4.118126973006056346e+01,1.815894521468019995e-01,1.019891739939549069e-01
2.883999999999999986e+01,4.101754596040563428e+01,5.789227613733904931e-02,3.777351835643205646e-02
2.885000000000000142e+01,4.089659098543638294e+01,3.749734296132345435e-02,1.413378580741309065e-01
2.885999999999999943e+01,4.105721710443580008e+01,2.858251360008390307e-01,1.982595086426064412e-01
2.887000000000000099e+01,4.151965671809801250e+01,1.039568884215802402e+00,9.097880296389249111e-01
2.887999999999999901e+01,4.213160654877953704e+01,1.935304403690107922e+00,1.775217698304021319e+00
2.889000000000000057e+01,4.277787053509829462e+01,2.807855311691753730e+00,2.655460110857488232e+00
2.890000000000000213e+01,4.337495711838118240e+01,3.563055918910762454e+00,3.460131507107999660e+00
2.891000000000000014e+01,4.386806375778299127e+01,4.153504145179509166e+00,4.136960227239749877e+00
2.892000000000000171e+01,4.422497554684881749e+01,4.562800456783200787e+00,4.660878409682767121e+00
2.892999999999999972e+01,4.443114549577094152e+01,4.794073834008649726e+00,5.025565139576415596e+00
2.894000000000000128e+01,4.448525416684572065e+01,4.862162028997918384e+00,5.237034982860100385e+00
2.894999999999999929e+01,4.439513733388402983e+01,4.786603244292919612e+00,5.308769351179742912e+00
2.896000000000000085e+01,4.417485268327369141e+01,4.589960665994318845e+00,5.257860708517081427e+00
2.896999999999999886e+01,4.384195974386485517e+01,4.294667515134465319e+00,5.103004957607182313e+00
2.898000000000000043e+01,4.341574174479048764e+01,3.922103688008715672e+00,4.863062085755376351e+00
2.899000000000000199e+01,4.291596138558767848e+01,3.491985245759721135e+00,4.556148192192410740e+00
2.900000000000000000e+01,4.236201728668586952e+01,3.022234138592816421e+00,4.199159065135238400e+00
2.901000000000000156e+01,4.177243550543871464e+01,2.529050755165518360e+00,3.807621149582107734e+00
2.901999999999999957e+01,4.116465977444732971e+01,2.026881215424880534e+00,3.395682269280220211e+00
2.903000000000000114e+01,4.055495816189100111e+01,1.528913654974373149e+00,2.976154877262104925e+00
2.903999999999999915e+01,3.995845805453054567e+01,1.047311893590252563e+00,2.560718209053458594e+00
2.905000000000000071e+01,3.938925181388244567e+01,5.933456843827400462e-01,2.160097858079579325e+00
2.906000000000000227e+01,3.886053216729106197e+01,1.776146883703533241e-01,1.784228570377299761e+00
2.907000000000000028e+01,3.838433962632878149e+01,1.896679617517382788e-01,1.442192151047572146e+00
2.908000000000000185e+01,3.797103248746743986e+01,5.004445255157308203e-01,1.143854974839708660e+00
2.908999999999999986e+01,3.762541386107173480e+01,7.557845786996253423e-01,8.975350299278428423e-01
2.910000000000000142e+01,3.734822611835917883e+01,9.604776410780391238e-01,7.036121267129935575e-01
2.910999999999999943e+01,3.713508800055043224e+01,1.120947023837137735e+00,5.577392248331536351e-01
2.912000000000000099e+01,3.697830649943679759e+01,1.244370813819006827e+00,4.533470261216532293e-01
2.912999999999999901e+01,3.713035425268107304e+01,9.421829626084510245e-01,7.648716336722261033e-01
2.914000000000000057e+01,3.757951663186238989e+01,1.822377904112659763e-01,1.467532342117272570e+00
2.915000000000000213e+01,3.820182865539370454e+01,7.279489742552658349e-01,2.334325562809214105e+00
2.916000000000000014e+01,3.887667336917138527e+01,1.629318642568544639e+00,3.220653938373008174e+00
2.917000000000000171e+01,3.951562118900073273e+01,2.430730502649802727e+00,4.034038281081731014e+00
2.917999999999999972e+01,4.006040011314224358e+01,3.086691208636471728e+00,4.720990986832429570e+00
2.919000000000000128e+01,4.047695796962017312e+01,3.581614606283090030e+00,5.255913138301648857e+00
2.919999999999999929e+01,4.074999227226039267e+01,3.918601566502255551e+00,5.632543284188828991e+00
2.921000000000000085e+01,4.087740607371126345e+01,4.111514456031639675e+00,5.857021558316799492e+00
2.921999999999999886e+01,4.086606570144425632e+01,4.178617423133079711e+00,5.942831004179249810e+00
2.923000000000000043e+01,4.072921581810199143e+01,4.141093584746680101e+00,5.907395853061436775e+00
2.924000000000000199e+01,4.048363623837531122e+01,4.018995164554839405e+00,5.769545462463665508e+00
2.925000000000000000e+01,4.014778158054453883e+01,3.831013956378526153e+00,5.548264600059527041e+00
2.926000000000000156e+01,3.974050936119733990e+01,3.593949156179332416e+00,5.261741801090624726e+00
2.926999999999999957e+01,3.928021421576858074e+01,3.322647458043448410e+00,4.926897661566953524e+00
2.928000000000000114e+01,3.878432186825220640e+01,3.029928630042810767e+00,4.559154790666597457e+00
2.928999999999999915e+01,3.826903419352349545e+01,2.726872007567160416e+00,4.172406801490002870e+00
2.930000000000000071e+01,3.774925410975299656e+01,2.423284289257143787e+00,3.779180594837061591e+00
2.931000000000000227e+01,3.723866729679237153e+01,2.127821441612498532e+00,3.390785995304623768e+00
2.932000000000000028e+01,3.674983109769144818e+01,1.848229503922715899e+00,3.017485714916334771e+00
2.933000000000000185e+01,3.629432979805699233e+01,1.591568836451062730e+00,2.668685929932079759e+00
2.933999999999999986e+01,3.588315661603171236e+01,1.364229318268239677e+00,2.353369181833042667e+00
2.935000000000000142e+01,3.552681325254513922e+01,1.170943277172431518e+00,2.079971075722331086e+00
2.935999999999999943e+01,3.523241740547422296e+01,1.012080748226451554e+00,1.854826726934599712e+00
2.937000000000000099e+01,3.499912166167106164e+01,8.849333147965543489e-01,1.677134455075668384e+00
2.937999999999999901e+01,3.482155393490168649e+01,7.854351269491743892e-01,1.542193079633880082e+00
2.939000000000000057e+01,3.469217284508304999e+01,7.091147927303920184e-01,1.443721959722532588e+00
2.940000000000000213e+01,3.483616463362798754e+01,1.031722215177111046e+00,1.768463573632583774e+00
2.941000000000000014e+01,3.531536156717392316e+01,1.794125622078091009e+00,2.481114098186520955e+00
2.942000000000000171e+01,3.595839760395165285e+01,2.696869486219777290e+00,3.350951386818956657e+00
2.942999999999999972e+01,3.664262661480595540e+01,3.574489655295498558e+00,4.232712211885703013e+00
2.944000000000000128e+01,3.728180012120027698e+01,4.333265505269300988e+00,5.033676031665046402e+00
2.944999999999999929e+01,3.781856856712231973e+01,4.926795605499023623e+00,5.699692381135323949e+00
2.946000000000000085e+01,3.821934315242145175e+01,5.338706581257957495e+00,6.204653182691144409e+00
2.946999999999999886e+01,3.846826072438203425e+01,5.571897436421613392e+00,6.541542181018766833e+00
2.948000000000000043e+01,3.856303943795872158e+01,5.640696978677917528e+00,6.716156545982343573e+00
2.949000000000000199e+01,3.851114731127100299e+01,5.565276354717041407e+00,6.742126834871076113e+00
2.950000000000000000e+01,3.832641982273008097e+01,5.367689151051068919e+00,6.637223442949480301e+00
2.951000000000000156e+01,3.802647015642365602e+01,5.070321642657749095e+00,6.421185465627310407e+00
2.951999999999999957e+01,3.763078023432955632e+01,4.694580617575050852e+00,6.114126714607204249e+00
2.953000000000000114e+01,3.715935098779116430e+01,4.260288318344073843e+00,5.735580324558009480e+00
2.953999999999999915e+01,3.663180383909739390e+01,3.785474789190279576e+00,5.303958910897521584e+00
2.955000000000000071e+01,3.606683266669083565e+01,3.286422946085332253e+00,4.836315307390814944e+00
2.956000000000000227e+01,3.548194675098377360e+01,2.777796827147238634e+00,4.348317945182311739e+00
2.957000000000000028e+01,3.489339769481636466e+01,2.272881629692913297e+00,3.854324108933049331e+00
2.958000000000000185e+01,3.431620892317013727e+01,1.783871878378195941e+00,3.367525620634470584e+00
2.958999999999999986e+01,3.376430819795881177e+01,1.322576213087678365e+00,2.900095837325200598e+00
2.960000000000000142e+01,3.325053332426492148e+01,8.988561190582111671e-01,2.463411444801666406e+00
2.960999999999999943e+01,3.278650251425008122e+01,5.230772954122886453e-01,2.067909412842072747e+00
2.962000000000000099e+01,3.238367239208983506e+01,2.042830962728503508e-01,1.724661119639425699e+00
2.962999999999999901e+01,3.204819732401045940e+01,5.616379885575728537e-02,1.441418517786674514e+00
2.964000000000000057e+01,3.178021360966365449e+01,2.628281850314828638e-01,1.217569666389195504e+00
2.965000000000000213e+01,3.157484556809928122e+01,4.228503382729953408e-01,1.047700750253732771e+00
2.966000000000000014e+01,3.142437003790531236e+01,5.440894592630973747e-01,9.242563106224288560e-01
2.967000000000000171e+01,3.156975712956469593e+01,2.586381255144099001e-01,1.227272207243834679e+00
2.967999999999999972e+01,3.203835215576733475e+01,4.948587604955423380e-01,1.929218543248456541e+00
2.969000000000000128e+01,3.267956473250033156e+01,1.397410952416244800e+00,2.795355625286322088e+00
2.969999999999999929e+01,3.336859394244881827e+01,2.286112781218152534e+00,3.677394532076161404e+00
2.971000000000000085e+01,3.401542169321923836e+01,3.068916681236322219e+00,4.480180849374293395e+00
2.971999999999999886e+01,3.456020481726896065e+01,3.700436703732767896e+00,5.147850147739552185e+00
2.973000000000000043e+01,3.496760977644443358e+01,4.163708600421367478e+00,5.653321024339019729e+00
2.974000000000000199e+01,3.522125331177502972e+01,4.461590058205954890e+00,5.989351263066322595e+00
2.975000000000000000e+01,3.531847784951566638e+01,4.607649061913909883e+00,6.161523935389712214e+00
2.976000000000000156e+01,3.526685326330763814e+01,4.621435164730403500e+00,6.183853670000516445e+00
2.976999999999999957e+01,3.508028371687362323e+01,4.524038963936549251e+00,6.074410595945267666e+00
2.978000000000000114e+01,3.477658506003179895e+01,4.336348419238134078e+00,5.853219886071236999e+00
2.978999999999999915e+01,3.437556463329730150e+01,4.078083159291256976e+00,5.540725772464338839e+00
2.980000000000000071e+01,3.389761312575326002e+01,3.767271695991947222e+00,5.156813178648023133e+00
2.981000000000000227e+01,3.336277461756920104e+01,3.419945349097730514e+00,4.720273079041881203e+00
2.982000000000000028e+01,3.279016775388102189e+01,3.050142956507739811e+00,4.248429033130274313e+00
2.983000000000000185e+01,3.219767564155584694e+01,2.670434547913158596e+00,3.757180000477089443e+00
2.983999999999999986e+01,3.160199796848532472e+01,2.291888014460730094e+00,3.261223454962713930e+00
2.985000000000000142e+01,3.101860394853468605e+01,1.924474372879736439e+00,2.773906677946635924e+00
2.985999999999999943e+01,3.046145629443365621e+01,1.577354930838770208e+00,2.307449319453702685e+00
2.987000000000000099e+01,2.994365054664610426e+01,1.258915152053119435e+00,1.873362916310572501e+00
2.987999999999999901e+01,2.947736974881658156e+01,9.769336809781759001e-01,1.482375829807258683e+00
2.989000000000000057e+01,2.907338560749361989e+01,7.372314448380046237e-01,1.144241651570232499e+00
2.990000000000000213e+01,2.873816427535134821e+01,5.399974176600874642e-01,8.646791065031189660e-01
2.991000000000000014e+01,2.847071855635606497e+01,3.822524776702640459e-01,6.423038924073809497e-01
2.992000000000000171e+01,2.826532832878585211e+01,2.592225600241970795e-01,4.716258877363044277e-01
2.992999999999999972e+01,2.811403364770766089e+01,1.652927588144947890e-01,3.454756724552421332e-01
2.994000000000000128e+01,2.826217305504931332e+01,4.796064295776725217e-01,6.650795161771139163e-01
2.994999999999999929e+01,2.874770720593689077e+01,1.233278632547685216e+00,1.377565717564421810e+00
2.996000000000000085e+01,2.940980305285198426e+01,2.128934004575810945e+00,2.253481118862810106e+00
2.996999999999999886e+01,3.012385082939619707e+01,2.999469693154455108e+00,3.144292721556141146e+00
2.998000000000000043e+01,3.080116977258865063e+01,3.748307401183870180e+00,3.953196523291957476e+00
2.999000000000000199e+01,3.138230517387225049e+01,4.326718366806259652e+00,4.623140408655523892e+00
3.000000000000000000e+01,3.183211740008455592e+01,4.716907611549137513e+00,5.125821762682170046e+00
3.001000000000000156e+01,3.213390382436798376e+01,4.920883047074497973e+00,5.453253914190381302e+00
3.001999999999999957e+01,3.228458531879898885e+01,4.952838316190200096e+00,5.610793639258759846e+00
3.003000000000000114e+01,3.229103731683580492e+01,4.832619107238478762e+00,5.611964845793626644e+00
3.003999999999999915e+01,3.216660009828927969e+01,4.582762415025087854e+00,5.475063022637671750e+00
3.005000000000000071e+01,3.192844471823850938e+01,4.226401292521330788e+00,5.220616278346690287e+00
3.006000000000000227e+01,3.159559445371737496e+01,3.786000571898096023e+00,4.869697814590900897e+00
3.007000000000000028e+01,3.118755175025901494e+01,3.282563568767382645e+00,4.442934369939366412e+00
3.008000000000000185e+01,3.072338353321564597e+01,2.735278532814688912e+00,3.959912230453332960e+00
3.008999999999999986e+01,3.022114769481576246e+01,2.161653336944346915e+00,3.438865426900084010e+00
3.010000000000000142e+01,2.969762451943841342e+01,1.577645023181861728e+00,2.896635459610497065e+00
3.010999999999999943e+01,2.916825507783368820e+01,9.978491385257415303e-01,2.348743417877163786e+00
3.012000000000000099e+01,2.864717446507131271e+01,4.357427096662869204e-01,1.809528440209762223e+00
3.012999999999999901e+01,2.814732675176906440e+01,9.608838378954986936e-02,1.292293508522779355e+00
3.014000000000000057e+01,2.768053984979415461e+01,5.857461010107534172e-01,8.094450767330840790e-01
3.015000000000000213e+01,2.725748736476281309e+01,1.021539923427017271e+00,3.724795890681642518e-01
3.016000000000000014e+01,2.688927132890520255e+01,1.391591199549013780e+00,6.312579173162191637e-03
3.017000000000000171e+01,2.658255570997883410e+01,1.691847170209759277e+00,3.187833306877996264e-01
3.017999999999999972e+01,2.633790006620129276e+01,1.927351320280434877e+00,5.659264350984516412e-01
3.019000000000000128e+01,2.615088055697237124e+01,2.107104956447169997e+00,7.539110664305237464e-01
3.019999999999999929e+01,2.601449118067727895e+01,2.240888096540938346e+00,8.910553989105451933e-01
3.021000000000000085e+01,2.616356010941928290e+01,1.987542500082817298e+00,5.949617752445401919e-01
3.021999999999999886e+01,2.665249263893669607e+01,1.236290191274691530e+00,1.189337014412261695e-01
3.023000000000000043e+01,2.731938204477407695e+01,3.349034595053757002e-01,1.007413970634085665e+00
3.024000000000000199e+01,2.803601913763245790e+01,5.502799057500173951e-01,1.917521692428869606e+00
3.025000000000000000e+01,2.871059480425526544e+01,1.326166432262021466e+00,2.750747444594359159e+00
3.026000000000000156e+01,2.928148135777862393e+01,1.946939023531935042e+00,3.449142407179972558e+00
3.026999999999999957e+01,2.971184040533660209e+01,2.396569881060239826e+00,3.983827804302064735e+00
3.028000000000000114e+01,2.998408331837739027e+01,2.677637648472175336e+00,4.346552256324853758e+00
3.028999999999999915e+01,3.009464933580274959e+01,2.803892999222790117e+00,4.542238668233444798e+00
3.030000000000000071e+01,3.005044941722977114e+01,2.795059359742835259e+00,4.584401933843018639e+00
3.031000000000000227e+01,2.986543963057894402e+01,2.672802918455063903e+00,4.491005489605126577e+00
3.032000000000000028e+01,2.955769467377480808e+01,2.457680479335033752e+00,4.282222544459868274e+00
3.033000000000000185e+01,2.914756840434944252e+01,2.169908246589191680e+00,3.978807541334949960e+00
3.033999999999999986e+01,2.865611208872797988e+01,1.828074594248718654e+00,3.600919085809284326e+00
3.035000000000000142e+01,2.810405033749027837e+01,1.448679988818701858e+00,3.167614023783626997e+00
3.035999999999999943e+01,2.751118323812276500e+01,1.046476676975938158e+00,2.696539729088565096e+00
3.037000000000000099e+01,2.689608190138470434e+01,6.345502611055930942e-01,2.203898122971836848e+00
3.037999999999999901e+01,2.627599042726480505e+01,2.245679992464166830e-01,1.704504148588692480e+00
3.039000000000000057e+01,2.566682684462061204e+01,1.729445757475689405e-01,1.211921029771856340e+00
3.040000000000000213e+01,2.508329397453257315e+01,5.483541953780202149e-01,7.386310825387987222e-01
3.041000000000000014e+01,2.453902730473663141e+01,8.926739591280097308e-01,2.962131778303511709e-01
3.042000000000000171e+01,2.404676308196476597e+01,1.197409653414860387e+00,1.044849580632556396e-01
3.042999999999999972e+01,2.361913124303802292e+01,1.455980405991652571e+00,4.521971439348515531e-01
3.044000000000000128e+01,2.326506335880856824e+01,1.667785780479491553e+00,7.387503408053941456e-01
3.044999999999999929e+01,2.298394934555425451e+01,1.836267060743024260e+00,9.650388380463281734e-01
3.046000000000000085e+01,2.276972908204896839e+01,1.967252178008360719e+00,1.136730953871234462e+00
3.046999999999999886e+01,2.261393258430685549e+01,2.067183765216751290e+00,1.261459232630990357e+00
3.048000000000000043e+01,2.273885110273414512e+01,1.766943415263844130e+00,9.600686523524304405e-01
3.049000000000000199e+01,2.321417831767137585e+01,1.030185003477512851e+00,2.389553848781700296e-01
3.050000000000000000e+01,2.386677273531843824e+01,1.563973695924980589e-01,6.628575398573977040e-01
3.051000000000000156e+01,2.457125334580237563e+01,6.998916481977812687e-01,1.598356848785953410e+00
3.051999999999999957e+01,2.523858912283279210e+01,1.453438656027705722e+00,2.475494354105878259e+00
3.053000000000000114e+01,2.580919753648419501e+01,2.063185022344427022e+00,3.240632285509303934e+00
3.053999999999999915e+01,2.624746368300229094e+01,2.516238866058284618e+00,3.867873104236196902e+00
3.055000000000000071e+01,2.653630910864335135e+01,2.817144640216318052e+00,4.349918882858516689e+00
3.056000000000000227e+01,2.667340988082039743e+01,2.980561447902541072e+00,4.691980179135635254e+00
3.057000000000000028e+01,2.666514531553090706e+01,3.024606163026744010e+00,4.905799407630140330e+00
3.058000000000000185e+01,2.652524269101358456e+01,2.969214194542546537e+00,5.007564508452633234e+00
3.058999999999999986e+01,2.627154953214282074e+01,2.834581596154184258e+00,5.015075760846476882e+00
3.060000000000000142e+01,2.592383656710437023e+01,2.638897553350949554e+00,4.945693643414017515e+00
3.060999999999999943e+01,2.550226468797325907e+01,2.398273678386186880e+00,4.815861486342720710e+00
3.062000000000000099e+01,2.502649934025791367e+01,2.126813800022275824e+00,4.640579945250467020e+00
3.062999999999999901e+01,2.460489353817443714e+01,1.894865803031720031e+00,4.498197721503505164e+00
3.064000000000000057e+01,2.432802199323494463e+01,1.719093200838073265e+00,4.444635233433413823e+00
3.065000000000000213e+01,2.415556543712959936e+01,1.556008332008751438e+00,4.435204245063273376e+00
3.066000000000000014e+01,2.405705887216602434e+01,1.397495334051701565e+00,4.454526545798254134e+00
3.067000000000000171e+01,2.400052183846648646e+01,1.239474688969011140e+00,4.492597359423644576e+00
3.067999999999999972e+01,2.396598072464461993e+01,1.082140329018932423e+00,4.540829540432556044e+00
3.069000000000000128e+01,2.394426908780362950e+01,9.282340481080453287e-01,4.591866646911690886e+00
3.069999999999999929e+01,2.393154578600842441e+01,7.806447330701016263e-01,4.640428387127304433e+00
3.071000000000000085e+01,2.392440189952502294e+01,6.392227810588235748e-01,4.684438595476070333e+00
3.071999999999999886e+01,2.392230720040427983e+01,5.038121173321363777e-01,4.723034739256504189e+00
3.073000000000000043e+01,2.392506555599194229e+01,3.751758656194148500e-01,4.756050261419453307e+00
3.074000000000000199e+01,2.393170118263746105e+01,2.538415772298519002e-01,4.783503882049178202e+00
3.075000000000000000e+01,2.414168000076487175e+01,2.488460539241121872e-01,4.897206789719277253e+00
3.076000000000000156e+01,2.449980831643838641e+01,4.029376712206822475e-01,5.167903544443297470e+00
3.076999999999999957e+01,2.497700933359003983e+01,7.138257861555863393e-01,5.618204623415112842e+00
3.078000000000000114e+01,2.553945431007173639e+01,1.377286214035544631e+00,6.393957174050113323e+00
3.078999999999999915e+01,2.611674500258052944e+01,2.187622517554221879e+00,7.260425943895754131e+00
3.080000000000000071e+01,2.664874522342416796e+01,2.927096584214583519e+00,7.990392603321350151e+00
3.081000000000000227e+01,2.708047441077844653e+01,3.543899152479934589e+00,8.559180712207403730e+00
3.082000000000000028e+01,2.737539888840662172e+01,4.010096024267440384e+00,8.952834895999295384e+00
3.083000000000000185e+01,2.751688369345919938e+01,4.315178240959727241e+00,9.166119056024824019e+00
3.083999999999999986e+01,2.750318869244842901e+01,4.463240158541104563e+00,9.204728983644550055e+00
3.085000000000000142e+01,2.734252517173280239e+01,4.468150670012771997e+00,9.082266797155957860e+00
3.085999999999999943e+01,2.704940964052623897e+01,4.349212038192162844e+00,8.817412064648033621e+00
3.087000000000000099e+01,2.664269683003375633e+01,4.128034804910751809e+00,8.432256137128613105e+00
3.087999999999999901e+01,2.614337470041333589e+01,3.826489866710858223e+00,7.950036202796328944e+00
3.089000000000000057e+01,2.557314731369516991e+01,3.465402212473156496e+00,7.393916458632965316e+00
3.090000000000000213e+01,2.495356755963862128e+01,3.063880644063821101e+00,6.786357754122729347e+00
3.091000000000000014e+01,2.448553750831467113e+01,2.761108187496530419e+00,6.351635937384081387e+00
3.092000000000000171e+01,2.421391335318975990e+01,2.539082868339592736e+00,6.083711923117851583e+00
3.092999999999999972e+01,2.407874869441954502e+01,2.346457269367274723e+00,5.885261179111589414e+00
3.094000000000000128e+01,2.402356319146638342e+01,2.165910704427842504e+00,5.721924991998639243e+00
3.094999999999999929e+01,2.400554445143342264e+01,1.990502571109664665e+00,5.578188383255966443e+00
3.096000000000000085e+01,2.400093585728079049e+01,1.818675852601148168e+00,5.447346194998092805e+00
3.097000000000000242e+01,2.400000352762005207e+01,1.651654486559239743e+00,5.326948610476112123e+00
3.098000000000000043e+01,2.399995931865564458e+01,1.491569997813801951e+00,5.215917672550252071e+00
3.099000000000000199e+01,2.399960386439423132e+01,1.339257740579635758e+00,5.113342122725961225e+00
3.100000000000000000e+01,2.399845760594763888e+01,1.194672170487964813e+00,5.018371223152517935e+00
3.101000000000000156e+01,2.399651386079215598e+01,1.057411386399864650e+00,4.930295079227930977e+00
3.101999999999999957e+01,2.415572473977503520e+01,1.020224965706417741e+00,4.963167672261015184e+00
3.103000000000000114e+01,2.456302312023025891e+01,1.170328432905154425e+00,5.195320910617029497e+00
3.103999999999999915e+01,2.509342037231812483e+01,1.517930354281216143e+00,5.647922497194368674e+00
3.105000000000000071e+01,2.569113646131415862e+01,2.255806424648509889e+00,6.450364124928276155e+00
3.106000000000000227e+01,2.627673588136157790e+01,3.041248828373643853e+00,7.267429324515406464e+00
3.107000000000000028e+01,2.679174261978953098e+01,3.716611841315498044e+00,7.931619565469061328e+00
3.108000000000000185e+01,2.718213664862911827e+01,4.232130098834385734e+00,8.412960374512001849e+00
3.108999999999999986e+01,2.741433291175260223e+01,4.562253321926501570e+00,8.694244578100086329e+00
3.110000000000000142e+01,2.747438295715270939e+01,4.700179945257676906e+00,8.770874018423690188e+00
3.110999999999999943e+01,2.736228499768295208e+01,4.653631483617859388e+00,8.649660086703757855e+00
3.112000000000000099e+01,2.708837324727336693e+01,4.440148908631813995e+00,8.346596881474432905e+00
3.112999999999999901e+01,2.666973590893603685e+01,4.083085092456806287e+00,7.883302538448488939e+00
3.114000000000000057e+01,2.612743367837562403e+01,3.608538954836759682e+00,7.284749485147234971e+00
3.115000000000000213e+01,2.548485398192482165e+01,3.042751909007823663e+00,6.577513411240798469e+00
3.116000000000000014e+01,2.478398830444433898e+01,2.429075910574618469e+00,5.810529415819942756e+00
3.117000000000000171e+01,2.430264599870880815e+01,2.009373647202106206e+00,5.316296911413442849e+00
3.117999999999999972e+01,2.402898752386600734e+01,1.693745026978499268e+00,4.993961460191820301e+00
3.119000000000000128e+01,2.389523835555259978e+01,1.412917435215932382e+00,4.740880495679000717e+00
3.119999999999999929e+01,2.383409036508893308e+01,1.139384732218751139e+00,4.516019257725156777e+00
3.121000000000000085e+01,2.380216185308399446e+01,8.655108753605755822e-01,4.303872011334419767e+00
3.122000000000000242e+01,2.376129715430985812e+01,5.733750505825252475e-01,4.080406341829156958e+00
3.123000000000000043e+01,2.368843718561353029e+01,2.565530790761272328e-01,3.822240648604369184e+00
3.124000000000000199e+01,2.359434937571939983e+01,7.169764557352076295e-02,3.555474279632209189e+00
3.125000000000000000e+01,2.344566733242406542e+01,4.264002347706408180e-01,3.255438345339145556e+00
3.126000000000000156e+01,2.324446605641625041e+01,7.863217376374298517e-01,2.913868639365935209e+00
3.126999999999999957e+01,2.285762544035603483e+01,1.204358819633044586e+00,2.370868851838237035e+00
3.128000000000000114e+01,2.242912575010820575e+01,1.572932348480937659e+00,1.864511875466545732e+00
3.128999999999999915e+01,2.231987003029790984e+01,1.541689509808596981e+00,1.898168090114005224e+00
3.130000000000000071e+01,2.252477429120417085e+01,1.140309362432090357e+00,2.251312704487529182e+00
3.131000000000000227e+01,2.281272791702074088e+01,6.959574087732622871e-01,2.600475198773044561e+00
3.132000000000000028e+01,2.306023993730538280e+01,3.224777572440329365e-01,2.863429071237599821e+00
3.133000000000000185e+01,2.335493589096591904e+01,3.667672734225524422e-02,3.083718483124386900e+00
3.133999999999999986e+01,2.364377227800423853e+01,3.430771945485688867e-01,3.388982579038635201e+00
3.135000000000000142e+01,2.386466397599804168e+01,5.567503852993982427e-01,3.660384033931651793e+00
3.135999999999999943e+01,2.403031600379344823e+01,7.100825996352866376e-01,3.883263751020660237e+00
3.137000000000000099e+01,2.414295866701443671e+01,8.129906074511028535e-01,4.056322791566091546e+00
3.137999999999999901e+01,2.421484813047398887e+01,8.795241361153616211e-01,4.226092059590014216e+00
3.139000000000000057e+01,2.425163471732680165e+01,9.107662714956110683e-01,4.348751000697648195e+00
3.140000000000000213e+01,2.426657486671651753e+01,9.063817589457512369e-01,4.412973020631483223e+00
3.141000000000000014e+01,2.424996000802740070e+01,8.652182511859618508e-01,4.428975434021431568e+00
3.142000000000000171e+01,2.420449195153838318e+01,7.893066251107860865e-01,4.403710808427163670e+00
3.142999999999999972e+01,2.413787612585481668e+01,6.830544160223994687e-01,4.344598335549121337e+00
3.144000000000000128e+01,2.404303031462989892e+01,5.409049314549219112e-01,4.250671295768948532e+00
3.144999999999999929e+01,2.391237592085218466e+01,3.583634135554958355e-01,4.117091308040166098e+00
3.146000000000000085e+01,2.378448983012162898e+01,1.730264098652734006e-01,3.951215718438927382e+00
3.147000000000000242e+01,2.364387591695024682e+01,2.939066012574986786e-02,3.751578136226396687e+00
3.148000000000000043e+01,2.348137500433765368e+01,2.649486557554925348e-01,3.530995545574677763e+00
3.149000000000000199e+01,2.328662268214079489e+01,5.270537645003514626e-01,3.286631895235037071e+00
3.150000000000000000e+01,2.331756961000466788e+01,8.022044055162047549e-01,2.920946327845563850e+00
3.151000000000000156e+01,2.303893128722443606e+01,1.200276457670068631e+00,2.581339451575681565e+00
3.151999999999999957e+01,2.261725110664225724e+01,1.553361444470657826e+00,2.203154339989743526e+00
3.153000000000000114e+01,2.209493510001819772e+01,1.869069133567102803e+00,1.778632528834256377e+00
3.153999999999999915e+01,2.136088269731728673e+01,2.185878514258554617e+00,1.225769210343896631e+00
3.155000000000000071e+01,2.055868602005306300e+01,2.418144336537864092e+00,6.413178973820876649e-01
3.156000000000000227e+01,2.022890628111539968e+01,2.166739333103739895e+00,6.403804330387119492e-01
3.157000000000000028e+01,2.044627521541590198e+01,1.450743381203989379e+00,1.178103440896638432e+00
3.158000000000000185e+01,2.099779371239762682e+01,5.660688441969652374e-01,1.981085301671181576e+00
3.158999999999999986e+01,2.150447200527846903e+01,8.717563376386960883e-02,2.578461888038008354e+00
3.160000000000000142e+01,2.183530005435639509e+01,4.843121528187444014e-01,2.876779189636802236e+00
3.160999999999999943e+01,2.203072583192967926e+01,7.532443802631405561e-01,3.034960714125900516e+00
3.162000000000000099e+01,2.212304936709595538e+01,9.357368190309744982e-01,3.118201771730388927e+00
3.162999999999999901e+01,2.214266860024430272e+01,1.051565193620318528e+00,3.152603187299596321e+00
3.164000000000000057e+01,2.211051763671137493e+01,1.114876224528549287e+00,3.151922587469657699e+00
3.165000000000000213e+01,2.203872575433665659e+01,1.136518531536789833e+00,3.124182291200372497e+00
3.166000000000000014e+01,2.193410122736436207e+01,1.124406780425080132e+00,3.074129242943146600e+00
3.167000000000000171e+01,2.180055390042001662e+01,1.083821600207590663e+00,3.004490817038796280e+00
3.167999999999999972e+01,2.164045600150543791e+01,1.018059814630656312e+00,2.916663343367709160e+00
3.169000000000000128e+01,2.145527970910436721e+01,9.292544543483272079e-01,2.810678871950744728e+00
3.169999999999999929e+01,2.124533132353989373e+01,8.187409531347777936e-01,2.680687881691401486e+00
3.171000000000000085e+01,2.100877912497689692e+01,6.868220591969009803e-01,2.523023755600206641e+00
3.172000000000000242e+01,2.073686158392937173e+01,5.312849986647827372e-01,2.312527713291268050e+00
3.173000000000000043e+01,2.036909664675873444e+01,3.097093109341586548e-01,2.008809859334381720e+00
3.174000000000000199e+01,1.986653417348561135e+01,1.765535299902420974e-02,1.594816154675271491e+00
3.175000000000000000e+01,1.918577392602375298e+01,3.038650903816053628e-01,1.045636339631506040e+00
3.176000000000000156e+01,1.842708131524770110e+01,6.010353060812989590e-01,4.442507205686396787e-01
3.176999999999999957e+01,1.764846208922129378e+01,8.725991926961662593e-01,1.633262046272232482e-01
3.178000000000000114e+01,1.690660660794248571e+01,1.111138025685298736e+00,7.357766924027675515e-01
3.178999999999999915e+01,1.624043699378598049e+01,1.311851210803960388e+00,1.245384886178535488e+00
3.180000000000000071e+01,1.566939554115060673e+01,1.474480460875449150e+00,1.679295016953297193e+00
3.181000000000000227e+01,1.526702774847176691e+01,1.584965889517175874e+00,1.972798094495242793e+00
3.182000000000000028e+01,1.504807211832050839e+01,1.649256538013565976e+00,2.110219451215145092e+00
3.183000000000000185e+01,1.507008939891850474e+01,1.579893205976623527e+00,1.888741703903518143e+00
3.183999999999999986e+01,1.545305517044825372e+01,9.828174275389178760e-01,1.321991364472641095e+00
3.185000000000000142e+01,1.608849827883683403e+01,6.207222737658613099e-02,5.160691016879992432e-01
3.185999999999999943e+01,1.681474204773167358e+01,8.358239453961635590e-01,3.733441047562013893e-01
3.187000000000000099e+01,1.753081801840387755e+01,1.628704871690977996e+00,1.220664838626372983e+00
3.187999999999999901e+01,1.814772249644976299e+01,2.262452159745464986e+00,1.932412362517177407e+00
3.189000000000000057e+01,1.849243110189411610e+01,2.606717907816524793e+00,2.289200600646523753e+00
3.190000000000000213e+01,1.864941697127001774e+01,2.781261923784361656e+00,2.431379517867870987e+00
3.191000000000000014e+01,1.868940863012996800e+01,2.856443000879227423e+00,2.470742852973439874e+00
3.192000000000000171e+01,1.866104380409147723e+01,2.874318587155033633e+00,2.462463886428123416e+00
3.192999999999999972e+01,1.859009444631880825e+01,2.851455511963751910e+00,2.427600505665705732e+00
3.194000000000000128e+01,1.848938529935520592e+01,2.797285491990486594e+00,2.375024760380539668e+00
3.194999999999999929e+01,1.835755625195308838e+01,2.711248689594603078e+00,2.306503565564055336e+00
3.196000000000000085e+01,1.817256270505678017e+01,2.573889845503329887e+00,2.206513873360904654e+00
3.197000000000000242e+01,1.794048421139018856e+01,2.401482087165618395e+00,2.039594650238507612e+00
3.198000000000000043e+01,1.765849061099535078e+01,2.196538981493023623e+00,1.808759972905416014e+00
3.199000000000000199e+01,1.720175446692719134e+01,1.851178232514294475e+00,1.435731637325909915e+00
3.200000000000000000e+01,1.660556062222804385e+01,1.482786668364544092e+00,9.391635878074344745e-01
3.200999999999999801e+01,1.592624954333596321e+01,1.120668862937435062e+00,3.795037227185549256e-01
3.202000000000000313e+01,1.521083471086697614e+01,7.711488603367455674e-01,2.044606904716417262e-01
3.203000000000000114e+01,1.450363488186286176e+01,4.444081938876909277e-01,7.784532611772032595e-01
3.203999999999999915e+01,1.384016458224222923e+01,1.514858177129041472e-01,1.314498653786078108e+00
3.204999999999999716e+01,1.325579717964913584e+01,9.622956145299843556e-02,1.783712840404128031e+00
3.206000000000000227e+01,1.289146541996746897e+01,2.461147208587810553e-01,2.051462392264280510e+00
3.207000000000000028e+01,1.268665209804337124e+01,3.420962221057366470e-01,2.182103974719629136e+00
3.207999999999999829e+01,1.258450935676290428e+01,4.043016523178066812e-01,2.235678575214894437e+00
3.209000000000000341e+01,1.253341523182233885e+01,4.470276387298355303e-01,2.253856375892482333e+00
3.210000000000000142e+01,1.259571301725161874e+01,3.984878136200631360e-01,2.018940415181025294e+00
3.210999999999999943e+01,1.294700759253491995e+01,2.853239120764738956e-02,1.496091690277645547e+00
3.211999999999999744e+01,1.357267152050198256e+01,9.633025047747767466e-01,7.358748198681430708e-01
3.213000000000000256e+01,1.429162944355478260e+01,1.856266447386734075e+00,1.431679362691173907e-01
3.214000000000000057e+01,1.501537292061994755e+01,2.633813770536341803e+00,1.009602581881541283e+00
3.214999999999999858e+01,1.566644069490706670e+01,3.260957758242977178e+00,1.777075498120894714e+00
3.216000000000000369e+01,1.609815945728460562e+01,3.648176200914010625e+00,2.265724311790506817e+00
3.217000000000000171e+01,1.629171355484504957e+01,3.824660096318488467e+00,2.461127667200746494e+00
3.217999999999999972e+01,1.634642115832240350e+01,3.891904151663849731e+00,2.528962277856372509e+00
3.218999999999999773e+01,1.631892383830724214e+01,3.895311437387638520e+00,2.544613686204622027e+00
3.220000000000000284e+01,1.624063822035530436e+01,3.852417976064170801e+00,2.537709443819480271e+00
3.221000000000000085e+01,1.612891050090996359e+01,3.773676226908884157e+00,2.519310509197958403e+00
3.221999999999999886e+01,1.599265173912364801e+01,3.666547666294595054e+00,2.492910474087506323e+00
3.223000000000000398e+01,1.583632774544373234e+01,3.536013969067663965e+00,2.457951704806893289e+00
3.224000000000000199e+01,1.565927102203450794e+01,3.381755949062315025e+00,2.411944490090522919e+00
3.225000000000000000e+01,1.545712622154264615e+01,3.199018751322890708e+00,2.351375430196478433e+00
3.225999999999999801e+01,1.521472923748852502e+01,2.969973389286395538e+00,2.263157350853584049e+00
3.227000000000000313e+01,1.492022593397401131e+01,2.687494308167170942e+00,2.105534516380513921e+00
3.228000000000000114e+01,1.459283986574187075e+01,2.385357951026179091e+00,1.887971467993798669e+00
3.228999999999999915e+01,1.412145271048811246e+01,1.927031179240978886e+00,1.541033107495426435e+00
3.229999999999999716e+01,1.351910489938790150e+01,1.427956506328709185e+00,1.058384853068417009e+00
3.231000000000000227e+01,1.286196725455882017e+01,9.725174779677825398e-01,5.244517493573352951e-01
3.232000000000000028e+01,1.220255984659507398e+01,5.687331157763209077e-01,8.677966228831657247e-03
3.232999999999999829e+01,1.158832223016057661e+01,2.211604209109707675e-01,5.003737125979235145e-01
3.234000000000000341e+01,1.105420084417937154e+01,6.476319664500129747e-02,9.231717444573295239e-01
3.235000000000000142e+01,1.066975016548490274e+01,2.675273616927764664e-01,1.220011504367346511e+00
3.235999999999999943e+01,1.041771689472945717e+01,4.234270381592297738e-01,1.423278951390494207e+00
3.236999999999999744e+01,1.046778288791776923e+01,3.328790374999557322e-01,1.310494890306990179e+00
3.238000000000000256e+01,1.090275916013336222e+01,1.127230107408894177e-01,8.043591055458820804e-01
3.239000000000000057e+01,1.155095041588069549e+01,8.160262881752311515e-01,2.341303016994977781e-02
3.239999999999999858e+01,1.228644068868188555e+01,1.658612730652320177e+00,9.140520746465652380e-01
3.241000000000000369e+01,1.301048982694055134e+01,2.443411706555875806e+00,1.800989621691062581e+00
3.242000000000000171e+01,1.352962824142171705e+01,2.983423302844290248e+00,2.395108225077380304e+00
3.242999999999999972e+01,1.377752176542487028e+01,3.245287856943668281e+00,2.622793426889757917e+00
3.243999999999999773e+01,1.387446711121097209e+01,3.379950454990288122e+00,2.693412513108062178e+00
3.245000000000000284e+01,1.388313665928694896e+01,3.447270780754130293e+00,2.702037789315991922e+00
3.246000000000000085e+01,1.383920749915298209e+01,3.468363199240376282e+00,2.684619233907281632e+00
3.246999999999999886e+01,1.376246280884122619e+01,3.455024684756113906e+00,2.654748583166832709e+00
3.248000000000000398e+01,1.366263192790100689e+01,3.415466348115570039e+00,2.617167491380412159e+00
3.249000000000000199e+01,1.354429791836322927e+01,3.355238429118168053e+00,2.572390777842104015e+00
3.250000000000000000e+01,1.340959627593695025e+01,3.277635088937580488e+00,2.518595754793406805e+00
3.250999999999999801e+01,1.325872611598369311e+01,3.183878018413077715e+00,2.452612771770223965e+00
3.252000000000000313e+01,1.308357798388087900e+01,3.067779983334961713e+00,2.369992498515549606e+00
3.253000000000000114e+01,1.287120529078801567e+01,2.920477868281590172e+00,2.245990606031922354e+00
3.253999999999999915e+01,1.259889626988876898e+01,2.727573450465203830e+00,2.049585584626867352e+00
3.254999999999999716e+01,1.225244761192310960e+01,2.489894221047173062e+00,1.780314216870859667e+00
3.256000000000000227e+01,1.171678769223538019e+01,2.152751216685344637e+00,1.359855810793564324e+00
3.257000000000000028e+01,1.109759507485778229e+01,1.841780478463228565e+00,8.684586646546810229e-01
3.257999999999999829e+01,1.044205884807253959e+01,1.558069723716692945e+00,3.541956389805367422e-01
3.259000000000000341e+01,9.802548977393792384e+00,1.307138947494956849e+00,1.424019258365882834e-01
3.260000000000000142e+01,9.291786399968623655e+00,1.117968876173658366e+00,5.242919592342021318e-01
3.260999999999999943e+01,8.962861655666371163e+00,9.905040157850431015e-01,7.420378143944139637e-01
3.261999999999999744e+01,8.781983195184626112e+00,9.071656711235887016e-01,8.355646341892120077e-01
3.263000000000000256e+01,8.683829553759348840e+00,8.488967851077444671e-01,8.738631617347669689e-01
3.264000000000000057e+01,8.750508703399246357e+00,9.167908040887406962e-01,6.453554542587003340e-01
3.264999999999999858e+01,9.070646308640641919e+00,1.280124350273414979e+00,1.371996950628728840e-01
3.266000000000000369e+01,9.652669955787605005e+00,2.112607193200388700e+00,5.805105832561441304e-01
3.267000000000000171e+01,1.022019450016876263e+01,2.811763637364017576e+00,1.247047597188299939e+00
3.267999999999999972e+01,1.073096941924937830e+01,3.372506391815799365e+00,1.868208205124677335e+00
3.268999999999999773e+01,1.112019224661513839e+01,3.803329159019097627e+00,2.404800213846036705e+00
3.270000000000000284e+01,1.130474188713305495e+01,4.005842703421413908e+00,2.651398387588765893e+00
3.271000000000000085e+01,1.136619937988032980e+01,4.094572735078349623e+00,2.761080538058346967e+00
3.271999999999999886e+01,1.134741636806710297e+01,4.114580679961898468e+00,2.818057960816466867e+00
3.273000000000000398e+01,1.127434786461786764e+01,4.082281869115577777e+00,2.854956168653943749e+00
3.274000000000000199e+01,1.116295032798821119e+01,4.007523339692009579e+00,2.883194567101954320e+00
3.275000000000000000e+01,1.102243221656124739e+01,3.897924958179366239e+00,2.906067001748335876e+00
3.275999999999999801e+01,1.086037237564310054e+01,3.761682443820135724e+00,2.924054761255789892e+00
3.277000000000000313e+01,1.069201262739816194e+01,3.612329236272360244e+00,2.938237825575118478e+00
3.278000000000000114e+01,1.052034634513356792e+01,3.450175758455520381e+00,2.950477179346933099e+00
3.278999999999999915e+01,1.034731246771677959e+01,3.274841400572270356e+00,2.960870310385721460e+00
3.279999999999999716e+01,1.018113418185499164e+01,3.091335678583773117e+00,2.969399570941444466e+00
3.281000000000000227e+01,1.002721289298918350e+01,2.902750475546556075e+00,2.976517703092596001e+00
3.282000000000000028e+01,9.883319798995621852e+00,2.707453670768689147e+00,2.982123717725548850e+00
3.282999999999999829e+01,9.748266665678587017e+00,2.506644009238334636e+00,2.985242888836392439e+00
3.284000000000000341e+01,9.621686622541112399e+00,2.301923445171605298e+00,2.984589716518493141e+00
3.285000000000000142e+01,9.505028166441832127e+00,2.096143151877727373e+00,2.979130528277806889e+00
3.285999999999999943e+01,9.399986050045994190e+00,1.892343731258905315e+00,2.968319729798163387e+00
3.286999999999999744e+01,9.307054010144137024e+00,1.692682411491286398e+00,2.952984070170305841e+00
3.288000000000000256e+01,9.226415904290471204e+00,1.498231035847175097e+00,2.934747730057973847e+00
3.289000000000000057e+01,9.157675050475489797e+00,1.309632768341228992e+00,2.914769104567338509e+00
3.289999999999999858e+01,9.099884812553977298e+00,1.127178642475801240e+00,2.893684617962466454e+00
3.291000000000000369e+01,9.131655145630391601e+00,1.008721654714606064e+00,2.881413438769464541e+00
3.292000000000000171e+01,9.234346226308371541e+00,9.814824087022722132e-01,2.910534787733176643e+00
3.292999999999999972e+01,9.367127649164974201e+00,1.011907301533276904e+00,2.981650335482699532e+00
3.293999999999999773e+01,9.497130963477513177e+00,1.067723003456699793e+00,3.070413443911901297e+00
3.295000000000000284e+01,9.604306618503018811e+00,1.126775891663323037e+00,3.154487682033524365e+00
3.296000000000000085e+01,9.684846782756570960e+00,1.176585542032038134e+00,3.226128885462697937e+00
3.296999999999999886e+01,9.739867555637882646e+00,1.211261339342906140e+00,3.284891115107990700e+00
3.298000000000000398e+01,9.771420504765718107e+00,1.228348952283353501e+00,3.332287783299303641e+00
3.299000000000000199e+01,9.781530086393624757e+00,1.227008346975810849e+00,3.369624697288520210e+00
3.300000000000000000e+01,9.772136777091544602e+00,1.207069725771892088e+00,3.397717931588828399e+00
3.300999999999999801e+01,9.745181372772581341e+00,1.168716306383876802e+00,3.417115004172743831e+00
3.302000000000000313e+01,9.702644878131410522e+00,1.112368473026481563e+00,3.428301333892491698e+00
3.303000000000000114e+01,9.646558053541816946e+00,1.038670516329054383e+00,3.431784323378539447e+00
3.303999999999999915e+01,9.579007161443158225e+00,9.485044519022545195e-01,3.428106874834413453e+00
3.304999999999999716e+01,9.502132439194149072e+00,8.429946523023645888e-01,3.417849948221696188e+00
3.306000000000000227e+01,9.418114791140332898e+00,7.235002523356404147e-01,3.401650770429864856e+00
3.307000000000000028e+01,9.329162714833472592e+00,5.915939311215701046e-01,3.380208727973066374e+00
3.307999999999999829e+01,9.237497560912673933e+00,4.490347964690721838e-01,3.354289948627520168e+00
3.309000000000000341e+01,9.145301052841317002e+00,2.977562428803648409e-01,3.324692750805491315e+00
3.310000000000000142e+01,9.054907862275696218e+00,1.398738862089521362e-01,3.292251057336770259e+00
3.310999999999999943e+01,8.968628769657607691e+00,2.225160782937107840e-02,3.257792545020454789e+00
3.311999999999999744e+01,8.888806632066453162e+00,1.860147280075552523e-01,3.222078764765767822e+00
3.313000000000000256e+01,8.817739708811728860e+00,3.489419010604399851e-01,3.185950143687721337e+00
3.314000000000000057e+01,8.741472880407433976e+00,5.146956163872284939e-01,3.136325150627117253e+00
3.314999999999999858e+01,8.637211396989259882e+00,6.885821517003121173e-01,3.056175638293634478e+00
3.316000000000000369e+01,8.524581502047171355e+00,8.625844756318667983e-01,2.971198980555644908e+00
3.317000000000000171e+01,8.398339100655821454e+00,1.030931982792027135e+00,2.875193954781973815e+00
3.317999999999999972e+01,8.310961643501196150e+00,1.126614284295390789e+00,2.745561275842134386e+00
3.318999999999999773e+01,8.294039189782678179e+00,1.149872275944374689e+00,2.675038786858707773e+00
3.320000000000000284e+01,8.299647080213766515e+00,1.115054304944407271e+00,2.668218533781852031e+00
3.321000000000000085e+01,8.300660505695153901e+00,1.048637924830786439e+00,2.690367593419229486e+00
3.321999999999999886e+01,8.288812720672778411e+00,9.738212895993858531e-01,2.716184612811534116e+00
3.323000000000000398e+01,8.262972892608827280e+00,9.045337490064531139e-01,2.735273469894106135e+00
3.324000000000000199e+01,8.223165060615162503e+00,8.469305097675849936e-01,2.745425075622587308e+00
3.325000000000000000e+01,8.169362692677962556e+00,8.029874246546775396e-01,2.747158922711268048e+00
3.325999999999999801e+01,8.101532862019276138e+00,7.729820529271957952e-01,2.741380614794342030e+00
3.327000000000000313e+01,8.019775185520744643e+00,7.566477439689411888e-01,2.728774140906109480e+00
3.328000000000000114e+01,7.924360639391232475e+00,7.535656507742238830e-01,2.709751902301160698e+00
3.328999999999999915e+01,7.815694593064727691e+00,7.632663331324507361e-01,2.684465260994750579e+00
3.329999999999999716e+01,7.694262841001435760e+00,7.852456103032978696e-01,2.652579313216163470e+00
3.331000000000000227e+01,7.560614112297872502e+00,8.189327595878870270e-01,2.613459939813878030e+00
3.332000000000000028e+01,7.415377476616496821e+00,8.636514537140316250e-01,2.566513290011451787e+00
3.332999999999999829e+01,7.256168883048037976e+00,9.205647290574936470e-01,2.511372228140906770e+00
3.334000000000000341e+01,7.081202651043796870e+00,9.902258542079378500e-01,2.446049475984812815e+00
3.335000000000000142e+01,6.890034592458841978e+00,1.072068615152521609e+00,2.367971209426333878e+00
3.335999999999999943e+01,6.688395621252222867e+00,1.161149229347346878e+00,2.276186591827267236e+00
3.336999999999999744e+01,6.475619816595217237e+00,1.257903629124812461e+00,2.172316860043488340e+00
3.338000000000000256e+01,6.264252200921846203e+00,1.351139809704193784e+00,2.068131792968830318e+00
3.339000000000000057e+01,6.048557566262324769e+00,1.448378530394756059e+00,1.955794297312407615e+00
3.339999999999999858e+01,5.841714686259449785e+00,1.545802116316552510e+00,1.845518139822255321e+00
3.341000000000000369e+01,5.654265130021235208e+00,1.636596013969815466e+00,1.743466124896397851e+00
3.342000000000000171e+01,5.479443962860839790e+00,1.720232965362833433e+00,1.642840604762052514e+00
3.342999999999999972e+01,5.290559795513266828e+00,1.798037176171496387e+00,1.537738274174582642e+00
3.343999999999999773e+01,5.099051753488590855e+00,1.864683571595193712e+00,1.431657712926859283e+00
3.345000000000000284e+01,5.032102953202839402e+00,1.847171545700687645e+00,1.399268444369439202e+00
3.346000000000000085e+01,5.130960228875866669e+00,1.683422753629537638e+00,1.499943598480824036e+00
3.346999999999999886e+01,5.279654692860659360e+00,1.470030929723864510e+00,1.640468268790495898e+00
3.348000000000000398e+01,5.417641094500512011e+00,1.256763993082943287e+00,1.781168125445042882e+00
3.349000000000000199e+01,5.528683608076873313e+00,1.060325436951836675e+00,1.905456175787190176e+00
3.350000000000000000e+01,5.609127043620300235e+00,8.977212029538383931e-01,1.997428743365947668e+00
3.350999999999999801e+01,5.662099787199621481e+00,7.663933808220169119e-01,2.062558832286787158e+00
3.352000000000000313e+01,5.690475261394579931e+00,6.637818604235401487e-01,2.106357915842904660e+00
3.353000000000000114e+01,5.697098260968626704e+00,5.862372191388076637e-01,2.133527745492358463e+00
3.353999999999999915e+01,5.682325504759639045e+00,5.307314496460491249e-01,2.149020516562072380e+00
3.354999999999999716e+01,5.646863355175259613e+00,4.968355158835313645e-01,2.154354873605268672e+00
3.356000000000000227e+01,5.596788836927019339e+00,4.812568068928713139e-01,2.143890369280754271e+00
3.357000000000000028e+01,5.535913176470417696e+00,4.824523354900467353e-01,2.116592181500065450e+00
3.357999999999999829e+01,5.465044365613236366e+00,5.005805344519553834e-01,2.074163658798644505e+00
3.359000000000000341e+01,5.385558338726129435e+00,5.356855367316670780e-01,2.018684344930354868e+00
3.360000000000000142e+01,5.353771169827971299e+00,5.734202185333492352e-01,1.865959254778171150e+00
3.360999999999999943e+01,5.322024211626502854e+00,6.424236230386237700e-01,1.718015360157032489e+00
3.361999999999999744e+01,5.301716475066456269e+00,7.462613509487958652e-01,1.588447623589783753e+00
3.363000000000000256e+01,5.119758635468797614e+00,9.066014059069815723e-01,1.544951510335734746e+00
3.364000000000000057e+01,4.862857784965139984e+00,1.061595132917869666e+00,1.487181521535485551e+00
3.364999999999999858e+01,4.619160510759632743e+00,1.172199693240727481e+00,1.390192242751941976e+00
3.366000000000000369e+01,4.382573341040925108e+00,1.265983711143892076e+00,1.266415131746301270e+00
3.367000000000000171e+01,4.135838805467237478e+00,1.358495959292160826e+00,1.113347101281525475e+00
3.367999999999999972e+01,3.825651652860653673e+00,1.475134415356127437e+00,9.024845214447019259e-01
3.368999999999999773e+01,3.463059361515114176e+00,1.586601109264562659e+00,6.497031287966414936e-01
3.370000000000000284e+01,2.886808957572796430e+00,1.663647374313625971e+00,2.628260766180945396e-01
3.371000000000000085e+01,2.344924223922746798e+00,1.697566066202527146e+00,8.009936055264343935e-02
3.371999999999999886e+01,2.073523268344562576e-01,2.171978135724339509e-01,5.481356552941019089e-01
3.373000000000000398e+01,2.073523268344562576e-01,2.171978135724339509e-01,5.481356552941019089e-01
3.374000000000000199e+01,2.073523268344562576e-01,2.171978135724339509e-01,5.481356552941019089e-01
3.375000000000000000e+01,2.073523268344562576e-01,2.171978135724339509e-01,5.481356552941019089e-01
3.375999999999999801e+01,2.073523268344562576e-01,2.171978135724339509e-01,5.481356552941019089e-01
3.377000000000000313e+01,2.073523268344562576e-01,2.171978135724339509e-01,5.481356552941019089e-01
3.378000000000000114e+01,2.073523268344562576e-01,2.171978135724339509e-01,5.481356552941019089e-01
3.378999999999999915e+01,2.073523268344562576e-01,2.171978135724339509e-01,5.481356552941019089e-01
3.379999999999999716e+01,2.073523268344562576e-01,2.171978135724339509e-01,5.481356552941019089e-01
3.381000000000000227e+01,2.073523268344562576e-01,2.171978135724339509e-01,5.481356552941019089e-01
3.382000000000000028e+01,2.073523268344562576e-01,2.171978135724339509e-01,5.481356552941019089e-01
3.382999999999999829e+01,2.073523268344562576e-01,2.171978135724339509e-01,5.481356552941019089e-01
3.384000000000000341e+01,2.073523268344562576e-01,2.171978135724339509e-01,5.481356552941019089e-01
3.385000000000000142e+01,2.073523268344562576e-01,2.171978135724339509e-01,5.481356552941019089e-01
3.385999999999999943e+01,2.073523268344562576e-01,2.171978135724339509e-01,5.481356552941019089e-01
3.386999999999999744e+01,2.073523268344562576e-01,2.171978135724339509e-01,5.481356552941019089e-01
3.388000000000000256e+01,2.073523268344562576e-01,2.171978135724339509e-01,5.481356552941019089e-01
3.389000000000000057e+01,2.073523268344562576e-01,2.171978135724339509e-01,5.481356552941019089e-01
3.389999999999999858e+01,2.073523268344562576e-01,2.171978135724339509e-01,5.481356552941019089e-01
3.391000000000000369e+01,2.073523268344562576e-01,2.171978135724339509e-01,5.481356552941019089e-01
3.392000000000000171e+01,2.073523268344562576e-01,2.171978135724339509e-01,5.481356552941019089e-01
3.392999999999999972e+01,2.073523268344562576e-01,2.171978135724339509e-01,5.481356552941019089e-01
3.393999999999999773e+01,2.073523268344562576e-01,2.171978135724339509e-01,5.481356552941019089e-01
3.395000000000000284e+01,2.073523268344562576e-01,2.171978135724339509e-01,5.481356552941019089e-01
3.396000000000000085e+01,2.073523268344562576e-01,2.171978135724339509e-01,5.481356552941019089e-01
3.396999999999999886e+01,2.073523268344562576e-01,2.171978135724339509e-01,5.481356552941019089e-01
3.398000000000000398e+01,2.073523268344562576e-01,2.171978135724339509e-01,5.481356552941019089e-01
3.399000000000000199e+01,2.073523268344562576e-01,2.171978135724339509e-01,5.481356552941019089e-01
3.400000000000000000e+01,2.073523268344562576e-01,2.171978135724339509e-01,5.481356552941019089e-01
3.400999999999999801e+01,2.073523268344562576e-01,2.171978135724339509e-01,5.481356552941019089e-01
3.402000000000000313e+01,2.073523268344562576e-01,2.171978135724339509e-01,5.481356552941019089e-01
3.403000000000000114e+01,2.073523268344562576e-01,2.171978135724339509e-01,5.481356552941019089e-01
3.403999999999999915e+01,2.073523268344562576e-01,2.171978135724339509e-01,5.481356552941019089e-01
3.404999999999999716e+01,2.073523268344562576e-01,2.171978135724339509e-01,5.481356552941019089e-01
3.406000000000000227e+01,2.073523268344562576e-01,2.171978135724339509e-01,5.481356552941019089e-01
3.407000000000000028e+01,2.073523268344562576e-01,2.171978135724339509e-01,5.481356552941019089e-01
3.407999999999999829e+01,2.073523268344562576e-01,2.171978135724339509e-01,5.481356552941019089e-01
3.409000000000000341e+01,2.073523268344562576e-01,2.171978135724339509e-01,5.481356552941019089e-01
3.410000000000000142e+01,2.073523268344562576e-01,2.171978135724339509e-01,5.481356552941019089e-01
3.410999999999999943e+01,2.073523268344562576e-01,2.171978135724339509e-01,5.481356552941019089e-01
3.411999999999999744e+01,2.073523268344562576e-01,2.171978135724339509e-01,5.481356552941019089e-01
3.413000000000000256e+01,2.073523268344562576e-01,2.171978135724339509e-01,5.481356552941019089e-01
3.414000000000000057e+01,2.073523268344562576e-01,2.171978135724339509e-01,5.481356552941019089e-01
3.414999999999999858e+01,2.073523268344562576e-01,2.171978135724339509e-01,5.481356552941019089e-01
3.416000000000000369e+01,2.073523268344562576e-01,2.171978135724339509e-01,5.481356552941019089e-01
3.417000000000000171e+01,2.073523268344562576e-01,2.171978135724339509e-01,5.481356552941019089e-01
3.417999999999999972e+01,2.073523268344562576e-01,2.171978135724339509e-01,5.481356552941019089e-01
3.418999999999999773e+01,2.073523268344562576e-01,2.171978135724339509e-01,5.481356552941019089e-01
3.420000000000000284e+01,2.073523268344562576e-01,2.171978135724339509e-01,5.481356552941019089e-01
3.421000000000000085e+01,2.073523268344562576e-01,2.171978135724339509e-01,5.481356552941019089e-01
3.421999999999999886e+01,2.073523268344562576e-01,2.171978135724339509e-01,5.481356552941019089e-01
3.423000000000000398e+01,2.073523268344562576e-01,2.171978135724339509e-01,5.481356552941019089e-01
3.424000000000000199e+01,2.073523268344562576e-01,2.171978135724339509e-01,5.481356552941019089e-01
3.425000000000000000e+01,2.073523268344562576e-01,2.171978135724339509e-01,5.481356552941019089e-01
3.425999999999999801e+01,2.073523268344562576e-01,2.171978135724339509e-01,5.481356552941019089e-01
3.427000000000000313e+01,2.073523268344562576e-01,2.171978135724339509e-01,5.481356552941019089e-01
3.428000000000000114e+01,2.073523268344562576e-01,2.171978135724339509e-01,5.481356552941019089e-01
3.428999999999999915e+01,2.073523268344562576e-01,2.171978135724339509e-01,5.481356552941019089e-01
3.430000000000000426e+01,2.073523268344562576e-01,2.171978135724339509e-01,5.481356552941019089e-01
3.431000000000000227e+01,2.073523268344562576e-01,2.171978135724339509e-01,5.481356552941019089e-01
3.432000000000000028e+01,2.073523268344562576e-01,2.171978135724339509e-01,5.481356552941019089e-01
3.432999999999999829e+01,2.073523268344562576e-01,2.171978135724339509e-01,5.481356552941019089e-01
3.434000000000000341e+01,2.073523268344562576e-01,2.171978135724339509e-01,5.481356552941019089e-01
3.435000000000000142e+01,2.073523268344562576e-01,2.171978135724339509e-01,5.481356552941019089e-01
3.435999999999999943e+01,2.073523268344562576e-01,2.171978135724339509e-01,5.481356552941019089e-01
3.436999999999999744e+01,2.073523268344562576e-01,2.171978135724339509e-01,5.481356552941019089e-01
3.438000000000000256e+01,2.073523268344562576e-01,2.171978135724339509e-01,5.481356552941019089e-01
3.439000000000000057e+01,2.073523268344562576e-01,2.171978135724339509e-01,5.481356552941019089e-01
3.439999999999999858e+01,2.073523268344562576e-01,2.171978135724339509e-01,5.481356552941019089e-01
3.441000000000000369e+01,2.073523268344562576e-01,2.171978135724339509e-01,5.481356552941019089e-01
3.442000000000000171e+01,2.073523268344562576e-01,2.171978135724339509e-01,5.481356552941019089e-01
3.442999999999999972e+01,2.073523268344562576e-01,2.171978135724339509e-01,5.481356552941019089e-01
3.443999999999999773e+01,2.073523268344562576e-01,2.171978135724339509e-01,5.481356552941019089e-01
3.445000000000000284e+01,2.073523268344562576e-01,2.171978135724339509e-01,5.481356552941019089e-01
3.446000000000000085e+01,2.073523268344562576e-01,2.171978135724339509e-01,5.481356552941019089e-01
3.446999999999999886e+01,2.073523268344562576e-01,2.171978135724339509e-01,5.481356552941019089e-01
3.448000000000000398e+01,2.073523268344562576e-01,2.171978135724339509e-01,5.481356552941019089e-01
3.449000000000000199e+01,2.073523268344562576e-01,2.171978135724339509e-01,5.481356552941019089e-01
3.450000000000000000e+01,2.073523268344562576e-01,2.171978135724339509e-01,5.481356552941019089e-01
3.450999999999999801e+01,2.073523268344562576e-01,2.171978135724339509e-01,5.481356552941019089e-01
3.452000000000000313e+01,2.073523268344562576e-01,2.171978135724339509e-01,5.481356552941019089e-01
3.453000000000000114e+01,2.073523268344562576e-01,2.171978135724339509e-01,5.481356552941019089e-01
3.453999999999999915e+01,2.073523268344562576e-01,2.171978135724339509e-01,5.481356552941019089e-01
3.455000000000000426e+01,2.073523268344562576e-01,2.171978135724339509e-01,5.481356552941019089e-01
3.456000000000000227e+01,2.073523268344562576e-01,2.171978135724339509e-01,5.481356552941019089e-01
3.457000000000000028e+01,2.073523268344562576e-01,2.171978135724339509e-01,5.481356552941019089e-01
3.457999999999999829e+01,2.073523268344562576e-01,2.171978135724339509e-01,5.481356552941019089e-01
3.459000000000000341e+01,2.073523268344562576e-01,2.171978135724339509e-01,5.481356552941019089e-01
3.460000000000000142e+01,2.073523268344562576e-01,2.171978135724339509e-01,5.481356552941019089e-01
3.460999999999999943e+01,2.073523268344562576e-01,2.171978135724339509e-01,5.481356552941019089e-01
3.461999999999999744e+01,2.073523268344562576e-01,2.171978135724339509e-01,5.481356552941019089e-01
3.463000000000000256e+01,2.073523268344562576e-01,2.171978135724339509e-01,5.481356552941019089e-01
3.464000000000000057e+01,2.073523268344562576e-01,2.171978135724339509e-01,5.481356552941019089e-01
3.464999999999999858e+01,2.073523268344562576e-01,2.171978135724339509e-01,5.481356552941019089e-01
3.466000000000000369e+01,2.073523268344562576e-01,2.171978135724339509e-01,5.481356552941019089e-01
3.467000000000000171e+01,2.073523268344562576e-01,2.171978135724339509e-01,5.481356552941019089e-01
3.467999999999999972e+01,2.073523268344562576e-01,2.171978135724339509e-01,5.481356552941019089e-01
3.468999999999999773e+01,2.073523268344562576e-01,2.171978135724339509e-01,5.481356552941019089e-01
3.470000000000000284e+01,2.073523268344562576e-01,2.171978135724339509e-01,5.481356552941019089e-01
3.471000000000000085e+01,2.073523268344562576e-01,2.171978135724339509e-01,5.481356552941019089e-01
3.471999999999999886e+01,2.073523268344562576e-01,2.171978135724339509e-01,5.481356552941019089e-01
3.473000000000000398e+01,2.073523268344562576e-01,2.171978135724339509e-01,5.481356552941019089e-01
3.474000000000000199e+01,2.073523268344562576e-01,2.171978135724339509e-01,5.481356552941019089e-01
3.475000000000000000e+01,2.073523268344562576e-01,2.171978135724339509e-01,5.481356552941019089e-01
3.475999999999999801e+01,2.073523268344562576e-01,2.171978135724339509e-01,5.481356552941019089e-01
3.477000000000000313e+01,2.073523268344562576e-01,2.171978135724339509e-01,5.481356552941019089e-01
3.478000000000000114e+01,2.073523268344562576e-01,2.171978135724339509e-01,5.481356552941019089e-01
3.478999999999999915e+01,2.073523268344562576e-01,2.171978135724339509e-01,5.481356552941019089e-01
3.480000000000000426e+01,2.073523268344562576e-01,2.171978135724339509e-01,5.481356552941019089e-01
3.481000000000000227e+01,2.073523268344562576e-01,2.171978135724339509e-01,5.481356552941019089e-01
3.482000000000000028e+01,2.073523268344562576e-01,2.171978135724339509e-01,5.481356552941019089e-01
3.482999999999999829e+01,2.073523268344562576e-01,2.171978135724339509e-01,5.481356552941019089e-01
3.484000000000000341e+01,2.073523268344562576e-01,2.171978135724339509e-01,5.481356552941019089e-01
3.485000000000000142e+01,2.073523268344562576e-01,2.171978135724339509e-01,5.481356552941019089e-01
3.485999999999999943e+01,2.073523268344562576e-01,2.171978135724339509e-01,5.481356552941019089e-01
3.486999999999999744e+01,2.073523268344562576e-01,2.171978135724339509e-01,5.481356552941019089e-01
3.488000000000000256e+01,2.073523268344562576e-01,2.171978135724339509e-01,5.481356552941019089e-01
3.489000000000000057e+01,2.073523268344562576e-01,2.171978135724339509e-01,5.481356552941019089e-01
3.489999999999999858e+01,2.073523268344562576e-01,2.171978135724339509e-01,5.481356552941019089e-01
3.491000000000000369e+01,2.073523268344562576e-01,2.171978135724339509e-01,5.481356552941019089e-01
3.492000000000000171e+01,2.073523268344562576e-01,2.171978135724339509e-01,5.481356552941019089e-01
3.492999999999999972e+01,2.073523268344562576e-01,2.171978135724339509e-01,5.481356552941019089e-01
3.493999999999999773e+01,2.073523268344562576e-01,2.171978135724339509e-01,5.481356552941019089e-01
3.495000000000000284e+01,2.073523268344562576e-01,2.171978135724339509e-01,5.481356552941019089e-01
3.496000000000000085e+01,2.073523268344562576e-01,2.171978135724339509e-01,5.481356552941019089e-01
3.496999999999999886e+01,2.073523268344562576e-01,2.171978135724339509e-01,5.481356552941019089e-01
3.498000000000000398e+01,2.073523268344562576e-01,2.171978135724339509e-01,5.481356552941019089e-01
3.499000000000000199e+01,2.073523268344562576e-01,2.171978135724339509e-01,5.481356552941019089e-01
3.500000000000000000e+01,2.073523268344562576e-01,2.171978135724339509e-01,5.481356552941019089e-01
3.500999999999999801e+01,2.073523268344562576e-01,2.171978135724339509e-01,5.481356552941019089e-01
3.502000000000000313e+01,2.073523268344562576e-01,2.171978135724339509e-01,5.481356552941019089e-01
3.503000000000000114e+01,2.073523268344562576e-01,2.171978135724339509e-01,5.481356552941019089e-01
3.503999999999999915e+01,2.073523268344562576e-01,2.171978135724339509e-01,5.481356552941019089e-01
3.505000000000000426e+01,2.073523268344562576e-01,2.171978135724339509e-01,5.481356552941019089e-01
3.506000000000000227e+01,2.073523268344562576e-01,2.171978135724339509e-01,5.481356552941019089e-01
3.507000000000000028e+01,2.073523268344562576e-01,2.171978135724339509e-01,5.481356552941019089e-01
3.507999999999999829e+01,2.073523268344562576e-01,2.171978135724339509e-01,5.481356552941019089e-01
3.509000000000000341e+01,2.073523268344562576e-01,2.171978135724339509e-01,5.481356552941019089e-01
3.510000000000000142e+01,2.073523268344562576e-01,2.171978135724339509e-01,5.481356552941019089e-01
3.510999999999999943e+01,2.073523268344562576e-01,2.171978135724339509e-01,5.481356552941019089e-01
3.511999999999999744e+01,2.073523268344562576e-01,2.171978135724339509e-01,5.481356552941019089e-01
3.513000000000000256e+01,2.073523268344562576e-01,2.171978135724339509e-01,5.481356552941019089e-01
3.514000000000000057e+01,2.073523268344562576e-01,2.171978135724339509e-01,5.481356552941019089e-01
3.514999999999999858e+01,2.073523268344562576e-01,2.171978135724339509e-01,5.481356552941019089e-01
3.516000000000000369e+01,2.073523268344562576e-01,2.171978135724339509e-01,5.481356552941019089e-01
3.517000000000000171e+01,2.073523268344562576e-01,2.171978135724339509e-01,5.481356552941019089e-01
3.517999999999999972e+01,2.073523268344562576e-01,2.171978135724339509e-01,5.481356552941019089e-01
3.518999999999999773e+01,2.073523268344562576e-01,2.171978135724339509e-01,5.481356552941019089e-01
3.520000000000000284e+01,2.073523268344562576e-01,2.171978135724339509e-01,5.481356552941019089e-01
3.521000000000000085e+01,2.073523268344562576e-01,2.171978135724339509e-01,5.481356552941019089e-01
3.521999999999999886e+01,2.073523268344562576e-01,2.171978135724339509e-01,5.481356552941019089e-01
3.523000000000000398e+01,2.073523268344562576e-01,2.171978135724339509e-01,5.481356552941019089e-01
3.524000000000000199e+01,2.073523268344562576e-01,2.171978135724339509e-01,5.481356552941019089e-01
3.525000000000000000e+01,2.073523268344562576e-01,2.171978135724339509e-01,5.481356552941019089e-01
3.525999999999999801e+01,2.073523268344562576e-01,2.171978135724339509e-01,5.481356552941019089e-01
3.527000000000000313e+01,2.073523268344562576e-01,2.171978135724339509e-01,5.481356552941019089e-01
3.528000000000000114e+01,2.073523268344562576e-01,2.171978135724339509e-01,5.481356552941019089e-01
3.528999999999999915e+01,2.073523268344562576e-01,2.171978135724339509e-01,5.481356552941019089e-01
3.530000000000000426e+01,2.073523268344562576e-01,2.171978135724339509e-01,5.481356552941019089e-01
3.531000000000000227e+01,2.073523268344562576e-01,2.171978135724339509e-01,5.481356552941019089e-01
3.532000000000000028e+01,2.073523268344562576e-01,2.171978135724339509e-01,5.481356552941019089e-01
3.532999999999999829e+01,2.073523268344562576e-01,2.171978135724339509e-01,5.481356552941019089e-01
3.534000000000000341e+01,2.073523268344562576e-01,2.171978135724339509e-01,5.481356552941019089e-01
3.535000000000000142e+01,2.073523268344562576e-01,2.171978135724339509e-01,5.481356552941019089e-01
3.535999999999999943e+01,2.073523268344562576e-01,2.171978135724339509e-01,5.481356552941019089e-01
3.536999999999999744e+01,2.073523268344562576e-01,2.171978135724339509e-01,5.481356552941019089e-01
3.538000000000000256e+01,2.073523268344562576e-01,2.171978135724339509e-01,5.481356552941019089e-01
3.539000000000000057e+01,2.073523268344562576e-01,2.171978135724339509e-01,5.481356552941019089e-01
3.539999999999999858e+01,2.073523268344562576e-01,2.171978135724339509e-01,5.481356552941019089e-01
3.541000000000000369e+01,2.073523268344562576e-01,2.171978135724339509e-01,5.481356552941019089e-01
3.542000000000000171e+01,2.073523268344562576e-01,2.171978135724339509e-01,5.481356552941019089e-01
3.542999999999999972e+01,2.073523268344562576e-01,2.171978135724339509e-01,5.481356552941019089e-01
3.543999999999999773e+01,2.073523268344562576e-01,2.171978135724339509e-01,5.481356552941019089e-01
3.545000000000000284e+01,2.073523268344562576e-01,2.171978135724339509e-01,5.481356552941019089e-01
3.546000000000000085e+01,2.073523268344562576e-01,2.171978135724339509e-01,5.481356552941019089e-01
3.546999999999999886e+01,2.073523268344562576e-01,2.171978135724339509e-01,5.481356552941019089e-01
3.548000000000000398e+01,2.073523268344562576e-01,2.171978135724339509e-01,5.481356552941019089e-01
3.549000000000000199e+01,2.073523268344562576e-01,2.171978135724339509e-01,5.481356552941019089e-01
3.550000000000000000e+01,2.073523268344562576e-01,2.171978135724339509e-01,5.481356552941019089e-01
3.550999999999999801e+01,2.073523268344562576e-01,2.171978135724339509e-01,5.481356552941019089e-01
3.552000000000000313e+01,2.073523268344562576e-01,2.171978135724339509e-01,5.481356552941019089e-01
3.553000000000000114e+01,2.073523268344562576e-01,2.171978135724339509e-01,5.481356552941019089e-01
3.553999999999999915e+01,2.073523268344562576e-01,2.171978135724339509e-01,5.481356552941019089e-01
3.555000000000000426e+01,2.073523268344562576e-01,2.171978135724339509e-01,5.481356552941019089e-01
3.556000000000000227e+01,2.073523268344562576e-01,2.171978135724339509e-01,5.481356552941019089e-01
3.557000000000000028e+01,2.073523268344562576e-01,2.171978135724339509e-01,5.481356552941019089e-01
3.557999999999999829e+01,2.073523268344562576e-01,2.171978135724339509e-01,5.481356552941019089e-01
3.559000000000000341e+01,2.073523268344562576e-01,2.171978135724339509e-01,5.481356552941019089e-01
3.560000000000000142e+01,2.073523268344562576e-01,2.171978135724339509e-01,5.481356552941019089e-01
3.560999999999999943e+01,2.073523268344562576e-01,2.171978135724339509e-01,5.481356552941019089e-01
3.561999999999999744e+01,2.073523268344562576e-01,2.171978135724339509e-01,5.481356552941019089e-01
3.563000000000000256e+01,2.073523268344562576e-01,2.171978135724339509e-01,5.481356552941019089e-01
3.564000000000000057e+01,2.073523268344562576e-01,2.171978135724339509e-01,5.481356552941019089e-01
3.564999999999999858e+01,2.073523268344562576e-01,2.171978135724339509e-01,5.481356552941019089e-01
3.566000000000000369e+01,2.073523268344562576e-01,2.171978135724339509e-01,5.481356552941019089e-01
3.567000000000000171e+01,2.073523268344562576e-01,2.171978135724339509e-01,5.481356552941019089e-01
3.567999999999999972e+01,2.073523268344562576e-01,2.171978135724339509e-01,5.481356552941019089e-01
3.568999999999999773e+01,2.073523268344562576e-01,2.171978135724339509e-01,5.481356552941019089e-01
3.570000000000000284e+01,2.073523268344562576e-01,2.171978135724339509e-01,5.481356552941019089e-01
3.571000000000000085e+01,2.073523268344562576e-01,2.171978135724339509e-01,5.481356552941019089e-01
3.571999999999999886e+01,2.073523268344562576e-01,2.171978135724339509e-01,5.481356552941019089e-01
3.573000000000000398e+01,2.073523268344562576e-01,2.171978135724339509e-01,5.481356552941019089e-01
3.574000000000000199e+01,2.073523268344562576e-01,2.171978135724339509e-01,5.481356552941019089e-01
3.575000000000000000e+01,2.073523268344562576e-01,2.171978135724339509e-01,5.481356552941019089e-01
3.575999999999999801e+01,2.073523268344562576e-01,2.171978135724339509e-01,5.481356552941019089e-01
3.577000000000000313e+01,2.073523268344562576e-01,2.171978135724339509e-01,5.481356552941019089e-01
3.578000000000000114e+01,2.073523268344562576e-01,2.171978135724339509e-01,5.481356552941019089e-01
3.578999999999999915e+01,2.073523268344562576e-01,2.171978135724339509e-01,5.481356552941019089e-01
3.580000000000000426e+01,2.073523268344562576e-01,2.171978135724339509e-01,5.481356552941019089e-01
3.581000000000000227e+01,2.073523268344562576e-01,2.171978135724339509e-01,5.481356552941019089e-01
3.582000000000000028e+01,2.073523268344562576e-01,2.171978135724339509e-01,5.481356552941019089e-01
3.582999999999999829e+01,2.073523268344562576e-01,2.171978135724339509e-01,5.481356552941019089e-01
3.584000000000000341e+01,2.073523268344562576e-01,2.171978135724339509e-01,5.481356552941019089e-01
3.585000000000000142e+01,2.073523268344562576e-01,2.171978135724339509e-01,5.481356552941019089e-01
3.585999999999999943e+01,2.073523268344562576e-01,2.171978135724339509e-01,5.481356552941019089e-01
3.586999999999999744e+01,2.073523268344562576e-01,2.171978135724339509e-01,5.481356552941019089e-01
3.588000000000000256e+01,2.073523268344562576e-01,2.171978135724339509e-01,5.481356552941019089e-01
3.589000000000000057e+01,2.073523268344562576e-01,2.171978135724339509e-01,5.481356552941019089e-01
3.589999999999999858e+01,2.073523268344562576e-01,2.171978135724339509e-01,5.481356552941019089e-01
3.591000000000000369e+01,2.073523268344562576e-01,2.171978135724339509e-01,5.481356552941019089e-01
3.592000000000000171e+01,2.073523268344562576e-01,2.171978135724339509e-01,5.481356552941019089e-01
3.592999999999999972e+01,2.073523268344562576e-01,2.171978135724339509e-01,5.481356552941019089e-01
3.593999999999999773e+01,2.073523268344562576e-01,2.171978135724339509e-01,5.481356552941019089e-01
3.595000000000000284e+01,2.073523268344562576e-01,2.171978135724339509e-01,5.481356552941019089e-01
3.596000000000000085e+01,2.073523268344562576e-01,2.171978135724339509e-01,5.481356552941019089e-01
3.596999999999999886e+01,2.073523268344562576e-01,2.171978135724339509e-01,5.481356552941019089e-01
3.598000000000000398e+01,2.073523268344562576e-01,2.171978135724339509e-01,5.481356552941019089e-01
3.599000000000000199e+01,2.073523268344562576e-01,2.171978135724339509e-01,5.481356552941019089e-01
3.600000000000000000e+01,2.073523268344562576e-01,2.171978135724339509e-01,5.481356552941019089e-01
3.600999999999999801e+01,2.073523268344562576e-01,2.171978135724339509e-01,5.481356552941019089e-01
3.602000000000000313e+01,2.073523268344562576e-01,2.171978135724339509e-01,5.481356552941019089e-01
3.603000000000000114e+01,2.073523268344562576e-01,2.171978135724339509e-01,5.481356552941019089e-01
3.603999999999999915e+01,2.073523268344562576e-01,2.171978135724339509e-01,5.481356552941019089e-01
3.605000000000000426e+01,2.073523268344562576e-01,2.171978135724339509e-01,5.481356552941019089e-01
3.606000000000000227e+01,2.073523268344562576e-01,2.171978135724339509e-01,5.481356552941019089e-01
3.607000000000000028e+01,2.073523268344562576e-01,2.171978135724339509e-01,5.481356552941019089e-01
3.607999999999999829e+01,2.073523268344562576e-01,2.171978135724339509e-01,5.481356552941019089e-01
3.609000000000000341e+01,2.073523268344562576e-01,2.171978135724339509e-01,5.481356552941019089e-01
3.610000000000000142e+01,2.073523268344562576e-01,2.171978135724339509e-01,5.481356552941019089e-01
3.610999999999999943e+01,2.073523268344562576e-01,2.171978135724339509e-01,5.481356552941019089e-01
3.611999999999999744e+01,2.073523268344562576e-01,2.171978135724339509e-01,5.481356552941019089e-01
3.613000000000000256e+01,2.073523268344562576e-01,2.171978135724339509e-01,5.481356552941019089e-01
3.614000000000000057e+01,2.073523268344562576e-01,2.171978135724339509e-01,5.481356552941019089e-01
3.614999999999999858e+01,2.073523268344562576e-01,2.171978135724339509e-01,5.481356552941019089e-01
3.616000000000000369e+01,2.073523268344562576e-01,2.171978135724339509e-01,5.481356552941019089e-01
3.617000000000000171e+01,2.073523268344562576e-01,2.171978135724339509e-01,5.481356552941019089e-01
3.617999999999999972e+01,2.073523268344562576e-01,2.171978135724339509e-01,5.481356552941019089e-01
3.618999999999999773e+01,2.073523268344562576e-01,2.171978135724339509e-01,5.481356552941019089e-01
3.620000000000000284e+01,2.073523268344562576e-01,2.171978135724339509e-01,5.481356552941019089e-01
3.621000000000000085e+01,2.073523268344562576e-01,2.171978135724339509e-01,5.481356552941019089e-01
3.621999999999999886e+01,2.073523268344562576e-01,2.171978135724339509e-01,5.481356552941019089e-01
3.623000000000000398e+01,2.073523268344562576e-01,2.171978135724339509e-01,5.481356552941019089e-01
3.624000000000000199e+01,2.073523268344562576e-01,2.171978135724339509e-01,5.481356552941019089e-01
3.625000000000000000e+01,2.073523268344562576e-01,2.171978135724339509e-01,5.481356552941019089e-01
3.625999999999999801e+01,2.073523268344562576e-01,2.171978135724339509e-01,5.481356552941019089e-01
3.627000000000000313e+01,2.073523268344562576e-01,2.171978135724339509e-01,5.481356552941019089e-01
3.628000000000000114e+01,2.073523268344562576e-01,2.171978135724339509e-01,5.481356552941019089e-01
3.628999999999999915e+01,2.073523268344562576e-01,2.171978135724339509e-01,5.481356552941019089e-01
3.630000000000000426e+01,2.073523268344562576e-01,2.171978135724339509e-01,5.481356552941019089e-01
3.631000000000000227e+01,2.073523268344562576e-01,2.171978135724339509e-01,5.481356552941019089e-01
3.632000000000000028e+01,2.073523268344562576e-01,2.171978135724339509e-01,5.481356552941019089e-01
3.632999999999999829e+01,2.073523268344562576e-01,2.171978135724339509e-01,5.481356552941019089e-01
3.634000000000000341e+01,2.073523268344562576e-01,2.171978135724339509e-01,5.481356552941019089e-01
3.635000000000000142e+01,2.073523268344562576e-01,2.171978135724339509e-01,5.481356552941019089e-01
3.635999999999999943e+01,2.073523268344562576e-01,2.171978135724339509e-01,5.481356552941019089e-01
3.636999999999999744e+01,2.073523268344562576e-01,2.171978135724339509e-01,5.481356552941019089e-01
3.638000000000000256e+01,2.073523268344562576e-01,2.171978135724339509e-01,5.481356552941019089e-01
3.639000000000000057e+01,2.073523268344562576e-01,2.171978135724339509e-01,5.481356552941019089e-01
3.639999999999999858e+01,2.372584951083195337e-01,2.152483716825748239e-01,4.713598455658996045e-01
3.641000000000000369e+01,3.199165622834593270e-01,2.114221078499123330e-01,2.564200962705820430e-01
3.642000000000000171e+01,4.607626060512681754e-01,2.058792069491444110e-01,1.082420095486202882e-01
3.642999999999999972e+01,6.678895452753436102e-01,1.985514320748671402e-01,6.257926444325212501e-01
3.643999999999999773e+01,9.542920883414893751e-01,1.907820028160256420e-01,1.294380353800472783e+00
3.645000000000000284e+01,1.335071411668817376e+00,1.837829446366678887e-01,2.109110920461176875e+00
3.646000000000000085e+01,1.722187326718104039e+00,1.803144621653207658e-01,2.886543251321427306e+00
3.646999999999999886e+01,1.863933396835312895e+00,1.785739949872744425e-01,3.124545965610625586e+00
3.648000000000000398e+01,1.882512332039905312e+00,1.746556767078799588e-01,3.109667564564322362e+00
3.649000000000000199e+01,1.868446986847023483e+00,1.707869602099454376e-01,3.016446224777369345e+00
3.650000000000000000e+01,1.849199666800180442e+00,1.674866903748628566e-01,2.915051659399869877e+00
3.650999999999999801e+01,1.831372529112591740e+00,1.647050113017800577e-01,2.829741907727112427e+00
3.652000000000000313e+01,1.816001299345469722e+00,1.623099898110935690e-01,2.765225646440216956e+00
3.653000000000000114e+01,1.802699886111681860e+00,1.601775571648533791e-01,2.719132163908177802e+00
3.653999999999999915e+01,1.792334907513300157e+00,1.583922417718874875e-01,2.686804893831440388e+00
3.655000000000000426e+01,1.786434183537126463e+00,1.571340386714026316e-01,2.663837517419942458e+00
3.656000000000000227e+01,1.784239711963314656e+00,1.563056305600718510e-01,2.647480869928497960e+00
3.657000000000000028e+01,1.784448424491887009e+00,1.557476219252729166e-01,2.635829026915281759e+00
3.657999999999999829e+01,1.786111060647681326e+00,1.553467137440645018e-01,2.627509441758824060e+00
3.659000000000000341e+01,1.788656067865469712e+00,1.550366517035217662e-01,2.621546755149806174e+00
3.660000000000000142e+01,1.791748649700330986e+00,1.547800451724423709e-01,2.617250812052995812e+00
3.660999999999999943e+01,1.795189405313521558e+00,1.545556094382227741e-01,2.614133044506417036e+00
3.661999999999999744e+01,1.798856103310361831e+00,1.543509507492824007e-01,2.611847266757338915e+00
3.663000000000000256e+01,1.802671603261946087e+00,1.541586667583860759e-01,2.610148198683992504e+00
3.664000000000000057e+01,1.806585991071807396e+00,1.539742316723491378e-01,2.608862253377863816e+00
3.664999999999999858e+01,1.810566325783094399e+00,1.537948240918352028e-01,2.607866805698466628e+00
3.666000000000000369e+01,1.814590541422550496e+00,1.536186586637566798e-01,2.607075409732151350e+00
3.667000000000000171e+01,1.818643693769897318e+00,1.534445936665629340e-01,2.606427245562925599e+00
3.667999999999999972e+01,1.822715580956882242e+00,1.532718942298116893e-01,2.605879596050963976e+00
3.668999999999999773e+01,1.826799198447477623e+00,1.531000860262587970e-01,2.605402499005204930e+00
3.670000000000000284e+01,1.830889717028417962e+00,1.529288630823244510e-01,2.604974958617778391e+00
3.671000000000000085e+01,1.834983797272746298e+00,1.527580287952190474e-01,2.604582270491206941e+00
3.671999999999999886e+01,1.839079124949440036e+00,1.525874577695818246e-01,2.604214138546945279e+00
3.673000000000000398e+01,1.843174093796168256e+00,1.524170709363836806e-01,2.603863352644508744e+00
3.674000000000000199e+01,1.847267587728580684e+00,1.522468192600157089e-01,2.603524861722550376e+00
3.675000000000000000e+01,1.851358830720399640e+00,1.520766730508382736e-01,2.603195125058133108e+00
3.675999999999999801e+01,1.855447283024398653e+00,1.519066149616166150e-01,2.602871658594407833e+00
3.677000000000000313e+01,1.859532569271737934e+00,1.517366354124027872e-01,2.602552717837935958e+00
3.678000000000000114e+01,1.863614428572975212e+00,1.515667296180800427e-01,2.602237076239188873e+00
3.678999999999999915e+01,1.867692679842263059e+00,1.513968956746158945e-01,2.601923870279243545e+00
3.680000000000000426e+01,1.871767197673589234e+00,1.512271333387049665e-01,2.601612491138993732e+00
3.681000000000000227e+01,1.875837895542194156e+00,1.510574432638245312e-01,2.601302508892677778e+00
3.682000000000000028e+01,1.879904714096616747e+00,1.508878265305546584e-01,2.600993619422120595e+00
3.682999999999999829e+01,1.883967612992254459e+00,1.507182843678567252e-01,2.600685607201502769e+00
3.684000000000000341e+01,1.888026565190561890e+00,1.505488179945335681e-01,2.600378319183582754e+00
3.685000000000000142e+01,1.892081552976133896e+00,1.503794285360182670e-01,2.600071646450152762e+00
3.685999999999999943e+01,1.896132565172334417e+00,1.502101169870151409e-01,2.599765511303808729e+00
3.686999999999999744e+01,1.900179595192431847e+00,1.500408842015077404e-01,2.599459858173780447e+00
3.688000000000000256e+01,1.904222639674706175e+00,1.498717308972552509e-01,2.599154647198065327e+00
3.689000000000000057e+01,1.908261697525642786e+00,1.497026576680604570e-01,2.598849849689832681e+00
3.689999999999999858e+01,1.912296769248388095e+00,1.495336649994238876e-01,2.598545444926325665e+00
3.691000000000000369e+01,1.916327856471069957e+00,1.493647532843089820e-01,2.598241417873570214e+00
3.692000000000000171e+01,1.920354961615029721e+00,1.491959228385741909e-01,2.597937757568780093e+00
3.692999999999999972e+01,1.924378087661271497e+00,1.490271739143511631e-01,2.597634455969166645e+00
3.693999999999999773e+01,1.929715173160089003e+00,1.304814866286974073e-01,2.601487720331641107e+00
3.695000000000000284e+01,1.932428671482529170e+00,7.376385529772599980e-02,2.602792026573985673e+00
3.696000000000000085e+01,1.929404714354016059e+00,2.164693071554646409e-02,2.621919962115693004e+00
3.696999999999999886e+01,1.920538072294857068e+00,1.170459550453584185e-02,2.661162275537254374e+00
3.698000000000000398e+01,1.906929054270298352e+00,5.956863522266209188e-02,2.679108216118497587e+00
3.699000000000000199e+01,1.890191783537269243e+00,1.011714539849717376e-01,2.698479738572956421e+00
3.700000000000000000e+01,1.870069948052090147e+00,1.431746032748426600e-01,2.713991722012809582e+00
3.700999999999999801e+01,1.847996493169301591e+00,1.817649924074071777e-01,2.731093340268109237e+00
3.702000000000000313e+01,1.822675123150513388e+00,2.340373178225108042e-01,2.733013175680532036e+00
3.703000000000000114e+01,1.795740713396484889e+00,2.742207526451601041e-01,2.748659870375202985e+00
3.703999999999999915e+01,1.766175608771749950e+00,3.281685189974181682e-01,2.749635052923915524e+00
3.705000000000000426e+01,1.735602888481610595e+00,3.688748350342274662e-01,2.765884939714968738e+00
3.706000000000000227e+01,1.702679985172393717e+00,4.248642956790060765e-01,2.765175654553586604e+00
3.707000000000000028e+01,1.670030286276241727e+00,4.638510580162735764e-01,2.783578657850060978e+00
3.707999999999999829e+01,1.634731211469224510e+00,5.215740105042332431e-01,2.780577129043115825e+00
3.709000000000000341e+01,1.600472750431264357e+00,5.643411820127619549e-01,2.794009010891773670e+00
3.710000000000000142e+01,1.565898694337923613e+00,6.073418261811069918e-01,2.806412547101566624e+00
3.710999999999999943e+01,1.530493174228736430e+00,6.577609351484103861e-01,2.809085575156577974e+00
3.711999999999999744e+01,1.498377796288086206e+00,7.069908013145886905e-01,2.821092789520918132e+00
3.713000000000000256e+01,1.483298997925000418e+00,7.586172935125090611e-01,2.829625918300160414e+00
3.714000000000000057e+01,1.490220241217796282e+00,8.002218127879934251e-01,2.822098384065219179e+00
3.714999999999999858e+01,1.509452051463487710e+00,8.177435399424615170e-01,2.822040227395405942e+00
3.716000000000000369e+01,1.528816143975986197e+00,8.258623022509570255e-01,2.822445103383031118e+00
3.717000000000000171e+01,1.550173569247970118e+00,8.332471887039227809e-01,2.818668872520802005e+00
3.717999999999999972e+01,1.577833035343388701e+00,8.354802169096009479e-01,2.818743534765300041e+00
3.718999999999999773e+01,1.607861270845882595e+00,8.383554333971643402e-01,2.816699774070507978e+00
3.720000000000000284e+01,1.632763272102343066e+00,8.512226616210760710e-01,2.801765310932347042e+00
3.721000000000000085e+01,1.652434103424665901e+00,8.577252818286473790e-01,2.789086702775223081e+00
3.721999999999999886e+01,1.666301451334901929e+00,8.555505554864173412e-01,2.779085405845815870e+00
3.723000000000000398e+01,1.677619596312428296e+00,8.455200020937025940e-01,2.771538601131440238e+00
3.724000000000000199e+01,1.691051851268408956e+00,8.260754986096907615e-01,2.765627280488236472e+00
3.725000000000000000e+01,1.768733419547453778e+00,8.463710366414800568e-01,2.678173701201158607e+00
3.725999999999999801e+01,1.966092680767278500e+00,1.066637653180380063e+00,2.403089840199545968e+00
3.727000000000000313e+01,2.187939878005633165e+00,1.356677211182044651e+00,2.111150034905695527e+00
3.728000000000000114e+01,2.376926860360943472e+00,1.599126223684632642e+00,1.874481625809831797e+00
3.728999999999999915e+01,2.525975614302053529e+00,1.768338078245001999e+00,1.696904840300383910e+00
3.730000000000000426e+01,2.643614275557634841e+00,1.882915373022153727e+00,1.564532180498234837e+00
3.731000000000000227e+01,2.741455303290348144e+00,1.966528760729613357e+00,1.458780728475495003e+00
3.732000000000000028e+01,2.826103346379803316e+00,2.032722180219992403e+00,1.369279203275231005e+00
3.732999999999999829e+01,2.897089161794277778e+00,2.090388572673795853e+00,1.288377611305402404e+00
3.734000000000000341e+01,2.955016779340326138e+00,2.146292311797637353e+00,1.210148507018948827e+00
3.735000000000000142e+01,3.001928478309268122e+00,2.202866129222436076e+00,1.137120290415127855e+00
3.735999999999999943e+01,3.039469576060195521e+00,2.260857916580594207e+00,1.071607597372126186e+00
3.736999999999999744e+01,3.070274306351754134e+00,2.324071003991179385e+00,1.016463182415994204e+00
3.738000000000000256e+01,3.098543181998335339e+00,2.395782673568491727e+00,9.756165192192911562e-01
3.739000000000000057e+01,3.124112833499274711e+00,2.457023138680347607e+00,9.286222374950137137e-01
3.739999999999999858e+01,3.144314338046801272e+00,2.508900782780154604e+00,8.759582754780392833e-01
3.741000000000000369e+01,3.159167858026494358e+00,2.553703112937844022e+00,8.198127931497989351e-01
3.742000000000000171e+01,3.169507676660160200e+00,2.593679038438156947e+00,7.619390719741936380e-01
3.742999999999999972e+01,3.176098061920130888e+00,2.630458849034789104e+00,7.037540143932652370e-01
3.743999999999999773e+01,3.179671327321553775e+00,2.664747607916462258e+00,6.463124828001154398e-01
3.745000000000000284e+01,3.180960628208842511e+00,2.696903624654467535e+00,5.903336996783137280e-01
3.746000000000000085e+01,3.180687659726983085e+00,2.727115427758886046e+00,5.363477259413551579e-01
3.746999999999999886e+01,3.179752391604527606e+00,2.755202382101140657e+00,4.847817935593745631e-01
3.748000000000000398e+01,3.179385437957753080e+00,2.780995896994653549e+00,4.358922252896135774e-01
3.749000000000000199e+01,3.179681613292475895e+00,2.803878301973705689e+00,3.897312129101937472e-01
3.750000000000000000e+01,3.182645926141564274e+00,2.822660247025987612e+00,3.461238591303539280e-01
3.750999999999999801e+01,3.189605927228202020e+00,2.837214135217591693e+00,3.051553521180583317e-01
3.752000000000000313e+01,3.199205920268559211e+00,2.846821680905831098e+00,2.672055526462546737e-01
3.753000000000000114e+01,3.211070876003571772e+00,2.850905921380042507e+00,2.323666944423763425e-01
3.753999999999999915e+01,3.225219472771601037e+00,2.849052734121115815e+00,2.007261205939636639e-01
3.755000000000000426e+01,3.241822912099332044e+00,2.841312558076014572e+00,1.724384784214105792e-01
3.756000000000000227e+01,3.261796097604817479e+00,2.828074828521820461e+00,1.480068385204535986e-01
3.757000000000000028e+01,3.285531325277340819e+00,2.809538838332403810e+00,1.269178346636756771e-01
3.757999999999999829e+01,3.312971043736727239e+00,2.785477843193218117e+00,1.080817098847441926e-01
3.759000000000000341e+01,3.331322369099471103e+00,2.728211799787993996e+00,8.984878408124785665e-02
3.760000000000000142e+01,3.324836577382576763e+00,2.678680068903094291e+00,1.057624490891084790e-01
3.760999999999999943e+01,3.412811576213467646e+00,2.757796028637682362e+00,5.771930804199243426e-02
3.761999999999999744e+01,3.499406216635150724e+00,2.889287791941863581e+00,3.512669517069522129e-02
3.763000000000000256e+01,3.563858911229407678e+00,3.024392527480490589e+00,1.180292013437389542e-01
3.764000000000000057e+01,3.617623363023479754e+00,3.142754194648600397e+00,1.811728442662197125e-01
3.764999999999999858e+01,3.669065862066972272e+00,3.246745254689376026e+00,2.320896688804419128e-01
3.766000000000000369e+01,3.720094204362152546e+00,3.339299095300007902e+00,2.758611301332258847e-01
3.767000000000000171e+01,3.771240401248612706e+00,3.421585020105477604e+00,3.143180580005289215e-01
3.767999999999999972e+01,3.821975959838783243e+00,3.492912943339754328e+00,3.476710806946670118e-01
3.768999999999999773e+01,3.873583722352607950e+00,3.555260635710044692e+00,3.770638842806040003e-01
3.770000000000000284e+01,3.926199062551080754e+00,3.609175497548133826e+00,4.033579707335421816e-01
3.771000000000000085e+01,3.980304145053334519e+00,3.655550940199647769e+00,4.267486193111347248e-01
3.771999999999999886e+01,4.037257049903097972e+00,3.695636542119629109e+00,4.475663003278285146e-01
3.773000000000000398e+01,4.097736652556312364e+00,3.730021946110828601e+00,4.662621782988152219e-01
3.774000000000000199e+01,4.162171946653407950e+00,3.759130900768958838e+00,4.832523509191721800e-01
3.775000000000000000e+01,4.230872540755624023e+00,3.783202850430322783e+00,4.989046578272038346e-01
3.775999999999999801e+01,4.304077108343143721e+00,3.802362792449498485e+00,5.135269044987955667e-01
3.777000000000000313e+01,4.381949899033197759e+00,3.816773688454844216e+00,5.273724439437410538e-01
3.778000000000000114e+01,4.466042450783199058e+00,3.827012136165375278e+00,5.401728915126469133e-01
3.778999999999999915e+01,4.556744982229771423e+00,3.832704554654953188e+00,5.525624941090656606e-01
3.780000000000000426e+01,4.653469546142006585e+00,3.831875560274033976e+00,5.704270835124036765e-01
3.781000000000000227e+01,4.760220214226125179e+00,3.822518825877196935e+00,6.081926589851516241e-01
3.782000000000000028e+01,4.879551769161542651e+00,3.810285887388742410e+00,6.471332654333084022e-01
3.782999999999999829e+01,5.007574841385927122e+00,3.794446762364123149e+00,6.815030062943261413e-01
3.784000000000000341e+01,5.139051911155684493e+00,3.775136690061908773e+00,7.108732481441171203e-01
3.785000000000000142e+01,5.275012774322323850e+00,3.750367356682660080e+00,7.367832937666962678e-01
3.785999999999999943e+01,5.417835124493445953e+00,3.720127926224503501e+00,7.603648238759808109e-01
3.786999999999999744e+01,5.565355938602675856e+00,3.683606692675311933e+00,7.836943739802926245e-01
3.788000000000000256e+01,5.719081430348910366e+00,3.641475938000737766e+00,8.078332465601967272e-01
3.789000000000000057e+01,5.875596473214311999e+00,3.592878367758678415e+00,8.325534099815623534e-01
3.789999999999999858e+01,6.033111150458140060e+00,3.538236796705729326e+00,8.576469146412968314e-01
3.791000000000000369e+01,6.190505769370031608e+00,3.478288614433278081e+00,8.829490986886900927e-01
3.792000000000000171e+01,6.346880093318844729e+00,3.413761539899140551e+00,9.083202361832576344e-01
3.792999999999999972e+01,6.501367533740635807e+00,3.345344638135183679e+00,9.336474426430152462e-01
3.793999999999999773e+01,6.632135281017512263e+00,3.264041152489127739e+00,9.534884575876922952e-01
3.795000000000000284e+01,6.703019089336820002e+00,3.228069169164071717e+00,9.743598992697499739e-01
3.796000000000000085e+01,6.772398075997748457e+00,3.252653317694031987e+00,5.432409262111637105e-01
3.796999999999999886e+01,6.731486115295330919e+00,3.285422824579886658e+00,4.666034794277296172e-01
3.798000000000000398e+01,6.690883168590358920e+00,3.331726310042026906e+00,6.488954160503990209e-01
3.799000000000000199e+01,6.689841090385568734e+00,3.401125680762007164e+00,8.305016643427309830e-01
3.800000000000000000e+01,6.718362356206111663e+00,3.489589146552007914e+00,9.622831601067138863e-01
3.800999999999999801e+01,6.753278612556610661e+00,3.563160482261962247e+00,4.427853174291396243e-01
3.802000000000000313e+01,6.731435902976104835e+00,3.608418032414351106e+00,5.287691040436470757e-01
3.803000000000000114e+01,6.762923533878209881e+00,3.634427873430656764e+00,1.760304979249172064e-01
3.803999999999999915e+01,6.770684306589516588e+00,3.640017555988694919e+00,9.806102895204560355e-02
3.805000000000000426e+01,6.803902571690848333e+00,3.611460822001255622e+00,2.137956418852837714e-01
3.806000000000000227e+01,6.827110729496370212e+00,3.528711168177989244e+00,4.221324364015455188e-01
3.807000000000000028e+01,6.872069717695231006e+00,3.249151527790705707e+00,5.474455420382273729e-01
3.807999999999999829e+01,7.053117166461814413e+00,3.038911711571223861e+00,3.617821321300063175e-01
3.809000000000000341e+01,7.315818377471340561e+00,2.866913841960527787e+00,2.852647399869123745e-01
3.810000000000000142e+01,7.649698099008047869e+00,2.736597599119594548e+00,2.174169670913217445e-01
3.810999999999999943e+01,8.046505347356527338e+00,2.662115564745326513e+00,1.721740708129360087e-01
3.811999999999999744e+01,8.448352067682941779e+00,2.661104099555999802e+00,3.688016790703851910e-01
3.813000000000000256e+01,8.891093709502625231e+00,2.758767091000369209e+00,8.217856562329206582e-01
3.814000000000000057e+01,9.384728892795477506e+00,2.907300054264316813e+00,1.184991414031499879e+00
3.814999999999999858e+01,9.900721122732832669e+00,3.061426329338201580e+00,1.505001427891117238e+00
3.816000000000000369e+01,1.062323045320248660e+01,3.154145716943612676e+00,7.823105630559989976e-01
3.817000000000000171e+01,1.158547812338983718e+01,2.093301698279759204e+00,3.318155877649608954e-01
3.817999999999999972e+01,1.294902795874122781e+01,1.489451313939682553e+00,1.801362486010926744e+00
3.818999999999999773e+01,1.397096963706452577e+01,1.372631341472085875e+00,2.578455631785048219e+00
3.820000000000000284e+01,1.459341512873352187e+01,1.404195347799896965e+00,2.826584719095803777e+00
3.821000000000000085e+01,1.501527079951350885e+01,1.484002312789667322e+00,2.904032199309569684e+00
3.821999999999999886e+01,1.532414009692347001e+01,1.567531950330325330e+00,2.917543054686166926e+00
3.823000000000000398e+01,1.557956322207916600e+01,1.637765331545970593e+00,2.914048811652358850e+00
3.824000000000000199e+01,1.582535606556838204e+01,1.698060940688750353e+00,2.926329421212736648e+00
3.825000000000000000e+01,1.607138796097291333e+01,1.747865515795643532e+00,2.950189738474051637e+00
3.825999999999999801e+01,1.631618977028216477e+01,1.787100331602675674e+00,2.977434162570791187e+00
3.827000000000000313e+01,1.655786100020448259e+01,1.817116446126587626e+00,3.005987590567471557e+00
3.828000000000000114e+01,1.679418100991530949e+01,1.839019749339698695e+00,3.035657121576496031e+00
3.828999999999999915e+01,1.695452564911876436e+01,1.832797577278888479e+00,3.068773634828825259e+00
3.830000000000000426e+01,1.704000675573989909e+01,1.871933978077722216e+00,3.118974397086415884e+00
3.831000000000000227e+01,1.711212690780634205e+01,1.971642618771640709e+00,3.180839623161957341e+00
3.832000000000000028e+01,1.715971086934953149e+01,2.094275892878083578e+00,3.236974163322470233e+00
3.832999999999999829e+01,1.720003730104901507e+01,2.219585640214016831e+00,3.279957716725623307e+00
3.834000000000000341e+01,1.724538505718008352e+01,2.340561212085590093e+00,3.310249383604912943e+00
3.835000000000000142e+01,1.729992894607705622e+01,2.456011511243194612e+00,3.329913675254370098e+00
3.835999999999999943e+01,1.736552827797288501e+01,2.566504431286975585e+00,3.340436437583638174e+00
3.836999999999999744e+01,1.744396859060098848e+01,2.672890856348475452e+00,3.342739386935966728e+00
3.838000000000000256e+01,1.753707380877734323e+01,2.775903980736793564e+00,3.337496943261575311e+00
3.839000000000000057e+01,1.764651982256992113e+01,2.876118814276185098e+00,3.325325167879533694e+00
3.839999999999999858e+01,1.777375048774036514e+01,2.973999979380248515e+00,3.306867526240653277e+00
3.841000000000000369e+01,1.791996357716518773e+01,3.069921032348543743e+00,3.282771350634483554e+00
3.842000000000000171e+01,1.808610512780863644e+01,3.164104968793657324e+00,3.253640142796387913e+00
3.842999999999999972e+01,1.827286868348729243e+01,3.256710821060881944e+00,3.220102438190042271e+00
3.843999999999999773e+01,1.848076670823768808e+01,3.347889446644158884e+00,3.182797828892636183e+00
3.845000000000000284e+01,1.871008213627248296e+01,3.437756258230062478e+00,3.142360529160836968e+00
3.846000000000000085e+01,1.896086713908296773e+01,3.526365023028887880e+00,3.099425181096515658e+00
3.846999999999999886e+01,1.923320060608810778e+01,3.613825759286759531e+00,3.054810373413596736e+00
3.848000000000000398e+01,1.955405508690733640e+01,3.701774439485661095e+00,2.683897951988756247e+00
3.849000000000000199e+01,1.991149512855411174e+01,3.769202691689621521e+00,2.654152721229152689e+00
3.850000000000000000e+01,2.034432682681230276e+01,3.844759318401280712e+00,2.785145823199441928e+00
3.850999999999999801e+01,2.090170607044365525e+01,3.930710756586297538e+00,2.944600685526932438e+00
3.852000000000000313e+01,2.151908189207195221e+01,4.022984413253050562e+00,3.081724691850640241e+00
3.853000000000000114e+01,2.216430831964813564e+01,4.118604060799835764e+00,3.189834215324038880e+00
3.853999999999999915e+01,2.282305762156258666e+01,4.209074150341718834e+00,3.274604665705060924e+00
3.855000000000000426e+01,2.349471118523810276e+01,4.289799315228714605e+00,3.124479726268947211e+00
3.856000000000000227e+01,2.433355921388423582e+01,4.268540019901179150e+00,3.009276422979101362e+00
3.857000000000000028e+01,2.603468101309536209e+01,4.099796768669228264e+00,4.006615408794989008e+00
3.857999999999999829e+01,2.830810060850669174e+01,3.929011189355402500e+00,5.338162931593504190e+00
3.859000000000000341e+01,3.090961033626865628e+01,3.784848234653637178e+00,6.633434776904145735e+00
3.860000000000000142e+01,3.357942354180291744e+01,3.645811895399919678e+00,7.872213833566843455e+00
3.860999999999999943e+01,3.613188827715167406e+01,3.517669589357619309e+00,9.019779668512196480e+00
3.861999999999999744e+01,3.845494496040436871e+01,3.409921949210137360e+00,1.004444945694582536e+01
3.863000000000000256e+01,4.047770635140121698e+01,3.316054234897669595e+00,1.092387566458752346e+01
3.864000000000000057e+01,4.198564713422904759e+01,3.379010833537199332e+00,1.190869158863183586e+01
3.864999999999999858e+01,4.350489080567006539e+01,4.085774809883647052e+00,1.299567967965020721e+01
3.866000000000000369e+01,4.472186774178466351e+01,5.023777013889285215e+00,1.402175513597814316e+01
3.867000000000000171e+01,4.566407575376746308e+01,5.992849479238948618e+00,1.491921328448908568e+01
3.867999999999999972e+01,4.639130557302507896e+01,6.891978976419633085e+00,1.566699236033997167e+01
3.868999999999999773e+01,4.695313152602106754e+01,7.664828272948565058e+00,1.625691910857207745e+01
3.870000000000000284e+01,4.739244766488487670e+01,8.286723516355010588e+00,1.669362046539357891e+01
3.871000000000000085e+01,4.774672236238121314e+01,8.754805120245567451e+00,1.699239041032019060e+01
3.871999999999999886e+01,4.804804521249579352e+01,9.078363701035263134e+00,1.717262049205925223e+01
3.873000000000000398e+01,4.832292458722678674e+01,9.272776426013374262e+00,1.725454378274904244e+01
3.874000000000000199e+01,4.859235108220466515e+01,9.356181918086292626e+00,1.725755884999935574e+01
3.875000000000000000e+01,4.887222647750321869e+01,9.346597305162351432e+00,1.719872223232588127e+01
3.875999999999999801e+01,4.917383634596689035e+01,9.260542747403011532e+00,1.709236293644589466e+01
3.877000000000000313e+01,4.950448830221404251e+01,9.112809098875352731e+00,1.695013776424925211e+01
3.878000000000000114e+01,4.986817226045403828e+01,8.916177664565093863e+00,1.678122767194745180e+01
3.878999999999999915e+01,5.026619379214780281e+01,8.681351593396890109e+00,1.659264517166225517e+01
3.880000000000000426e+01,5.069777039527033224e+01,8.417188241575779273e+00,1.638960392368160512e+01
3.881000000000000227e+01,5.116056498878186432e+01,8.131036211500964228e+00,1.617584563351059757e+01
3.882000000000000028e+01,5.165113411050538161e+01,7.829023211368801860e+00,1.595410628208382420e+01
3.882999999999999829e+01,5.216527833056724717e+01,7.516031918763488306e+00,1.572651232724997428e+01
3.884000000000000341e+01,5.269834536305595662e+01,7.196239531978898540e+00,1.549471337599239718e+01
3.885000000000000142e+01,5.324544198253723692e+01,6.873224501994846136e+00,1.526004599657904137e+01
3.885999999999999943e+01,5.380158668889317397e+01,6.550037142626640829e+00,1.502375357884710994e+01
3.886999999999999744e+01,5.436180233714394205e+01,6.229240166683247537e+00,1.478710479068046091e+01
3.888000000000000256e+01,5.492119591208815876e+01,5.913171834551034678e+00,1.455144222025395173e+01
3.889000000000000057e+01,5.547499995099143888e+01,5.603998478566962760e+00,1.431823566676659887e+01
3.889999999999999858e+01,5.601859276196410775e+01,5.303743426556595253e+00,1.408910946602615155e+01
3.891000000000000369e+01,5.654749903113991394e+01,5.014319272932166172e+00,1.386585368584369959e+01
3.892000000000000171e+01,5.705738110008090302e+01,4.737555686645523068e+00,1.365042194633037198e+01
3.892999999999999972e+01,5.754412207987258654e+01,4.475213871379446928e+00,1.344495084329644286e+01
3.893999999999999773e+01,5.800402323440051333e+01,4.228964297092963065e+00,1.325190772686146801e+01
3.895000000000000284e+01,5.843212937930762507e+01,4.000580428247579867e+00,1.307320812117696107e+01
3.896000000000000085e+01,5.882498663970789465e+01,3.791653205718281683e+00,1.291145801390025660e+01
3.896999999999999886e+01,5.917884649709528588e+01,3.603837473676152481e+00,1.276926020204260936e+01
3.898000000000000398e+01,5.948980315819479614e+01,3.438659736124061173e+00,1.264914394212723892e+01
3.899000000000000199e+01,6.011968504796163870e+01,3.560699290318269927e+00,1.323528681236208016e+01
3.900000000000000000e+01,6.083433204185983811e+01,4.320587499579087165e+00,1.390252695526361748e+01
3.900999999999999801e+01,6.158551766326586829e+01,5.286398694352712369e+00,1.466912314002599693e+01
3.902000000000000313e+01,6.233140231639934825e+01,6.268765732747317188e+00,1.544828934040454271e+01
3.903000000000000114e+01,6.302415097855114112e+01,7.175394787769184823e+00,1.616385697834243729e+01
3.903999999999999915e+01,6.364479087595671558e+01,7.956716287638776919e+00,1.677420743013080440e+01
3.905000000000000426e+01,6.419170230976989444e+01,8.583077747102208832e+00,1.725669904982640901e+01
3.906000000000000227e+01,6.466922143542791446e+01,9.051398576023716558e+00,1.761032785237648568e+01
3.907000000000000028e+01,6.508165016697931549e+01,9.370673119859173283e+00,1.783993503579806017e+01
3.907999999999999829e+01,6.540145492255270199e+01,9.560448199686321757e+00,1.792739425429456901e+01
3.909000000000000341e+01,6.564912451043755937e+01,9.659969979018134367e+00,1.791245860839529769e+01
3.910000000000000142e+01,6.586610191816394888e+01,9.680484202597538612e+00,1.782904620107606064e+01
3.910999999999999943e+01,6.608374207342232864e+01,9.625801438795377862e+00,1.769547214597044871e+01
3.911999999999999744e+01,6.634883004101759241e+01,9.466740307887356209e+00,1.753561067695352804e+01
3.913000000000000256e+01,6.664827036066350274e+01,9.250415912499754256e+00,1.734314793818370148e+01
3.914000000000000057e+01,6.697509681554340943e+01,8.996781519928775950e+00,1.712586565643214698e+01
3.914999999999999858e+01,6.732438542219787792e+01,8.714178019121554541e+00,1.688752512890512492e+01
3.916000000000000369e+01,6.769076198858081739e+01,8.409290999103703257e+00,1.663155310863306724e+01
3.917000000000000171e+01,6.806920839663901290e+01,8.088821381949495404e+00,1.636159161689021602e+01
3.917999999999999972e+01,6.845556024864399092e+01,7.758434308128392409e+00,1.608061626668477828e+01
3.918999999999999773e+01,6.884635863794707689e+01,7.422615168744539638e+00,1.579113847528312853e+01
3.920000000000000284e+01,6.923864544093311224e+01,7.085000562591259765e+00,1.549555598603991058e+01
3.921000000000000085e+01,6.962980978000898347e+01,6.748558176689567034e+00,1.519633031938472101e+01
3.921999999999999886e+01,7.001745215963323687e+01,6.415848810200463603e+00,1.489586559318378889e+01
3.923000000000000398e+01,7.039928579266407382e+01,6.089121262343233809e+00,1.459654967196677333e+01
3.924000000000000199e+01,7.077307356406633687e+01,5.770426670315131901e+00,1.430079747417101288e+01
3.925000000000000000e+01,7.113659220837341479e+01,5.461747218719725794e+00,1.401106329010304208e+01
3.925999999999999801e+01,7.148759531765411168e+01,5.164907273783825303e+00,1.372986492954397875e+01
3.927000000000000313e+01,7.182380662010830008e+01,4.881486918670574937e+00,1.345977145761956351e+01
3.928000000000000114e+01,7.214294413634195280e+01,4.613112172984989989e+00,1.320340220105731177e+01
3.928999999999999915e+01,7.244274046065038419e+01,4.362343503353793395e+00,1.296339729912587835e+01
3.930000000000000426e+01,7.272117344506648351e+01,4.130627337318282244e+00,1.274263458743329913e+01
3.931000000000000227e+01,7.297497286750999024e+01,3.919726405548662473e+00,1.254340315012836271e+01
3.932000000000000028e+01,7.320213803180475054e+01,3.731385365345118998e+00,1.236858211480751280e+01
3.932999999999999829e+01,7.341878274651891445e+01,3.573156768113650017e+00,1.230681062189587038e+01
3.934000000000000341e+01,7.396108028912998122e+01,3.888880015752049779e+00,1.289284573156390579e+01
3.935000000000000142e+01,7.460776043941291391e+01,4.716344857981058070e+00,1.356992329040529555e+01
3.935999999999999943e+01,7.530107036636660212e+01,5.707604125346099622e+00,1.432272281206170561e+01
3.936999999999999744e+01,7.599174476494857799e+01,6.691215912916714359e+00,1.506961522028937850e+01
3.938000000000000256e+01,7.663739046464230853e+01,7.582815816295385147e+00,1.574658303293019479e+01
3.939000000000000057e+01,7.722111858727387812e+01,8.338564137347903582e+00,1.631728982479529932e+01
3.939999999999999858e+01,7.774154283882786842e+01,8.936084497985719466e+00,1.676392927106984487e+01
3.941000000000000369e+01,7.820284328296445153e+01,9.375548887532447750e+00,1.708701568000325821e+01
3.942000000000000171e+01,7.861355173003960317e+01,9.669214499598567159e+00,1.729538963288679199e+01
3.942999999999999972e+01,7.898452123916621304e+01,9.833520349382007808e+00,1.740180030901494845e+01
3.943999999999999773e+01,7.932695475691949127e+01,9.887848827732359069e+00,1.742095933668863594e+01
3.945000000000000284e+01,7.965127183459733828e+01,9.851036784047861872e+00,1.736739752597205211e+01
3.946000000000000085e+01,7.996649728207671615e+01,9.739863713153551927e+00,1.725441743168421027e+01
3.946999999999999886e+01,8.027994318432703835e+01,9.569078446551360528e+00,1.709375937695167735e+01
3.948000000000000398e+01,8.059712267293214438e+01,9.351257975864946559e+00,1.689544424350264507e+01
3.949000000000000199e+01,8.092182410795106762e+01,9.096903286563652102e+00,1.666781225942770561e+01
3.950000000000000000e+01,8.125628313083552712e+01,8.814641148733869613e+00,1.641771680324932703e+01
3.950999999999999801e+01,8.160141189376530235e+01,8.511397746241545548e+00,1.615075927468812012e+01
3.952000000000000313e+01,8.195703801072565398e+01,8.192881178105348994e+00,1.587141959017512960e+01
3.953000000000000114e+01,8.232210837906808365e+01,7.864138054376468290e+00,1.558334914922998493e+01
3.953999999999999915e+01,8.269487266417810645e+01,7.529434132650225209e+00,1.528955829505529351e+01
3.955000000000000426e+01,8.307311048166427270e+01,7.191802995944406973e+00,1.499264690259571964e+01
3.956000000000000227e+01,8.345427337985752558e+01,6.854170472022635963e+00,1.469502954732138100e+01
3.957000000000000028e+01,8.383560605848799696e+01,6.519278682762640997e+00,1.439893360736033046e+01
3.957999999999999829e+01,8.421423022719534401e+01,6.189578978837539935e+00,1.410646874656573679e+01
3.959000000000000341e+01,8.458720252881902013e+01,5.867296685348632579e+00,1.381970658011033493e+01
3.960000000000000142e+01,8.495156771980103372e+01,5.554575390716964378e+00,1.354072197954969781e+01
3.960999999999999943e+01,8.530439060726050116e+01,5.253497393627903911e+00,1.327162349825194987e+01
3.961999999999999744e+01,8.564277314380325379e+01,4.966098520707173947e+00,1.301457021881235931e+01
3.963000000000000256e+01,8.596386502177813327e+01,4.694383524511680505e+00,1.277177950525965144e+01
3.964000000000000057e+01,8.626486719929604874e+01,4.440337884606626595e+00,1.254552609981784883e+01
3.964999999999999858e+01,8.654307933884281567e+01,4.205933625171464740e+00,1.233815178166264204e+01
3.966000000000000369e+01,8.679632194894453789e+01,3.993076546806306748e+00,1.215228433399717645e+01
3.967000000000000171e+01,8.702090477150959202e+01,3.803831470776730672e+00,1.198988148704038892e+01
3.967999999999999972e+01,8.725840486877444846e+01,3.669085072245947821e+00,1.203922651692279544e+01
3.968999999999999773e+01,8.777798094809877227e+01,4.111037994081412350e+00,1.263695954867949389e+01
3.970000000000000284e+01,8.837412705696007720e+01,4.952528326163663230e+00,1.336260344811923773e+01
3.971000000000000085e+01,8.897584595252055806e+01,5.865478314216854727e+00,1.416444080968792818e+01
3.971999999999999886e+01,8.952917345659022885e+01,6.691802805076585869e+00,1.495900883188694408e+01
3.973000000000000398e+01,8.999845690062549863e+01,7.350870529237774065e+00,1.568432759368587526e+01
3.974000000000000199e+01,9.035967852348164797e+01,7.789515650646006151e+00,1.630811568600831762e+01
3.975000000000000000e+01,9.060033896177735357e+01,7.983342568936569350e+00,1.681806696730525630e+01
3.975999999999999801e+01,9.071833365082460432e+01,7.930947522803377225e+00,1.721403313506819543e+01
3.977000000000000313e+01,9.071777398249997759e+01,7.642771166675332850e+00,1.750310258097287175e+01
3.978000000000000114e+01,9.060646261535504209e+01,7.134344019038230122e+00,1.769577552715839630e+01
3.978999999999999915e+01,9.039410796716381924e+01,6.423595516612035539e+00,1.780380446284734930e+01
3.980000000000000426e+01,9.009100161653255157e+01,5.528751974943347136e+00,1.783861149388188494e+01
3.981000000000000227e+01,8.970729448465652922e+01,4.467008980062026069e+00,1.781043159610129578e+01
3.982000000000000028e+01,8.925254099802728547e+01,3.253978431268456095e+00,1.772793112536352567e+01
3.982999999999999829e+01,8.873532864115385621e+01,1.903485790179293424e+00,1.759801287331641362e+01
3.984000000000000341e+01,8.816318286628569467e+01,4.276403185071164792e-01,1.742590357880058249e+01
3.985000000000000142e+01,8.754259634521083910e+01,1.162955400928089578e+00,1.721535166383658577e+01
3.985999999999999943e+01,8.687910972691767597e+01,2.858983534883396960e+00,1.696882661605014775e+01
3.986999999999999744e+01,8.617744143240580001e+01,4.652102446315032225e+00,1.668782359893772238e+01
3.988000000000000256e+01,8.544161284631563547e+01,6.534774055288683492e+00,1.637302220413672416e+01
3.989000000000000057e+01,8.467508144035024031e+01,8.500062725410707287e+00,1.602448135797352080e+01
3.989999999999999858e+01,8.388087469196631218e+01,1.054136081662415592e+01,1.564180044950136406e+01
3.991000000000000369e+01,8.306166981108792413e+01,1.265247963685345312e+01,1.522432539014772956e+01
3.992000000000000171e+01,8.221988566486822947e+01,1.482764696762167667e+01,1.477127604032080299e+01
3.992999999999999972e+01,8.135778996113113237e+01,1.706114284091914257e+01,1.428177907815553205e+01
3.993999999999999773e+01,8.047755263813239424e+01,1.934710915226617445e+01,1.375495129520842852e+01
3.995000000000000284e+01,7.958124344857783683e+01,2.167987054250658474e+01,1.319005768273839863e+01
3.996000000000000085e+01,7.867088077687370173e+01,2.405380159944503404e+01,1.258644991467816610e+01
3.996999999999999886e+01,7.774845811921098004e+01,2.646331263033180292e+01,1.194365340962877298e+01
3.998000000000000398e+01,7.681595301728280845e+01,2.890285549075061056e+01,1.126140461148095184e+01
3.999000000000000199e+01,7.587532593700274219e+01,3.136691722616180655e+01,1.053966073369494438e+01
4.000000000000000000e+01,7.492852543942352384e+01,3.385002239787793599e+01,9.778615746972253220e+00
4.000999999999999801e+01,7.397749299726308436e+01,3.634674106823471362e+01,8.978712349628658274e+00
4.002000000000000313e+01,7.302416092228503430e+01,3.885169733113791324e+01,8.140649188553727100e+00
4.003000000000000114e+01,7.207044550582750730e+01,4.135957750610291583e+01,7.265385134927138111e+00
4.003999999999999915e+01,7.111824229417285892e+01,4.386513863270491242e+01,6.354142228766401779e+00
4.005000000000000426e+01,7.016942441045789280e+01,4.636321711307351023e+01,5.408408277114085116e+00
4.006000000000000227e+01,6.922584195662267348e+01,4.884873721838700789e+01,4.429935241744953345e+00
4.007000000000000028e+01,6.828930954076622584e+01,5.131671604937804432e+01,3.420734117363766202e+00
4.007999999999999829e+01,6.736160109356669068e+01,5.376227025788126923e+01,2.383069189798026066e+00
4.009000000000000341e+01,6.644444311259657354e+01,5.618062376430648897e+01,1.319453910041623601e+00
4.010000000000000142e+01,6.553952585905081207e+01,5.856710928508834968e+01,2.326568354432678731e-01
4.010999999999999943e+01,6.464850596800469873e+01,6.091717042811816896e+01,8.743130865893622428e-01
4.011999999999999744e+01,6.377299558465922047e+01,6.322636707240991427e+01,1.998216874590563741e+00
4.013000000000000256e+01,6.291456266011390142e+01,6.549037764001114681e+01,3.135593432139094361e+00
4.014000000000000057e+01,6.207473179816205544e+01,6.770499974815425048e+01,4.282769449061696321e+00
4.014999999999999858e+01,6.125498527733930132e+01,6.986614921773437459e+01,5.435870378495577526e+00
4.016000000000000369e+01,6.045676567768163068e+01,7.196985629398344031e+01,6.590831336616420622e+00
4.017000000000000171e+01,5.968147793292782666e+01,7.401226703662555906e+01,7.743411160991087172e+00
4.017999999999999972e+01,5.893048786015382490e+01,7.598964024926802097e+01,8.889208307349294458e+00
4.018999999999999773e+01,5.820512221031344779e+01,7.789833945791041003e+01,1.002367561492112458e+01
4.020000000000000284e+01,5.750667302283106608e+01,7.973482657716989763e+01,1.114213584301371185e+01
4.021000000000000085e+01,5.683640091952560169e+01,8.149565519239094158e+01,1.223979829937060870e+01
4.021999999999999886e+01,5.619553806444173460e+01,8.317746259555435984e+01,1.331177616604772851e+01
4.023000000000000398e+01,5.558529151563951132e+01,8.477696054308874807e+01,1.435310469241501963e+01
4.024000000000000199e+01,5.500684707229572012e+01,8.629092478718558823e+01,1.535876020867688041e+01
4.025000000000000000e+01,5.446137361320261761e+01,8.771618340585690987e+01,1.632367990541616720e+01
4.025999999999999801e+01,5.395002792154709681e+01,8.904960396344446849e+01,1.724278235837040185e+01
4.027000000000000313e+01,5.347395999122964128e+01,9.028807953842360234e+01,1.811098879780681514e+01
4.028000000000000114e+01,5.303431880667064036e+01,9.142851365587756618e+01,1.892324513454568446e+01
4.028999999999999915e+01,5.263225858509615307e+01,9.246780416454353713e+01,1.967454476485885806e+01
4.030000000000000426e+01,5.226894546740162895e+01,9.340282610378797301e+01,2.035995218520736216e+01
4.031000000000000227e+01,5.194556464043864707e+01,9.423041361324996501e+01,2.097462745586697963e+01
4.032000000000000028e+01,5.166311995889272168e+01,9.494729860746930683e+01,2.151394052103483645e+01
4.032999999999999829e+01,1.934390921262685303e-04,1.900000208071052157e+02,4.807677088793349185e+01
4.034000000000000341e+01,1.432581136495691965e-04,1.900003024537275564e+02,4.304737621547927517e+01
4.035000000000000142e+01,1.512601516852341010e-03,1.900001082839152389e+02,3.719779267118439492e+01
4.035999999999999943e+01,5.150178265224403251e-03,1.899991534547476135e+02,3.204783745800676797e+01
4.036999999999999744e+01,9.997692245106160058e-03,1.899985755500325126e+02,2.787587973620997417e+01
4.038000000000000256e+01,1.618181343323449317e-02,1.899984743923982649e+02,2.468537616861543427e+01
4.039000000000000057e+01,2.432689634224854958e-02,1.899972275635080052e+02,2.241746095966268371e+01
4.039999999999999858e+01,3.151577396982158108e-02,1.899957457030824060e+02,2.084504198810743958e+01
4.041000000000000369e+01,3.569120893798932714e-02,1.899945942248139090e+02,1.976716261520294893e+01
4.042000000000000171e+01,3.610256656506188877e-02,1.899938139357115858e+02,1.903982302757567524e+01
4.042999999999999972e+01,3.272527210915199269e-02,1.899935166781912983e+02,1.856081007027254870e+01
4.043999999999999773e+01,2.584273840502970820e-02,1.899935840114200687e+02,1.825838889763808837e+01
4.045000000000000284e+01,1.586507551368937508e-02,1.899939246754861415e+02,1.808338519949104040e+01
4.046000000000000085e+01,4.304913860733727837e-03,1.899945691405951038e+02,1.799572395576820583e+01
4.046999999999999886e+01,5.582470796100524879e-03,1.899953907756930391e+02,1.795153371549840315e+01
4.048000000000000398e+01,1.256762196084199035e-02,1.899964540545787770e+02,1.792538465724980057e+01
4.049000000000000199e+01,1.688489569726808748e-02,1.899977460870303503e+02,1.790636990245553051e+01
4.050000000000000000e+01,1.918305711545720271e-02,1.899991733717587579e+02,1.789035906045943847e+01
4.050999999999999801e+01,2.008389615530681294e-02,1.900006121849386886e+02,1.787587457388972823e+01
4.052000000000000313e+01,2.006773022586449962e-02,1.900019616157758833e+02,1.786240609410683078e+01
4.053000000000000114e+01,1.951758994672703196e-02,1.900031625397937773e+02,1.785006837603664209e+01
4.053999999999999915e+01,1.871398775123850333e-02,1.900041879480447449e+02,1.783912104349083450e+01
4.055000000000000426e+01,1.784512376053204452e-02,1.900050352431152874e+02,1.782975025887500919e+01
4.056000000000000227e+01,1.702576869160032924e-02,1.900057138899762208e+02,1.782200913733866798e+01
4.057000000000000028e+01,1.631612944899551998e-02,1.900062411858523035e+02,1.781582878732046282e+01
4.057999999999999829e+01,1.573896017357384602e-02,1.900066387689212206e+02,1.781105429860085820e+01
4.059000000000000341e+01,1.529347553732435250e-02,1.900069295892135131e+02,1.780748360226414206e+01
4.060000000000000142e+01,1.496576347202044355e-02,1.900071356979383665e+02,1.780489978606336621e+01
4.060999999999999943e+01,1.473603485215718711e-02,1.900072768651324111e+02,1.780309406259927840e+01
4.061999999999999744e+01,1.458329611891268085e-02,1.900073698894374559e+02,1.780187979070202431e+01
4.063000000000000256e+01,1.448807426462916936e-02,1.900074284194042207e+02,1.780109926595640957e+01
4.064000000000000057e+01,1.443376503838106339e-02,1.900074631123597158e+02,1.780062531150461425e+01
4.064999999999999858e+01,1.440707394292223276e-02,1.900074819863143318e+02,1.780035952857483750e+01
4.066000000000000369e+01,1.439790928181583496e-02,1.900074908566087402e+02,1.780022869883490699e+01
4.067000000000000171e+01,1.439898507516607085e-02,1.900074937834350521e+02,1.780018042545161805e+01
4.067999999999999972e+01,1.440530711659809837e-02,1.900074934850716204e+02,1.780017873460582223e+01
4.068999999999999773e+01,1.441364989364368743e-02,1.900074916934497651e+02,1.780020006556315337e+01
4.070000000000000284e+01,1.442208435360053942e-02,1.900074894438812407e+02,1.780022986059726264e+01
4.071000000000000085e+01,1.442958382714271126e-02,1.900074873004730023e+02,1.780025981842781135e+01
4.071999999999999886e+01,1.443571460260639761e-02,1.900074855242208685e+02,1.780028578320158772e+01
4.073000000000000398e+01,1.444040557962295024e-02,1.900074841932290042e+02,1.780030619136363512e+01
4.074000000000000199e+01,1.444378546247571116e-02,1.900074832849682025e+02,1.780032097823225357e+01
4.075000000000000000e+01,1.444607395494068580e-02,1.900074827297888476e+02,1.780033084428289669e+01
4.075999999999999801e+01,1.444751379727632346e-02,1.900074824435925507e+02,1.780033679010828251e+01
4.077000000000000313e+01,1.444833211747265089e-02,1.900074823460692244e+02,1.780033984314244222e+01
4.078000000000000114e+01,1.444872170034555703e-02,1.900074823694210977e+02,1.780034091480120395e+01
4.078999999999999915e+01,1.444883495101828563e-02,1.900074824612007944e+02,1.780034074148950651e+01
4.080000000000000426e+01,1.444878528779336424e-02,1.900074825838070751e+02,1.780033987576479149e+01
4.081000000000000227e+01,1.444865232815006895e-02,1.900074827123357011e+02,1.780033870441199895e+01
4.082000000000000028e+01,1.444848850569446785e-02,1.900074828318528830e+02,1.780033747825393675e+01
4.082999999999999829e+01,1.444832569877374517e-02,1.900074829347088041e+02,1.780033634445343793e+01
4.084000000000000341e+01,1.444818111331208632e-02,1.900074830182057042e+02,1.780033537621128659e+01
4.085000000000000142e+01,1.444806210020715964e-02,1.900074830827380765e+02,1.780033459752050717e+01
4.085999999999999943e+01,1.444796985725776972e-02,1.900074831304103782e+02,1.780033400233704910e+01
4.086999999999999744e+01,1.444790211455743156e-02,1.900074831640765751e+02,1.780033356850174897e+01
4.088000000000000256e+01,1.444785497189959855e-02,1.900074831867211174e+02,1.780033326720808873e+01
4.089000000000000057e+01,1.444782407303973892e-02,1.900074832010992907e+02,1.780033306896511291e+01
4.089999999999999858e+01,1.444780529181316497e-02,1.900074832095587283e+02,1.780033294697314261e+01
4.091000000000000369e+01,1.444779507801807750e-02,1.900074832139820842e+02,1.780033287870563896e+01
4.092000000000000171e+01,1.444779058119849413e-02,1.900074832158047400e+02,1.780033284632986934e+01
4.092999999999999972e+01,1.444778964080489780e-02,1.900074832160690903e+02,1.780033283644366549e+01
4.093999999999999773e+01,1.444779070514101704e-02,1.900074832154963076e+02,1.780033283946447398e+01
4.095000000000000284e+01,1.444779272075785714e-02,1.900074832145578512e+02,1.780033284889104195e+01
4.096000000000000085e+01,1.444779501808685085e-02,1.900074832135416614e+02,1.780033286057625119e+01
4.096999999999999886e+01,1.444779720760624997e-02,1.900074832126067292e+02,1.780033287208060244e+01
4.098000000000000398e+01,1.444779909307025711e-02,1.900074832118268091e+02,1.780033288214200127e+01
4.099000000000000199e+01,1.444780060362582663e-02,1.900074832112217393e+02,1.780033289026261656e+01
4.100000000000000000e+01,1.444780174344323376e-02,1.900074832107815439e+02,1.780033289640492455e+01
4.100999999999999801e+01,1.444780255634853239e-02,1.900074832104812117e+02,1.780033290077820496e+01
4.102000000000000313e+01,1.444780310255050493e-02,1.900074832102913831e+02,1.780033290369842547e+01
4.103000000000000114e+01,1.444780344420082407e-02,1.900074832101831248e+02,1.780033290550175806e+01
4.103999999999999915e+01,1.444780363765718612e-02,1.900074832101316247e+02,1.780033290649662803e+01
4.105000000000000426e+01,1.444780372972243043e-02,1.900074832101170728e+02,1.780033290694083092e+01
4.106000000000000227e+01,1.444780375688820007e-02,1.900074832101240645e+02,1.780033290703597615e+01
4.107000000000000028e+01,1.444780374603577000e-02,1.900074832101424818e+02,1.780033290693017278e+01
4.107999999999999829e+01,1.444780371590015378e-02,1.900074832101649065e+02,1.780033290672633584e+01
4.109000000000000341e+01,1.444780367867992688e-02,1.900074832101874449e+02,1.780033290649096855e+01
4.110000000000000142e+01,1.444780364175807241e-02,1.900074832102075391e+02,1.780033290626414910e+01
4.110999999999999943e+01,1.444780360909669881e-02,1.900074832102239952e+02,1.780033290606641927e+01
4.111999999999999744e+01,1.444780358233338502e-02,1.900074832102368703e+02,1.780033290590587924e+01
4.113000000000000256e+01,1.444780356167629787e-02,1.900074832102464200e+02,1.780033290578264626e+01
4.114000000000000057e+01,1.444780354660502031e-02,1.900074832102529570e+02,1.780033290569316051e+01
4.114999999999999858e+01,1.444780353621749613e-02,1.900074832102573907e+02,1.780033290563176607e+01
4.116000000000000369e+01,1.444780352945901347e-02,1.900074832102601761e+02,1.780033290559190817e+01
4.117000000000000171e+01,1.444780352542751611e-02,1.900074832102617393e+02,1.780033290556804104e+01
4.117999999999999972e+01,1.444780352332503126e-02,1.900074832102623930e+02,1.780033290555560654e+01
4.118999999999999773e+01,1.444780352247848620e-02,1.900074832102625066e+02,1.780033290555038761e+01
4.120000000000000284e+01,1.444780352238134169e-02,1.900074832102625066e+02,1.780033290554960956e+01
4.121000000000000085e+01,1.444780352271440860e-02,1.900074832102625066e+02,1.780033290555149605e+01
4.121999999999999886e+01,1.444780352324176453e-02,1.900074832102622793e+02,1.780033290555438441e+01
4.123000000000000398e+01,1.444780352380381494e-02,1.900074832102620519e+02,1.780033290555771330e+01
4.124000000000000199e+01,1.444780352433117088e-02,1.900074832102620519e+02,1.780033290556071179e+01
4.125000000000000000e+01,1.444780352477526009e-02,1.900074832102620519e+02,1.780033290556304237e+01
4.125999999999999801e+01,1.444780352513608257e-02,1.900074832102620519e+02,1.780033290556515269e+01
4.127000000000000313e+01,1.444780352539976054e-02,1.900074832102620519e+02,1.780033290556648495e+01
4.128000000000000114e+01,1.444780352558017178e-02,1.900074832102620519e+02,1.780033290556759340e+01
4.128999999999999915e+01,1.444780352570507187e-02,1.900074832102620519e+02,1.780033290556837144e+01
4.130000000000000426e+01,1.444780352577446081e-02,1.900074832102620519e+02,1.780033290556848158e+01
4.131000000000000227e+01,1.444780352582997196e-02,1.900074832102620519e+02,1.780033290556859527e+01
4.132000000000000028e+01,1.444780352582997196e-02,1.900074832102620519e+02,1.780033290556870540e+01
4.132999999999999829e+01,1.444780352582997196e-02,1.900074832102620519e+02,1.780033290556870540e+01
4.134000000000000341e+01,1.444780352582997196e-02,1.900074832102620519e+02,1.780033290556870540e+01
4.135000000000000142e+01,1.444780352582997196e-02,1.900074832102620519e+02,1.780033290556870540e+01
4.135999999999999943e+01,1.444780352582997196e-02,1.900074832102620519e+02,1.780033290556859527e+01
4.136999999999999744e+01,1.444780352582997196e-02,1.900074832102620519e+02,1.780033290556859527e+01
4.138000000000000256e+01,1.444780352582997196e-02,1.900074832102620519e+02,1.780033290556859527e+01
4.139000000000000057e+01,1.444780352582997196e-02,1.900074832102620519e+02,1.780033290556859527e+01
4.139999999999999858e+01,1.444780352582997196e-02,1.900074832102620519e+02,1.780033290556859527e+01
4.141000000000000369e+01,1.444780352582997196e-02,1.900074832102620519e+02,1.780033290556859527e+01
4.142000000000000171e+01,1.444780352582997196e-02,1.900074832102620519e+02,1.780033290556859527e+01
4.142999999999999972e+01,1.444780352582997196e-02,1.900074832102620519e+02,1.780033290556859527e+01
4.143999999999999773e+01,1.444780352582997196e-02,1.900074832102620519e+02,1.780033290556859527e+01
4.145000000000000284e+01,1.444780352582997196e-02,1.900074832102620519e+02,1.780033290556859527e+01
4.146000000000000085e+01,1.444780352582997196e-02,1.900074832102620519e+02,1.780033290556859527e+01
4.146999999999999886e+01,1.444780352582997196e-02,1.900074832102620519e+02,1.780033290556859527e+01
4.148000000000000398e+01,1.444780352582997196e-02,1.900074832102620519e+02,1.780033290556859527e+01
4.149000000000000199e+01,1.444780352582997196e-02,1.900074832102620519e+02,1.780033290556859527e+01
4.150000000000000000e+01,1.444780352582997196e-02,1.900074832102620519e+02,1.780033290556859527e+01
4.150999999999999801e+01,1.444780352582997196e-02,1.900074832102620519e+02,1.780033290556859527e+01
4.152000000000000313e+01,1.444780352582997196e-02,1.900074832102620519e+02,1.780033290556859527e+01
4.153000000000000114e+01,1.444780352582997196e-02,1.900074832102620519e+02,1.780033290556859527e+01
4.153999999999999915e+01,1.444780352582997196e-02,1.900074832102620519e+02,1.780033290556859527e+01
4.155000000000000426e+01,1.444780352582997196e-02,1.900074832102620519e+02,1.780033290556859527e+01
4.156000000000000227e+01,1.444780352582997196e-02,1.900074832102620519e+02,1.780033290556859527e+01
4.157000000000000028e+01,1.444780352582997196e-02,1.900074832102620519e+02,1.780033290556859527e+01
4.157999999999999829e+01,1.444780352582997196e-02,1.900074832102620519e+02,1.780033290556859527e+01
4.159000000000000341e+01,1.444780352582997196e-02,1.900074832102620519e+02,1.780033290556859527e+01
4.160000000000000142e+01,1.444780352582997196e-02,1.900074832102620519e+02,1.780033290556859527e+01
4.160999999999999943e+01,1.444780352582997196e-02,1.900074832102620519e+02,1.780033290556859527e+01
4.161999999999999744e+01,1.444780352582997196e-02,1.900074832102620519e+02,1.780033290556859527e+01
4.163000000000000256e+01,1.444780352582997196e-02,1.900074832102620519e+02,1.780033290556859527e+01
4.164000000000000057e+01,1.444780352582997196e-02,1.900074832102620519e+02,1.780033290556859527e+01
4.164999999999999858e+01,1.444780352582997196e-02,1.900074832102620519e+02,1.780033290556859527e+01
4.166000000000000369e+01,1.444780352582997196e-02,1.900074832102620519e+02,1.780033290556859527e+01
4.167000000000000171e+01,1.444780352582997196e-02,1.900074832102620519e+02,1.780033290556859527e+01
4.167999999999999972e+01,1.444780352582997196e-02,1.900074832102620519e+02,1.780033290556859527e+01
4.168999999999999773e+01,1.444780352582997196e-02,1.900074832102620519e+02,1.780033290556859527e+01
4.170000000000000284e+01,1.444780352582997196e-02,1.900074832102620519e+02,1.780033290556859527e+01
4.171000000000000085e+01,1.444780352582997196e-02,1.900074832102620519e+02,1.780033290556859527e+01
4.171999999999999886e+01,1.444780352582997196e-02,1.900074832102620519e+02,1.780033290556859527e+01
4.173000000000000398e+01,1.444780352582997196e-02,1.900074832102620519e+02,1.780033290556859527e+01
4.174000000000000199e+01,1.444780352582997196e-02,1.900074832102620519e+02,1.780033290556859527e+01
4.175000000000000000e+01,1.444780352582997196e-02,1.900074832102620519e+02,1.780033290556859527e+01
4.175999999999999801e+01,1.444780352582997196e-02,1.900074832102620519e+02,1.780033290556859527e+01
4.177000000000000313e+01,1.444780352582997196e-02,1.900074832102620519e+02,1.780033290556859527e+01
4.178000000000000114e+01,1.444780352582997196e-02,1.900074832102620519e+02,1.780033290556859527e+01
4.178999999999999915e+01,1.444780352582997196e-02,1.900074832102620519e+02,1.780033290556859527e+01
4.180000000000000426e+01,1.444780352582997196e-02,1.900074832102620519e+02,1.780033290556859527e+01
4.181000000000000227e+01,1.444780352582997196e-02,1.900074832102620519e+02,1.780033290556859527e+01
4.182000000000000028e+01,1.444780352582997196e-02,1.900074832102620519e+02,1.780033290556859527e+01
4.182999999999999829e+01,1.444780352582997196e-02,1.900074832102620519e+02,1.780033290556859527e+01
4.184000000000000341e+01,1.444780352582997196e-02,1.900074832102620519e+02,1.780033290556859527e+01
4.185000000000000142e+01,1.444780352582997196e-02,1.900074832102620519e+02,1.780033290556859527e+01
4.185999999999999943e+01,1.444780352582997196e-02,1.900074832102620519e+02,1.780033290556859527e+01
4.186999999999999744e+01,1.444780352582997196e-02,1.900074832102620519e+02,1.780033290556859527e+01
4.188000000000000256e+01,1.444780352582997196e-02,1.900074832102620519e+02,1.780033290556859527e+01
4.189000000000000057e+01,1.444780352582997196e-02,1.900074832102620519e+02,1.780033290556859527e+01
4.189999999999999858e+01,1.444780352582997196e-02,1.900074832102620519e+02,1.780033290556859527e+01
4.191000000000000369e+01,1.444780352582997196e-02,1.900074832102620519e+02,1.780033290556859527e+01
4.192000000000000171e+01,1.444780352582997196e-02,1.900074832102620519e+02,1.780033290556859527e+01
4.192999999999999972e+01,1.444780352582997196e-02,1.900074832102620519e+02,1.780033290556859527e+01
4.193999999999999773e+01,1.444780352582997196e-02,1.900074832102620519e+02,1.780033290556859527e+01
4.195000000000000284e+01,1.444780352582997196e-02,1.900074832102620519e+02,1.780033290556859527e+01
4.196000000000000085e+01,1.444780352582997196e-02,1.900074832102620519e+02,1.780033290556859527e+01
4.196999999999999886e+01,1.444780352582997196e-02,1.900074832102620519e+02,1.780033290556859527e+01
4.198000000000000398e+01,1.444780352582997196e-02,1.900074832102620519e+02,1.780033290556859527e+01
4.199000000000000199e+01,1.444780352582997196e-02,1.900074832102620519e+02,1.780033290556859527e+01
4.200000000000000000e+01,1.444780352582997196e-02,1.900074832102620519e+02,1.780033290556859527e+01
4.200999999999999801e+01,1.444780352582997196e-02,1.900074832102620519e+02,1.780033290556859527e+01
4.202000000000000313e+01,1.444780352582997196e-02,1.900074832102620519e+02,1.780033290556859527e+01
4.203000000000000114e+01,1.444780352582997196e-02,1.900074832102620519e+02,1.780033290556859527e+01
4.203999999999999915e+01,1.444780352582997196e-02,1.900074832102620519e+02,1.780033290556859527e+01
4.205000000000000426e+01,1.444780352582997196e-02,1.900074832102620519e+02,1.780033290556859527e+01
4.206000000000000227e+01,1.444780352582997196e-02,1.900074832102620519e+02,1.780033290556859527e+01
4.207000000000000028e+01,1.444780352582997196e-02,1.900074832102620519e+02,1.780033290556859527e+01
4.207999999999999829e+01,1.444780352582997196e-02,1.900074832102620519e+02,1.780033290556859527e+01
4.209000000000000341e+01,1.444780352582997196e-02,1.900074832102620519e+02,1.780033290556859527e+01
4.210000000000000142e+01,1.444780352582997196e-02,1.900074832102620519e+02,1.780033290556859527e+01
4.210999999999999943e+01,1.444780352582997196e-02,1.900074832102620519e+02,1.780033290556859527e+01
4.211999999999999744e+01,1.444780352582997196e-02,1.900074832102620519e+02,1.780033290556859527e+01
4.213000000000000256e+01,1.444780352582997196e-02,1.900074832102620519e+02,1.780033290556859527e+01
4.214000000000000057e+01,1.444780352582997196e-02,1.900074832102620519e+02,1.780033290556859527e+01
4.214999999999999858e+01,1.444780352582997196e-02,1.900074832102620519e+02,1.780033290556859527e+01
4.216000000000000369e+01,1.444780352582997196e-02,1.900074832102620519e+02,1.780033290556859527e+01
4.217000000000000171e+01,1.444780352582997196e-02,1.900074832102620519e+02,1.780033290556859527e+01
4.217999999999999972e+01,1.444780352582997196e-02,1.900074832102620519e+02,1.780033290556859527e+01
4.218999999999999773e+01,1.444780352582997196e-02,1.900074832102620519e+02,1.780033290556859527e+01
4.220000000000000284e+01,1.444780352582997196e-02,1.900074832102620519e+02,1.780033290556859527e+01
4.221000000000000085e+01,1.444780352582997196e-02,1.900074832102620519e+02,1.780033290556859527e+01
4.221999999999999886e+01,1.444780352582997196e-02,1.900074832102620519e+02,1.780033290556859527e+01
4.223000000000000398e+01,1.444780352582997196e-02,1.900074832102620519e+02,1.780033290556859527e+01
4.224000000000000199e+01,1.444780352582997196e-02,1.900074832102620519e+02,1.780033290556859527e+01
4.225000000000000000e+01,1.444780352582997196e-02,1.900074832102620519e+02,1.780033290556859527e+01
4.225999999999999801e+01,1.444780352582997196e-02,1.900074832102620519e+02,1.780033290556859527e+01
4.227000000000000313e+01,1.444780352582997196e-02,1.900074832102620519e+02,1.780033290556859527e+01
4.228000000000000114e+01,1.444780352582997196e-02,1.900074832102620519e+02,1.780033290556859527e+01
4.228999999999999915e+01,1.444780352582997196e-02,1.900074832102620519e+02,1.780033290556859527e+01
4.230000000000000426e+01,1.444780352582997196e-02,1.900074832102620519e+02,1.780033290556859527e+01
4.231000000000000227e+01,1.444780352582997196e-02,1.900074832102620519e+02,1.780033290556859527e+01
4.232000000000000028e+01,1.444780352582997196e-02,1.900074832102620519e+02,1.780033290556859527e+01
4.232999999999999829e+01,1.444780352582997196e-02,1.900074832102620519e+02,1.780033290556859527e+01
4.234000000000000341e+01,1.444780352582997196e-02,1.900074832102620519e+02,1.780033290556859527e+01
4.235000000000000142e+01,1.444780352582997196e-02,1.900074832102620519e+02,1.780033290556859527e+01
4.235999999999999943e+01,1.444780352582997196e-02,1.900074832102620519e+02,1.780033290556859527e+01
4.236999999999999744e+01,1.444780352582997196e-02,1.900074832102620519e+02,1.780033290556859527e+01
4.238000000000000256e+01,1.444780352582997196e-02,1.900074832102620519e+02,1.780033290556859527e+01
4.239000000000000057e+01,1.444780352582997196e-02,1.900074832102620519e+02,1.780033290556859527e+01
4.239999999999999858e+01,1.444780352582997196e-02,1.900074832102620519e+02,1.780033290556859527e+01
4.241000000000000369e+01,1.444780352582997196e-02,1.900074832102620519e+02,1.780033290556859527e+01
4.242000000000000171e+01,1.444780352582997196e-02,1.900074832102620519e+02,1.780033290556859527e+01
4.242999999999999972e+01,1.444780352582997196e-02,1.900074832102620519e+02,1.780033290556859527e+01
4.243999999999999773e+01,1.444780352582997196e-02,1.900074832102620519e+02,1.780033290556859527e+01
4.245000000000000284e+01,1.444780352582997196e-02,1.900074832102620519e+02,1.780033290556859527e+01
4.246000000000000085e+01,1.444780352582997196e-02,1.900074832102620519e+02,1.780033290556859527e+01
4.246999999999999886e+01,1.444780352582997196e-02,1.900074832102620519e+02,1.780033290556859527e+01
4.248000000000000398e+01,1.444780352582997196e-02,1.900074832102620519e+02,1.780033290556859527e+01
4.249000000000000199e+01,1.444780352582997196e-02,1.900074832102620519e+02,1.780033290556859527e+01
4.250000000000000000e+01,1.444780352582997196e-02,1.900074832102620519e+02,1.780033290556859527e+01
4.250999999999999801e+01,1.444780352582997196e-02,1.900074832102620519e+02,1.780033290556859527e+01
4.252000000000000313e+01,1.444780352582997196e-02,1.900074832102620519e+02,1.780033290556859527e+01
4.253000000000000114e+01,1.444780352582997196e-02,1.900074832102620519e+02,1.780033290556859527e+01
4.253999999999999915e+01,1.444780352582997196e-02,1.900074832102620519e+02,1.780033290556859527e+01
4.255000000000000426e+01,1.444780352582997196e-02,1.900074832102620519e+02,1.780033290556859527e+01
4.256000000000000227e+01,1.444780352582997196e-02,1.900074832102620519e+02,1.780033290556859527e+01
4.257000000000000028e+01,1.444780352582997196e-02,1.900074832102620519e+02,1.780033290556859527e+01
4.257999999999999829e+01,1.444780352582997196e-02,1.900074832102620519e+02,1.780033290556859527e+01
4.259000000000000341e+01,1.444780352582997196e-02,1.900074832102620519e+02,1.780033290556859527e+01
4.260000000000000142e+01,1.444780352582997196e-02,1.900074832102620519e+02,1.780033290556859527e+01
4.260999999999999943e+01,1.444780352582997196e-02,1.900074832102620519e+02,1.780033290556859527e+01
4.261999999999999744e+01,1.444780352582997196e-02,1.900074832102620519e+02,1.780033290556859527e+01
4.263000000000000256e+01,1.444780352582997196e-02,1.900074832102620519e+02,1.780033290556859527e+01
4.264000000000000057e+01,1.444780352582997196e-02,1.900074832102620519e+02,1.780033290556859527e+01
4.264999999999999858e+01,1.444780352582997196e-02,1.900074832102620519e+02,1.780033290556859527e+01
4.266000000000000369e+01,1.444780352582997196e-02,1.900074832102620519e+02,1.780033290556859527e+01
4.267000000000000171e+01,1.444780352582997196e-02,1.900074832102620519e+02,1.780033290556859527e+01
4.267999999999999972e+01,1.444780352582997196e-02,1.900074832102620519e+02,1.780033290556859527e+01
4.268999999999999773e+01,1.444780352582997196e-02,1.900074832102620519e+02,1.780033290556859527e+01
4.270000000000000284e+01,1.444780352582997196e-02,1.900074832102620519e+02,1.780033290556859527e+01
4.271000000000000085e+01,1.444780352582997196e-02,1.900074832102620519e+02,1.780033290556859527e+01
4.271999999999999886e+01,1.444780352582997196e-02,1.900074832102620519e+02,1.780033290556859527e+01
4.273000000000000398e+01,1.444780352582997196e-02,1.900074832102620519e+02,1.780033290556859527e+01
4.274000000000000199e+01,1.444780352582997196e-02,1.900074832102620519e+02,1.780033290556859527e+01
4.275000000000000000e+01,1.444780352582997196e-02,1.900074832102620519e+02,1.780033290556859527e+01
4.275999999999999801e+01,1.444780352582997196e-02,1.900074832102620519e+02,1.780033290556859527e+01
4.277000000000000313e+01,1.444780352582997196e-02,1.900074832102620519e+02,1.780033290556859527e+01
4.278000000000000114e+01,1.444780352582997196e-02,1.900074832102620519e+02,1.780033290556859527e+01
4.278999999999999915e+01,1.444780352582997196e-02,1.900074832102620519e+02,1.780033290556859527e+01
4.280000000000000426e+01,1.444780352582997196e-02,1.900074832102620519e+02,1.780033290556859527e+01
4.281000000000000227e+01,1.444780352582997196e-02,1.900074832102620519e+02,1.780033290556859527e+01
4.282000000000000028e+01,1.444780352582997196e-02,1.900074832102620519e+02,1.780033290556859527e+01
4.282999999999999829e+01,1.444780352582997196e-02,1.900074832102620519e+02,1.780033290556859527e+01
4.284000000000000341e+01,1.444780352582997196e-02,1.900074832102620519e+02,1.780033290556859527e+01
4.285000000000000142e+01,1.444780352582997196e-02,1.900074832102620519e+02,1.780033290556859527e+01
4.285999999999999943e+01,1.444780352582997196e-02,1.900074832102620519e+02,1.780033290556859527e+01
4.286999999999999744e+01,1.444780352582997196e-02,1.900074832102620519e+02,1.780033290556859527e+01
4.288000000000000256e+01,1.444780352582997196e-02,1.900074832102620519e+02,1.780033290556859527e+01
4.289000000000000057e+01,1.444780352582997196e-02,1.900074832102620519e+02,1.780033290556859527e+01
4.289999999999999858e+01,1.444780352582997196e-02,1.900074832102620519e+02,1.780033290556859527e+01
4.291000000000000369e+01,1.444780352582997196e-02,1.900074832102620519e+02,1.780033290556859527e+01
4.292000000000000171e+01,1.444780352582997196e-02,1.900074832102620519e+02,1.780033290556859527e+01
4.292999999999999972e+01,1.444780352582997196e-02,1.900074832102620519e+02,1.780033290556859527e+01
4.293999999999999773e+01,1.444780352582997196e-02,1.900074832102620519e+02,1.780033290556859527e+01
4.295000000000000284e+01,1.444780352582997196e-02,1.900074832102620519e+02,1.780033290556859527e+01
4.296000000000000085e+01,1.444780352582997196e-02,1.900074832102620519e+02,1.780033290556859527e+01
4.296999999999999886e+01,1.444780352582997196e-02,1.900074832102620519e+02,1.780033290556859527e+01
4.298000000000000398e+01,1.444780352582997196e-02,1.900074832102620519e+02,1.780033290556859527e+01
4.299000000000000199e+01,1.444780352582997196e-02,1.900074832102620519e+02,1.780033290556859527e+01
4.300000000000000000e+01,1.444780352582997196e-02,1.900074832102620519e+02,1.780033290556859527e+01
4.300999999999999801e+01,1.444780352582997196e-02,1.900074832102620519e+02,1.780033290556859527e+01
4.302000000000000313e+01,1.444780352582997196e-02,1.900074832102620519e+02,1.780033290556859527e+01
4.303000000000000114e+01,1.444780352582997196e-02,1.900074832102620519e+02,1.780033290556859527e+01
4.303999999999999915e+01,1.444780352582997196e-02,1.900074832102620519e+02,1.780033290556859527e+01
4.305000000000000426e+01,1.444780352582997196e-02,1.900074832102620519e+02,1.780033290556859527e+01
4.306000000000000227e+01,1.444780352582997196e-02,1.900074832102620519e+02,1.780033290556859527e+01
4.307000000000000028e+01,1.444780352582997196e-02,1.900074832102620519e+02,1.780033290556859527e+01
4.307999999999999829e+01,1.444780352582997196e-02,1.900074832102620519e+02,1.780033290556859527e+01
4.309000000000000341e+01,1.444780352582997196e-02,1.900074832102620519e+02,1.780033290556859527e+01
4.310000000000000142e+01,1.444780352582997196e-02,1.900074832102620519e+02,1.780033290556859527e+01
4.310999999999999943e+01,1.444780352582997196e-02,1.900074832102620519e+02,1.780033290556859527e+01
4.311999999999999744e+01,1.444780352582997196e-02,1.900074832102620519e+02,1.780033290556859527e+01
4.313000000000000256e+01,1.444780352582997196e-02,1.900074832102620519e+02,1.780033290556859527e+01
4.314000000000000057e+01,1.444780352582997196e-02,1.900074832102620519e+02,1.780033290556859527e+01
4.314999999999999858e+01,1.444780352582997196e-02,1.900074832102620519e+02,1.780033290556859527e+01
4.316000000000000369e+01,1.444780352582997196e-02,1.900074832102620519e+02,1.780033290556859527e+01
4.317000000000000171e+01,1.444780352582997196e-02,1.900074832102620519e+02,1.780033290556859527e+01
4.317999999999999972e+01,1.444780352582997196e-02,1.900074832102620519e+02,1.780033290556859527e+01
4.318999999999999773e+01,1.444780352582997196e-02,1.900074832102620519e+02,1.780033290556859527e+01
4.320000000000000284e+01,1.444780352582997196e-02,1.900074832102620519e+02,1.780033290556859527e+01
4.321000000000000085e+01,1.444780352582997196e-02,1.900074832102620519e+02,1.780033290556859527e+01
4.321999999999999886e+01,1.444780352582997196e-02,1.900074832102620519e+02,1.780033290556859527e+01
4.323000000000000398e+01,1.444780352582997196e-02,1.900074832102620519e+02,1.780033290556859527e+01
4.324000000000000199e+01,1.444780352582997196e-02,1.900074832102620519e+02,1.780033290556859527e+01
4.325000000000000000e+01,1.444780352582997196e-02,1.900074832102620519e+02,1.780033290556859527e+01
4.325999999999999801e+01,1.444780352582997196e-02,1.900074832102620519e+02,1.780033290556859527e+01
4.327000000000000313e+01,1.444780352582997196e-02,1.900074832102620519e+02,1.780033290556859527e+01
4.328000000000000114e+01,1.444780352582997196e-02,1.900074832102620519e+02,1.780033290556859527e+01
4.328999999999999915e+01,1.444780352582997196e-02,1.900074832102620519e+02,1.780033290556859527e+01
4.330000000000000426e+01,1.444780352582997196e-02,1.900074832102620519e+02,1.780033290556859527e+01
4.331000000000000227e+01,1.444780352582997196e-02,1.900074832102620519e+02,1.780033290556859527e+01
4.332000000000000028e+01,1.444780352582997196e-02,1.900074832102620519e+02,1.780033290556859527e+01
4.332999999999999829e+01,1.444780352582997196e-02,1.900074832102620519e+02,1.780033290556859527e+01
4.334000000000000341e+01,1.444780352582997196e-02,1.900074832102620519e+02,1.780033290556859527e+01
4.335000000000000142e+01,1.444780352582997196e-02,1.900074832102620519e+02,1.780033290556859527e+01
4.335999999999999943e+01,1.444780352582997196e-02,1.900074832102620519e+02,1.780033290556859527e+01
4.336999999999999744e+01,1.444780352582997196e-02,1.900074832102620519e+02,1.780033290556859527e+01
4.338000000000000256e+01,1.444780352582997196e-02,1.900074832102620519e+02,1.780033290556859527e+01
4.339000000000000057e+01,1.444780352582997196e-02,1.900074832102620519e+02,1.780033290556859527e+01
4.339999999999999858e+01,1.444780352582997196e-02,1.900074832102620519e+02,1.780033290556859527e+01
4.341000000000000369e+01,1.444780352582997196e-02,1.900074832102620519e+02,1.780033290556859527e+01
4.342000000000000171e+01,1.444780352582997196e-02,1.900074832102620519e+02,1.780033290556859527e+01
4.342999999999999972e+01,1.444780352582997196e-02,1.900074832102620519e+02,1.780033290556859527e+01
4.343999999999999773e+01,1.444780352582997196e-02,1.900074832102620519e+02,1.780033290556859527e+01
4.345000000000000284e+01,1.444780352582997196e-02,1.900074832102620519e+02,1.780033290556859527e+01
4.346000000000000085e+01,1.444780352582997196e-02,1.900074832102620519e+02,1.780033290556859527e+01
4.346999999999999886e+01,1.444780352582997196e-02,1.900074832102620519e+02,1.780033290556859527e+01
4.348000000000000398e+01,1.444780352582997196e-02,1.900074832102620519e+02,1.780033290556859527e+01
4.349000000000000199e+01,1.444780352582997196e-02,1.900074832102620519e+02,1.780033290556859527e+01
4.350000000000000000e+01,1.444780352582997196e-02,1.900074832102620519e+02,1.780033290556859527e+01
4.350999999999999801e+01,1.444780352582997196e-02,1.900074832102620519e+02,1.780033290556859527e+01
4.352000000000000313e+01,1.444780352582997196e-02,1.900074832102620519e+02,1.780033290556859527e+01
4.353000000000000114e+01,1.444780352582997196e-02,1.900074832102620519e+02,1.780033290556859527e+01
4.353999999999999915e+01,1.444780352582997196e-02,1.900074832102620519e+02,1.780033290556859527e+01
4.355000000000000426e+01,1.444780352582997196e-02,1.900074832102620519e+02,1.780033290556859527e+01
4.356000000000000227e+01,1.444780352582997196e-02,1.900074832102620519e+02,1.780033290556859527e+01
4.357000000000000028e+01,1.444780352582997196e-02,1.900074832102620519e+02,1.780033290556859527e+01
4.357999999999999829e+01,1.444780352582997196e-02,1.900074832102620519e+02,1.780033290556859527e+01
4.359000000000000341e+01,1.444780352582997196e-02,1.900074832102620519e+02,1.780033290556859527e+01
4.360000000000000142e+01,1.444780352582997196e-02,1.900074832102620519e+02,1.780033290556859527e+01
4.360999999999999943e+01,1.444780352582997196e-02,1.900074832102620519e+02,1.780033290556859527e+01
4.361999999999999744e+01,1.444780352582997196e-02,1.900074832102620519e+02,1.780033290556859527e+01
4.363000000000000256e+01,1.444780352582997196e-02,1.900074832102620519e+02,1.780033290556859527e+01
4.364000000000000057e+01,1.444780352582997196e-02,1.900074832102620519e+02,1.780033290556859527e+01
4.364999999999999858e+01,1.444780352582997196e-02,1.900074832102620519e+02,1.780033290556859527e+01
4.366000000000000369e+01,1.444780352582997196e-02,1.900074832102620519e+02,1.780033290556859527e+01
4.367000000000000171e+01,1.444780352582997196e-02,1.900074832102620519e+02,1.780033290556859527e+01
4.367999999999999972e+01,1.444780352582997196e-02,1.900074832102620519e+02,1.780033290556859527e+01
4.368999999999999773e+01,1.444780352582997196e-02,1.900074832102620519e+02,1.780033290556859527e+01
4.370000000000000284e+01,1.444780352582997196e-02,1.900074832102620519e+02,1.780033290556859527e+01
4.371000000000000085e+01,1.444780352582997196e-02,1.900074832102620519e+02,1.780033290556859527e+01
4.371999999999999886e+01,1.444780352582997196e-02,1.900074832102620519e+02,1.780033290556859527e+01
4.373000000000000398e+01,1.444780352582997196e-02,1.900074832102620519e+02,1.780033290556859527e+01
4.374000000000000199e+01,1.444780352582997196e-02,1.900074832102620519e+02,1.780033290556859527e+01
4.375000000000000000e+01,1.444780352582997196e-02,1.900074832102620519e+02,1.780033290556859527e+01
4.375999999999999801e+01,1.444780352582997196e-02,1.900074832102620519e+02,1.780033290556859527e+01
4.377000000000000313e+01,1.444780352582997196e-02,1.900074832102620519e+02,1.780033290556859527e+01
4.378000000000000114e+01,1.444780352582997196e-02,1.900074832102620519e+02,1.780033290556859527e+01
4.378999999999999915e+01,1.444780352582997196e-02,1.900074832102620519e+02,1.780033290556859527e+01
4.380000000000000426e+01,1.444780352582997196e-02,1.900074832102620519e+02,1.780033290556859527e+01
4.381000000000000227e+01,1.444780352582997196e-02,1.900074832102620519e+02,1.780033290556859527e+01
4.382000000000000028e+01,1.444780352582997196e-02,1.900074832102620519e+02,1.780033290556859527e+01
4.382999999999999829e+01,1.444780352582997196e-02,1.900074832102620519e+02,1.780033290556859527e+01
4.384000000000000341e+01,1.444780352582997196e-02,1.900074832102620519e+02,1.780033290556859527e+01
4.385000000000000142e+01,1.444780352582997196e-02,1.900074832102620519e+02,1.780033290556859527e+01
4.385999999999999943e+01,1.444780352582997196e-02,1.900074832102620519e+02,1.780033290556859527e+01
4.386999999999999744e+01,1.444780352582997196e-02,1.900074832102620519e+02,1.780033290556859527e+01
4.388000000000000256e+01,1.444780352582997196e-02,1.900074832102620519e+02,1.780033290556859527e+01
4.389000000000000057e+01,1.444780352582997196e-02,1.900074832102620519e+02,1.780033290556859527e+01
4.389999999999999858e+01,1.444780352582997196e-02,1.900074832102620519e+02,1.780033290556859527e+01
4.391000000000000369e+01,1.444780352582997196e-02,1.900074832102620519e+02,1.780033290556859527e+01
4.392000000000000171e+01,1.444780352582997196e-02,1.900074832102620519e+02,1.780033290556859527e+01
4.392999999999999972e+01,1.444780352582997196e-02,1.900074832102620519e+02,1.780033290556859527e+01
4.393999999999999773e+01,1.444780352582997196e-02,1.900074832102620519e+02,1.780033290556859527e+01
4.395000000000000284e+01,1.444780352582997196e-02,1.900074832102620519e+02,1.780033290556859527e+01
4.396000000000000085e+01,1.444780352582997196e-02,1.900074832102620519e+02,1.780033290556859527e+01
4.396999999999999886e+01,1.444780352582997196e-02,1.900074832102620519e+02,1.780033290556859527e+01
4.398000000000000398e+01,1.444780352582997196e-02,1.900074832102620519e+02,1.780033290556859527e+01
4.399000000000000199e+01,1.444780352582997196e-02,1.900074832102620519e+02,1.780033290556859527e+01
4.400000000000000000e+01,1.444780352582997196e-02,1.900074832102620519e+02,1.780033290556859527e+01
4.400999999999999801e+01,1.444780352582997196e-02,1.900074832102620519e+02,1.780033290556859527e+01
4.402000000000000313e+01,1.444780352582997196e-02,1.900074832102620519e+02,1.780033290556859527e+01
4.403000000000000114e+01,1.444780352582997196e-02,1.900074832102620519e+02,1.780033290556859527e+01
4.403999999999999915e+01,1.444780352582997196e-02,1.900074832102620519e+02,1.780033290556859527e+01
4.405000000000000426e+01,1.444780352582997196e-02,1.900074832102620519e+02,1.780033290556859527e+01
4.406000000000000227e+01,1.444780352582997196e-02,1.900074832102620519e+02,1.780033290556859527e+01
4.407000000000000028e+01,1.444780352582997196e-02,1.900074832102620519e+02,1.780033290556859527e+01
4.407999999999999829e+01,1.444780352582997196e-02,1.900074832102620519e+02,1.780033290556859527e+01
4.409000000000000341e+01,1.444780352582997196e-02,1.900074832102620519e+02,1.780033290556859527e+01
4.410000000000000142e+01,1.444780352582997196e-02,1.900074832102620519e+02,1.780033290556859527e+01
4.410999999999999943e+01,1.444780352582997196e-02,1.900074832102620519e+02,1.780033290556859527e+01
4.411999999999999744e+01,1.444780352582997196e-02,1.900074832102620519e+02,1.780033290556859527e+01
4.413000000000000256e+01,1.444780352582997196e-02,1.900074832102620519e+02,1.780033290556859527e+01
4.414000000000000057e+01,1.444780352582997196e-02,1.900074832102620519e+02,1.780033290556859527e+01
4.414999999999999858e+01,1.444780352582997196e-02,1.900074832102620519e+02,1.780033290556859527e+01
4.416000000000000369e+01,1.444780352582997196e-02,1.900074832102620519e+02,1.780033290556859527e+01
4.417000000000000171e+01,1.444780352582997196e-02,1.900074832102620519e+02,1.780033290556859527e+01
4.417999999999999972e+01,1.444780352582997196e-02,1.900074832102620519e+02,1.780033290556859527e+01
4.418999999999999773e+01,1.444780352582997196e-02,1.900074832102620519e+02,1.780033290556859527e+01
4.420000000000000284e+01,1.444780352582997196e-02,1.900074832102620519e+02,1.780033290556859527e+01
4.421000000000000085e+01,1.444780352582997196e-02,1.900074832102620519e+02,1.780033290556859527e+01
4.421999999999999886e+01,1.444780352582997196e-02,1.900074832102620519e+02,1.780033290556859527e+01
4.423000000000000398e+01,1.444780352582997196e-02,1.900074832102620519e+02,1.780033290556859527e+01
4.424000000000000199e+01,1.444780352582997196e-02,1.900074832102620519e+02,1.780033290556859527e+01
4.425000000000000000e+01,1.444780352582997196e-02,1.900074832102620519e+02,1.780033290556859527e+01
4.425999999999999801e+01,1.444780352582997196e-02,1.900074832102620519e+02,1.780033290556859527e+01
4.427000000000000313e+01,1.444780352582997196e-02,1.900074832102620519e+02,1.780033290556859527e+01
4.428000000000000114e+01,1.444780352582997196e-02,1.900074832102620519e+02,1.780033290556859527e+01
4.428999999999999915e+01,1.444780352582997196e-02,1.900074832102620519e+02,1.780033290556859527e+01
4.430000000000000426e+01,1.444780352582997196e-02,1.900074832102620519e+02,1.780033290556859527e+01
4.431000000000000227e+01,1.444780352582997196e-02,1.900074832102620519e+02,1.780033290556859527e+01
4.432000000000000028e+01,1.444780352582997196e-02,1.900074832102620519e+02,1.780033290556859527e+01
4.432999999999999829e+01,1.444780352582997196e-02,1.900074832102620519e+02,1.780033290556859527e+01
4.434000000000000341e+01,1.444780352582997196e-02,1.900074832102620519e+02,1.780033290556859527e+01
4.435000000000000142e+01,1.444780352582997196e-02,1.900074832102620519e+02,1.780033290556859527e+01
4.435999999999999943e+01,1.444780352582997196e-02,1.900074832102620519e+02,1.780033290556859527e+01
4.436999999999999744e+01,1.444780352582997196e-02,1.900074832102620519e+02,1.780033290556859527e+01
4.438000000000000256e+01,1.444780352582997196e-02,1.900074832102620519e+02,1.780033290556859527e+01
4.439000000000000057e+01,1.444780352582997196e-02,1.900074832102620519e+02,1.780033290556859527e+01
4.439999999999999858e+01,1.444780352582997196e-02,1.900074832102620519e+02,1.780033290556859527e+01
4.441000000000000369e+01,1.444780352582997196e-02,1.900074832102620519e+02,1.780033290556859527e+01
4.442000000000000171e+01,1.444780352582997196e-02,1.900074832102620519e+02,1.780033290556859527e+01
4.442999999999999972e+01,1.444780352582997196e-02,1.900074832102620519e+02,1.780033290556859527e+01
4.443999999999999773e+01,1.444780352582997196e-02,1.900074832102620519e+02,1.780033290556859527e+01
4.445000000000000284e+01,1.444780352582997196e-02,1.900074832102620519e+02,1.780033290556859527e+01
4.446000000000000085e+01,1.444780352582997196e-02,1.900074832102620519e+02,1.780033290556859527e+01
4.446999999999999886e+01,1.444780352582997196e-02,1.900074832102620519e+02,1.780033290556859527e+01
4.448000000000000398e+01,1.444780352582997196e-02,1.900074832102620519e+02,1.780033290556859527e+01
4.449000000000000199e+01,1.444780352582997196e-02,1.900074832102620519e+02,1.780033290556859527e+01
4.450000000000000000e+01,1.444780352582997196e-02,1.900074832102620519e+02,1.780033290556859527e+01
4.450999999999999801e+01,1.444780352582997196e-02,1.900074832102620519e+02,1.780033290556859527e+01
4.452000000000000313e+01,1.444780352582997196e-02,1.900074832102620519e+02,1.780033290556859527e+01
4.453000000000000114e+01,1.444780352582997196e-02,1.900074832102620519e+02,1.780033290556859527e+01
4.453999999999999915e+01,1.444780352582997196e-02,1.900074832102620519e+02,1.780033290556859527e+01
4.455000000000000426e+01,1.444780352582997196e-02,1.900074832102620519e+02,1.780033290556859527e+01
4.456000000000000227e+01,1.444780352582997196e-02,1.900074832102620519e+02,1.780033290556859527e+01
4.457000000000000028e+01,1.444780352582997196e-02,1.900074832102620519e+02,1.780033290556859527e+01
4.457999999999999829e+01,1.444780352582997196e-02,1.900074832102620519e+02,1.780033290556859527e+01
4.459000000000000341e+01,1.444780352582997196e-02,1.900074832102620519e+02,1.780033290556859527e+01
4.460000000000000142e+01,1.444780352582997196e-02,1.900074832102620519e+02,1.780033290556859527e+01
4.460999999999999943e+01,1.444780352582997196e-02,1.900074832102620519e+02,1.780033290556859527e+01
4.461999999999999744e+01,1.444780352582997196e-02,1.900074832102620519e+02,1.780033290556859527e+01
4.463000000000000256e+01,1.444780352582997196e-02,1.900074832102620519e+02,1.780033290556859527e+01
4.464000000000000057e+01,1.444780352582997196e-02,1.900074832102620519e+02,1.780033290556859527e+01
4.464999999999999858e+01,1.444780352582997196e-02,1.900074832102620519e+02,1.780033290556859527e+01
4.466000000000000369e+01,1.444780352582997196e-02,1.900074832102620519e+02,1.780033290556859527e+01
4.467000000000000171e+01,1.444780352582997196e-02,1.900074832102620519e+02,1.780033290556859527e+01
4.467999999999999972e+01,1.444780352582997196e-02,1.900074832102620519e+02,1.780033290556859527e+01
4.468999999999999773e+01,1.444780352582997196e-02,1.900074832102620519e+02,1.780033290556859527e+01
4.470000000000000284e+01,1.444780352582997196e-02,1.900074832102620519e+02,1.780033290556859527e+01
4.471000000000000085e+01,1.444780352582997196e-02,1.900074832102620519e+02,1.780033290556859527e+01
4.471999999999999886e+01,1.444780352582997196e-02,1.900074832102620519e+02,1.780033290556859527e+01
4.473000000000000398e+01,1.444780352582997196e-02,1.900074832102620519e+02,1.780033290556859527e+01
4.474000000000000199e+01,1.444780352582997196e-02,1.900074832102620519e+02,1.780033290556859527e+01
4.475000000000000000e+01,1.444780352582997196e-02,1.900074832102620519e+02,1.780033290556859527e+01
4.475999999999999801e+01,1.444780352582997196e-02,1.900074832102620519e+02,1.780033290556859527e+01
4.477000000000000313e+01,1.444780352582997196e-02,1.900074832102620519e+02,1.780033290556859527e+01
4.478000000000000114e+01,1.444780352582997196e-02,1.900074832102620519e+02,1.780033290556859527e+01
4.478999999999999915e+01,1.444780352582997196e-02,1.900074832102620519e+02,1.780033290556859527e+01
4.480000000000000426e+01,1.444780352582997196e-02,1.900074832102620519e+02,1.780033290556859527e+01
4.481000000000000227e+01,1.444780352582997196e-02,1.900074832102620519e+02,1.780033290556859527e+01
4.482000000000000028e+01,1.444780352582997196e-02,1.900074832102620519e+02,1.780033290556859527e+01
4.482999999999999829e+01,1.444780352582997196e-02,1.900074832102620519e+02,1.780033290556859527e+01
4.484000000000000341e+01,1.444780352582997196e-02,1.900074832102620519e+02,1.780033290556859527e+01
4.485000000000000142e+01,1.444780352582997196e-02,1.900074832102620519e+02,1.780033290556859527e+01
4.485999999999999943e+01,1.444780352582997196e-02,1.900074832102620519e+02,1.780033290556859527e+01
4.486999999999999744e+01,1.444780352582997196e-02,1.900074832102620519e+02,1.780033290556859527e+01
4.488000000000000256e+01,1.444780352582997196e-02,1.900074832102620519e+02,1.780033290556859527e+01
4.489000000000000057e+01,1.444780352582997196e-02,1.900074832102620519e+02,1.780033290556859527e+01
4.489999999999999858e+01,1.444780352582997196e-02,1.900074832102620519e+02,1.780033290556859527e+01
4.491000000000000369e+01,1.444780352582997196e-02,1.900074832102620519e+02,1.780033290556859527e+01
4.492000000000000171e+01,1.444780352582997196e-02,1.900074832102620519e+02,1.780033290556859527e+01
4.492999999999999972e+01,1.444780352582997196e-02,1.900074832102620519e+02,1.780033290556859527e+01
4.493999999999999773e+01,1.444780352582997196e-02,1.900074832102620519e+02,1.780033290556859527e+01
4.495000000000000284e+01,1.444780352582997196e-02,1.900074832102620519e+02,1.780033290556859527e+01
4.496000000000000085e+01,1.444780352582997196e-02,1.900074832102620519e+02,1.780033290556859527e+01
4.496999999999999886e+01,1.444780352582997196e-02,1.900074832102620519e+02,1.780033290556859527e+01
4.498000000000000398e+01,1.444780352582997196e-02,1.900074832102620519e+02,1.780033290556859527e+01
4.499000000000000199e+01,1.444780352582997196e-02,1.900074832102620519e+02,1.780033290556859527e+01
4.500000000000000000e+01,1.444780352582997196e-02,1.900074832102620519e+02,1.780033290556859527e+01
4.500999999999999801e+01,1.444780352582997196e-02,1.900074832102620519e+02,1.780033290556859527e+01
4.502000000000000313e+01,1.444780352582997196e-02,1.900074832102620519e+02,1.780033290556859527e+01
4.503000000000000114e+01,1.444780352582997196e-02,1.900074832102620519e+02,1.780033290556859527e+01
4.503999999999999915e+01,1.444780352582997196e-02,1.900074832102620519e+02,1.780033290556859527e+01
4.505000000000000426e+01,1.444780352582997196e-02,1.900074832102620519e+02,1.780033290556859527e+01
4.506000000000000227e+01,1.444780352582997196e-02,1.900074832102620519e+02,1.780033290556859527e+01
4.507000000000000028e+01,1.444780352582997196e-02,1.900074832102620519e+02,1.780033290556859527e+01
4.507999999999999829e+01,1.444780352582997196e-02,1.900074832102620519e+02,1.780033290556859527e+01
4.509000000000000341e+01,1.444780352582997196e-02,1.900074832102620519e+02,1.780033290556859527e+01
4.510000000000000142e+01,1.444780352582997196e-02,1.900074832102620519e+02,1.780033290556859527e+01
4.510999999999999943e+01,1.444780352582997196e-02,1.900074832102620519e+02,1.780033290556859527e+01
4.511999999999999744e+01,1.444780352582997196e-02,1.900074832102620519e+02,1.780033290556859527e+01
4.513000000000000256e+01,1.444780352582997196e-02,1.900074832102620519e+02,1.780033290556859527e+01
4.514000000000000057e+01,1.444780352582997196e-02,1.900074832102620519e+02,1.780033290556859527e+01
4.514999999999999858e+01,1.444780352582997196e-02,1.900074832102620519e+02,1.780033290556859527e+01
4.516000000000000369e+01,1.444780352582997196e-02,1.900074832102620519e+02,1.780033290556859527e+01
4.517000000000000171e+01,1.444780352582997196e-02,1.900074832102620519e+02,1.780033290556859527e+01
4.517999999999999972e+01,1.444780352582997196e-02,1.900074832102620519e+02,1.780033290556859527e+01
4.518999999999999773e+01,1.444780352582997196e-02,1.900074832102620519e+02,1.780033290556859527e+01
4.520000000000000284e+01,1.444780352582997196e-02,1.900074832102620519e+02,1.780033290556859527e+01
4.521000000000000085e+01,1.444780352582997196e-02,1.900074832102620519e+02,1.780033290556859527e+01
4.521999999999999886e+01,1.444780352582997196e-02,1.900074832102620519e+02,1.780033290556859527e+01
4.523000000000000398e+01,1.444780352582997196e-02,1.900074832102620519e+02,1.780033290556859527e+01
4.524000000000000199e+01,1.444780352582997196e-02,1.900074832102620519e+02,1.780033290556859527e+01
4.525000000000000000e+01,1.444780352582997196e-02,1.900074832102620519e+02,1.780033290556859527e+01
4.525999999999999801e+01,1.444780352582997196e-02,1.900074832102620519e+02,1.780033290556859527e+01
4.527000000000000313e+01,1.444780352582997196e-02,1.900074832102620519e+02,1.780033290556859527e+01
4.527600000000000335e+01,1.444780352582997196e-02,1.900074832102620519e+02,1.780033290556859527e+01
