time,right_tcp_force_N
0.000000000000000000e+00,0.000000000000000000e+00
1.000000000000000021e-02,0.000000000000000000e+00
2.000000000000000042e-02,0.000000000000000000e+00
2.999999999999999889e-02,0.000000000000000000e+00
4.000000000000000083e-02,0.000000000000000000e+00
5.000000000000000278e-02,0.000000000000000000e+00
5.999999999999999778e-02,0.000000000000000000e+00
7.000000000000000666e-02,0.000000000000000000e+00
8.000000000000000167e-02,0.000000000000000000e+00
8.999999999999999667e-02,0.000000000000000000e+00
1.000000000000000056e-01,0.000000000000000000e+00
1.100000000000000006e-01,0.000000000000000000e+00
1.199999999999999956e-01,0.000000000000000000e+00
1.300000000000000044e-01,0.000000000000000000e+00
1.400000000000000133e-01,0.000000000000000000e+00
1.499999999999999944e-01,0.000000000000000000e+00
1.600000000000000033e-01,0.000000000000000000e+00
1.700000000000000122e-01,0.000000000000000000e+00
1.799999999999999933e-01,0.000000000000000000e+00
1.900000000000000022e-01,0.000000000000000000e+00
2.000000000000000111e-01,0.000000000000000000e+00
2.099999999999999922e-01,0.000000000000000000e+00
2.200000000000000011e-01,0.000000000000000000e+00
2.300000000000000100e-01,0.000000000000000000e+00
2.399999999999999911e-01,0.000000000000000000e+00
2.500000000000000000e-01,0.000000000000000000e+00
2.600000000000000089e-01,0.000000000000000000e+00
2.700000000000000178e-01,0.000000000000000000e+00
2.800000000000000266e-01,0.000000000000000000e+00
2.899999999999999800e-01,0.000000000000000000e+00
2.999999999999999889e-01,0.000000000000000000e+00
3.099999999999999978e-01,0.000000000000000000e+00
3.200000000000000067e-01,0.000000000000000000e+00
3.300000000000000155e-01,0.000000000000000000e+00
3.400000000000000244e-01,0.000000000000000000e+00
3.500000000000000333e-01,0.000000000000000000e+00
3.599999999999999867e-01,0.000000000000000000e+00
3.699999999999999956e-01,0.000000000000000000e+00
3.800000000000000044e-01,0.000000000000000000e+00
3.900000000000000133e-01,0.000000000000000000e+00
4.000000000000000222e-01,0.000000000000000000e+00
4.100000000000000311e-01,0.000000000000000000e+00
4.199999999999999845e-01,0.000000000000000000e+00
4.299999999999999933e-01,0.000000000000000000e+00
4.400000000000000022e-01,0.000000000000000000e+00
4.500000000000000111e-01,0.000000000000000000e+00
4.600000000000000200e-01,0.000000000000000000e+00
4.700000000000000289e-01,0.000000000000000000e+00
4.799999999999999822e-01,0.000000000000000000e+00
4.899999999999999911e-01,0.000000000000000000e+00
5.000000000000000000e-01,0.000000000000000000e+00
5.100000000000000089e-01,0.000000000000000000e+00
5.200000000000000178e-01,0.000000000000000000e+00
5.300000000000000266e-01,0.000000000000000000e+00
5.400000000000000355e-01,0.000000000000000000e+00
5.500000000000000444e-01,0.000000000000000000e+00
5.600000000000000533e-01,0.000000000000000000e+00
5.700000000000000622e-01,0.000000000000000000e+00
5.799999999999999600e-01,0.000000000000000000e+00
5.899999999999999689e-01,0.000000000000000000e+00
5.999999999999999778e-01,0.000000000000000000e+00
6.099999999999999867e-01,0.000000000000000000e+00
6.199999999999999956e-01,0.000000000000000000e+00
6.300000000000000044e-01,0.000000000000000000e+00
6.400000000000000133e-01,0.000000000000000000e+00
6.500000000000000222e-01,0.000000000000000000e+00
6.600000000000000311e-01,0.000000000000000000e+00
6.700000000000000400e-01,0.000000000000000000e+00
6.800000000000000488e-01,0.000000000000000000e+00
6.900000000000000577e-01,0.000000000000000000e+00
7.000000000000000666e-01,0.000000000000000000e+00
7.099999999999999645e-01,0.000000000000000000e+00
7.199999999999999734e-01,0.000000000000000000e+00
7.299999999999999822e-01,0.000000000000000000e+00
7.399999999999999911e-01,0.000000000000000000e+00
7.500000000000000000e-01,0.000000000000000000e+00
7.600000000000000089e-01,0.000000000000000000e+00
7.700000000000000178e-01,0.000000000000000000e+00
7.800000000000000266e-01,0.000000000000000000e+00
7.900000000000000355e-01,0.000000000000000000e+00
8.000000000000000444e-01,0.000000000000000000e+00
8.100000000000000533e-01,0.000000000000000000e+00
8.200000000000000622e-01,0.000000000000000000e+00
8.300000000000000711e-01,0.000000000000000000e+00
8.399999999999999689e-01,0.000000000000000000e+00
8.499999999999999778e-01,0.000000000000000000e+00
8.599999999999999867e-01,0.000000000000000000e+00
8.699999999999999956e-01,0.000000000000000000e+00
8.800000000000000044e-01,0.000000000000000000e+00
8.900000000000000133e-01,0.000000000000000000e+00
9.000000000000000222e-01,0.000000000000000000e+00
9.100000000000000311e-01,0.000000000000000000e+00
9.200000000000000400e-01,0.000000000000000000e+00
9.300000000000000488e-01,0.000000000000000000e+00
9.400000000000000577e-01,0.000000000000000000e+00
9.500000000000000666e-01,0.000000000000000000e+00
9.599999999999999645e-01,0.000000000000000000e+00
9.699999999999999734e-01,0.000000000000000000e+00
9.799999999999999822e-01,0.000000000000000000e+00
9.899999999999999911e-01,0.000000000000000000e+00
1.000000000000000000e+00,0.000000000000000000e+00
1.010000000000000009e+00,0.000000000000000000e+00
1.020000000000000018e+00,0.000000000000000000e+00
1.030000000000000027e+00,0.000000000000000000e+00
1.040000000000000036e+00,0.000000000000000000e+00
1.050000000000000044e+00,0.000000000000000000e+00
1.060000000000000053e+00,0.000000000000000000e+00
1.070000000000000062e+00,0.000000000000000000e+00
1.080000000000000071e+00,0.000000000000000000e+00
1.090000000000000080e+00,0.000000000000000000e+00
1.100000000000000089e+00,0.000000000000000000e+00
1.110000000000000098e+00,0.000000000000000000e+00
1.120000000000000107e+00,0.000000000000000000e+00
1.130000000000000115e+00,0.000000000000000000e+00
1.140000000000000124e+00,0.000000000000000000e+00
1.150000000000000133e+00,0.000000000000000000e+00
1.159999999999999920e+00,0.000000000000000000e+00
1.169999999999999929e+00,0.000000000000000000e+00
1.179999999999999938e+00,0.000000000000000000e+00
1.189999999999999947e+00,0.000000000000000000e+00
1.199999999999999956e+00,0.000000000000000000e+00
1.209999999999999964e+00,0.000000000000000000e+00
1.219999999999999973e+00,0.000000000000000000e+00
1.229999999999999982e+00,0.000000000000000000e+00
1.239999999999999991e+00,0.000000000000000000e+00
1.250000000000000000e+00,0.000000000000000000e+00
1.260000000000000009e+00,0.000000000000000000e+00
1.270000000000000018e+00,0.000000000000000000e+00
1.280000000000000027e+00,0.000000000000000000e+00
1.290000000000000036e+00,0.000000000000000000e+00
1.300000000000000044e+00,0.000000000000000000e+00
1.310000000000000053e+00,0.000000000000000000e+00
1.320000000000000062e+00,0.000000000000000000e+00
1.330000000000000071e+00,0.000000000000000000e+00
1.340000000000000080e+00,0.000000000000000000e+00
1.350000000000000089e+00,0.000000000000000000e+00
1.360000000000000098e+00,0.000000000000000000e+00
1.370000000000000107e+00,0.000000000000000000e+00
1.380000000000000115e+00,0.000000000000000000e+00
1.390000000000000124e+00,0.000000000000000000e+00
1.400000000000000133e+00,0.000000000000000000e+00
1.409999999999999920e+00,0.000000000000000000e+00
1.419999999999999929e+00,0.000000000000000000e+00
1.429999999999999938e+00,0.000000000000000000e+00
1.439999999999999947e+00,0.000000000000000000e+00
1.449999999999999956e+00,0.000000000000000000e+00
1.459999999999999964e+00,0.000000000000000000e+00
1.469999999999999973e+00,0.000000000000000000e+00
1.479999999999999982e+00,0.000000000000000000e+00
1.489999999999999991e+00,0.000000000000000000e+00
1.500000000000000000e+00,0.000000000000000000e+00
1.510000000000000009e+00,0.000000000000000000e+00
1.520000000000000018e+00,0.000000000000000000e+00
1.530000000000000027e+00,0.000000000000000000e+00
1.540000000000000036e+00,0.000000000000000000e+00
1.550000000000000044e+00,0.000000000000000000e+00
1.560000000000000053e+00,0.000000000000000000e+00
1.570000000000000062e+00,0.000000000000000000e+00
1.580000000000000071e+00,0.000000000000000000e+00
1.590000000000000080e+00,0.000000000000000000e+00
1.600000000000000089e+00,0.000000000000000000e+00
1.610000000000000098e+00,0.000000000000000000e+00
1.620000000000000107e+00,0.000000000000000000e+00
1.630000000000000115e+00,0.000000000000000000e+00
1.640000000000000124e+00,0.000000000000000000e+00
1.650000000000000133e+00,0.000000000000000000e+00
1.660000000000000142e+00,0.000000000000000000e+00
1.669999999999999929e+00,0.000000000000000000e+00
1.679999999999999938e+00,0.000000000000000000e+00
1.689999999999999947e+00,0.000000000000000000e+00
1.699999999999999956e+00,0.000000000000000000e+00
1.709999999999999964e+00,0.000000000000000000e+00
1.719999999999999973e+00,0.000000000000000000e+00
1.729999999999999982e+00,0.000000000000000000e+00
1.739999999999999991e+00,0.000000000000000000e+00
1.750000000000000000e+00,0.000000000000000000e+00
1.760000000000000009e+00,0.000000000000000000e+00
1.770000000000000018e+00,0.000000000000000000e+00
1.780000000000000027e+00,0.000000000000000000e+00
1.790000000000000036e+00,0.000000000000000000e+00
1.800000000000000044e+00,0.000000000000000000e+00
1.810000000000000053e+00,0.000000000000000000e+00
1.820000000000000062e+00,0.000000000000000000e+00
1.830000000000000071e+00,0.000000000000000000e+00
1.840000000000000080e+00,0.000000000000000000e+00
1.850000000000000089e+00,0.000000000000000000e+00
1.860000000000000098e+00,0.000000000000000000e+00
1.870000000000000107e+00,0.000000000000000000e+00
1.880000000000000115e+00,0.000000000000000000e+00
1.890000000000000124e+00,0.000000000000000000e+00
1.900000000000000133e+00,0.000000000000000000e+00
1.910000000000000142e+00,0.000000000000000000e+00
1.919999999999999929e+00,0.000000000000000000e+00
1.929999999999999938e+00,0.000000000000000000e+00
1.939999999999999947e+00,0.000000000000000000e+00
1.949999999999999956e+00,0.000000000000000000e+00
1.959999999999999964e+00,0.000000000000000000e+00
1.969999999999999973e+00,0.000000000000000000e+00
1.979999999999999982e+00,0.000000000000000000e+00
1.989999999999999991e+00,0.000000000000000000e+00
2.000000000000000000e+00,0.000000000000000000e+00
2.010000000000000231e+00,0.000000000000000000e+00
2.020000000000000018e+00,0.000000000000000000e+00
2.030000000000000249e+00,0.000000000000000000e+00
2.040000000000000036e+00,0.000000000000000000e+00
2.049999999999999822e+00,0.000000000000000000e+00
2.060000000000000053e+00,0.000000000000000000e+00
2.069999999999999840e+00,0.000000000000000000e+00
2.080000000000000071e+00,0.000000000000000000e+00
2.089999999999999858e+00,0.000000000000000000e+00
2.100000000000000089e+00,0.000000000000000000e+00
2.109999999999999876e+00,0.000000000000000000e+00
2.120000000000000107e+00,0.000000000000000000e+00
2.129999999999999893e+00,0.000000000000000000e+00
2.140000000000000124e+00,0.000000000000000000e+00
2.149999999999999911e+00,0.000000000000000000e+00
2.160000000000000142e+00,0.000000000000000000e+00
2.169999999999999929e+00,0.000000000000000000e+00
2.180000000000000160e+00,0.000000000000000000e+00
2.189999999999999947e+00,0.000000000000000000e+00
2.200000000000000178e+00,0.000000000000000000e+00
2.209999999999999964e+00,0.000000000000000000e+00
2.220000000000000195e+00,0.000000000000000000e+00
2.229999999999999982e+00,0.000000000000000000e+00
2.240000000000000213e+00,0.000000000000000000e+00
2.250000000000000000e+00,0.000000000000000000e+00
2.260000000000000231e+00,0.000000000000000000e+00
2.270000000000000018e+00,0.000000000000000000e+00
2.280000000000000249e+00,0.000000000000000000e+00
2.290000000000000036e+00,0.000000000000000000e+00
2.300000000000000266e+00,0.000000000000000000e+00
2.310000000000000053e+00,0.000000000000000000e+00
2.319999999999999840e+00,0.000000000000000000e+00
2.330000000000000071e+00,0.000000000000000000e+00
2.339999999999999858e+00,0.000000000000000000e+00
2.350000000000000089e+00,0.000000000000000000e+00
2.359999999999999876e+00,0.000000000000000000e+00
2.370000000000000107e+00,0.000000000000000000e+00
2.379999999999999893e+00,0.000000000000000000e+00
2.390000000000000124e+00,0.000000000000000000e+00
2.399999999999999911e+00,0.000000000000000000e+00
2.410000000000000142e+00,0.000000000000000000e+00
2.419999999999999929e+00,0.000000000000000000e+00
2.430000000000000160e+00,0.000000000000000000e+00
2.439999999999999947e+00,0.000000000000000000e+00
2.450000000000000178e+00,0.000000000000000000e+00
2.459999999999999964e+00,0.000000000000000000e+00
2.470000000000000195e+00,0.000000000000000000e+00
2.479999999999999982e+00,0.000000000000000000e+00
2.490000000000000213e+00,0.000000000000000000e+00
2.500000000000000000e+00,0.000000000000000000e+00
2.510000000000000231e+00,0.000000000000000000e+00
2.520000000000000018e+00,0.000000000000000000e+00
2.530000000000000249e+00,0.000000000000000000e+00
2.540000000000000036e+00,0.000000000000000000e+00
2.550000000000000266e+00,0.000000000000000000e+00
2.560000000000000053e+00,0.000000000000000000e+00
2.569999999999999840e+00,0.000000000000000000e+00
2.580000000000000071e+00,0.000000000000000000e+00
2.589999999999999858e+00,0.000000000000000000e+00
2.600000000000000089e+00,0.000000000000000000e+00
2.609999999999999876e+00,0.000000000000000000e+00
2.620000000000000107e+00,0.000000000000000000e+00
2.629999999999999893e+00,0.000000000000000000e+00
2.640000000000000124e+00,0.000000000000000000e+00
2.649999999999999911e+00,0.000000000000000000e+00
2.660000000000000142e+00,0.000000000000000000e+00
2.669999999999999929e+00,0.000000000000000000e+00
2.680000000000000160e+00,0.000000000000000000e+00
2.689999999999999947e+00,0.000000000000000000e+00
2.700000000000000178e+00,0.000000000000000000e+00
2.709999999999999964e+00,0.000000000000000000e+00
2.720000000000000195e+00,0.000000000000000000e+00
2.729999999999999982e+00,0.000000000000000000e+00
2.740000000000000213e+00,0.000000000000000000e+00
2.750000000000000000e+00,0.000000000000000000e+00
2.760000000000000231e+00,0.000000000000000000e+00
2.770000000000000018e+00,0.000000000000000000e+00
2.780000000000000249e+00,0.000000000000000000e+00
2.790000000000000036e+00,0.000000000000000000e+00
2.800000000000000266e+00,0.000000000000000000e+00
2.810000000000000053e+00,0.000000000000000000e+00
2.819999999999999840e+00,0.000000000000000000e+00
2.830000000000000071e+00,0.000000000000000000e+00
2.839999999999999858e+00,0.000000000000000000e+00
2.850000000000000089e+00,0.000000000000000000e+00
2.859999999999999876e+00,0.000000000000000000e+00
2.870000000000000107e+00,0.000000000000000000e+00
2.879999999999999893e+00,0.000000000000000000e+00
2.890000000000000124e+00,0.000000000000000000e+00
2.899999999999999911e+00,0.000000000000000000e+00
2.910000000000000142e+00,0.000000000000000000e+00
2.919999999999999929e+00,0.000000000000000000e+00
2.930000000000000160e+00,0.000000000000000000e+00
2.939999999999999947e+00,0.000000000000000000e+00
2.950000000000000178e+00,0.000000000000000000e+00
2.959999999999999964e+00,0.000000000000000000e+00
2.970000000000000195e+00,0.000000000000000000e+00
2.979999999999999982e+00,0.000000000000000000e+00
2.990000000000000213e+00,0.000000000000000000e+00
3.000000000000000000e+00,0.000000000000000000e+00
3.010000000000000231e+00,0.000000000000000000e+00
3.020000000000000018e+00,0.000000000000000000e+00
3.030000000000000249e+00,0.000000000000000000e+00
3.040000000000000036e+00,0.000000000000000000e+00
3.050000000000000266e+00,0.000000000000000000e+00
3.060000000000000053e+00,0.000000000000000000e+00
3.070000000000000284e+00,0.000000000000000000e+00
3.080000000000000071e+00,0.000000000000000000e+00
3.089999999999999858e+00,0.000000000000000000e+00
3.100000000000000089e+00,0.000000000000000000e+00
3.109999999999999876e+00,0.000000000000000000e+00
3.120000000000000107e+00,0.000000000000000000e+00
3.129999999999999893e+00,0.000000000000000000e+00
3.140000000000000124e+00,0.000000000000000000e+00
3.149999999999999911e+00,0.000000000000000000e+00
3.160000000000000142e+00,0.000000000000000000e+00
3.169999999999999929e+00,0.000000000000000000e+00
3.180000000000000160e+00,0.000000000000000000e+00
3.189999999999999947e+00,0.000000000000000000e+00
3.200000000000000178e+00,0.000000000000000000e+00
3.209999999999999964e+00,0.000000000000000000e+00
3.220000000000000195e+00,0.000000000000000000e+00
3.229999999999999982e+00,0.000000000000000000e+00
3.240000000000000213e+00,0.000000000000000000e+00
3.250000000000000000e+00,0.000000000000000000e+00
3.260000000000000231e+00,0.000000000000000000e+00
3.270000000000000018e+00,0.000000000000000000e+00
3.280000000000000249e+00,0.000000000000000000e+00
3.290000000000000036e+00,0.000000000000000000e+00
3.300000000000000266e+00,0.000000000000000000e+00
3.310000000000000053e+00,0.000000000000000000e+00
3.320000000000000284e+00,0.000000000000000000e+00
3.330000000000000071e+00,0.000000000000000000e+00
3.339999999999999858e+00,0.000000000000000000e+00
3.350000000000000089e+00,0.000000000000000000e+00
3.359999999999999876e+00,0.000000000000000000e+00
3.370000000000000107e+00,0.000000000000000000e+00
3.379999999999999893e+00,0.000000000000000000e+00
3.390000000000000124e+00,0.000000000000000000e+00
3.399999999999999911e+00,0.000000000000000000e+00
3.410000000000000142e+00,0.000000000000000000e+00
3.419999999999999929e+00,0.000000000000000000e+00
3.430000000000000160e+00,0.000000000000000000e+00
3.439999999999999947e+00,0.000000000000000000e+00
3.450000000000000178e+00,0.000000000000000000e+00
3.459999999999999964e+00,0.000000000000000000e+00
3.470000000000000195e+00,0.000000000000000000e+00
3.479999999999999982e+00,0.000000000000000000e+00
3.490000000000000213e+00,0.000000000000000000e+00
3.500000000000000000e+00,0.000000000000000000e+00
3.510000000000000231e+00,0.000000000000000000e+00
3.520000000000000018e+00,0.000000000000000000e+00
3.530000000000000249e+00,0.000000000000000000e+00
3.540000000000000036e+00,0.000000000000000000e+00
3.550000000000000266e+00,0.000000000000000000e+00
3.560000000000000053e+00,0.000000000000000000e+00
3.570000000000000284e+00,0.000000000000000000e+00
3.580000000000000071e+00,0.000000000000000000e+00
3.589999999999999858e+00,0.000000000000000000e+00
3.600000000000000089e+00,0.000000000000000000e+00
3.609999999999999876e+00,0.000000000000000000e+00
3.620000000000000107e+00,0.000000000000000000e+00
3.629999999999999893e+00,0.000000000000000000e+00
3.640000000000000124e+00,0.000000000000000000e+00
3.649999999999999911e+00,0.000000000000000000e+00
3.660000000000000142e+00,0.000000000000000000e+00
3.669999999999999929e+00,0.000000000000000000e+00
3.680000000000000160e+00,0.000000000000000000e+00
3.689999999999999947e+00,0.000000000000000000e+00
3.700000000000000178e+00,0.000000000000000000e+00
3.709999999999999964e+00,0.000000000000000000e+00
3.720000000000000195e+00,0.000000000000000000e+00
3.729999999999999982e+00,0.000000000000000000e+00
3.740000000000000213e+00,0.000000000000000000e+00
3.750000000000000000e+00,0.000000000000000000e+00
3.760000000000000231e+00,0.000000000000000000e+00
3.770000000000000018e+00,0.000000000000000000e+00
3.780000000000000249e+00,0.000000000000000000e+00
3.790000000000000036e+00,0.000000000000000000e+00
3.800000000000000266e+00,0.000000000000000000e+00
3.810000000000000053e+00,0.000000000000000000e+00
3.820000000000000284e+00,0.000000000000000000e+00
3.830000000000000071e+00,0.000000000000000000e+00
3.839999999999999858e+00,0.000000000000000000e+00
3.850000000000000089e+00,0.000000000000000000e+00
3.859999999999999876e+00,0.000000000000000000e+00
3.870000000000000107e+00,0.000000000000000000e+00
3.879999999999999893e+00,0.000000000000000000e+00
3.890000000000000124e+00,0.000000000000000000e+00
3.899999999999999911e+00,0.000000000000000000e+00
3.910000000000000142e+00,0.000000000000000000e+00
3.919999999999999929e+00,0.000000000000000000e+00
3.930000000000000160e+00,0.000000000000000000e+00
3.939999999999999947e+00,0.000000000000000000e+00
3.950000000000000178e+00,0.000000000000000000e+00
3.959999999999999964e+00,0.000000000000000000e+00
3.970000000000000195e+00,0.000000000000000000e+00
3.979999999999999982e+00,0.000000000000000000e+00
3.990000000000000213e+00,0.000000000000000000e+00
4.000000000000000000e+00,0.000000000000000000e+00
4.009999999999999787e+00,0.000000000000000000e+00
4.020000000000000462e+00,0.000000000000000000e+00
4.030000000000000249e+00,0.000000000000000000e+00
4.040000000000000036e+00,0.000000000000000000e+00
4.049999999999999822e+00,0.000000000000000000e+00
4.060000000000000497e+00,0.000000000000000000e+00
4.070000000000000284e+00,0.000000000000000000e+00
4.080000000000000071e+00,0.000000000000000000e+00
4.089999999999999858e+00,0.000000000000000000e+00
4.099999999999999645e+00,0.000000000000000000e+00
4.110000000000000320e+00,0.000000000000000000e+00
4.120000000000000107e+00,0.000000000000000000e+00
4.129999999999999893e+00,0.000000000000000000e+00
4.139999999999999680e+00,0.000000000000000000e+00
4.150000000000000355e+00,0.000000000000000000e+00
4.160000000000000142e+00,0.000000000000000000e+00
4.169999999999999929e+00,0.000000000000000000e+00
4.179999999999999716e+00,0.000000000000000000e+00
4.190000000000000391e+00,0.000000000000000000e+00
4.200000000000000178e+00,0.000000000000000000e+00
4.209999999999999964e+00,0.000000000000000000e+00
4.219999999999999751e+00,0.000000000000000000e+00
4.230000000000000426e+00,0.000000000000000000e+00
4.240000000000000213e+00,0.000000000000000000e+00
4.250000000000000000e+00,0.000000000000000000e+00
4.259999999999999787e+00,0.000000000000000000e+00
4.270000000000000462e+00,0.000000000000000000e+00
4.280000000000000249e+00,0.000000000000000000e+00
4.290000000000000036e+00,0.000000000000000000e+00
4.299999999999999822e+00,0.000000000000000000e+00
4.310000000000000497e+00,0.000000000000000000e+00
4.320000000000000284e+00,0.000000000000000000e+00
4.330000000000000071e+00,0.000000000000000000e+00
4.339999999999999858e+00,0.000000000000000000e+00
4.350000000000000533e+00,0.000000000000000000e+00
4.360000000000000320e+00,0.000000000000000000e+00
4.370000000000000107e+00,0.000000000000000000e+00
4.379999999999999893e+00,0.000000000000000000e+00
4.389999999999999680e+00,0.000000000000000000e+00
4.400000000000000355e+00,0.000000000000000000e+00
4.410000000000000142e+00,0.000000000000000000e+00
4.419999999999999929e+00,0.000000000000000000e+00
4.429999999999999716e+00,0.000000000000000000e+00
4.440000000000000391e+00,0.000000000000000000e+00
4.450000000000000178e+00,0.000000000000000000e+00
4.459999999999999964e+00,0.000000000000000000e+00
4.469999999999999751e+00,0.000000000000000000e+00
4.480000000000000426e+00,0.000000000000000000e+00
4.490000000000000213e+00,0.000000000000000000e+00
4.500000000000000000e+00,0.000000000000000000e+00
4.509999999999999787e+00,0.000000000000000000e+00
4.520000000000000462e+00,0.000000000000000000e+00
4.530000000000000249e+00,0.000000000000000000e+00
4.540000000000000036e+00,0.000000000000000000e+00
4.549999999999999822e+00,0.000000000000000000e+00
4.560000000000000497e+00,0.000000000000000000e+00
4.570000000000000284e+00,0.000000000000000000e+00
4.580000000000000071e+00,0.000000000000000000e+00
4.589999999999999858e+00,0.000000000000000000e+00
4.600000000000000533e+00,0.000000000000000000e+00
4.610000000000000320e+00,0.000000000000000000e+00
4.620000000000000107e+00,0.000000000000000000e+00
4.629999999999999893e+00,0.000000000000000000e+00
4.639999999999999680e+00,0.000000000000000000e+00
4.650000000000000355e+00,0.000000000000000000e+00
4.660000000000000142e+00,0.000000000000000000e+00
4.669999999999999929e+00,0.000000000000000000e+00
4.679999999999999716e+00,0.000000000000000000e+00
4.690000000000000391e+00,0.000000000000000000e+00
4.700000000000000178e+00,0.000000000000000000e+00
4.709999999999999964e+00,0.000000000000000000e+00
4.719999999999999751e+00,0.000000000000000000e+00
4.730000000000000426e+00,0.000000000000000000e+00
4.740000000000000213e+00,0.000000000000000000e+00
4.750000000000000000e+00,0.000000000000000000e+00
4.759999999999999787e+00,0.000000000000000000e+00
4.770000000000000462e+00,0.000000000000000000e+00
4.780000000000000249e+00,0.000000000000000000e+00
4.790000000000000036e+00,0.000000000000000000e+00
4.799999999999999822e+00,0.000000000000000000e+00
4.810000000000000497e+00,0.000000000000000000e+00
4.820000000000000284e+00,0.000000000000000000e+00
4.830000000000000071e+00,0.000000000000000000e+00
4.839999999999999858e+00,0.000000000000000000e+00
4.850000000000000533e+00,0.000000000000000000e+00
4.860000000000000320e+00,0.000000000000000000e+00
4.870000000000000107e+00,0.000000000000000000e+00
4.879999999999999893e+00,0.000000000000000000e+00
4.889999999999999680e+00,0.000000000000000000e+00
4.900000000000000355e+00,0.000000000000000000e+00
4.910000000000000142e+00,0.000000000000000000e+00
4.919999999999999929e+00,0.000000000000000000e+00
4.929999999999999716e+00,0.000000000000000000e+00
4.940000000000000391e+00,0.000000000000000000e+00
4.950000000000000178e+00,0.000000000000000000e+00
4.959999999999999964e+00,0.000000000000000000e+00
4.969999999999999751e+00,0.000000000000000000e+00
4.980000000000000426e+00,0.000000000000000000e+00
4.990000000000000213e+00,0.000000000000000000e+00
5.000000000000000000e+00,0.000000000000000000e+00
5.009999999999999787e+00,0.000000000000000000e+00
5.020000000000000462e+00,0.000000000000000000e+00
5.030000000000000249e+00,0.000000000000000000e+00
5.040000000000000036e+00,0.000000000000000000e+00
5.049999999999999822e+00,0.000000000000000000e+00
5.060000000000000497e+00,0.000000000000000000e+00
5.070000000000000284e+00,0.000000000000000000e+00
5.080000000000000071e+00,0.000000000000000000e+00
5.089999999999999858e+00,0.000000000000000000e+00
5.100000000000000533e+00,0.000000000000000000e+00
5.110000000000000320e+00,0.000000000000000000e+00
5.120000000000000107e+00,0.000000000000000000e+00
5.129999999999999893e+00,0.000000000000000000e+00
5.139999999999999680e+00,0.000000000000000000e+00
5.150000000000000355e+00,0.000000000000000000e+00
5.160000000000000142e+00,0.000000000000000000e+00
5.169999999999999929e+00,0.000000000000000000e+00
5.179999999999999716e+00,0.000000000000000000e+00
5.190000000000000391e+00,0.000000000000000000e+00
5.200000000000000178e+00,0.000000000000000000e+00
5.209999999999999964e+00,0.000000000000000000e+00
5.219999999999999751e+00,0.000000000000000000e+00
5.230000000000000426e+00,0.000000000000000000e+00
5.240000000000000213e+00,0.000000000000000000e+00
5.250000000000000000e+00,0.000000000000000000e+00
5.259999999999999787e+00,0.000000000000000000e+00
5.270000000000000462e+00,0.000000000000000000e+00
5.280000000000000249e+00,0.000000000000000000e+00
5.290000000000000036e+00,0.000000000000000000e+00
5.299999999999999822e+00,0.000000000000000000e+00
5.310000000000000497e+00,0.000000000000000000e+00
5.320000000000000284e+00,0.000000000000000000e+00
5.330000000000000071e+00,0.000000000000000000e+00
5.339999999999999858e+00,0.000000000000000000e+00
5.350000000000000533e+00,0.000000000000000000e+00
5.360000000000000320e+00,0.000000000000000000e+00
5.370000000000000107e+00,0.000000000000000000e+00
5.379999999999999893e+00,0.000000000000000000e+00
5.389999999999999680e+00,0.000000000000000000e+00
5.400000000000000355e+00,0.000000000000000000e+00
5.410000000000000142e+00,0.000000000000000000e+00
5.419999999999999929e+00,0.000000000000000000e+00
5.429999999999999716e+00,0.000000000000000000e+00
5.440000000000000391e+00,0.000000000000000000e+00
5.450000000000000178e+00,0.000000000000000000e+00
5.459999999999999964e+00,0.000000000000000000e+00
5.469999999999999751e+00,0.000000000000000000e+00
5.480000000000000426e+00,0.000000000000000000e+00
5.490000000000000213e+00,0.000000000000000000e+00
5.500000000000000000e+00,0.000000000000000000e+00
5.509999999999999787e+00,0.000000000000000000e+00
5.520000000000000462e+00,0.000000000000000000e+00
5.530000000000000249e+00,0.000000000000000000e+00
5.540000000000000036e+00,0.000000000000000000e+00
5.549999999999999822e+00,0.000000000000000000e+00
5.560000000000000497e+00,0.000000000000000000e+00
5.570000000000000284e+00,0.000000000000000000e+00
5.580000000000000071e+00,0.000000000000000000e+00
5.589999999999999858e+00,0.000000000000000000e+00
5.600000000000000533e+00,0.000000000000000000e+00
5.610000000000000320e+00,0.000000000000000000e+00
5.620000000000000107e+00,0.000000000000000000e+00
5.629999999999999893e+00,0.000000000000000000e+00
5.639999999999999680e+00,0.000000000000000000e+00
5.650000000000000355e+00,0.000000000000000000e+00
5.660000000000000142e+00,0.000000000000000000e+00
5.669999999999999929e+00,0.000000000000000000e+00
5.679999999999999716e+00,0.000000000000000000e+00
5.690000000000000391e+00,0.000000000000000000e+00
5.700000000000000178e+00,0.000000000000000000e+00
5.709999999999999964e+00,0.000000000000000000e+00
5.719999999999999751e+00,0.000000000000000000e+00
5.730000000000000426e+00,0.000000000000000000e+00
5.740000000000000213e+00,0.000000000000000000e+00
5.750000000000000000e+00,0.000000000000000000e+00
5.759999999999999787e+00,0.000000000000000000e+00
5.770000000000000462e+00,0.000000000000000000e+00
5.780000000000000249e+00,0.000000000000000000e+00
5.790000000000000036e+00,0.000000000000000000e+00
5.799999999999999822e+00,0.000000000000000000e+00
5.810000000000000497e+00,0.000000000000000000e+00
5.820000000000000284e+00,0.000000000000000000e+00
5.830000000000000071e+00,0.000000000000000000e+00
5.839999999999999858e+00,0.000000000000000000e+00
5.850000000000000533e+00,0.000000000000000000e+00
5.860000000000000320e+00,0.000000000000000000e+00
5.870000000000000107e+00,0.000000000000000000e+00
5.879999999999999893e+00,0.000000000000000000e+00
5.889999999999999680e+00,0.000000000000000000e+00
5.900000000000000355e+00,0.000000000000000000e+00
5.910000000000000142e+00,0.000000000000000000e+00
5.919999999999999929e+00,0.000000000000000000e+00
5.929999999999999716e+00,0.000000000000000000e+00
5.940000000000000391e+00,0.000000000000000000e+00
5.950000000000000178e+00,0.000000000000000000e+00
5.959999999999999964e+00,0.000000000000000000e+00
5.969999999999999751e+00,0.000000000000000000e+00
5.980000000000000426e+00,0.000000000000000000e+00
5.990000000000000213e+00,0.000000000000000000e+00
6.000000000000000000e+00,0.000000000000000000e+00
6.009999999999999787e+00,0.000000000000000000e+00
6.020000000000000462e+00,0.000000000000000000e+00
6.030000000000000249e+00,0.000000000000000000e+00
6.040000000000000036e+00,0.000000000000000000e+00
6.049999999999999822e+00,0.000000000000000000e+00
6.060000000000000497e+00,0.000000000000000000e+00
6.070000000000000284e+00,0.000000000000000000e+00
6.080000000000000071e+00,0.000000000000000000e+00
6.089999999999999858e+00,0.000000000000000000e+00
6.100000000000000533e+00,0.000000000000000000e+00
6.110000000000000320e+00,0.000000000000000000e+00
6.120000000000000107e+00,0.000000000000000000e+00
6.129999999999999893e+00,0.000000000000000000e+00
6.140000000000000568e+00,0.000000000000000000e+00
6.150000000000000355e+00,0.000000000000000000e+00
6.160000000000000142e+00,0.000000000000000000e+00
6.169999999999999929e+00,0.000000000000000000e+00
6.179999999999999716e+00,0.000000000000000000e+00
6.190000000000000391e+00,0.000000000000000000e+00
6.200000000000000178e+00,0.000000000000000000e+00
6.209999999999999964e+00,0.000000000000000000e+00
6.219999999999999751e+00,0.000000000000000000e+00
6.230000000000000426e+00,0.000000000000000000e+00
6.240000000000000213e+00,0.000000000000000000e+00
6.250000000000000000e+00,0.000000000000000000e+00
6.259999999999999787e+00,0.000000000000000000e+00
6.270000000000000462e+00,0.000000000000000000e+00
6.280000000000000249e+00,0.000000000000000000e+00
6.290000000000000036e+00,0.000000000000000000e+00
6.299999999999999822e+00,0.000000000000000000e+00
6.310000000000000497e+00,0.000000000000000000e+00
6.320000000000000284e+00,0.000000000000000000e+00
6.330000000000000071e+00,0.000000000000000000e+00
6.339999999999999858e+00,0.000000000000000000e+00
6.350000000000000533e+00,0.000000000000000000e+00
6.360000000000000320e+00,0.000000000000000000e+00
6.370000000000000107e+00,0.000000000000000000e+00
6.379999999999999893e+00,0.000000000000000000e+00
6.390000000000000568e+00,0.000000000000000000e+00
6.400000000000000355e+00,0.000000000000000000e+00
6.410000000000000142e+00,0.000000000000000000e+00
6.419999999999999929e+00,0.000000000000000000e+00
6.429999999999999716e+00,0.000000000000000000e+00
6.440000000000000391e+00,0.000000000000000000e+00
6.450000000000000178e+00,0.000000000000000000e+00
6.459999999999999964e+00,0.000000000000000000e+00
6.469999999999999751e+00,0.000000000000000000e+00
6.480000000000000426e+00,0.000000000000000000e+00
6.490000000000000213e+00,0.000000000000000000e+00
6.500000000000000000e+00,0.000000000000000000e+00
6.509999999999999787e+00,0.000000000000000000e+00
6.520000000000000462e+00,0.000000000000000000e+00
6.530000000000000249e+00,0.000000000000000000e+00
6.540000000000000036e+00,0.000000000000000000e+00
6.549999999999999822e+00,0.000000000000000000e+00
6.560000000000000497e+00,0.000000000000000000e+00
6.570000000000000284e+00,0.000000000000000000e+00
6.580000000000000071e+00,0.000000000000000000e+00
6.589999999999999858e+00,0.000000000000000000e+00
6.600000000000000533e+00,0.000000000000000000e+00
6.610000000000000320e+00,0.000000000000000000e+00
6.620000000000000107e+00,0.000000000000000000e+00
6.629999999999999893e+00,0.000000000000000000e+00
6.640000000000000568e+00,0.000000000000000000e+00
6.650000000000000355e+00,0.000000000000000000e+00
6.660000000000000142e+00,0.000000000000000000e+00
6.669999999999999929e+00,0.000000000000000000e+00
6.679999999999999716e+00,0.000000000000000000e+00
6.690000000000000391e+00,0.000000000000000000e+00
6.700000000000000178e+00,0.000000000000000000e+00
6.709999999999999964e+00,0.000000000000000000e+00
6.719999999999999751e+00,0.000000000000000000e+00
6.730000000000000426e+00,0.000000000000000000e+00
6.740000000000000213e+00,0.000000000000000000e+00
6.750000000000000000e+00,0.000000000000000000e+00
6.759999999999999787e+00,0.000000000000000000e+00
6.770000000000000462e+00,0.000000000000000000e+00
6.780000000000000249e+00,0.000000000000000000e+00
6.790000000000000036e+00,0.000000000000000000e+00
6.799999999999999822e+00,0.000000000000000000e+00
6.810000000000000497e+00,0.000000000000000000e+00
6.820000000000000284e+00,0.000000000000000000e+00
6.830000000000000071e+00,0.000000000000000000e+00
6.839999999999999858e+00,0.000000000000000000e+00
6.850000000000000533e+00,0.000000000000000000e+00
6.860000000000000320e+00,0.000000000000000000e+00
6.870000000000000107e+00,0.000000000000000000e+00
6.879999999999999893e+00,0.000000000000000000e+00
6.890000000000000568e+00,0.000000000000000000e+00
6.900000000000000355e+00,0.000000000000000000e+00
6.910000000000000142e+00,0.000000000000000000e+00
6.919999999999999929e+00,0.000000000000000000e+00
6.929999999999999716e+00,0.000000000000000000e+00
6.940000000000000391e+00,0.000000000000000000e+00
6.950000000000000178e+00,0.000000000000000000e+00
6.959999999999999964e+00,0.000000000000000000e+00
6.969999999999999751e+00,0.000000000000000000e+00
6.980000000000000426e+00,0.000000000000000000e+00
6.990000000000000213e+00,0.000000000000000000e+00
7.000000000000000000e+00,0.000000000000000000e+00
7.009999999999999787e+00,0.000000000000000000e+00
7.020000000000000462e+00,0.000000000000000000e+00
7.030000000000000249e+00,0.000000000000000000e+00
7.040000000000000036e+00,0.000000000000000000e+00
7.049999999999999822e+00,0.000000000000000000e+00
7.060000000000000497e+00,0.000000000000000000e+00
7.070000000000000284e+00,0.000000000000000000e+00
7.080000000000000071e+00,0.000000000000000000e+00
7.089999999999999858e+00,0.000000000000000000e+00
7.100000000000000533e+00,0.000000000000000000e+00
7.110000000000000320e+00,0.000000000000000000e+00
7.120000000000000107e+00,0.000000000000000000e+00
7.129999999999999893e+00,0.000000000000000000e+00
7.140000000000000568e+00,0.000000000000000000e+00
7.150000000000000355e+00,0.000000000000000000e+00
7.160000000000000142e+00,0.000000000000000000e+00
7.169999999999999929e+00,0.000000000000000000e+00
7.179999999999999716e+00,0.000000000000000000e+00
7.190000000000000391e+00,0.000000000000000000e+00
7.200000000000000178e+00,0.000000000000000000e+00
7.209999999999999964e+00,0.000000000000000000e+00
7.219999999999999751e+00,0.000000000000000000e+00
7.230000000000000426e+00,0.000000000000000000e+00
7.240000000000000213e+00,0.000000000000000000e+00
7.250000000000000000e+00,0.000000000000000000e+00
7.259999999999999787e+00,0.000000000000000000e+00
7.270000000000000462e+00,0.000000000000000000e+00
7.280000000000000249e+00,0.000000000000000000e+00
7.290000000000000036e+00,0.000000000000000000e+00
7.299999999999999822e+00,0.000000000000000000e+00
7.310000000000000497e+00,0.000000000000000000e+00
7.320000000000000284e+00,0.000000000000000000e+00
7.330000000000000071e+00,0.000000000000000000e+00
7.339999999999999858e+00,0.000000000000000000e+00
7.350000000000000533e+00,0.000000000000000000e+00
7.360000000000000320e+00,0.000000000000000000e+00
7.370000000000000107e+00,0.000000000000000000e+00
7.379999999999999893e+00,0.000000000000000000e+00
7.390000000000000568e+00,0.000000000000000000e+00
7.400000000000000355e+00,0.000000000000000000e+00
7.410000000000000142e+00,0.000000000000000000e+00
7.419999999999999929e+00,0.000000000000000000e+00
7.429999999999999716e+00,0.000000000000000000e+00
7.440000000000000391e+00,0.000000000000000000e+00
7.450000000000000178e+00,0.000000000000000000e+00
7.459999999999999964e+00,0.000000000000000000e+00
7.469999999999999751e+00,0.000000000000000000e+00
7.480000000000000426e+00,0.000000000000000000e+00
7.490000000000000213e+00,0.000000000000000000e+00
7.500000000000000000e+00,0.000000000000000000e+00
7.509999999999999787e+00,0.000000000000000000e+00
7.520000000000000462e+00,0.000000000000000000e+00
7.530000000000000249e+00,0.000000000000000000e+00
7.540000000000000036e+00,0.000000000000000000e+00
7.549999999999999822e+00,0.000000000000000000e+00
7.560000000000000497e+00,0.000000000000000000e+00
7.570000000000000284e+00,0.000000000000000000e+00
7.580000000000000071e+00,0.000000000000000000e+00
7.589999999999999858e+00,0.000000000000000000e+00
7.600000000000000533e+00,0.000000000000000000e+00
7.610000000000000320e+00,0.000000000000000000e+00
7.620000000000000107e+00,0.000000000000000000e+00
7.629999999999999893e+00,0.000000000000000000e+00
7.640000000000000568e+00,0.000000000000000000e+00
7.650000000000000355e+00,0.000000000000000000e+00
7.660000000000000142e+00,0.000000000000000000e+00
7.669999999999999929e+00,0.000000000000000000e+00
7.679999999999999716e+00,0.000000000000000000e+00
7.690000000000000391e+00,0.000000000000000000e+00
7.700000000000000178e+00,0.000000000000000000e+00
7.709999999999999964e+00,0.000000000000000000e+00
7.719999999999999751e+00,0.000000000000000000e+00
7.730000000000000426e+00,0.000000000000000000e+00
7.740000000000000213e+00,0.000000000000000000e+00
7.750000000000000000e+00,0.000000000000000000e+00
7.759999999999999787e+00,0.000000000000000000e+00
7.770000000000000462e+00,0.000000000000000000e+00
7.780000000000000249e+00,0.000000000000000000e+00
7.790000000000000036e+00,0.000000000000000000e+00
7.799999999999999822e+00,0.000000000000000000e+00
7.810000000000000497e+00,0.000000000000000000e+00
7.820000000000000284e+00,0.000000000000000000e+00
7.830000000000000071e+00,0.000000000000000000e+00
7.839999999999999858e+00,0.000000000000000000e+00
7.850000000000000533e+00,0.000000000000000000e+00
7.860000000000000320e+00,0.000000000000000000e+00
7.870000000000000107e+00,0.000000000000000000e+00
7.879999999999999893e+00,0.000000000000000000e+00
7.890000000000000568e+00,0.000000000000000000e+00
7.900000000000000355e+00,0.000000000000000000e+00
7.910000000000000142e+00,0.000000000000000000e+00
7.919999999999999929e+00,0.000000000000000000e+00
7.930000000000000604e+00,0.000000000000000000e+00
7.940000000000000391e+00,0.000000000000000000e+00
7.950000000000000178e+00,0.000000000000000000e+00
7.959999999999999964e+00,0.000000000000000000e+00
7.969999999999999751e+00,0.000000000000000000e+00
7.980000000000000426e+00,0.000000000000000000e+00
7.990000000000000213e+00,0.000000000000000000e+00
8.000000000000000000e+00,0.000000000000000000e+00
8.009999999999999787e+00,0.000000000000000000e+00
8.019999999999999574e+00,0.000000000000000000e+00
8.029999999999999361e+00,0.000000000000000000e+00
8.040000000000000924e+00,0.000000000000000000e+00
8.050000000000000711e+00,0.000000000000000000e+00
8.060000000000000497e+00,0.000000000000000000e+00
8.070000000000000284e+00,0.000000000000000000e+00
8.080000000000000071e+00,0.000000000000000000e+00
8.089999999999999858e+00,0.000000000000000000e+00
8.099999999999999645e+00,0.000000000000000000e+00
8.109999999999999432e+00,0.000000000000000000e+00
8.120000000000000995e+00,0.000000000000000000e+00
8.130000000000000782e+00,0.000000000000000000e+00
8.140000000000000568e+00,0.000000000000000000e+00
8.150000000000000355e+00,0.000000000000000000e+00
8.160000000000000142e+00,0.000000000000000000e+00
8.169999999999999929e+00,0.000000000000000000e+00
8.179999999999999716e+00,0.000000000000000000e+00
8.189999999999999503e+00,0.000000000000000000e+00
8.199999999999999289e+00,0.000000000000000000e+00
8.210000000000000853e+00,0.000000000000000000e+00
8.220000000000000639e+00,0.000000000000000000e+00
8.230000000000000426e+00,0.000000000000000000e+00
8.240000000000000213e+00,0.000000000000000000e+00
8.250000000000000000e+00,0.000000000000000000e+00
8.259999999999999787e+00,0.000000000000000000e+00
8.269999999999999574e+00,0.000000000000000000e+00
8.279999999999999361e+00,0.000000000000000000e+00
8.290000000000000924e+00,0.000000000000000000e+00
8.300000000000000711e+00,0.000000000000000000e+00
8.310000000000000497e+00,0.000000000000000000e+00
8.320000000000000284e+00,0.000000000000000000e+00
8.330000000000000071e+00,0.000000000000000000e+00
8.339999999999999858e+00,0.000000000000000000e+00
8.349999999999999645e+00,0.000000000000000000e+00
8.359999999999999432e+00,0.000000000000000000e+00
8.370000000000000995e+00,0.000000000000000000e+00
8.380000000000000782e+00,0.000000000000000000e+00
8.390000000000000568e+00,0.000000000000000000e+00
8.400000000000000355e+00,0.000000000000000000e+00
8.410000000000000142e+00,0.000000000000000000e+00
8.419999999999999929e+00,0.000000000000000000e+00
8.429999999999999716e+00,0.000000000000000000e+00
8.439999999999999503e+00,0.000000000000000000e+00
8.449999999999999289e+00,0.000000000000000000e+00
8.460000000000000853e+00,0.000000000000000000e+00
8.470000000000000639e+00,0.000000000000000000e+00
8.480000000000000426e+00,0.000000000000000000e+00
8.490000000000000213e+00,0.000000000000000000e+00
8.500000000000000000e+00,0.000000000000000000e+00
8.509999999999999787e+00,0.000000000000000000e+00
8.519999999999999574e+00,0.000000000000000000e+00
8.529999999999999361e+00,0.000000000000000000e+00
8.540000000000000924e+00,0.000000000000000000e+00
8.550000000000000711e+00,0.000000000000000000e+00
8.560000000000000497e+00,0.000000000000000000e+00
8.570000000000000284e+00,0.000000000000000000e+00
8.580000000000000071e+00,0.000000000000000000e+00
8.589999999999999858e+00,0.000000000000000000e+00
8.599999999999999645e+00,0.000000000000000000e+00
8.609999999999999432e+00,0.000000000000000000e+00
8.620000000000000995e+00,0.000000000000000000e+00
8.630000000000000782e+00,0.000000000000000000e+00
8.640000000000000568e+00,0.000000000000000000e+00
8.650000000000000355e+00,0.000000000000000000e+00
8.660000000000000142e+00,0.000000000000000000e+00
8.669999999999999929e+00,0.000000000000000000e+00
8.679999999999999716e+00,0.000000000000000000e+00
8.689999999999999503e+00,0.000000000000000000e+00
8.700000000000001066e+00,0.000000000000000000e+00
8.710000000000000853e+00,0.000000000000000000e+00
8.720000000000000639e+00,0.000000000000000000e+00
8.730000000000000426e+00,0.000000000000000000e+00
8.740000000000000213e+00,0.000000000000000000e+00
8.750000000000000000e+00,0.000000000000000000e+00
8.759999999999999787e+00,0.000000000000000000e+00
8.769999999999999574e+00,0.000000000000000000e+00
8.779999999999999361e+00,0.000000000000000000e+00
8.790000000000000924e+00,0.000000000000000000e+00
8.800000000000000711e+00,0.000000000000000000e+00
8.810000000000000497e+00,0.000000000000000000e+00
8.820000000000000284e+00,0.000000000000000000e+00
8.830000000000000071e+00,0.000000000000000000e+00
8.839999999999999858e+00,0.000000000000000000e+00
8.849999999999999645e+00,0.000000000000000000e+00
8.859999999999999432e+00,0.000000000000000000e+00
8.870000000000000995e+00,0.000000000000000000e+00
8.880000000000000782e+00,0.000000000000000000e+00
8.890000000000000568e+00,0.000000000000000000e+00
8.900000000000000355e+00,0.000000000000000000e+00
8.910000000000000142e+00,0.000000000000000000e+00
8.919999999999999929e+00,0.000000000000000000e+00
8.929999999999999716e+00,0.000000000000000000e+00
8.939999999999999503e+00,0.000000000000000000e+00
8.950000000000001066e+00,0.000000000000000000e+00
8.960000000000000853e+00,0.000000000000000000e+00
8.970000000000000639e+00,0.000000000000000000e+00
8.980000000000000426e+00,0.000000000000000000e+00
8.990000000000000213e+00,0.000000000000000000e+00
9.000000000000000000e+00,0.000000000000000000e+00
9.009999999999999787e+00,0.000000000000000000e+00
9.019999999999999574e+00,0.000000000000000000e+00
9.029999999999999361e+00,0.000000000000000000e+00
9.040000000000000924e+00,0.000000000000000000e+00
9.050000000000000711e+00,0.000000000000000000e+00
9.060000000000000497e+00,0.000000000000000000e+00
9.070000000000000284e+00,0.000000000000000000e+00
9.080000000000000071e+00,0.000000000000000000e+00
9.089999999999999858e+00,0.000000000000000000e+00
9.099999999999999645e+00,0.000000000000000000e+00
9.109999999999999432e+00,0.000000000000000000e+00
9.120000000000000995e+00,0.000000000000000000e+00
9.130000000000000782e+00,0.000000000000000000e+00
9.140000000000000568e+00,0.000000000000000000e+00
9.150000000000000355e+00,0.000000000000000000e+00
9.160000000000000142e+00,0.000000000000000000e+00
9.169999999999999929e+00,0.000000000000000000e+00
9.179999999999999716e+00,0.000000000000000000e+00
9.189999999999999503e+00,0.000000000000000000e+00
9.200000000000001066e+00,0.000000000000000000e+00
9.210000000000000853e+00,0.000000000000000000e+00
9.220000000000000639e+00,0.000000000000000000e+00
9.230000000000000426e+00,0.000000000000000000e+00
9.240000000000000213e+00,0.000000000000000000e+00
9.250000000000000000e+00,0.000000000000000000e+00
9.259999999999999787e+00,0.000000000000000000e+00
9.269999999999999574e+00,0.000000000000000000e+00
9.279999999999999361e+00,0.000000000000000000e+00
9.290000000000000924e+00,0.000000000000000000e+00
9.300000000000000711e+00,0.000000000000000000e+00
9.310000000000000497e+00,0.000000000000000000e+00
9.320000000000000284e+00,0.000000000000000000e+00
9.330000000000000071e+00,0.000000000000000000e+00
9.339999999999999858e+00,0.000000000000000000e+00
9.349999999999999645e+00,0.000000000000000000e+00
9.359999999999999432e+00,0.000000000000000000e+00
9.370000000000000995e+00,0.000000000000000000e+00
9.380000000000000782e+00,0.000000000000000000e+00
9.390000000000000568e+00,0.000000000000000000e+00
9.400000000000000355e+00,0.000000000000000000e+00
9.410000000000000142e+00,0.000000000000000000e+00
9.419999999999999929e+00,0.000000000000000000e+00
9.429999999999999716e+00,0.000000000000000000e+00
9.439999999999999503e+00,0.000000000000000000e+00
9.450000000000001066e+00,0.000000000000000000e+00
9.460000000000000853e+00,0.000000000000000000e+00
9.470000000000000639e+00,0.000000000000000000e+00
9.480000000000000426e+00,0.000000000000000000e+00
9.490000000000000213e+00,0.000000000000000000e+00
9.500000000000000000e+00,0.000000000000000000e+00
9.509999999999999787e+00,0.000000000000000000e+00
9.519999999999999574e+00,0.000000000000000000e+00
9.529999999999999361e+00,0.000000000000000000e+00
9.540000000000000924e+00,0.000000000000000000e+00
9.550000000000000711e+00,0.000000000000000000e+00
9.560000000000000497e+00,0.000000000000000000e+00
9.570000000000000284e+00,0.000000000000000000e+00
9.580000000000000071e+00,0.000000000000000000e+00
9.589999999999999858e+00,0.000000000000000000e+00
9.599999999999999645e+00,0.000000000000000000e+00
9.609999999999999432e+00,0.000000000000000000e+00
9.620000000000000995e+00,0.000000000000000000e+00
9.630000000000000782e+00,0.000000000000000000e+00
9.640000000000000568e+00,0.000000000000000000e+00
9.650000000000000355e+00,0.000000000000000000e+00
9.660000000000000142e+00,0.000000000000000000e+00
9.669999999999999929e+00,0.000000000000000000e+00
9.679999999999999716e+00,0.000000000000000000e+00
9.689999999999999503e+00,0.000000000000000000e+00
9.700000000000001066e+00,0.000000000000000000e+00
9.710000000000000853e+00,0.000000000000000000e+00
9.720000000000000639e+00,0.000000000000000000e+00
9.730000000000000426e+00,0.000000000000000000e+00
9.740000000000000213e+00,0.000000000000000000e+00
9.750000000000000000e+00,0.000000000000000000e+00
9.759999999999999787e+00,0.000000000000000000e+00
9.769999999999999574e+00,0.000000000000000000e+00
9.779999999999999361e+00,0.000000000000000000e+00
9.790000000000000924e+00,0.000000000000000000e+00
9.800000000000000711e+00,0.000000000000000000e+00
9.810000000000000497e+00,0.000000000000000000e+00
9.820000000000000284e+00,0.000000000000000000e+00
9.830000000000000071e+00,0.000000000000000000e+00
9.839999999999999858e+00,0.000000000000000000e+00
9.849999999999999645e+00,0.000000000000000000e+00
9.859999999999999432e+00,0.000000000000000000e+00
9.870000000000000995e+00,0.000000000000000000e+00
9.880000000000000782e+00,0.000000000000000000e+00
9.890000000000000568e+00,0.000000000000000000e+00
9.900000000000000355e+00,0.000000000000000000e+00
9.910000000000000142e+00,0.000000000000000000e+00
9.919999999999999929e+00,0.000000000000000000e+00
9.929999999999999716e+00,0.000000000000000000e+00
9.939999999999999503e+00,0.000000000000000000e+00
9.950000000000001066e+00,0.000000000000000000e+00
9.960000000000000853e+00,0.000000000000000000e+00
9.970000000000000639e+00,0.000000000000000000e+00
9.980000000000000426e+00,0.000000000000000000e+00
9.990000000000000213e+00,0.000000000000000000e+00
1.000000000000000000e+01,0.000000000000000000e+00
1.000999999999999979e+01,0.000000000000000000e+00
1.001999999999999957e+01,0.000000000000000000e+00
1.002999999999999936e+01,0.000000000000000000e+00
1.004000000000000092e+01,0.000000000000000000e+00
1.005000000000000071e+01,0.000000000000000000e+00
1.006000000000000050e+01,0.000000000000000000e+00
1.007000000000000028e+01,0.000000000000000000e+00
1.008000000000000007e+01,0.000000000000000000e+00
1.008999999999999986e+01,0.000000000000000000e+00
1.009999999999999964e+01,0.000000000000000000e+00
1.010999999999999943e+01,0.000000000000000000e+00
1.012000000000000099e+01,0.000000000000000000e+00
1.013000000000000078e+01,0.000000000000000000e+00
1.014000000000000057e+01,0.000000000000000000e+00
1.015000000000000036e+01,0.000000000000000000e+00
1.016000000000000014e+01,0.000000000000000000e+00
1.016999999999999993e+01,0.000000000000000000e+00
1.017999999999999972e+01,0.000000000000000000e+00
1.018999999999999950e+01,0.000000000000000000e+00
1.020000000000000107e+01,0.000000000000000000e+00
1.021000000000000085e+01,0.000000000000000000e+00
1.022000000000000064e+01,0.000000000000000000e+00
1.023000000000000043e+01,0.000000000000000000e+00
1.024000000000000021e+01,0.000000000000000000e+00
1.025000000000000000e+01,0.000000000000000000e+00
1.025999999999999979e+01,0.000000000000000000e+00
1.026999999999999957e+01,0.000000000000000000e+00
1.027999999999999936e+01,0.000000000000000000e+00
1.029000000000000092e+01,0.000000000000000000e+00
1.030000000000000071e+01,0.000000000000000000e+00
1.031000000000000050e+01,0.000000000000000000e+00
1.032000000000000028e+01,0.000000000000000000e+00
1.033000000000000007e+01,0.000000000000000000e+00
1.033999999999999986e+01,0.000000000000000000e+00
1.034999999999999964e+01,0.000000000000000000e+00
1.035999999999999943e+01,0.000000000000000000e+00
1.037000000000000099e+01,0.000000000000000000e+00
1.038000000000000078e+01,0.000000000000000000e+00
1.039000000000000057e+01,0.000000000000000000e+00
1.040000000000000036e+01,0.000000000000000000e+00
1.041000000000000014e+01,0.000000000000000000e+00
1.041999999999999993e+01,0.000000000000000000e+00
1.042999999999999972e+01,0.000000000000000000e+00
1.043999999999999950e+01,0.000000000000000000e+00
1.045000000000000107e+01,0.000000000000000000e+00
1.046000000000000085e+01,0.000000000000000000e+00
1.047000000000000064e+01,0.000000000000000000e+00
1.048000000000000043e+01,0.000000000000000000e+00
1.049000000000000021e+01,0.000000000000000000e+00
1.050000000000000000e+01,0.000000000000000000e+00
1.050999999999999979e+01,0.000000000000000000e+00
1.051999999999999957e+01,0.000000000000000000e+00
1.052999999999999936e+01,0.000000000000000000e+00
1.054000000000000092e+01,0.000000000000000000e+00
1.055000000000000071e+01,0.000000000000000000e+00
1.056000000000000050e+01,0.000000000000000000e+00
1.057000000000000028e+01,0.000000000000000000e+00
1.058000000000000007e+01,0.000000000000000000e+00
1.058999999999999986e+01,0.000000000000000000e+00
1.059999999999999964e+01,0.000000000000000000e+00
1.060999999999999943e+01,0.000000000000000000e+00
1.062000000000000099e+01,0.000000000000000000e+00
1.063000000000000078e+01,0.000000000000000000e+00
1.064000000000000057e+01,0.000000000000000000e+00
1.065000000000000036e+01,0.000000000000000000e+00
1.066000000000000014e+01,0.000000000000000000e+00
1.066999999999999993e+01,0.000000000000000000e+00
1.067999999999999972e+01,0.000000000000000000e+00
1.068999999999999950e+01,0.000000000000000000e+00
1.070000000000000107e+01,0.000000000000000000e+00
1.071000000000000085e+01,0.000000000000000000e+00
1.072000000000000064e+01,0.000000000000000000e+00
1.073000000000000043e+01,0.000000000000000000e+00
1.074000000000000021e+01,0.000000000000000000e+00
1.075000000000000000e+01,0.000000000000000000e+00
1.075999999999999979e+01,0.000000000000000000e+00
1.076999999999999957e+01,0.000000000000000000e+00
1.077999999999999936e+01,0.000000000000000000e+00
1.079000000000000092e+01,0.000000000000000000e+00
1.080000000000000071e+01,0.000000000000000000e+00
1.081000000000000050e+01,0.000000000000000000e+00
1.082000000000000028e+01,0.000000000000000000e+00
1.083000000000000007e+01,0.000000000000000000e+00
1.083999999999999986e+01,0.000000000000000000e+00
1.084999999999999964e+01,0.000000000000000000e+00
1.085999999999999943e+01,0.000000000000000000e+00
1.087000000000000099e+01,0.000000000000000000e+00
1.088000000000000078e+01,0.000000000000000000e+00
1.089000000000000057e+01,0.000000000000000000e+00
1.090000000000000036e+01,0.000000000000000000e+00
1.091000000000000014e+01,0.000000000000000000e+00
1.091999999999999993e+01,0.000000000000000000e+00
1.092999999999999972e+01,0.000000000000000000e+00
1.093999999999999950e+01,0.000000000000000000e+00
1.095000000000000107e+01,0.000000000000000000e+00
1.096000000000000085e+01,0.000000000000000000e+00
1.097000000000000064e+01,0.000000000000000000e+00
1.098000000000000043e+01,0.000000000000000000e+00
1.099000000000000021e+01,0.000000000000000000e+00
1.100000000000000000e+01,0.000000000000000000e+00
1.100999999999999979e+01,0.000000000000000000e+00
1.101999999999999957e+01,0.000000000000000000e+00
1.102999999999999936e+01,0.000000000000000000e+00
1.104000000000000092e+01,0.000000000000000000e+00
1.105000000000000071e+01,0.000000000000000000e+00
1.106000000000000050e+01,0.000000000000000000e+00
1.107000000000000028e+01,0.000000000000000000e+00
1.108000000000000007e+01,0.000000000000000000e+00
1.108999999999999986e+01,0.000000000000000000e+00
1.109999999999999964e+01,0.000000000000000000e+00
1.110999999999999943e+01,0.000000000000000000e+00
1.112000000000000099e+01,0.000000000000000000e+00
1.113000000000000078e+01,0.000000000000000000e+00
1.114000000000000057e+01,0.000000000000000000e+00
1.115000000000000036e+01,0.000000000000000000e+00
1.116000000000000014e+01,0.000000000000000000e+00
1.116999999999999993e+01,0.000000000000000000e+00
1.117999999999999972e+01,0.000000000000000000e+00
1.118999999999999950e+01,0.000000000000000000e+00
1.120000000000000107e+01,0.000000000000000000e+00
1.121000000000000085e+01,0.000000000000000000e+00
1.122000000000000064e+01,0.000000000000000000e+00
1.123000000000000043e+01,0.000000000000000000e+00
1.124000000000000021e+01,0.000000000000000000e+00
1.125000000000000000e+01,0.000000000000000000e+00
1.125999999999999979e+01,0.000000000000000000e+00
1.126999999999999957e+01,0.000000000000000000e+00
1.127999999999999936e+01,0.000000000000000000e+00
1.129000000000000092e+01,0.000000000000000000e+00
1.130000000000000071e+01,0.000000000000000000e+00
1.131000000000000050e+01,0.000000000000000000e+00
1.132000000000000028e+01,0.000000000000000000e+00
1.133000000000000007e+01,0.000000000000000000e+00
1.133999999999999986e+01,0.000000000000000000e+00
1.134999999999999964e+01,0.000000000000000000e+00
1.135999999999999943e+01,0.000000000000000000e+00
1.137000000000000099e+01,0.000000000000000000e+00
1.138000000000000078e+01,0.000000000000000000e+00
1.139000000000000057e+01,0.000000000000000000e+00
1.140000000000000036e+01,0.000000000000000000e+00
1.141000000000000014e+01,0.000000000000000000e+00
1.141999999999999993e+01,0.000000000000000000e+00
1.142999999999999972e+01,0.000000000000000000e+00
1.143999999999999950e+01,0.000000000000000000e+00
1.145000000000000107e+01,0.000000000000000000e+00
1.146000000000000085e+01,0.000000000000000000e+00
1.147000000000000064e+01,0.000000000000000000e+00
1.148000000000000043e+01,0.000000000000000000e+00
1.149000000000000021e+01,0.000000000000000000e+00
1.150000000000000000e+01,0.000000000000000000e+00
1.150999999999999979e+01,0.000000000000000000e+00
1.151999999999999957e+01,0.000000000000000000e+00
1.152999999999999936e+01,0.000000000000000000e+00
1.154000000000000092e+01,0.000000000000000000e+00
1.155000000000000071e+01,0.000000000000000000e+00
1.156000000000000050e+01,0.000000000000000000e+00
1.157000000000000028e+01,0.000000000000000000e+00
1.158000000000000007e+01,0.000000000000000000e+00
1.158999999999999986e+01,0.000000000000000000e+00
1.159999999999999964e+01,0.000000000000000000e+00
1.160999999999999943e+01,0.000000000000000000e+00
1.162000000000000099e+01,0.000000000000000000e+00
1.163000000000000078e+01,0.000000000000000000e+00
1.164000000000000057e+01,0.000000000000000000e+00
1.165000000000000036e+01,0.000000000000000000e+00
1.166000000000000014e+01,0.000000000000000000e+00
1.166999999999999993e+01,0.000000000000000000e+00
1.167999999999999972e+01,0.000000000000000000e+00
1.168999999999999950e+01,0.000000000000000000e+00
1.170000000000000107e+01,0.000000000000000000e+00
1.171000000000000085e+01,0.000000000000000000e+00
1.172000000000000064e+01,0.000000000000000000e+00
1.173000000000000043e+01,0.000000000000000000e+00
1.174000000000000021e+01,0.000000000000000000e+00
1.175000000000000000e+01,0.000000000000000000e+00
1.175999999999999979e+01,0.000000000000000000e+00
1.176999999999999957e+01,0.000000000000000000e+00
1.177999999999999936e+01,0.000000000000000000e+00
1.179000000000000092e+01,0.000000000000000000e+00
1.180000000000000071e+01,0.000000000000000000e+00
1.181000000000000050e+01,0.000000000000000000e+00
1.182000000000000028e+01,0.000000000000000000e+00
1.183000000000000007e+01,0.000000000000000000e+00
1.183999999999999986e+01,0.000000000000000000e+00
1.184999999999999964e+01,0.000000000000000000e+00
1.185999999999999943e+01,0.000000000000000000e+00
1.187000000000000099e+01,0.000000000000000000e+00
1.188000000000000078e+01,0.000000000000000000e+00
1.189000000000000057e+01,0.000000000000000000e+00
1.190000000000000036e+01,0.000000000000000000e+00
1.191000000000000014e+01,0.000000000000000000e+00
1.191999999999999993e+01,0.000000000000000000e+00
1.192999999999999972e+01,0.000000000000000000e+00
1.193999999999999950e+01,0.000000000000000000e+00
1.195000000000000107e+01,0.000000000000000000e+00
1.196000000000000085e+01,0.000000000000000000e+00
1.197000000000000064e+01,0.000000000000000000e+00
1.198000000000000043e+01,0.000000000000000000e+00
1.199000000000000021e+01,0.000000000000000000e+00
1.200000000000000000e+01,0.000000000000000000e+00
1.200999999999999979e+01,0.000000000000000000e+00
1.201999999999999957e+01,0.000000000000000000e+00
1.203000000000000114e+01,0.000000000000000000e+00
1.204000000000000092e+01,0.000000000000000000e+00
1.205000000000000071e+01,0.000000000000000000e+00
1.206000000000000050e+01,0.000000000000000000e+00
1.207000000000000028e+01,0.000000000000000000e+00
1.208000000000000007e+01,0.000000000000000000e+00
1.208999999999999986e+01,0.000000000000000000e+00
1.209999999999999964e+01,0.000000000000000000e+00
1.210999999999999943e+01,0.000000000000000000e+00
1.212000000000000099e+01,0.000000000000000000e+00
1.213000000000000078e+01,0.000000000000000000e+00
1.214000000000000057e+01,0.000000000000000000e+00
1.215000000000000036e+01,0.000000000000000000e+00
1.216000000000000014e+01,0.000000000000000000e+00
1.216999999999999993e+01,0.000000000000000000e+00
1.217999999999999972e+01,0.000000000000000000e+00
1.218999999999999950e+01,0.000000000000000000e+00
1.220000000000000107e+01,0.000000000000000000e+00
1.221000000000000085e+01,0.000000000000000000e+00
1.222000000000000064e+01,0.000000000000000000e+00
1.223000000000000043e+01,0.000000000000000000e+00
1.224000000000000021e+01,0.000000000000000000e+00
1.225000000000000000e+01,0.000000000000000000e+00
1.225999999999999979e+01,0.000000000000000000e+00
1.226999999999999957e+01,0.000000000000000000e+00
1.228000000000000114e+01,0.000000000000000000e+00
1.229000000000000092e+01,0.000000000000000000e+00
1.230000000000000071e+01,0.000000000000000000e+00
1.231000000000000050e+01,0.000000000000000000e+00
1.232000000000000028e+01,0.000000000000000000e+00
1.233000000000000007e+01,0.000000000000000000e+00
1.233999999999999986e+01,0.000000000000000000e+00
1.234999999999999964e+01,0.000000000000000000e+00
1.235999999999999943e+01,0.000000000000000000e+00
1.237000000000000099e+01,0.000000000000000000e+00
1.238000000000000078e+01,0.000000000000000000e+00
1.239000000000000057e+01,0.000000000000000000e+00
1.240000000000000036e+01,0.000000000000000000e+00
1.241000000000000014e+01,0.000000000000000000e+00
1.241999999999999993e+01,0.000000000000000000e+00
1.242999999999999972e+01,0.000000000000000000e+00
1.243999999999999950e+01,0.000000000000000000e+00
1.245000000000000107e+01,0.000000000000000000e+00
1.246000000000000085e+01,0.000000000000000000e+00
1.247000000000000064e+01,0.000000000000000000e+00
1.248000000000000043e+01,0.000000000000000000e+00
1.249000000000000021e+01,0.000000000000000000e+00
1.250000000000000000e+01,0.000000000000000000e+00
1.250999999999999979e+01,0.000000000000000000e+00
1.251999999999999957e+01,0.000000000000000000e+00
1.253000000000000114e+01,0.000000000000000000e+00
1.254000000000000092e+01,0.000000000000000000e+00
1.255000000000000071e+01,0.000000000000000000e+00
1.256000000000000050e+01,0.000000000000000000e+00
1.257000000000000028e+01,0.000000000000000000e+00
1.258000000000000007e+01,0.000000000000000000e+00
1.258999999999999986e+01,0.000000000000000000e+00
1.259999999999999964e+01,0.000000000000000000e+00
1.260999999999999943e+01,0.000000000000000000e+00
1.262000000000000099e+01,0.000000000000000000e+00
1.263000000000000078e+01,0.000000000000000000e+00
1.264000000000000057e+01,0.000000000000000000e+00
1.265000000000000036e+01,0.000000000000000000e+00
1.266000000000000014e+01,0.000000000000000000e+00
1.266999999999999993e+01,0.000000000000000000e+00
1.267999999999999972e+01,0.000000000000000000e+00
1.268999999999999950e+01,0.000000000000000000e+00
1.270000000000000107e+01,0.000000000000000000e+00
1.271000000000000085e+01,0.000000000000000000e+00
1.272000000000000064e+01,0.000000000000000000e+00
1.273000000000000043e+01,0.000000000000000000e+00
1.274000000000000021e+01,0.000000000000000000e+00
1.275000000000000000e+01,0.000000000000000000e+00
1.275999999999999979e+01,0.000000000000000000e+00
1.276999999999999957e+01,0.000000000000000000e+00
1.278000000000000114e+01,0.000000000000000000e+00
1.279000000000000092e+01,0.000000000000000000e+00
1.280000000000000071e+01,0.000000000000000000e+00
1.281000000000000050e+01,0.000000000000000000e+00
1.282000000000000028e+01,0.000000000000000000e+00
1.283000000000000007e+01,0.000000000000000000e+00
1.283999999999999986e+01,0.000000000000000000e+00
1.284999999999999964e+01,0.000000000000000000e+00
1.285999999999999943e+01,0.000000000000000000e+00
1.287000000000000099e+01,0.000000000000000000e+00
1.288000000000000078e+01,0.000000000000000000e+00
1.289000000000000057e+01,0.000000000000000000e+00
1.290000000000000036e+01,0.000000000000000000e+00
1.291000000000000014e+01,0.000000000000000000e+00
1.291999999999999993e+01,0.000000000000000000e+00
1.292999999999999972e+01,0.000000000000000000e+00
1.293999999999999950e+01,0.000000000000000000e+00
1.295000000000000107e+01,0.000000000000000000e+00
1.296000000000000085e+01,0.000000000000000000e+00
1.297000000000000064e+01,0.000000000000000000e+00
1.298000000000000043e+01,0.000000000000000000e+00
1.299000000000000021e+01,0.000000000000000000e+00
1.300000000000000000e+01,0.000000000000000000e+00
1.300999999999999979e+01,0.000000000000000000e+00
1.301999999999999957e+01,0.000000000000000000e+00
1.303000000000000114e+01,0.000000000000000000e+00
1.304000000000000092e+01,0.000000000000000000e+00
1.305000000000000071e+01,0.000000000000000000e+00
1.306000000000000050e+01,0.000000000000000000e+00
1.307000000000000028e+01,0.000000000000000000e+00
1.308000000000000007e+01,0.000000000000000000e+00
1.308999999999999986e+01,0.000000000000000000e+00
1.309999999999999964e+01,0.000000000000000000e+00
1.310999999999999943e+01,0.000000000000000000e+00
1.312000000000000099e+01,0.000000000000000000e+00
1.313000000000000078e+01,0.000000000000000000e+00
1.314000000000000057e+01,0.000000000000000000e+00
1.315000000000000036e+01,0.000000000000000000e+00
1.316000000000000014e+01,0.000000000000000000e+00
1.316999999999999993e+01,0.000000000000000000e+00
1.317999999999999972e+01,0.000000000000000000e+00
1.318999999999999950e+01,0.000000000000000000e+00
1.320000000000000107e+01,0.000000000000000000e+00
1.321000000000000085e+01,0.000000000000000000e+00
1.322000000000000064e+01,0.000000000000000000e+00
1.323000000000000043e+01,0.000000000000000000e+00
1.324000000000000021e+01,0.000000000000000000e+00
1.325000000000000000e+01,0.000000000000000000e+00
1.325999999999999979e+01,0.000000000000000000e+00
1.326999999999999957e+01,0.000000000000000000e+00
1.328000000000000114e+01,0.000000000000000000e+00
1.329000000000000092e+01,0.000000000000000000e+00
1.330000000000000071e+01,0.000000000000000000e+00
1.331000000000000050e+01,0.000000000000000000e+00
1.332000000000000028e+01,0.000000000000000000e+00
1.333000000000000007e+01,0.000000000000000000e+00
1.333999999999999986e+01,0.000000000000000000e+00
1.334999999999999964e+01,0.000000000000000000e+00
1.335999999999999943e+01,0.000000000000000000e+00
1.337000000000000099e+01,0.000000000000000000e+00
1.338000000000000078e+01,0.000000000000000000e+00
1.339000000000000057e+01,0.000000000000000000e+00
1.340000000000000036e+01,0.000000000000000000e+00
1.341000000000000014e+01,0.000000000000000000e+00
1.341999999999999993e+01,0.000000000000000000e+00
1.342999999999999972e+01,0.000000000000000000e+00
1.343999999999999950e+01,0.000000000000000000e+00
1.345000000000000107e+01,0.000000000000000000e+00
1.346000000000000085e+01,0.000000000000000000e+00
1.347000000000000064e+01,0.000000000000000000e+00
1.348000000000000043e+01,0.000000000000000000e+00
1.349000000000000021e+01,0.000000000000000000e+00
1.350000000000000000e+01,0.000000000000000000e+00
1.350999999999999979e+01,0.000000000000000000e+00
1.351999999999999957e+01,0.000000000000000000e+00
1.353000000000000114e+01,0.000000000000000000e+00
1.354000000000000092e+01,0.000000000000000000e+00
1.355000000000000071e+01,0.000000000000000000e+00
1.356000000000000050e+01,0.000000000000000000e+00
1.357000000000000028e+01,0.000000000000000000e+00
1.358000000000000007e+01,0.000000000000000000e+00
1.358999999999999986e+01,0.000000000000000000e+00
1.359999999999999964e+01,0.000000000000000000e+00
1.360999999999999943e+01,0.000000000000000000e+00
1.362000000000000099e+01,0.000000000000000000e+00
1.363000000000000078e+01,0.000000000000000000e+00
1.364000000000000057e+01,0.000000000000000000e+00
1.365000000000000036e+01,0.000000000000000000e+00
1.366000000000000014e+01,0.000000000000000000e+00
1.366999999999999993e+01,0.000000000000000000e+00
1.367999999999999972e+01,0.000000000000000000e+00
1.368999999999999950e+01,0.000000000000000000e+00
1.370000000000000107e+01,0.000000000000000000e+00
1.371000000000000085e+01,0.000000000000000000e+00
1.372000000000000064e+01,0.000000000000000000e+00
1.373000000000000043e+01,0.000000000000000000e+00
1.374000000000000021e+01,0.000000000000000000e+00
1.375000000000000000e+01,0.000000000000000000e+00
1.375999999999999979e+01,0.000000000000000000e+00
1.376999999999999957e+01,0.000000000000000000e+00
1.378000000000000114e+01,0.000000000000000000e+00
1.379000000000000092e+01,0.000000000000000000e+00
1.380000000000000071e+01,0.000000000000000000e+00
1.381000000000000050e+01,0.000000000000000000e+00
1.382000000000000028e+01,0.000000000000000000e+00
1.383000000000000007e+01,0.000000000000000000e+00
1.383999999999999986e+01,0.000000000000000000e+00
1.384999999999999964e+01,0.000000000000000000e+00
1.385999999999999943e+01,0.000000000000000000e+00
1.387000000000000099e+01,0.000000000000000000e+00
1.388000000000000078e+01,0.000000000000000000e+00
1.389000000000000057e+01,0.000000000000000000e+00
1.390000000000000036e+01,0.000000000000000000e+00
1.391000000000000014e+01,0.000000000000000000e+00
1.391999999999999993e+01,0.000000000000000000e+00
1.392999999999999972e+01,0.000000000000000000e+00
1.393999999999999950e+01,0.000000000000000000e+00
1.395000000000000107e+01,0.000000000000000000e+00
1.396000000000000085e+01,0.000000000000000000e+00
1.397000000000000064e+01,0.000000000000000000e+00
1.398000000000000043e+01,0.000000000000000000e+00
1.399000000000000021e+01,0.000000000000000000e+00
1.400000000000000000e+01,0.000000000000000000e+00
1.400999999999999979e+01,0.000000000000000000e+00
1.401999999999999957e+01,0.000000000000000000e+00
1.403000000000000114e+01,0.000000000000000000e+00
1.404000000000000092e+01,0.000000000000000000e+00
1.405000000000000071e+01,0.000000000000000000e+00
1.406000000000000050e+01,0.000000000000000000e+00
1.407000000000000028e+01,0.000000000000000000e+00
1.408000000000000007e+01,0.000000000000000000e+00
1.408999999999999986e+01,0.000000000000000000e+00
1.409999999999999964e+01,0.000000000000000000e+00
1.410999999999999943e+01,0.000000000000000000e+00
1.412000000000000099e+01,0.000000000000000000e+00
1.413000000000000078e+01,0.000000000000000000e+00
1.414000000000000057e+01,0.000000000000000000e+00
1.415000000000000036e+01,0.000000000000000000e+00
1.416000000000000014e+01,0.000000000000000000e+00
1.416999999999999993e+01,0.000000000000000000e+00
1.417999999999999972e+01,0.000000000000000000e+00
1.418999999999999950e+01,0.000000000000000000e+00
1.420000000000000107e+01,0.000000000000000000e+00
1.421000000000000085e+01,0.000000000000000000e+00
1.422000000000000064e+01,0.000000000000000000e+00
1.423000000000000043e+01,0.000000000000000000e+00
1.424000000000000021e+01,0.000000000000000000e+00
1.425000000000000000e+01,0.000000000000000000e+00
1.425999999999999979e+01,0.000000000000000000e+00
1.426999999999999957e+01,0.000000000000000000e+00
1.428000000000000114e+01,0.000000000000000000e+00
1.429000000000000092e+01,0.000000000000000000e+00
1.430000000000000071e+01,0.000000000000000000e+00
1.431000000000000050e+01,0.000000000000000000e+00
1.432000000000000028e+01,0.000000000000000000e+00
1.433000000000000007e+01,0.000000000000000000e+00
1.433999999999999986e+01,0.000000000000000000e+00
1.434999999999999964e+01,0.000000000000000000e+00
1.435999999999999943e+01,0.000000000000000000e+00
1.437000000000000099e+01,0.000000000000000000e+00
1.438000000000000078e+01,0.000000000000000000e+00
1.439000000000000057e+01,0.000000000000000000e+00
1.440000000000000036e+01,0.000000000000000000e+00
1.441000000000000014e+01,0.000000000000000000e+00
1.441999999999999993e+01,0.000000000000000000e+00
1.442999999999999972e+01,0.000000000000000000e+00
1.443999999999999950e+01,0.000000000000000000e+00
1.445000000000000107e+01,0.000000000000000000e+00
1.446000000000000085e+01,0.000000000000000000e+00
1.447000000000000064e+01,0.000000000000000000e+00
1.448000000000000043e+01,0.000000000000000000e+00
1.449000000000000021e+01,0.000000000000000000e+00
1.450000000000000000e+01,0.000000000000000000e+00
1.450999999999999979e+01,0.000000000000000000e+00
1.451999999999999957e+01,0.000000000000000000e+00
1.453000000000000114e+01,0.000000000000000000e+00
1.454000000000000092e+01,0.000000000000000000e+00
1.455000000000000071e+01,0.000000000000000000e+00
1.456000000000000050e+01,0.000000000000000000e+00
1.457000000000000028e+01,0.000000000000000000e+00
1.458000000000000007e+01,0.000000000000000000e+00
1.458999999999999986e+01,0.000000000000000000e+00
1.459999999999999964e+01,0.000000000000000000e+00
1.460999999999999943e+01,0.000000000000000000e+00
1.462000000000000099e+01,0.000000000000000000e+00
1.463000000000000078e+01,0.000000000000000000e+00
1.464000000000000057e+01,0.000000000000000000e+00
1.465000000000000036e+01,0.000000000000000000e+00
1.466000000000000014e+01,0.000000000000000000e+00
1.466999999999999993e+01,0.000000000000000000e+00
1.467999999999999972e+01,0.000000000000000000e+00
1.468999999999999950e+01,0.000000000000000000e+00
1.470000000000000107e+01,0.000000000000000000e+00
1.471000000000000085e+01,0.000000000000000000e+00
1.472000000000000064e+01,0.000000000000000000e+00
1.473000000000000043e+01,0.000000000000000000e+00
1.474000000000000021e+01,0.000000000000000000e+00
1.475000000000000000e+01,0.000000000000000000e+00
1.475999999999999979e+01,0.000000000000000000e+00
1.476999999999999957e+01,0.000000000000000000e+00
1.478000000000000114e+01,0.000000000000000000e+00
1.479000000000000092e+01,0.000000000000000000e+00
1.480000000000000071e+01,0.000000000000000000e+00
1.481000000000000050e+01,0.000000000000000000e+00
1.482000000000000028e+01,0.000000000000000000e+00
1.483000000000000007e+01,0.000000000000000000e+00
1.483999999999999986e+01,0.000000000000000000e+00
1.484999999999999964e+01,0.000000000000000000e+00
1.485999999999999943e+01,0.000000000000000000e+00
1.487000000000000099e+01,0.000000000000000000e+00
1.488000000000000078e+01,0.000000000000000000e+00
1.489000000000000057e+01,0.000000000000000000e+00
1.490000000000000036e+01,0.000000000000000000e+00
1.491000000000000014e+01,0.000000000000000000e+00
1.491999999999999993e+01,0.000000000000000000e+00
1.492999999999999972e+01,0.000000000000000000e+00
1.493999999999999950e+01,0.000000000000000000e+00
1.495000000000000107e+01,0.000000000000000000e+00
1.496000000000000085e+01,0.000000000000000000e+00
1.497000000000000064e+01,0.000000000000000000e+00
1.498000000000000043e+01,0.000000000000000000e+00
1.499000000000000021e+01,0.000000000000000000e+00
1.500000000000000000e+01,0.000000000000000000e+00
1.500999999999999979e+01,0.000000000000000000e+00
1.501999999999999957e+01,0.000000000000000000e+00
1.503000000000000114e+01,0.000000000000000000e+00
1.504000000000000092e+01,0.000000000000000000e+00
1.505000000000000071e+01,0.000000000000000000e+00
1.506000000000000050e+01,0.000000000000000000e+00
1.507000000000000028e+01,0.000000000000000000e+00
1.508000000000000007e+01,0.000000000000000000e+00
1.508999999999999986e+01,0.000000000000000000e+00
1.509999999999999964e+01,0.000000000000000000e+00
1.510999999999999943e+01,0.000000000000000000e+00
1.512000000000000099e+01,0.000000000000000000e+00
1.513000000000000078e+01,0.000000000000000000e+00
1.514000000000000057e+01,0.000000000000000000e+00
1.515000000000000036e+01,0.000000000000000000e+00
1.516000000000000014e+01,0.000000000000000000e+00
1.516999999999999993e+01,0.000000000000000000e+00
1.517999999999999972e+01,0.000000000000000000e+00
1.518999999999999950e+01,0.000000000000000000e+00
1.520000000000000107e+01,0.000000000000000000e+00
1.521000000000000085e+01,0.000000000000000000e+00
1.522000000000000064e+01,0.000000000000000000e+00
1.523000000000000043e+01,0.000000000000000000e+00
1.524000000000000021e+01,0.000000000000000000e+00
1.525000000000000000e+01,0.000000000000000000e+00
1.525999999999999979e+01,0.000000000000000000e+00
1.526999999999999957e+01,0.000000000000000000e+00
1.528000000000000114e+01,0.000000000000000000e+00
1.529000000000000092e+01,0.000000000000000000e+00
1.530000000000000071e+01,0.000000000000000000e+00
1.531000000000000050e+01,0.000000000000000000e+00
1.532000000000000028e+01,0.000000000000000000e+00
1.533000000000000007e+01,0.000000000000000000e+00
1.533999999999999986e+01,0.000000000000000000e+00
1.534999999999999964e+01,0.000000000000000000e+00
1.535999999999999943e+01,0.000000000000000000e+00
1.537000000000000099e+01,0.000000000000000000e+00
1.538000000000000078e+01,0.000000000000000000e+00
1.539000000000000057e+01,0.000000000000000000e+00
1.540000000000000036e+01,0.000000000000000000e+00
1.541000000000000014e+01,0.000000000000000000e+00
1.541999999999999993e+01,0.000000000000000000e+00
1.542999999999999972e+01,0.000000000000000000e+00
1.543999999999999950e+01,0.000000000000000000e+00
1.545000000000000107e+01,0.000000000000000000e+00
1.546000000000000085e+01,0.000000000000000000e+00
1.547000000000000064e+01,0.000000000000000000e+00
1.548000000000000043e+01,0.000000000000000000e+00
1.549000000000000021e+01,0.000000000000000000e+00
1.550000000000000000e+01,0.000000000000000000e+00
1.550999999999999979e+01,0.000000000000000000e+00
1.551999999999999957e+01,0.000000000000000000e+00
1.553000000000000114e+01,0.000000000000000000e+00
1.554000000000000092e+01,0.000000000000000000e+00
1.555000000000000071e+01,0.000000000000000000e+00
1.556000000000000050e+01,0.000000000000000000e+00
1.557000000000000028e+01,0.000000000000000000e+00
1.558000000000000007e+01,0.000000000000000000e+00
1.558999999999999986e+01,0.000000000000000000e+00
1.559999999999999964e+01,0.000000000000000000e+00
1.561000000000000121e+01,0.000000000000000000e+00
1.562000000000000099e+01,0.000000000000000000e+00
1.563000000000000078e+01,0.000000000000000000e+00
1.564000000000000057e+01,0.000000000000000000e+00
1.565000000000000036e+01,0.000000000000000000e+00
1.566000000000000014e+01,0.000000000000000000e+00
1.566999999999999993e+01,0.000000000000000000e+00
1.567999999999999972e+01,0.000000000000000000e+00
1.568999999999999950e+01,0.000000000000000000e+00
1.570000000000000107e+01,0.000000000000000000e+00
1.571000000000000085e+01,0.000000000000000000e+00
1.572000000000000064e+01,0.000000000000000000e+00
1.573000000000000043e+01,0.000000000000000000e+00
1.574000000000000021e+01,0.000000000000000000e+00
1.575000000000000000e+01,0.000000000000000000e+00
1.575999999999999979e+01,0.000000000000000000e+00
1.576999999999999957e+01,0.000000000000000000e+00
1.578000000000000114e+01,0.000000000000000000e+00
1.579000000000000092e+01,0.000000000000000000e+00
1.580000000000000071e+01,0.000000000000000000e+00
1.581000000000000050e+01,0.000000000000000000e+00
1.582000000000000028e+01,0.000000000000000000e+00
1.583000000000000007e+01,0.000000000000000000e+00
1.583999999999999986e+01,0.000000000000000000e+00
1.584999999999999964e+01,0.000000000000000000e+00
1.586000000000000121e+01,0.000000000000000000e+00
1.587000000000000099e+01,0.000000000000000000e+00
1.588000000000000078e+01,0.000000000000000000e+00
1.589000000000000057e+01,0.000000000000000000e+00
1.590000000000000036e+01,0.000000000000000000e+00
1.591000000000000014e+01,0.000000000000000000e+00
1.591999999999999993e+01,0.000000000000000000e+00
1.592999999999999972e+01,0.000000000000000000e+00
1.593999999999999950e+01,0.000000000000000000e+00
1.595000000000000107e+01,0.000000000000000000e+00
1.596000000000000085e+01,0.000000000000000000e+00
1.597000000000000064e+01,0.000000000000000000e+00
1.598000000000000043e+01,0.000000000000000000e+00
1.599000000000000021e+01,0.000000000000000000e+00
1.600000000000000000e+01,0.000000000000000000e+00
1.601000000000000156e+01,0.000000000000000000e+00
1.601999999999999957e+01,0.000000000000000000e+00
1.603000000000000114e+01,0.000000000000000000e+00
1.603999999999999915e+01,0.000000000000000000e+00
1.605000000000000071e+01,0.000000000000000000e+00
1.605999999999999872e+01,0.000000000000000000e+00
1.607000000000000028e+01,0.000000000000000000e+00
1.608000000000000185e+01,0.000000000000000000e+00
1.608999999999999986e+01,0.000000000000000000e+00
1.610000000000000142e+01,0.000000000000000000e+00
1.610999999999999943e+01,0.000000000000000000e+00
1.612000000000000099e+01,0.000000000000000000e+00
1.612999999999999901e+01,0.000000000000000000e+00
1.614000000000000057e+01,0.000000000000000000e+00
1.614999999999999858e+01,0.000000000000000000e+00
1.616000000000000014e+01,0.000000000000000000e+00
1.617000000000000171e+01,0.000000000000000000e+00
1.617999999999999972e+01,0.000000000000000000e+00
1.619000000000000128e+01,0.000000000000000000e+00
1.619999999999999929e+01,0.000000000000000000e+00
1.621000000000000085e+01,0.000000000000000000e+00
1.621999999999999886e+01,0.000000000000000000e+00
1.623000000000000043e+01,0.000000000000000000e+00
1.624000000000000199e+01,0.000000000000000000e+00
1.625000000000000000e+01,0.000000000000000000e+00
1.626000000000000156e+01,0.000000000000000000e+00
1.626999999999999957e+01,0.000000000000000000e+00
1.628000000000000114e+01,0.000000000000000000e+00
1.628999999999999915e+01,0.000000000000000000e+00
1.630000000000000071e+01,0.000000000000000000e+00
1.630999999999999872e+01,0.000000000000000000e+00
1.632000000000000028e+01,0.000000000000000000e+00
1.633000000000000185e+01,0.000000000000000000e+00
1.633999999999999986e+01,0.000000000000000000e+00
1.635000000000000142e+01,0.000000000000000000e+00
1.635999999999999943e+01,0.000000000000000000e+00
1.637000000000000099e+01,0.000000000000000000e+00
1.637999999999999901e+01,0.000000000000000000e+00
1.639000000000000057e+01,0.000000000000000000e+00
1.639999999999999858e+01,0.000000000000000000e+00
1.641000000000000014e+01,0.000000000000000000e+00
1.642000000000000171e+01,0.000000000000000000e+00
1.642999999999999972e+01,0.000000000000000000e+00
1.644000000000000128e+01,0.000000000000000000e+00
1.644999999999999929e+01,0.000000000000000000e+00
1.646000000000000085e+01,0.000000000000000000e+00
1.646999999999999886e+01,0.000000000000000000e+00
1.648000000000000043e+01,0.000000000000000000e+00
1.649000000000000199e+01,0.000000000000000000e+00
1.650000000000000000e+01,0.000000000000000000e+00
1.651000000000000156e+01,0.000000000000000000e+00
1.651999999999999957e+01,0.000000000000000000e+00
1.653000000000000114e+01,0.000000000000000000e+00
1.653999999999999915e+01,0.000000000000000000e+00
1.655000000000000071e+01,0.000000000000000000e+00
1.655999999999999872e+01,0.000000000000000000e+00
1.657000000000000028e+01,0.000000000000000000e+00
1.658000000000000185e+01,0.000000000000000000e+00
1.658999999999999986e+01,0.000000000000000000e+00
1.660000000000000142e+01,0.000000000000000000e+00
1.660999999999999943e+01,0.000000000000000000e+00
1.662000000000000099e+01,0.000000000000000000e+00
1.662999999999999901e+01,0.000000000000000000e+00
1.664000000000000057e+01,0.000000000000000000e+00
1.664999999999999858e+01,0.000000000000000000e+00
1.666000000000000014e+01,0.000000000000000000e+00
1.667000000000000171e+01,0.000000000000000000e+00
1.667999999999999972e+01,0.000000000000000000e+00
1.669000000000000128e+01,0.000000000000000000e+00
1.669999999999999929e+01,0.000000000000000000e+00
1.671000000000000085e+01,0.000000000000000000e+00
1.671999999999999886e+01,0.000000000000000000e+00
1.673000000000000043e+01,0.000000000000000000e+00
1.674000000000000199e+01,0.000000000000000000e+00
1.675000000000000000e+01,0.000000000000000000e+00
1.676000000000000156e+01,0.000000000000000000e+00
1.676999999999999957e+01,0.000000000000000000e+00
1.678000000000000114e+01,0.000000000000000000e+00
1.678999999999999915e+01,0.000000000000000000e+00
1.680000000000000071e+01,0.000000000000000000e+00
1.680999999999999872e+01,0.000000000000000000e+00
1.682000000000000028e+01,0.000000000000000000e+00
1.683000000000000185e+01,0.000000000000000000e+00
1.683999999999999986e+01,0.000000000000000000e+00
1.685000000000000142e+01,0.000000000000000000e+00
1.685999999999999943e+01,0.000000000000000000e+00
1.687000000000000099e+01,0.000000000000000000e+00
1.687999999999999901e+01,0.000000000000000000e+00
1.689000000000000057e+01,0.000000000000000000e+00
1.689999999999999858e+01,0.000000000000000000e+00
1.691000000000000014e+01,0.000000000000000000e+00
1.692000000000000171e+01,0.000000000000000000e+00
1.692999999999999972e+01,0.000000000000000000e+00
1.694000000000000128e+01,0.000000000000000000e+00
1.694999999999999929e+01,0.000000000000000000e+00
1.696000000000000085e+01,0.000000000000000000e+00
1.696999999999999886e+01,0.000000000000000000e+00
1.698000000000000043e+01,0.000000000000000000e+00
1.699000000000000199e+01,0.000000000000000000e+00
1.700000000000000000e+01,0.000000000000000000e+00
1.701000000000000156e+01,0.000000000000000000e+00
1.701999999999999957e+01,0.000000000000000000e+00
1.703000000000000114e+01,0.000000000000000000e+00
1.703999999999999915e+01,0.000000000000000000e+00
1.705000000000000071e+01,0.000000000000000000e+00
1.705999999999999872e+01,0.000000000000000000e+00
1.707000000000000028e+01,0.000000000000000000e+00
1.708000000000000185e+01,0.000000000000000000e+00
1.708999999999999986e+01,0.000000000000000000e+00
1.710000000000000142e+01,0.000000000000000000e+00
1.710999999999999943e+01,0.000000000000000000e+00
1.712000000000000099e+01,0.000000000000000000e+00
1.712999999999999901e+01,0.000000000000000000e+00
1.714000000000000057e+01,0.000000000000000000e+00
1.715000000000000213e+01,0.000000000000000000e+00
1.716000000000000014e+01,0.000000000000000000e+00
1.717000000000000171e+01,0.000000000000000000e+00
1.717999999999999972e+01,0.000000000000000000e+00
1.719000000000000128e+01,0.000000000000000000e+00
1.719999999999999929e+01,0.000000000000000000e+00
1.721000000000000085e+01,0.000000000000000000e+00
1.721999999999999886e+01,0.000000000000000000e+00
1.723000000000000043e+01,0.000000000000000000e+00
1.724000000000000199e+01,0.000000000000000000e+00
1.725000000000000000e+01,0.000000000000000000e+00
1.726000000000000156e+01,0.000000000000000000e+00
1.726999999999999957e+01,0.000000000000000000e+00
1.728000000000000114e+01,0.000000000000000000e+00
1.728999999999999915e+01,0.000000000000000000e+00
1.730000000000000071e+01,0.000000000000000000e+00
1.730999999999999872e+01,0.000000000000000000e+00
1.732000000000000028e+01,0.000000000000000000e+00
1.733000000000000185e+01,0.000000000000000000e+00
1.733999999999999986e+01,0.000000000000000000e+00
1.735000000000000142e+01,0.000000000000000000e+00
1.735999999999999943e+01,0.000000000000000000e+00
1.737000000000000099e+01,0.000000000000000000e+00
1.737999999999999901e+01,0.000000000000000000e+00
1.739000000000000057e+01,0.000000000000000000e+00
1.740000000000000213e+01,0.000000000000000000e+00
1.741000000000000014e+01,0.000000000000000000e+00
1.742000000000000171e+01,0.000000000000000000e+00
1.742999999999999972e+01,0.000000000000000000e+00
1.744000000000000128e+01,0.000000000000000000e+00
1.744999999999999929e+01,0.000000000000000000e+00
1.746000000000000085e+01,0.000000000000000000e+00
1.746999999999999886e+01,0.000000000000000000e+00
1.748000000000000043e+01,0.000000000000000000e+00
1.749000000000000199e+01,0.000000000000000000e+00
1.750000000000000000e+01,0.000000000000000000e+00
1.751000000000000156e+01,0.000000000000000000e+00
1.751999999999999957e+01,0.000000000000000000e+00
1.753000000000000114e+01,0.000000000000000000e+00
1.753999999999999915e+01,0.000000000000000000e+00
1.755000000000000071e+01,0.000000000000000000e+00
1.755999999999999872e+01,0.000000000000000000e+00
1.757000000000000028e+01,0.000000000000000000e+00
1.758000000000000185e+01,0.000000000000000000e+00
1.758999999999999986e+01,0.000000000000000000e+00
1.760000000000000142e+01,0.000000000000000000e+00
1.760999999999999943e+01,0.000000000000000000e+00
1.762000000000000099e+01,0.000000000000000000e+00
1.762999999999999901e+01,0.000000000000000000e+00
1.764000000000000057e+01,0.000000000000000000e+00
1.765000000000000213e+01,0.000000000000000000e+00
1.766000000000000014e+01,0.000000000000000000e+00
1.767000000000000171e+01,0.000000000000000000e+00
1.767999999999999972e+01,0.000000000000000000e+00
1.769000000000000128e+01,0.000000000000000000e+00
1.769999999999999929e+01,0.000000000000000000e+00
1.771000000000000085e+01,0.000000000000000000e+00
1.771999999999999886e+01,0.000000000000000000e+00
1.773000000000000043e+01,0.000000000000000000e+00
1.774000000000000199e+01,0.000000000000000000e+00
1.775000000000000000e+01,0.000000000000000000e+00
1.776000000000000156e+01,0.000000000000000000e+00
1.776999999999999957e+01,0.000000000000000000e+00
1.778000000000000114e+01,0.000000000000000000e+00
1.778999999999999915e+01,0.000000000000000000e+00
1.780000000000000071e+01,0.000000000000000000e+00
1.780999999999999872e+01,0.000000000000000000e+00
1.782000000000000028e+01,0.000000000000000000e+00
1.783000000000000185e+01,0.000000000000000000e+00
1.783999999999999986e+01,0.000000000000000000e+00
1.785000000000000142e+01,0.000000000000000000e+00
1.785999999999999943e+01,0.000000000000000000e+00
1.787000000000000099e+01,0.000000000000000000e+00
1.787999999999999901e+01,0.000000000000000000e+00
1.789000000000000057e+01,0.000000000000000000e+00
1.790000000000000213e+01,0.000000000000000000e+00
1.791000000000000014e+01,0.000000000000000000e+00
1.792000000000000171e+01,0.000000000000000000e+00
1.792999999999999972e+01,0.000000000000000000e+00
1.794000000000000128e+01,0.000000000000000000e+00
1.794999999999999929e+01,0.000000000000000000e+00
1.796000000000000085e+01,0.000000000000000000e+00
1.796999999999999886e+01,0.000000000000000000e+00
1.798000000000000043e+01,0.000000000000000000e+00
1.799000000000000199e+01,0.000000000000000000e+00
1.800000000000000000e+01,0.000000000000000000e+00
1.801000000000000156e+01,0.000000000000000000e+00
1.801999999999999957e+01,0.000000000000000000e+00
1.803000000000000114e+01,0.000000000000000000e+00
1.803999999999999915e+01,0.000000000000000000e+00
1.805000000000000071e+01,0.000000000000000000e+00
1.805999999999999872e+01,0.000000000000000000e+00
1.807000000000000028e+01,0.000000000000000000e+00
1.808000000000000185e+01,0.000000000000000000e+00
1.808999999999999986e+01,0.000000000000000000e+00
1.810000000000000142e+01,0.000000000000000000e+00
1.810999999999999943e+01,0.000000000000000000e+00
1.812000000000000099e+01,0.000000000000000000e+00
1.812999999999999901e+01,0.000000000000000000e+00
1.814000000000000057e+01,0.000000000000000000e+00
1.815000000000000213e+01,0.000000000000000000e+00
1.816000000000000014e+01,0.000000000000000000e+00
1.817000000000000171e+01,0.000000000000000000e+00
1.817999999999999972e+01,0.000000000000000000e+00
1.819000000000000128e+01,0.000000000000000000e+00
1.819999999999999929e+01,0.000000000000000000e+00
1.821000000000000085e+01,0.000000000000000000e+00
1.821999999999999886e+01,0.000000000000000000e+00
1.823000000000000043e+01,0.000000000000000000e+00
1.824000000000000199e+01,0.000000000000000000e+00
1.825000000000000000e+01,0.000000000000000000e+00
1.826000000000000156e+01,0.000000000000000000e+00
1.826999999999999957e+01,0.000000000000000000e+00
1.828000000000000114e+01,0.000000000000000000e+00
1.828999999999999915e+01,0.000000000000000000e+00
1.830000000000000071e+01,0.000000000000000000e+00
1.830999999999999872e+01,0.000000000000000000e+00
1.832000000000000028e+01,0.000000000000000000e+00
1.833000000000000185e+01,0.000000000000000000e+00
1.833999999999999986e+01,0.000000000000000000e+00
1.835000000000000142e+01,0.000000000000000000e+00
1.835999999999999943e+01,0.000000000000000000e+00
1.837000000000000099e+01,0.000000000000000000e+00
1.837999999999999901e+01,0.000000000000000000e+00
1.839000000000000057e+01,0.000000000000000000e+00
1.840000000000000213e+01,0.000000000000000000e+00
1.841000000000000014e+01,0.000000000000000000e+00
1.842000000000000171e+01,0.000000000000000000e+00
1.842999999999999972e+01,0.000000000000000000e+00
1.844000000000000128e+01,0.000000000000000000e+00
1.844999999999999929e+01,0.000000000000000000e+00
1.846000000000000085e+01,0.000000000000000000e+00
1.846999999999999886e+01,0.000000000000000000e+00
1.848000000000000043e+01,0.000000000000000000e+00
1.849000000000000199e+01,0.000000000000000000e+00
1.850000000000000000e+01,0.000000000000000000e+00
1.851000000000000156e+01,0.000000000000000000e+00
1.851999999999999957e+01,0.000000000000000000e+00
1.853000000000000114e+01,0.000000000000000000e+00
1.853999999999999915e+01,0.000000000000000000e+00
1.855000000000000071e+01,0.000000000000000000e+00
1.855999999999999872e+01,0.000000000000000000e+00
1.857000000000000028e+01,0.000000000000000000e+00
1.858000000000000185e+01,0.000000000000000000e+00
1.858999999999999986e+01,0.000000000000000000e+00
1.860000000000000142e+01,0.000000000000000000e+00
1.860999999999999943e+01,0.000000000000000000e+00
1.862000000000000099e+01,0.000000000000000000e+00
1.862999999999999901e+01,0.000000000000000000e+00
1.864000000000000057e+01,0.000000000000000000e+00
1.865000000000000213e+01,0.000000000000000000e+00
1.866000000000000014e+01,0.000000000000000000e+00
1.867000000000000171e+01,0.000000000000000000e+00
1.867999999999999972e+01,0.000000000000000000e+00
1.869000000000000128e+01,0.000000000000000000e+00
1.869999999999999929e+01,0.000000000000000000e+00
1.871000000000000085e+01,0.000000000000000000e+00
1.871999999999999886e+01,0.000000000000000000e+00
1.873000000000000043e+01,0.000000000000000000e+00
1.874000000000000199e+01,0.000000000000000000e+00
1.875000000000000000e+01,0.000000000000000000e+00
1.876000000000000156e+01,0.000000000000000000e+00
1.876999999999999957e+01,0.000000000000000000e+00
1.878000000000000114e+01,0.000000000000000000e+00
1.878999999999999915e+01,0.000000000000000000e+00
1.880000000000000071e+01,0.000000000000000000e+00
1.880999999999999872e+01,0.000000000000000000e+00
1.882000000000000028e+01,0.000000000000000000e+00
1.883000000000000185e+01,0.000000000000000000e+00
1.883999999999999986e+01,0.000000000000000000e+00
1.885000000000000142e+01,0.000000000000000000e+00
1.885999999999999943e+01,0.000000000000000000e+00
1.887000000000000099e+01,0.000000000000000000e+00
1.887999999999999901e+01,0.000000000000000000e+00
1.889000000000000057e+01,0.000000000000000000e+00
1.890000000000000213e+01,0.000000000000000000e+00
1.891000000000000014e+01,0.000000000000000000e+00
1.892000000000000171e+01,0.000000000000000000e+00
1.892999999999999972e+01,0.000000000000000000e+00
1.894000000000000128e+01,0.000000000000000000e+00
1.894999999999999929e+01,0.000000000000000000e+00
1.896000000000000085e+01,0.000000000000000000e+00
1.896999999999999886e+01,0.000000000000000000e+00
1.898000000000000043e+01,0.000000000000000000e+00
1.899000000000000199e+01,0.000000000000000000e+00
1.900000000000000000e+01,0.000000000000000000e+00
1.901000000000000156e+01,0.000000000000000000e+00
1.901999999999999957e+01,0.000000000000000000e+00
1.903000000000000114e+01,0.000000000000000000e+00
1.903999999999999915e+01,0.000000000000000000e+00
1.905000000000000071e+01,0.000000000000000000e+00
1.905999999999999872e+01,0.000000000000000000e+00
1.907000000000000028e+01,0.000000000000000000e+00
1.908000000000000185e+01,0.000000000000000000e+00
1.908999999999999986e+01,0.000000000000000000e+00
1.910000000000000142e+01,0.000000000000000000e+00
1.910999999999999943e+01,0.000000000000000000e+00
1.912000000000000099e+01,0.000000000000000000e+00
1.912999999999999901e+01,0.000000000000000000e+00
1.914000000000000057e+01,0.000000000000000000e+00
1.915000000000000213e+01,0.000000000000000000e+00
1.916000000000000014e+01,0.000000000000000000e+00
1.917000000000000171e+01,0.000000000000000000e+00
1.917999999999999972e+01,0.000000000000000000e+00
1.919000000000000128e+01,0.000000000000000000e+00
1.919999999999999929e+01,0.000000000000000000e+00
1.921000000000000085e+01,0.000000000000000000e+00
1.921999999999999886e+01,0.000000000000000000e+00
1.923000000000000043e+01,0.000000000000000000e+00
1.924000000000000199e+01,0.000000000000000000e+00
1.925000000000000000e+01,0.000000000000000000e+00
1.926000000000000156e+01,0.000000000000000000e+00
1.926999999999999957e+01,0.000000000000000000e+00
1.928000000000000114e+01,0.000000000000000000e+00
1.928999999999999915e+01,0.000000000000000000e+00
1.930000000000000071e+01,0.000000000000000000e+00
1.930999999999999872e+01,0.000000000000000000e+00
1.932000000000000028e+01,0.000000000000000000e+00
1.933000000000000185e+01,0.000000000000000000e+00
1.933999999999999986e+01,0.000000000000000000e+00
1.935000000000000142e+01,0.000000000000000000e+00
1.935999999999999943e+01,0.000000000000000000e+00
1.937000000000000099e+01,0.000000000000000000e+00
1.937999999999999901e+01,0.000000000000000000e+00
1.939000000000000057e+01,0.000000000000000000e+00
1.940000000000000213e+01,0.000000000000000000e+00
1.941000000000000014e+01,0.000000000000000000e+00
1.942000000000000171e+01,0.000000000000000000e+00
1.942999999999999972e+01,0.000000000000000000e+00
1.944000000000000128e+01,0.000000000000000000e+00
1.944999999999999929e+01,0.000000000000000000e+00
1.946000000000000085e+01,0.000000000000000000e+00
1.946999999999999886e+01,0.000000000000000000e+00
1.948000000000000043e+01,0.000000000000000000e+00
1.949000000000000199e+01,0.000000000000000000e+00
1.950000000000000000e+01,0.000000000000000000e+00
1.951000000000000156e+01,0.000000000000000000e+00
1.951999999999999957e+01,0.000000000000000000e+00
1.953000000000000114e+01,0.000000000000000000e+00
1.953999999999999915e+01,0.000000000000000000e+00
1.955000000000000071e+01,0.000000000000000000e+00
1.955999999999999872e+01,0.000000000000000000e+00
1.957000000000000028e+01,0.000000000000000000e+00
1.958000000000000185e+01,0.000000000000000000e+00
1.958999999999999986e+01,0.000000000000000000e+00
1.960000000000000142e+01,0.000000000000000000e+00
1.960999999999999943e+01,0.000000000000000000e+00
1.962000000000000099e+01,0.000000000000000000e+00
1.962999999999999901e+01,0.000000000000000000e+00
1.964000000000000057e+01,0.000000000000000000e+00
1.965000000000000213e+01,0.000000000000000000e+00
1.966000000000000014e+01,0.000000000000000000e+00
1.967000000000000171e+01,0.000000000000000000e+00
1.967999999999999972e+01,0.000000000000000000e+00
1.969000000000000128e+01,0.000000000000000000e+00
1.969999999999999929e+01,0.000000000000000000e+00
1.971000000000000085e+01,0.000000000000000000e+00
1.971999999999999886e+01,0.000000000000000000e+00
1.973000000000000043e+01,0.000000000000000000e+00
1.974000000000000199e+01,0.000000000000000000e+00
1.975000000000000000e+01,0.000000000000000000e+00
1.976000000000000156e+01,0.000000000000000000e+00
1.976999999999999957e+01,0.000000000000000000e+00
1.978000000000000114e+01,0.000000000000000000e+00
1.978999999999999915e+01,0.000000000000000000e+00
1.980000000000000071e+01,0.000000000000000000e+00
1.980999999999999872e+01,0.000000000000000000e+00
1.982000000000000028e+01,0.000000000000000000e+00
1.983000000000000185e+01,0.000000000000000000e+00
1.983999999999999986e+01,0.000000000000000000e+00
1.985000000000000142e+01,0.000000000000000000e+00
1.985999999999999943e+01,0.000000000000000000e+00
1.987000000000000099e+01,0.000000000000000000e+00
1.987999999999999901e+01,0.000000000000000000e+00
1.989000000000000057e+01,0.000000000000000000e+00
1.990000000000000213e+01,0.000000000000000000e+00
1.991000000000000014e+01,0.000000000000000000e+00
1.992000000000000171e+01,0.000000000000000000e+00
1.992999999999999972e+01,0.000000000000000000e+00
1.994000000000000128e+01,0.000000000000000000e+00
1.994999999999999929e+01,0.000000000000000000e+00
1.996000000000000085e+01,0.000000000000000000e+00
1.996999999999999886e+01,0.000000000000000000e+00
1.998000000000000043e+01,0.000000000000000000e+00
1.999000000000000199e+01,0.000000000000000000e+00
2.000000000000000000e+01,0.000000000000000000e+00
2.001000000000000156e+01,0.000000000000000000e+00
2.001999999999999957e+01,0.000000000000000000e+00
2.003000000000000114e+01,0.000000000000000000e+00
2.003999999999999915e+01,0.000000000000000000e+00
2.005000000000000071e+01,0.000000000000000000e+00
2.005999999999999872e+01,0.000000000000000000e+00
2.007000000000000028e+01,0.000000000000000000e+00
2.008000000000000185e+01,0.000000000000000000e+00
2.008999999999999986e+01,0.000000000000000000e+00
2.010000000000000142e+01,0.000000000000000000e+00
2.010999999999999943e+01,0.000000000000000000e+00
2.012000000000000099e+01,0.000000000000000000e+00
2.012999999999999901e+01,0.000000000000000000e+00
2.014000000000000057e+01,0.000000000000000000e+00
2.015000000000000213e+01,0.000000000000000000e+00
2.016000000000000014e+01,0.000000000000000000e+00
2.017000000000000171e+01,0.000000000000000000e+00
2.017999999999999972e+01,0.000000000000000000e+00
2.019000000000000128e+01,0.000000000000000000e+00
2.019999999999999929e+01,0.000000000000000000e+00
2.021000000000000085e+01,0.000000000000000000e+00
2.021999999999999886e+01,0.000000000000000000e+00
2.023000000000000043e+01,0.000000000000000000e+00
2.024000000000000199e+01,0.000000000000000000e+00
2.025000000000000000e+01,0.000000000000000000e+00
2.026000000000000156e+01,0.000000000000000000e+00
2.026999999999999957e+01,0.000000000000000000e+00
2.028000000000000114e+01,0.000000000000000000e+00
2.028999999999999915e+01,0.000000000000000000e+00
2.030000000000000071e+01,0.000000000000000000e+00
2.030999999999999872e+01,0.000000000000000000e+00
2.032000000000000028e+01,0.000000000000000000e+00
2.033000000000000185e+01,0.000000000000000000e+00
2.033999999999999986e+01,0.000000000000000000e+00
2.035000000000000142e+01,0.000000000000000000e+00
2.035999999999999943e+01,0.000000000000000000e+00
2.037000000000000099e+01,0.000000000000000000e+00
2.037999999999999901e+01,0.000000000000000000e+00
2.039000000000000057e+01,0.000000000000000000e+00
2.040000000000000213e+01,0.000000000000000000e+00
2.041000000000000014e+01,0.000000000000000000e+00
2.042000000000000171e+01,0.000000000000000000e+00
2.042999999999999972e+01,0.000000000000000000e+00
2.044000000000000128e+01,0.000000000000000000e+00
2.044999999999999929e+01,0.000000000000000000e+00
2.046000000000000085e+01,0.000000000000000000e+00
2.046999999999999886e+01,0.000000000000000000e+00
2.048000000000000043e+01,0.000000000000000000e+00
2.049000000000000199e+01,0.000000000000000000e+00
2.050000000000000000e+01,0.000000000000000000e+00
2.051000000000000156e+01,0.000000000000000000e+00
2.051999999999999957e+01,0.000000000000000000e+00
2.053000000000000114e+01,0.000000000000000000e+00
2.053999999999999915e+01,0.000000000000000000e+00
2.055000000000000071e+01,0.000000000000000000e+00
2.055999999999999872e+01,0.000000000000000000e+00
2.057000000000000028e+01,0.000000000000000000e+00
2.058000000000000185e+01,0.000000000000000000e+00
2.058999999999999986e+01,0.000000000000000000e+00
2.060000000000000142e+01,0.000000000000000000e+00
2.060999999999999943e+01,0.000000000000000000e+00
2.062000000000000099e+01,0.000000000000000000e+00
2.062999999999999901e+01,0.000000000000000000e+00
2.064000000000000057e+01,0.000000000000000000e+00
2.065000000000000213e+01,0.000000000000000000e+00
2.066000000000000014e+01,0.000000000000000000e+00
2.067000000000000171e+01,0.000000000000000000e+00
2.067999999999999972e+01,0.000000000000000000e+00
2.069000000000000128e+01,0.000000000000000000e+00
2.069999999999999929e+01,0.000000000000000000e+00
2.071000000000000085e+01,0.000000000000000000e+00
2.071999999999999886e+01,0.000000000000000000e+00
2.073000000000000043e+01,0.000000000000000000e+00
2.074000000000000199e+01,0.000000000000000000e+00
2.075000000000000000e+01,0.000000000000000000e+00
2.076000000000000156e+01,0.000000000000000000e+00
2.076999999999999957e+01,0.000000000000000000e+00
2.078000000000000114e+01,0.000000000000000000e+00
2.078999999999999915e+01,0.000000000000000000e+00
2.080000000000000071e+01,0.000000000000000000e+00
2.080999999999999872e+01,0.000000000000000000e+00
2.082000000000000028e+01,0.000000000000000000e+00
2.083000000000000185e+01,0.000000000000000000e+00
2.083999999999999986e+01,0.000000000000000000e+00
2.085000000000000142e+01,0.000000000000000000e+00
2.085999999999999943e+01,0.000000000000000000e+00
2.087000000000000099e+01,0.000000000000000000e+00
2.087999999999999901e+01,0.000000000000000000e+00
2.089000000000000057e+01,0.000000000000000000e+00
2.090000000000000213e+01,0.000000000000000000e+00
2.091000000000000014e+01,0.000000000000000000e+00
2.092000000000000171e+01,0.000000000000000000e+00
2.092999999999999972e+01,0.000000000000000000e+00
2.094000000000000128e+01,0.000000000000000000e+00
2.094999999999999929e+01,0.000000000000000000e+00
2.096000000000000085e+01,0.000000000000000000e+00
2.096999999999999886e+01,0.000000000000000000e+00
2.098000000000000043e+01,0.000000000000000000e+00
2.099000000000000199e+01,0.000000000000000000e+00
2.100000000000000000e+01,0.000000000000000000e+00
2.101000000000000156e+01,0.000000000000000000e+00
2.101999999999999957e+01,0.000000000000000000e+00
2.103000000000000114e+01,0.000000000000000000e+00
2.103999999999999915e+01,0.000000000000000000e+00
2.105000000000000071e+01,0.000000000000000000e+00
2.105999999999999872e+01,0.000000000000000000e+00
2.107000000000000028e+01,0.000000000000000000e+00
2.108000000000000185e+01,0.000000000000000000e+00
2.108999999999999986e+01,0.000000000000000000e+00
2.110000000000000142e+01,0.000000000000000000e+00
2.110999999999999943e+01,0.000000000000000000e+00
2.112000000000000099e+01,0.000000000000000000e+00
2.112999999999999901e+01,0.000000000000000000e+00
2.114000000000000057e+01,0.000000000000000000e+00
2.115000000000000213e+01,0.000000000000000000e+00
2.116000000000000014e+01,0.000000000000000000e+00
2.117000000000000171e+01,0.000000000000000000e+00
2.117999999999999972e+01,0.000000000000000000e+00
2.119000000000000128e+01,0.000000000000000000e+00
2.119999999999999929e+01,0.000000000000000000e+00
2.121000000000000085e+01,0.000000000000000000e+00
2.121999999999999886e+01,0.000000000000000000e+00
2.123000000000000043e+01,0.000000000000000000e+00
2.124000000000000199e+01,0.000000000000000000e+00
2.125000000000000000e+01,0.000000000000000000e+00
2.126000000000000156e+01,0.000000000000000000e+00
2.126999999999999957e+01,0.000000000000000000e+00
2.128000000000000114e+01,0.000000000000000000e+00
2.128999999999999915e+01,0.000000000000000000e+00
2.130000000000000071e+01,0.000000000000000000e+00
2.130999999999999872e+01,0.000000000000000000e+00
2.132000000000000028e+01,0.000000000000000000e+00
2.133000000000000185e+01,0.000000000000000000e+00
2.133999999999999986e+01,0.000000000000000000e+00
2.135000000000000142e+01,0.000000000000000000e+00
2.135999999999999943e+01,0.000000000000000000e+00
2.137000000000000099e+01,0.000000000000000000e+00
2.137999999999999901e+01,0.000000000000000000e+00
2.139000000000000057e+01,0.000000000000000000e+00
2.140000000000000213e+01,0.000000000000000000e+00
2.141000000000000014e+01,0.000000000000000000e+00
2.142000000000000171e+01,0.000000000000000000e+00
2.142999999999999972e+01,0.000000000000000000e+00
2.144000000000000128e+01,0.000000000000000000e+00
2.144999999999999929e+01,0.000000000000000000e+00
2.146000000000000085e+01,0.000000000000000000e+00
2.146999999999999886e+01,0.000000000000000000e+00
2.148000000000000043e+01,0.000000000000000000e+00
2.149000000000000199e+01,0.000000000000000000e+00
2.150000000000000000e+01,0.000000000000000000e+00
2.151000000000000156e+01,0.000000000000000000e+00
2.151999999999999957e+01,0.000000000000000000e+00
2.153000000000000114e+01,0.000000000000000000e+00
2.153999999999999915e+01,0.000000000000000000e+00
2.155000000000000071e+01,0.000000000000000000e+00
2.155999999999999872e+01,0.000000000000000000e+00
2.157000000000000028e+01,0.000000000000000000e+00
2.158000000000000185e+01,0.000000000000000000e+00
2.158999999999999986e+01,0.000000000000000000e+00
2.160000000000000142e+01,0.000000000000000000e+00
2.160999999999999943e+01,0.000000000000000000e+00
2.162000000000000099e+01,0.000000000000000000e+00
2.162999999999999901e+01,0.000000000000000000e+00
2.164000000000000057e+01,0.000000000000000000e+00
2.165000000000000213e+01,0.000000000000000000e+00
2.166000000000000014e+01,0.000000000000000000e+00
2.167000000000000171e+01,0.000000000000000000e+00
2.167999999999999972e+01,0.000000000000000000e+00
2.169000000000000128e+01,0.000000000000000000e+00
2.169999999999999929e+01,0.000000000000000000e+00
2.171000000000000085e+01,0.000000000000000000e+00
2.171999999999999886e+01,0.000000000000000000e+00
2.173000000000000043e+01,0.000000000000000000e+00
2.174000000000000199e+01,0.000000000000000000e+00
2.175000000000000000e+01,0.000000000000000000e+00
2.176000000000000156e+01,0.000000000000000000e+00
2.176999999999999957e+01,0.000000000000000000e+00
2.178000000000000114e+01,0.000000000000000000e+00
2.178999999999999915e+01,0.000000000000000000e+00
2.180000000000000071e+01,0.000000000000000000e+00
2.180999999999999872e+01,0.000000000000000000e+00
2.182000000000000028e+01,0.000000000000000000e+00
2.183000000000000185e+01,0.000000000000000000e+00
2.183999999999999986e+01,0.000000000000000000e+00
2.185000000000000142e+01,0.000000000000000000e+00
2.185999999999999943e+01,0.000000000000000000e+00
2.187000000000000099e+01,0.000000000000000000e+00
2.187999999999999901e+01,0.000000000000000000e+00
2.189000000000000057e+01,0.000000000000000000e+00
2.190000000000000213e+01,0.000000000000000000e+00
2.191000000000000014e+01,0.000000000000000000e+00
2.192000000000000171e+01,0.000000000000000000e+00
2.192999999999999972e+01,0.000000000000000000e+00
2.194000000000000128e+01,0.000000000000000000e+00
2.194999999999999929e+01,0.000000000000000000e+00
2.196000000000000085e+01,0.000000000000000000e+00
2.196999999999999886e+01,0.000000000000000000e+00
2.198000000000000043e+01,0.000000000000000000e+00
2.199000000000000199e+01,0.000000000000000000e+00
2.200000000000000000e+01,0.000000000000000000e+00
2.201000000000000156e+01,0.000000000000000000e+00
2.201999999999999957e+01,0.000000000000000000e+00
2.203000000000000114e+01,0.000000000000000000e+00
2.203999999999999915e+01,0.000000000000000000e+00
2.205000000000000071e+01,0.000000000000000000e+00
2.205999999999999872e+01,0.000000000000000000e+00
2.207000000000000028e+01,0.000000000000000000e+00
2.208000000000000185e+01,0.000000000000000000e+00
2.208999999999999986e+01,0.000000000000000000e+00
2.210000000000000142e+01,0.000000000000000000e+00
2.210999999999999943e+01,0.000000000000000000e+00
2.212000000000000099e+01,0.000000000000000000e+00
2.212999999999999901e+01,0.000000000000000000e+00
2.214000000000000057e+01,0.000000000000000000e+00
2.215000000000000213e+01,0.000000000000000000e+00
2.216000000000000014e+01,0.000000000000000000e+00
2.217000000000000171e+01,0.000000000000000000e+00
2.217999999999999972e+01,0.000000000000000000e+00
2.219000000000000128e+01,0.000000000000000000e+00
2.219999999999999929e+01,0.000000000000000000e+00
2.221000000000000085e+01,0.000000000000000000e+00
2.221999999999999886e+01,0.000000000000000000e+00
2.223000000000000043e+01,0.000000000000000000e+00
2.224000000000000199e+01,0.000000000000000000e+00
2.225000000000000000e+01,0.000000000000000000e+00
2.226000000000000156e+01,0.000000000000000000e+00
2.226999999999999957e+01,0.000000000000000000e+00
2.228000000000000114e+01,0.000000000000000000e+00
2.228999999999999915e+01,0.000000000000000000e+00
2.230000000000000071e+01,0.000000000000000000e+00
2.230999999999999872e+01,1.269416041830840669e+00
2.232000000000000028e+01,1.866973619251809380e+00
2.233000000000000185e+01,2.249182300471060714e+00
2.233999999999999986e+01,1.938708875986752789e+00
2.235000000000000142e+01,1.914140774167310877e+00
2.235999999999999943e+01,1.940575860497181448e+00
2.237000000000000099e+01,1.982468088406327045e+00
2.237999999999999901e+01,2.027318101765855030e+00
2.239000000000000057e+01,2.072309768484967840e+00
2.240000000000000213e+01,7.102201309553261233e+00
2.241000000000000014e+01,1.015201486600045300e+01
2.242000000000000171e+01,1.196999660648102193e+01
2.242999999999999972e+01,1.333022413749918833e+01
2.244000000000000128e+01,1.450044982453863440e+01
2.244999999999999929e+01,1.561371370155290528e+01
2.246000000000000085e+01,1.830186096352631608e+01
2.246999999999999886e+01,2.127537213477264544e+01
2.248000000000000043e+01,2.394765814297729278e+01
2.249000000000000199e+01,2.602297041896384044e+01
2.250000000000000000e+01,2.790744387139342919e+01
2.251000000000000156e+01,2.972448694111610479e+01
2.251999999999999957e+01,3.114559881732193602e+01
2.253000000000000114e+01,3.207411864757139597e+01
2.253999999999999915e+01,3.285538234946838543e+01
2.255000000000000071e+01,3.358283425907688269e+01
2.255999999999999872e+01,3.423575243721023753e+01
2.257000000000000028e+01,3.480152429259591429e+01
2.258000000000000185e+01,3.542527941072702191e+01
2.258999999999999986e+01,3.590809191454629712e+01
2.260000000000000142e+01,3.631571190033904628e+01
2.260999999999999943e+01,3.682802712408729207e+01
2.262000000000000099e+01,3.716003038626853794e+01
2.262999999999999901e+01,3.741135761125833881e+01
2.264000000000000057e+01,3.683384778088180411e+01
2.265000000000000213e+01,4.210740456884943939e+01
2.266000000000000014e+01,4.330048576599679677e+01
2.267000000000000171e+01,4.334971492941883042e+01
2.267999999999999972e+01,4.410686237806776688e+01
2.269000000000000128e+01,4.436344201262078712e+01
2.269999999999999929e+01,4.480917219114551386e+01
2.271000000000000085e+01,4.530023602526741655e+01
2.271999999999999886e+01,4.570599224514940317e+01
2.273000000000000043e+01,4.595660742049649627e+01
2.274000000000000199e+01,4.613969273336431343e+01
2.275000000000000000e+01,4.630188959344364719e+01
2.276000000000000156e+01,4.644610930344483535e+01
2.276999999999999957e+01,4.657573282314411500e+01
2.278000000000000114e+01,4.669320580936829401e+01
2.278999999999999915e+01,4.680020571641932747e+01
2.280000000000000071e+01,4.689796362096298310e+01
2.280999999999999872e+01,4.698726094808424847e+01
2.282000000000000028e+01,4.706891551388423522e+01
2.283000000000000185e+01,4.714365774890215022e+01
2.283999999999999986e+01,4.721231741124780967e+01
2.285000000000000142e+01,4.727489808352584788e+01
2.285999999999999943e+01,5.261634786881778325e+01
2.287000000000000099e+01,5.342166650637750536e+01
2.287999999999999901e+01,5.363223317923476685e+01
2.289000000000000057e+01,5.368396609846288925e+01
2.290000000000000213e+01,5.376603748359086410e+01
2.291000000000000014e+01,5.378539128037245831e+01
2.292000000000000171e+01,5.380643700804917984e+01
2.292999999999999972e+01,5.382823904150469474e+01
2.294000000000000128e+01,5.384894286537534214e+01
2.294999999999999929e+01,5.386799693579013848e+01
2.296000000000000085e+01,5.388516500134880260e+01
2.296999999999999886e+01,5.390076000211115570e+01
2.298000000000000043e+01,5.391517541888061515e+01
2.299000000000000199e+01,5.392839235143818399e+01
2.300000000000000000e+01,5.394049670059811774e+01
2.301000000000000156e+01,5.395159651098580156e+01
2.301999999999999957e+01,5.479628564620325193e+01
2.303000000000000114e+01,5.462713445193581663e+01
2.303999999999999915e+01,5.448097264803716655e+01
2.305000000000000071e+01,5.409763756143424018e+01
2.305999999999999872e+01,5.371827349542802921e+01
2.307000000000000028e+01,5.344354660764608411e+01
2.308000000000000185e+01,5.339071778031191684e+01
2.308999999999999986e+01,5.324096826404413463e+01
2.310000000000000142e+01,5.318138908683164345e+01
2.310999999999999943e+01,5.318097198444966267e+01
2.312000000000000099e+01,5.328358480838312516e+01
2.312999999999999901e+01,5.337735133633831452e+01
2.314000000000000057e+01,5.351491306082414212e+01
2.315000000000000213e+01,5.358349023526625388e+01
2.316000000000000014e+01,5.371759229179805573e+01
2.317000000000000171e+01,5.379165240196131492e+01
2.317999999999999972e+01,5.390961226021335762e+01
2.319000000000000128e+01,5.399819055442771543e+01
2.319999999999999929e+01,5.410664044386336968e+01
2.321000000000000085e+01,5.422111759352390692e+01
2.321999999999999886e+01,5.435210258584796605e+01
2.323000000000000043e+01,5.450165006365484999e+01
2.324000000000000199e+01,5.418921068875349079e+01
2.325000000000000000e+01,5.431295030839743276e+01
2.326000000000000156e+01,5.443458914461447051e+01
2.326999999999999957e+01,5.457293001110303976e+01
2.328000000000000114e+01,5.472146592273536214e+01
2.328999999999999915e+01,5.486720438580724135e+01
2.330000000000000071e+01,5.501272614960573293e+01
2.330999999999999872e+01,5.515670415609989163e+01
2.332000000000000028e+01,5.156749124213958169e+01
2.333000000000000185e+01,5.281075001725163531e+01
2.333999999999999986e+01,5.339324019041104208e+01
2.335000000000000142e+01,5.338350776882067095e+01
2.335999999999999943e+01,5.320262915243704782e+01
2.337000000000000099e+01,5.277210916052115408e+01
2.337999999999999901e+01,5.301034633644579230e+01
2.339000000000000057e+01,5.315667666023103521e+01
2.340000000000000213e+01,5.357623875489532850e+01
2.341000000000000014e+01,5.365380755687488090e+01
2.342000000000000171e+01,5.463616263668510697e+01
2.342999999999999972e+01,5.478806849694157677e+01
2.344000000000000128e+01,5.483774832873555738e+01
2.344999999999999929e+01,5.531550884470310336e+01
2.346000000000000085e+01,5.555958355238367830e+01
2.346999999999999886e+01,5.568158580696344728e+01
2.348000000000000043e+01,5.537951102854820107e+01
2.349000000000000199e+01,5.626410753405459531e+01
2.350000000000000000e+01,5.635384938445206160e+01
2.351000000000000156e+01,5.652410288668919947e+01
2.351999999999999957e+01,5.673579391408745209e+01
2.353000000000000114e+01,5.690833419369121060e+01
2.353999999999999915e+01,5.700136430611255633e+01
2.355000000000000071e+01,5.702237057830534894e+01
2.355999999999999872e+01,5.702930587099942272e+01
2.357000000000000028e+01,5.705825772606210222e+01
2.358000000000000185e+01,5.705824495788306905e+01
2.358999999999999986e+01,5.715833162603477291e+01
2.360000000000000142e+01,5.686408926257286822e+01
2.360999999999999943e+01,5.694105470222329757e+01
2.362000000000000099e+01,5.694174488587413663e+01
2.362999999999999901e+01,5.694252838905785552e+01
2.364000000000000057e+01,5.695846330237316835e+01
2.365000000000000213e+01,5.698245862589894273e+01
2.366000000000000014e+01,5.657914711438648681e+01
2.367000000000000171e+01,5.633637454013377521e+01
2.367999999999999972e+01,5.643682552402827213e+01
2.369000000000000128e+01,5.648977760455640862e+01
2.369999999999999929e+01,5.650514650104229730e+01
2.371000000000000085e+01,5.650016526776113324e+01
2.371999999999999886e+01,5.648733226858606571e+01
2.373000000000000043e+01,5.635890685465065530e+01
2.374000000000000199e+01,5.637373884521659306e+01
2.375000000000000000e+01,5.631877229985897060e+01
2.376000000000000156e+01,5.623676771935478769e+01
2.376999999999999957e+01,5.613291887356299270e+01
2.378000000000000114e+01,5.603048309434414875e+01
2.378999999999999915e+01,5.542533283156502222e+01
2.380000000000000071e+01,6.491666225591447414e+01
2.380999999999999872e+01,6.214360358243909133e+01
2.382000000000000028e+01,6.407655821074449420e+01
2.383000000000000185e+01,6.207889220244616268e+01
2.383999999999999986e+01,5.998125196147948657e+01
2.385000000000000142e+01,5.917257630208700903e+01
2.385999999999999943e+01,5.895732766370545619e+01
2.387000000000000099e+01,5.898576264298210958e+01
2.387999999999999901e+01,5.897754322446974840e+01
2.389000000000000057e+01,5.893184629895799986e+01
2.390000000000000213e+01,5.885989689423203686e+01
2.391000000000000014e+01,5.877474900408984126e+01
2.392000000000000171e+01,5.868223728205018119e+01
2.392999999999999972e+01,5.858437497467670596e+01
2.394000000000000128e+01,5.848265083755997296e+01
2.394999999999999929e+01,5.855626541826732989e+01
2.396000000000000085e+01,5.854843611377094703e+01
2.396999999999999886e+01,5.846460832547829511e+01
2.398000000000000043e+01,5.835275272897791865e+01
2.399000000000000199e+01,5.823322914754611901e+01
2.400000000000000000e+01,5.811097154223237737e+01
2.401000000000000156e+01,5.798347804346607148e+01
2.401999999999999957e+01,5.785546557137267598e+01
2.403000000000000114e+01,5.773028343201169577e+01
2.403999999999999915e+01,5.761038870918933696e+01
2.405000000000000071e+01,5.749737569528915060e+01
2.406000000000000227e+01,5.739213366479136624e+01
2.407000000000000028e+01,5.729503568850909545e+01
2.408000000000000185e+01,5.720610289424934081e+01
2.408999999999999986e+01,5.712512889257875059e+01
2.410000000000000142e+01,5.705176919463516327e+01
2.410999999999999943e+01,5.698560339100566097e+01
2.412000000000000099e+01,5.692602542739255966e+01
2.412999999999999901e+01,5.687131587655460407e+01
2.414000000000000057e+01,5.682274150791747047e+01
2.415000000000000213e+01,5.677990578519955989e+01
2.416000000000000014e+01,5.674215917270007026e+01
2.417000000000000171e+01,5.670728017711839897e+01
2.417999999999999972e+01,5.667194176188039023e+01
2.419000000000000128e+01,5.664731171315816027e+01
2.419999999999999929e+01,5.662593091930222755e+01
2.421000000000000085e+01,5.660725175976219958e+01
2.421999999999999886e+01,5.659152267580719098e+01
2.423000000000000043e+01,5.657873141314045995e+01
2.424000000000000199e+01,5.656874162525578242e+01
2.425000000000000000e+01,5.656139146150559327e+01
2.426000000000000156e+01,5.655652035427502256e+01
2.426999999999999957e+01,5.655402408577133144e+01
2.428000000000000114e+01,5.655372118096343570e+01
2.428999999999999915e+01,5.655740166621045262e+01
2.430000000000000071e+01,5.656151720530325377e+01
2.431000000000000227e+01,5.656704045097044542e+01
2.432000000000000028e+01,5.657432154346184916e+01
2.433000000000000185e+01,5.658331302183012212e+01
2.433999999999999986e+01,5.659389096121036999e+01
2.435000000000000142e+01,5.660588060116710807e+01
2.435999999999999943e+01,5.661915314510287089e+01
2.437000000000000099e+01,5.663637088111823203e+01
2.437999999999999901e+01,5.666450510196788315e+01
2.439000000000000057e+01,5.669425154815063195e+01
2.440000000000000213e+01,5.672294598421797929e+01
2.441000000000000014e+01,5.714164184372656763e+01
2.442000000000000171e+01,5.637556803319569809e+01
2.442999999999999972e+01,5.594342828854136940e+01
2.444000000000000128e+01,5.586099645854719142e+01
2.444999999999999929e+01,5.582279691559753587e+01
2.446000000000000085e+01,5.576400853751741238e+01
2.446999999999999886e+01,5.568975118731666640e+01
2.448000000000000043e+01,5.561516835899826106e+01
2.449000000000000199e+01,5.554766893318700482e+01
2.450000000000000000e+01,5.548858272632114819e+01
2.451000000000000156e+01,5.543669960928197327e+01
2.451999999999999957e+01,5.539103192951015586e+01
2.453000000000000114e+01,5.535138965240482634e+01
2.453999999999999915e+01,5.531721173415325410e+01
2.455000000000000071e+01,5.528768851463193812e+01
2.456000000000000227e+01,5.526339553966383278e+01
2.457000000000000028e+01,5.524250800059709832e+01
2.458000000000000185e+01,5.522201757201567318e+01
2.458999999999999986e+01,5.520138717166950215e+01
2.460000000000000142e+01,5.518634142391444186e+01
2.460999999999999943e+01,5.537255433217607958e+01
2.462000000000000099e+01,5.532096536638098172e+01
2.462999999999999901e+01,5.523362836871847747e+01
2.464000000000000057e+01,5.549873308365926761e+01
2.465000000000000213e+01,5.540430330757666866e+01
2.466000000000000014e+01,5.533239833805529173e+01
2.467000000000000171e+01,5.538006796887328420e+01
2.467999999999999972e+01,5.520457980313012314e+01
2.469000000000000128e+01,5.513864242958356954e+01
2.469999999999999929e+01,5.512067626414376775e+01
2.471000000000000085e+01,5.510901041051890559e+01
2.471999999999999886e+01,5.509490719403343917e+01
2.473000000000000043e+01,5.507943946422989256e+01
2.474000000000000199e+01,5.506420824984528650e+01
2.475000000000000000e+01,5.505564650305193908e+01
2.476000000000000156e+01,5.505668712310697543e+01
2.476999999999999957e+01,5.506185583090758229e+01
2.478000000000000114e+01,5.506676899439665362e+01
2.478999999999999915e+01,5.505562122178181284e+01
2.480000000000000071e+01,5.503666049189601495e+01
2.481000000000000227e+01,5.500964316511375785e+01
2.482000000000000028e+01,5.497721050609462168e+01
2.483000000000000185e+01,5.494072535280550085e+01
2.483999999999999986e+01,5.491357444759557893e+01
2.485000000000000142e+01,5.489716923730072295e+01
2.485999999999999943e+01,5.489648162845453072e+01
2.487000000000000099e+01,5.489428959745257686e+01
2.487999999999999901e+01,5.445848773754069327e+01
2.489000000000000057e+01,5.521501871313274279e+01
2.490000000000000213e+01,5.501078724912208173e+01
2.491000000000000014e+01,5.484774089728724533e+01
2.492000000000000171e+01,5.683718392551733700e+01
2.492999999999999972e+01,5.534324107994579123e+01
2.494000000000000128e+01,5.426514079814132430e+01
2.494999999999999929e+01,5.393045197476303088e+01
2.496000000000000085e+01,5.385190148158071111e+01
2.496999999999999886e+01,5.387614898582603473e+01
2.498000000000000043e+01,5.394097616362401482e+01
2.499000000000000199e+01,5.402058693807522616e+01
2.500000000000000000e+01,5.410163639605642061e+01
2.501000000000000156e+01,5.417897123658971026e+01
2.501999999999999957e+01,5.426150900900418605e+01
2.503000000000000114e+01,5.433732006021718064e+01
2.503999999999999915e+01,5.439037670451614304e+01
2.505000000000000071e+01,5.441524409405088392e+01
2.506000000000000227e+01,5.444323822020535886e+01
2.507000000000000028e+01,5.446487491699871697e+01
2.508000000000000185e+01,5.448010275907060418e+01
2.508999999999999986e+01,5.449011079967172577e+01
2.510000000000000142e+01,5.449585089365813673e+01
2.510999999999999943e+01,5.449829616823723200e+01
2.512000000000000099e+01,5.449831247446527271e+01
2.512999999999999901e+01,5.449661635531032289e+01
2.514000000000000057e+01,5.449375690425812735e+01
2.515000000000000213e+01,5.449012073379071808e+01
2.516000000000000014e+01,5.448599847649401795e+01
2.517000000000000171e+01,5.448162946160479692e+01
2.517999999999999972e+01,5.447715847426253788e+01
2.519000000000000128e+01,5.447272649804175870e+01
2.519999999999999929e+01,5.446777514023624178e+01
2.521000000000000085e+01,5.446281169415468071e+01
2.521999999999999886e+01,5.445807758103876495e+01
2.523000000000000043e+01,5.445353672149481383e+01
2.524000000000000199e+01,5.444913820269316318e+01
2.525000000000000000e+01,5.444485170045891209e+01
2.526000000000000156e+01,5.444065930738211279e+01
2.526999999999999957e+01,5.443654960626073347e+01
2.528000000000000114e+01,5.443251461845048311e+01
2.528999999999999915e+01,5.442854283656746617e+01
2.530000000000000071e+01,5.442462771857987036e+01
2.531000000000000227e+01,5.442077328783970103e+01
2.532000000000000028e+01,5.441697447459002035e+01
2.533000000000000185e+01,5.441322992613737597e+01
2.533999999999999986e+01,5.440953890242295188e+01
2.535000000000000142e+01,5.440590062596270826e+01
2.535999999999999943e+01,5.440244084821006254e+01
2.537000000000000099e+01,5.439911721407554523e+01
2.537999999999999901e+01,5.439582551071822536e+01
2.539000000000000057e+01,5.439254807494454269e+01
2.540000000000000213e+01,5.438929771861466378e+01
2.541000000000000014e+01,5.438609425631108962e+01
2.542000000000000171e+01,5.438293960114025083e+01
2.542999999999999972e+01,5.437983458699977035e+01
2.544000000000000128e+01,5.437677955197573709e+01
2.544999999999999929e+01,5.437377350237182583e+01
2.546000000000000085e+01,5.437081433208561521e+01
2.546999999999999886e+01,5.436790026903663886e+01
2.548000000000000043e+01,5.436502988357372601e+01
2.549000000000000199e+01,5.436220198079687549e+01
2.550000000000000000e+01,5.435938554544153334e+01
2.551000000000000156e+01,5.435656465298422546e+01
2.551999999999999957e+01,5.435334226683711023e+01
2.553000000000000114e+01,5.434972681412685347e+01
2.553999999999999915e+01,5.434652483147146995e+01
2.555000000000000071e+01,5.434373994161860111e+01
2.556000000000000227e+01,5.434123191638281725e+01
2.557000000000000028e+01,5.433888812192017781e+01
2.558000000000000185e+01,5.433659249821963755e+01
2.558999999999999986e+01,5.433684648351029978e+01
2.560000000000000142e+01,5.433516499365550345e+01
2.560999999999999943e+01,5.433265158425219710e+01
2.562000000000000099e+01,5.445833947365459693e+01
2.562999999999999901e+01,5.420495113627882233e+01
2.564000000000000057e+01,5.383992173481445320e+01
2.565000000000000213e+01,5.355180362546452955e+01
2.566000000000000014e+01,5.337514120051344690e+01
2.567000000000000171e+01,5.320071857681610794e+01
2.567999999999999972e+01,5.316623634322438363e+01
2.569000000000000128e+01,5.320413452759369477e+01
2.569999999999999929e+01,5.327647081868187939e+01
2.571000000000000085e+01,5.339523537727574620e+01
2.571999999999999886e+01,5.362374755962375161e+01
2.573000000000000043e+01,5.381793771379502545e+01
2.574000000000000199e+01,5.397908106768304748e+01
2.575000000000000000e+01,5.414203780228800156e+01
2.576000000000000156e+01,5.430728069970686533e+01
2.576999999999999957e+01,5.447109330123004156e+01
2.578000000000000114e+01,5.463462066893899305e+01
2.578999999999999915e+01,5.479783117416795335e+01
2.580000000000000071e+01,5.497078083516580449e+01
2.581000000000000227e+01,5.514514676259301496e+01
2.582000000000000028e+01,5.531615551175291046e+01
2.583000000000000185e+01,5.548318921852860086e+01
2.583999999999999986e+01,5.549692530131448365e+01
2.585000000000000142e+01,5.521887488590940052e+01
2.585999999999999943e+01,5.504614013831102426e+01
2.587000000000000099e+01,5.491923449194230500e+01
2.587999999999999901e+01,5.479290692537248475e+01
2.589000000000000057e+01,4.977739651677678978e+01
2.590000000000000213e+01,5.205543606169835158e+01
2.591000000000000014e+01,5.382998845892282702e+01
2.592000000000000171e+01,5.413955602350857532e+01
2.592999999999999972e+01,5.411930396335301197e+01
2.594000000000000128e+01,5.405912401663339040e+01
2.594999999999999929e+01,5.402154365570280703e+01
2.596000000000000085e+01,5.400751891383482928e+01
2.596999999999999886e+01,5.400827841518403716e+01
2.598000000000000043e+01,5.401574428668175187e+01
2.599000000000000199e+01,5.401878432274610731e+01
2.600000000000000000e+01,5.403222498158868348e+01
2.601000000000000156e+01,5.405123115742252793e+01
2.601999999999999957e+01,5.413462601331222146e+01
2.603000000000000114e+01,5.414602876348883598e+01
2.603999999999999915e+01,5.415805179571553651e+01
2.605000000000000071e+01,5.417045003239620371e+01
2.606000000000000227e+01,5.418319196616757694e+01
2.607000000000000028e+01,5.419660769219920837e+01
2.608000000000000185e+01,5.421087981716448212e+01
2.608999999999999986e+01,5.422605344407214290e+01
2.610000000000000142e+01,5.423938391983595864e+01
2.610999999999999943e+01,5.424486956534752835e+01
2.612000000000000099e+01,5.423588375952766683e+01
2.612999999999999901e+01,5.422239004427829201e+01
2.614000000000000057e+01,5.420729620865559895e+01
2.615000000000000213e+01,5.419296153914655889e+01
2.616000000000000014e+01,5.453252723381672240e+01
2.617000000000000171e+01,5.445030880000462759e+01
2.617999999999999972e+01,5.422740000106132641e+01
2.619000000000000128e+01,5.408810056993003457e+01
2.619999999999999929e+01,5.400133016281920817e+01
2.621000000000000085e+01,5.396881960379544552e+01
2.621999999999999886e+01,5.396928463111131435e+01
2.623000000000000043e+01,5.398782293078526351e+01
2.624000000000000199e+01,5.401212419203959314e+01
2.625000000000000000e+01,5.404085077539826187e+01
2.626000000000000156e+01,5.407620605922741674e+01
2.626999999999999957e+01,5.411229034029415885e+01
2.628000000000000114e+01,5.411724576932389397e+01
2.628999999999999915e+01,5.413140496300186300e+01
2.630000000000000071e+01,5.414921715435976068e+01
2.631000000000000227e+01,5.416599681033761726e+01
2.632000000000000028e+01,5.418354333670664147e+01
2.633000000000000185e+01,5.420170710820354998e+01
2.633999999999999986e+01,5.422033120539659024e+01
2.635000000000000142e+01,5.423964640332824416e+01
2.635999999999999943e+01,5.425942584021747450e+01
2.637000000000000099e+01,5.427616826398615757e+01
2.637999999999999901e+01,5.428093672570126671e+01
2.639000000000000057e+01,5.426679091389768672e+01
2.640000000000000213e+01,5.424755706315519177e+01
2.641000000000000014e+01,5.421924743967522176e+01
2.642000000000000171e+01,5.419675736279817357e+01
2.642999999999999972e+01,5.454656550082947319e+01
2.644000000000000128e+01,5.437031835844950223e+01
2.644999999999999929e+01,5.408461101682235039e+01
2.646000000000000085e+01,5.390966339078372016e+01
2.646999999999999886e+01,5.380415709860609752e+01
2.648000000000000043e+01,5.376428172048229470e+01
2.649000000000000199e+01,5.376722224147331985e+01
2.650000000000000000e+01,5.379281320532881949e+01
2.651000000000000156e+01,5.383232358432240972e+01
2.651999999999999957e+01,5.387802140441223742e+01
2.653000000000000114e+01,5.392665788590267084e+01
2.653999999999999915e+01,5.397954742218953328e+01
2.655000000000000071e+01,5.403509480639844043e+01
2.656000000000000227e+01,5.408527599878006242e+01
2.657000000000000028e+01,5.412934351069998939e+01
2.658000000000000185e+01,5.417937780405787862e+01
2.658999999999999986e+01,5.423141857272219113e+01
2.660000000000000142e+01,5.428651295107265895e+01
2.660999999999999943e+01,5.433998891690166033e+01
2.662000000000000099e+01,5.439469974047278100e+01
2.662999999999999901e+01,5.445059893468921075e+01
2.664000000000000057e+01,5.450846437214846674e+01
2.665000000000000213e+01,5.451672112934828363e+01
2.666000000000000014e+01,5.446345027700808572e+01
2.667000000000000171e+01,5.440348201098809255e+01
2.667999999999999972e+01,5.434755367197684706e+01
2.669000000000000128e+01,5.430326981967257893e+01
2.669999999999999929e+01,5.487926966613591162e+01
2.671000000000000085e+01,5.464464547452381282e+01
2.671999999999999886e+01,5.444634303844372170e+01
2.673000000000000043e+01,5.432228699649466819e+01
2.674000000000000199e+01,5.427733983097997594e+01
2.675000000000000000e+01,5.426249471984196049e+01
2.676000000000000156e+01,5.427087972905757596e+01
2.676999999999999957e+01,5.428717066680673753e+01
2.678000000000000114e+01,5.430259246676648388e+01
2.678999999999999915e+01,5.431135381956345753e+01
2.680000000000000071e+01,5.431584645805038747e+01
2.681000000000000227e+01,5.431165174060101464e+01
2.682000000000000028e+01,5.429747213283754803e+01
2.683000000000000185e+01,5.427577433254529637e+01
2.683999999999999986e+01,5.424990239512484180e+01
2.685000000000000142e+01,5.421988935436260704e+01
2.685999999999999943e+01,5.418631209624602718e+01
2.687000000000000099e+01,5.414974921461685398e+01
2.687999999999999901e+01,5.411039187468147560e+01
2.689000000000000057e+01,5.406704962453515861e+01
2.690000000000000213e+01,5.403107291905254783e+01
2.691000000000000014e+01,5.398140172099934375e+01
2.692000000000000171e+01,5.398225652454178913e+01
2.692999999999999972e+01,5.400305764812658538e+01
2.694000000000000128e+01,5.401137462673737843e+01
2.694999999999999929e+01,5.400779896657384427e+01
2.696000000000000085e+01,5.400440661166022949e+01
2.696999999999999886e+01,5.435041168526652200e+01
2.698000000000000043e+01,5.453049505663692287e+01
2.699000000000000199e+01,5.444897660417214524e+01
2.700000000000000000e+01,5.433234435539858254e+01
2.701000000000000156e+01,5.429081047343132838e+01
2.701999999999999957e+01,5.428146186884341517e+01
2.703000000000000114e+01,5.428802628218006276e+01
2.703999999999999915e+01,5.429799408106721614e+01
2.705000000000000071e+01,5.430423987249821494e+01
2.706000000000000227e+01,5.430195728172875391e+01
2.707000000000000028e+01,5.429114389727214984e+01
2.708000000000000185e+01,5.427164954641910555e+01
2.708999999999999986e+01,5.424235570330999678e+01
2.710000000000000142e+01,5.420311607413407984e+01
2.710999999999999943e+01,5.415959490649597541e+01
2.712000000000000099e+01,5.411294398082938528e+01
2.712999999999999901e+01,5.406289480496261035e+01
2.714000000000000057e+01,5.401008237593965333e+01
2.715000000000000213e+01,5.395493895091660619e+01
2.716000000000000014e+01,5.389789817680190964e+01
2.717000000000000171e+01,5.383926928666708989e+01
2.717999999999999972e+01,5.380010490851029203e+01
2.719000000000000128e+01,5.378789629708238351e+01
2.719999999999999929e+01,5.382614545774620041e+01
2.721000000000000085e+01,5.387236751146268432e+01
2.721999999999999886e+01,5.390867650844452186e+01
2.723000000000000043e+01,5.393609978985490017e+01
2.724000000000000199e+01,5.407644334461770086e+01
2.725000000000000000e+01,5.432897208553742985e+01
2.726000000000000156e+01,5.418846472384305457e+01
2.726999999999999957e+01,5.401556324485299854e+01
2.728000000000000114e+01,5.393130466341975193e+01
2.728999999999999915e+01,5.389490136572654677e+01
2.730000000000000071e+01,5.391019940836738300e+01
2.731000000000000227e+01,5.393003197259776726e+01
2.732000000000000028e+01,5.395487875187648541e+01
2.733000000000000185e+01,5.398363764166597889e+01
2.733999999999999986e+01,5.401042161791500718e+01
2.735000000000000142e+01,5.403371988612222765e+01
2.735999999999999943e+01,5.405389906916580145e+01
2.737000000000000099e+01,5.407122274102943038e+01
2.737999999999999901e+01,5.408643803383550619e+01
2.739000000000000057e+01,5.410023899419460491e+01
2.740000000000000213e+01,5.411285968867341722e+01
2.741000000000000014e+01,5.412467054735896710e+01
2.742000000000000171e+01,5.413582355140537317e+01
2.742999999999999972e+01,5.415294565898742007e+01
2.744000000000000128e+01,5.416539474369928797e+01
2.744999999999999929e+01,5.416279711830475918e+01
2.746000000000000085e+01,5.417426860200421146e+01
2.746999999999999886e+01,5.416258004722790531e+01
2.748000000000000043e+01,5.413798284984198261e+01
2.749000000000000199e+01,5.411527975259638623e+01
2.750000000000000000e+01,5.409680432173929887e+01
2.751000000000000156e+01,5.452673194771077902e+01
2.751999999999999957e+01,5.450211130108475999e+01
2.753000000000000114e+01,5.429587816219436291e+01
2.753999999999999915e+01,5.420299735194230806e+01
2.755000000000000071e+01,5.414288111874959242e+01
2.756000000000000227e+01,5.412301056890439810e+01
2.757000000000000028e+01,5.412617123879361714e+01
2.758000000000000185e+01,5.413567826569002506e+01
2.758999999999999986e+01,5.414503686947567473e+01
2.760000000000000142e+01,5.415613455674218102e+01
2.760999999999999943e+01,5.416550519240191619e+01
2.762000000000000099e+01,5.415309281147558806e+01
2.762999999999999901e+01,5.412447286774698796e+01
2.764000000000000057e+01,5.410281105285945813e+01
2.765000000000000213e+01,5.407608512541543888e+01
2.766000000000000014e+01,5.404616030386853254e+01
2.767000000000000171e+01,5.401432835918464548e+01
2.767999999999999972e+01,5.398145409339275602e+01
2.769000000000000128e+01,5.394814374579205207e+01
2.769999999999999929e+01,5.391460422235002170e+01
2.771000000000000085e+01,5.388109298351594845e+01
2.771999999999999886e+01,5.386827577976752224e+01
2.773000000000000043e+01,5.385786795607575783e+01
2.774000000000000199e+01,5.387689137599546285e+01
2.775000000000000000e+01,5.389697696550457096e+01
2.776000000000000156e+01,5.390159039601017810e+01
2.776999999999999957e+01,5.391217500157311804e+01
2.778000000000000114e+01,5.419826811733497607e+01
2.778999999999999915e+01,5.433731136131599726e+01
2.780000000000000071e+01,5.419185557614111559e+01
2.781000000000000227e+01,5.407197362827525922e+01
2.782000000000000028e+01,5.400693014324728125e+01
2.783000000000000185e+01,5.398778401376561931e+01
2.783999999999999986e+01,5.399470872614597994e+01
2.785000000000000142e+01,5.400839701302080442e+01
2.785999999999999943e+01,5.402284399992958441e+01
2.787000000000000099e+01,5.404799094960176120e+01
2.787999999999999901e+01,5.406608781140633369e+01
2.789000000000000057e+01,5.408178655743214591e+01
2.790000000000000213e+01,5.408858654984802428e+01
2.791000000000000014e+01,5.407333440365523103e+01
2.792000000000000171e+01,5.406065071747237738e+01
2.792999999999999972e+01,5.405300875766334912e+01
2.794000000000000128e+01,5.404535261636561927e+01
2.794999999999999929e+01,5.403764098264824867e+01
2.796000000000000085e+01,5.402989481599903598e+01
2.796999999999999886e+01,5.402249002568463965e+01
2.798000000000000043e+01,5.401581925680027041e+01
2.799000000000000199e+01,5.401337930322939229e+01
2.800000000000000000e+01,5.401400032962659736e+01
2.801000000000000156e+01,5.401706554307387620e+01
2.801999999999999957e+01,5.401898920803537152e+01
2.803000000000000114e+01,5.401516901492099976e+01
2.803999999999999915e+01,5.401654068771023276e+01
2.805000000000000071e+01,5.428031085566856007e+01
2.806000000000000227e+01,5.420228591988674793e+01
2.807000000000000028e+01,5.392620391710339334e+01
2.808000000000000185e+01,5.374871476373641599e+01
2.808999999999999986e+01,5.364832613469864242e+01
2.810000000000000142e+01,5.360893387270899524e+01
2.810999999999999943e+01,5.361497678961247715e+01
2.812000000000000099e+01,5.364551899668062873e+01
2.812999999999999901e+01,5.369231040836181990e+01
2.814000000000000057e+01,5.374644468979825973e+01
2.815000000000000213e+01,5.380431819197559662e+01
2.816000000000000014e+01,5.386390610622854069e+01
2.817000000000000171e+01,5.392490579729454225e+01
2.817999999999999972e+01,5.398631286472758006e+01
2.819000000000000128e+01,5.404758956428468508e+01
2.819999999999999929e+01,5.410910719019027937e+01
2.821000000000000085e+01,5.417126918268770197e+01
2.821999999999999886e+01,5.423399174080626040e+01
2.823000000000000043e+01,5.429734336633134717e+01
2.824000000000000199e+01,5.436124051371337629e+01
2.825000000000000000e+01,5.442956638733827646e+01
2.826000000000000156e+01,5.448757482766784932e+01
2.826999999999999957e+01,5.450438055343224164e+01
2.828000000000000114e+01,5.444955254070617201e+01
2.828999999999999915e+01,5.437402965531166643e+01
2.830000000000000071e+01,5.430683050632455888e+01
2.831000000000000227e+01,5.425267714330940549e+01
2.832000000000000028e+01,5.486414948914877954e+01
2.833000000000000185e+01,5.452750804021641073e+01
2.833999999999999986e+01,5.426957137343855209e+01
2.835000000000000142e+01,5.412137112832927244e+01
2.835999999999999943e+01,5.405170382050998512e+01
2.837000000000000099e+01,5.403011226290390567e+01
2.837999999999999901e+01,5.403554938299699018e+01
2.839000000000000057e+01,5.405349673555216583e+01
2.840000000000000213e+01,5.407492011602825954e+01
2.841000000000000014e+01,5.409148023933970961e+01
2.842000000000000171e+01,5.410525459477605636e+01
2.842999999999999972e+01,5.413389893097865269e+01
2.844000000000000128e+01,5.414619269585739403e+01
2.844999999999999929e+01,5.414923620392585235e+01
2.846000000000000085e+01,5.414795494166422429e+01
2.846999999999999886e+01,5.414279423296892446e+01
2.848000000000000043e+01,5.413509602637429197e+01
2.849000000000000199e+01,5.412452580528522361e+01
2.850000000000000000e+01,5.411136825261488781e+01
2.851000000000000156e+01,5.409569408596428985e+01
2.851999999999999957e+01,5.409433183972988957e+01
2.853000000000000114e+01,5.405712867202333882e+01
2.853999999999999915e+01,5.406018697028319053e+01
2.855000000000000071e+01,5.406409359463312114e+01
2.856000000000000227e+01,5.406097290103984676e+01
2.857000000000000028e+01,5.406075853681664967e+01
2.858000000000000185e+01,5.405395026400106673e+01
2.858999999999999986e+01,5.438367745659360963e+01
2.860000000000000142e+01,5.436582856962870380e+01
2.860999999999999943e+01,5.414063910585174000e+01
2.862000000000000099e+01,5.397603329052038390e+01
2.862999999999999901e+01,5.388087281660811101e+01
2.864000000000000057e+01,5.384261928682153098e+01
2.865000000000000213e+01,5.383846949936207693e+01
2.866000000000000014e+01,5.385208031424432562e+01
2.867000000000000171e+01,5.376413414842051708e+01
2.867999999999999972e+01,5.380520454426840615e+01
2.869000000000000128e+01,5.383102879986902423e+01
2.869999999999999929e+01,5.384982698483399588e+01
2.871000000000000085e+01,5.386490690796750869e+01
2.871999999999999886e+01,5.387307543077235295e+01
2.873000000000000043e+01,5.396293442934479145e+01
2.874000000000000199e+01,5.396467488530965539e+01
2.875000000000000000e+01,5.396933057706882408e+01
2.876000000000000156e+01,5.397456891441727578e+01
2.876999999999999957e+01,5.397989656633450295e+01
2.878000000000000114e+01,5.398535606954474986e+01
2.878999999999999915e+01,5.399172803768752971e+01
2.880000000000000071e+01,5.400154185856145972e+01
2.881000000000000227e+01,5.400964938409011751e+01
2.882000000000000028e+01,5.400577557329756928e+01
2.883000000000000185e+01,5.400039936723299405e+01
2.883999999999999986e+01,5.398353207181185809e+01
2.885000000000000142e+01,5.397422762880135849e+01
2.885999999999999943e+01,5.447440103880395412e+01
2.887000000000000099e+01,5.457487277966026795e+01
2.887999999999999901e+01,5.452860797504060031e+01
2.889000000000000057e+01,5.449407715548203868e+01
2.890000000000000213e+01,5.448996953650414810e+01
2.891000000000000014e+01,5.450340226037011604e+01
2.892000000000000171e+01,5.451997976198430251e+01
2.892999999999999972e+01,5.452940499671260710e+01
2.894000000000000128e+01,5.452653458510042839e+01
2.894999999999999929e+01,5.450476383923646750e+01
2.896000000000000085e+01,5.446819921896460670e+01
2.896999999999999886e+01,5.442580185250449887e+01
2.898000000000000043e+01,5.437100068212699711e+01
2.899000000000000199e+01,5.429212365294181808e+01
2.900000000000000000e+01,5.420082284770427350e+01
2.901000000000000156e+01,5.411030424251563886e+01
2.901999999999999957e+01,5.401681992167829094e+01
2.903000000000000114e+01,5.391855818021209501e+01
2.903999999999999915e+01,5.381674893207264176e+01
2.905000000000000071e+01,5.371216461059144365e+01
2.906000000000000227e+01,5.360542940465014539e+01
2.907000000000000028e+01,5.351128917677732488e+01
2.908000000000000185e+01,5.350016904632587966e+01
2.908999999999999986e+01,5.357471100805394570e+01
2.910000000000000142e+01,5.364415921434974166e+01
2.910999999999999943e+01,5.368637633217232263e+01
2.912000000000000099e+01,5.372275659491475608e+01
2.912999999999999901e+01,5.382132482063399692e+01
2.914000000000000057e+01,5.413435804217196790e+01
2.915000000000000213e+01,5.395027783690211010e+01
2.916000000000000014e+01,5.380477381732616493e+01
2.917000000000000171e+01,5.370972953487921586e+01
2.917999999999999972e+01,5.367884282585802680e+01
2.919000000000000128e+01,5.368895509916425368e+01
2.919999999999999929e+01,5.371983721280661683e+01
2.921000000000000085e+01,5.376058919021100024e+01
2.921999999999999886e+01,5.380336814743057516e+01
2.923000000000000043e+01,5.384866279166924841e+01
2.924000000000000199e+01,5.389625751308354040e+01
2.925000000000000000e+01,5.393869771455795359e+01
2.926000000000000156e+01,5.397527749339624847e+01
2.926999999999999957e+01,5.400455354368280325e+01
2.928000000000000114e+01,5.404059585683324940e+01
2.928999999999999915e+01,5.407596842470709930e+01
2.930000000000000071e+01,5.411161743536438706e+01
2.931000000000000227e+01,5.414740780104110485e+01
2.932000000000000028e+01,5.418359719275030528e+01
2.933000000000000185e+01,5.422031519771771713e+01
2.933999999999999986e+01,5.425896971377173372e+01
2.935000000000000142e+01,5.426613192450336953e+01
2.935999999999999943e+01,5.422830726921879574e+01
2.937000000000000099e+01,5.418174011359383258e+01
2.937999999999999901e+01,5.413804539407695415e+01
2.939000000000000057e+01,5.410538946199344679e+01
2.940000000000000213e+01,5.467453034811361334e+01
2.941000000000000014e+01,5.444767792008084939e+01
2.942000000000000171e+01,5.423099864006986337e+01
2.942999999999999972e+01,5.412846534023830003e+01
2.944000000000000128e+01,5.407076438430026144e+01
2.944999999999999929e+01,5.405955478567040728e+01
2.946000000000000085e+01,5.406916750817519102e+01
2.946999999999999886e+01,5.408818592854122898e+01
2.948000000000000043e+01,5.410782508272814084e+01
2.949000000000000199e+01,5.412196398030524591e+01
2.950000000000000000e+01,5.413281940237274625e+01
2.951000000000000156e+01,5.413727629287671306e+01
2.951999999999999957e+01,5.413407618492863094e+01
2.953000000000000114e+01,5.412267160917540565e+01
2.953999999999999915e+01,5.410657978129713541e+01
2.955000000000000071e+01,5.408684402875991992e+01
2.956000000000000227e+01,5.406487955351306596e+01
2.957000000000000028e+01,5.403839241517894720e+01
2.958000000000000185e+01,5.401064242023834083e+01
2.958999999999999986e+01,5.398406882789784333e+01
2.960000000000000142e+01,5.395573577364343976e+01
2.960999999999999943e+01,5.393508359902762805e+01
2.962000000000000099e+01,5.393190658769198365e+01
2.962999999999999901e+01,5.394699818581258199e+01
2.964000000000000057e+01,5.395209180228939516e+01
2.965000000000000213e+01,5.394716923430166844e+01
2.966000000000000014e+01,5.394521150065211401e+01
2.967000000000000171e+01,5.428981687486272278e+01
2.967999999999999972e+01,5.433446883028166496e+01
2.969000000000000128e+01,5.413172800424952413e+01
2.969999999999999929e+01,5.400768103047688840e+01
2.971000000000000085e+01,5.393241967836697626e+01
2.971999999999999886e+01,5.391029262522602750e+01
2.973000000000000043e+01,5.390342170432260360e+01
2.974000000000000199e+01,5.392948545756330248e+01
2.975000000000000000e+01,5.395538585569923384e+01
2.976000000000000156e+01,5.397665955053661690e+01
2.976999999999999957e+01,5.399786365023311419e+01
2.978000000000000114e+01,5.401324007511701097e+01
2.978999999999999915e+01,5.401746998281085865e+01
2.980000000000000071e+01,5.400821487682236466e+01
2.981000000000000227e+01,5.400453525267603538e+01
2.982000000000000028e+01,5.399932206819890723e+01
2.983000000000000185e+01,5.399321128934457192e+01
2.983999999999999986e+01,5.398727205637423765e+01
2.985000000000000142e+01,5.398159262613169318e+01
2.985999999999999943e+01,5.397650661963390917e+01
2.987000000000000099e+01,5.397149784508587089e+01
2.987999999999999901e+01,5.397529127077789468e+01
2.989000000000000057e+01,5.398150767849146803e+01
2.990000000000000213e+01,5.397668322163923449e+01
2.991000000000000014e+01,5.397381986183716407e+01
2.992000000000000171e+01,5.396779187401352118e+01
2.992999999999999972e+01,5.396575523740988700e+01
2.994000000000000128e+01,5.434891607706118322e+01
2.994999999999999929e+01,5.430691225015669232e+01
2.996000000000000085e+01,5.410771499350443747e+01
2.996999999999999886e+01,5.394663102062265381e+01
2.998000000000000043e+01,5.388136047477644297e+01
2.999000000000000199e+01,5.386370551727305411e+01
3.000000000000000000e+01,5.387443054549033405e+01
3.001000000000000156e+01,5.390068258637725762e+01
3.001999999999999957e+01,5.393363442186938528e+01
3.003000000000000114e+01,5.396820583769881097e+01
3.003999999999999915e+01,5.400343750970245793e+01
3.005000000000000071e+01,5.403205992650818246e+01
3.006000000000000227e+01,5.405360168272761712e+01
3.007000000000000028e+01,5.407277041566952391e+01
3.008000000000000185e+01,5.408906700854063132e+01
3.008999999999999986e+01,5.410257019246201793e+01
3.010000000000000142e+01,5.411409964717611132e+01
3.010999999999999943e+01,5.412392274628521704e+01
3.012000000000000099e+01,5.413211717096768183e+01
3.012999999999999901e+01,5.413875777355707442e+01
3.014000000000000057e+01,5.415093408310141854e+01
3.015000000000000213e+01,5.414912275050588164e+01
3.016000000000000014e+01,5.415459110841524648e+01
3.017000000000000171e+01,5.414050489169810021e+01
3.017999999999999972e+01,5.412403408593915088e+01
3.019000000000000128e+01,5.410280508106141895e+01
3.019999999999999929e+01,5.408016778571979444e+01
3.021000000000000085e+01,5.446931291493711313e+01
3.021999999999999886e+01,5.427610116701803378e+01
3.023000000000000043e+01,5.398039817926710526e+01
3.024000000000000199e+01,5.375062020184525835e+01
3.025000000000000000e+01,5.364450827878190609e+01
3.026000000000000156e+01,5.360167686135364562e+01
3.026999999999999957e+01,5.360565865208005931e+01
3.028000000000000114e+01,5.363398169100695867e+01
3.028999999999999915e+01,5.367789229348652214e+01
3.030000000000000071e+01,5.373552208227410176e+01
3.031000000000000227e+01,5.378881238623673511e+01
3.032000000000000028e+01,5.383500153603225158e+01
3.033000000000000185e+01,5.388042945282225560e+01
3.033999999999999986e+01,5.392820253070740222e+01
3.035000000000000142e+01,5.397486750480552331e+01
3.035999999999999943e+01,5.402056543533418420e+01
3.037000000000000099e+01,5.406605612253355986e+01
3.037999999999999901e+01,5.411143686249769758e+01
3.039000000000000057e+01,5.415695479183480643e+01
3.040000000000000213e+01,5.420262231600445091e+01
3.041000000000000014e+01,5.424741833791188128e+01
3.042000000000000171e+01,5.429198242252183348e+01
3.042999999999999972e+01,5.430386400017902560e+01
3.044000000000000128e+01,5.426193654329534155e+01
3.044999999999999929e+01,5.420736420005516010e+01
3.046000000000000085e+01,5.414780200676823085e+01
3.046999999999999886e+01,5.410083220565066142e+01
3.048000000000000043e+01,5.498520148197498969e+01
3.049000000000000199e+01,5.506102034956533231e+01
3.050000000000000000e+01,5.517164066538237677e+01
3.051000000000000156e+01,5.527733375896436030e+01
3.051999999999999957e+01,5.536966372035499973e+01
3.053000000000000114e+01,5.543102553680377298e+01
3.053999999999999915e+01,5.544741095716448598e+01
3.055000000000000071e+01,5.535243375925200837e+01
3.056000000000000227e+01,5.524595924453861784e+01
3.057000000000000028e+01,5.514228803289088177e+01
3.058000000000000185e+01,5.500425322030847042e+01
3.058999999999999986e+01,5.480912982133492051e+01
3.060000000000000142e+01,5.460128088735928031e+01
3.060999999999999943e+01,5.437979279324204640e+01
3.062000000000000099e+01,5.413972529036232118e+01
3.062999999999999901e+01,5.406345730013889295e+01
3.064000000000000057e+01,5.412838842486822699e+01
3.065000000000000213e+01,5.403548357842297634e+01
3.066000000000000014e+01,5.378001268980492000e+01
3.067000000000000171e+01,5.346392164403692959e+01
3.067999999999999972e+01,5.316784724195316869e+01
3.069000000000000128e+01,5.291740602375865166e+01
3.069999999999999929e+01,5.288657701323512583e+01
3.071000000000000085e+01,5.306413279194750743e+01
3.071999999999999886e+01,5.326846009771301027e+01
3.073000000000000043e+01,5.342851807412228737e+01
3.074000000000000199e+01,5.357740257318711485e+01
3.075000000000000000e+01,5.091197140051553305e+01
3.076000000000000156e+01,5.244595891052615144e+01
3.076999999999999957e+01,5.305863525044721740e+01
3.078000000000000114e+01,5.440916339022331272e+01
3.078999999999999915e+01,5.426668211865607816e+01
3.080000000000000071e+01,5.408026576405845276e+01
3.081000000000000227e+01,5.396516998053319014e+01
3.082000000000000028e+01,5.391679303601193141e+01
3.083000000000000185e+01,5.391325337845474053e+01
3.083999999999999986e+01,5.393194024671191755e+01
3.085000000000000142e+01,5.396003634220486589e+01
3.085999999999999943e+01,5.399090586460327756e+01
3.087000000000000099e+01,5.401924146346375721e+01
3.087999999999999901e+01,5.404538378125750597e+01
3.089000000000000057e+01,5.406959502729375799e+01
3.090000000000000213e+01,5.533463745090322305e+01
3.091000000000000014e+01,5.477296286671727898e+01
3.092000000000000171e+01,5.511249007428354219e+01
3.092999999999999972e+01,5.529673954871173436e+01
3.094000000000000128e+01,5.526783639851610985e+01
3.094999999999999929e+01,5.517814540384119937e+01
3.096000000000000085e+01,5.508574037562257786e+01
3.097000000000000242e+01,5.499717522172147000e+01
3.098000000000000043e+01,5.492177599135406041e+01
3.099000000000000199e+01,5.485870356470022813e+01
3.100000000000000000e+01,5.482390008306576590e+01
3.101000000000000156e+01,5.477547298807365905e+01
3.101999999999999957e+01,5.188757945872886523e+01
3.103000000000000114e+01,5.288598369532586219e+01
3.103999999999999915e+01,5.345839694416672216e+01
3.105000000000000071e+01,5.453417121474733875e+01
3.106000000000000227e+01,5.422858268727853215e+01
3.107000000000000028e+01,5.400204768015004930e+01
3.108000000000000185e+01,5.386933409287808416e+01
3.108999999999999986e+01,5.381363015678464734e+01
3.110000000000000142e+01,5.380330737043927058e+01
3.110999999999999943e+01,5.382791827352951941e+01
3.112000000000000099e+01,5.386856956269345176e+01
3.112999999999999901e+01,5.390786605796350983e+01
3.114000000000000057e+01,5.394774039634555862e+01
3.115000000000000213e+01,5.398632803616867903e+01
3.116000000000000014e+01,5.546241144177470517e+01
3.117000000000000171e+01,5.543952944881275613e+01
3.117999999999999972e+01,5.577162446755778547e+01
3.119000000000000128e+01,5.590498919088873464e+01
3.119999999999999929e+01,5.584113962921173169e+01
3.121000000000000085e+01,5.575178618837640698e+01
3.122000000000000242e+01,5.524928703287664433e+01
3.123000000000000043e+01,5.525883051995310780e+01
3.124000000000000199e+01,5.528523000216299721e+01
3.125000000000000000e+01,5.501339281574654905e+01
3.126000000000000156e+01,5.472047246845743018e+01
3.126999999999999957e+01,5.533640547447948421e+01
3.128000000000000114e+01,5.415824635817959631e+01
3.128999999999999915e+01,5.262322791552450241e+01
3.130000000000000071e+01,5.322447612830859498e+01
3.131000000000000227e+01,5.278667572556853571e+01
3.132000000000000028e+01,5.260417802836278867e+01
3.133000000000000185e+01,5.186066170562575905e+01
3.133999999999999986e+01,5.326691493239687247e+01
3.135000000000000142e+01,5.326474813920633267e+01
3.135999999999999943e+01,5.344625926224019707e+01
3.137000000000000099e+01,5.339846683823652995e+01
3.137999999999999901e+01,5.365621761931232925e+01
3.139000000000000057e+01,5.404238548205044879e+01
3.140000000000000213e+01,5.423983878647491963e+01
3.141000000000000014e+01,5.445278743087649787e+01
3.142000000000000171e+01,5.463524656130977064e+01
3.142999999999999972e+01,5.480920589489223715e+01
3.144000000000000128e+01,5.472138671129631149e+01
3.144999999999999929e+01,5.475366164313273742e+01
3.146000000000000085e+01,5.536747467310987503e+01
3.147000000000000242e+01,5.506652452219430671e+01
3.148000000000000043e+01,5.495723985795576283e+01
3.149000000000000199e+01,5.513516286017267021e+01
3.150000000000000000e+01,5.287834457711951330e+01
3.151000000000000156e+01,5.500448085762712935e+01
3.151999999999999957e+01,5.406331984587032480e+01
3.153000000000000114e+01,5.268795303197777002e+01
3.153999999999999915e+01,5.433103205688792059e+01
3.155000000000000071e+01,5.409652256391018454e+01
3.156000000000000227e+01,5.407406348874834379e+01
3.157000000000000028e+01,5.420571439731836705e+01
3.158000000000000185e+01,5.278259766581702905e+01
3.158999999999999986e+01,5.304622599494410196e+01
3.160000000000000142e+01,5.296141716054570026e+01
3.160999999999999943e+01,5.313378121014451239e+01
3.162000000000000099e+01,5.346600312674604538e+01
3.162999999999999901e+01,5.372779655260556098e+01
3.164000000000000057e+01,5.390157881203513313e+01
3.165000000000000213e+01,5.399132545422482110e+01
3.166000000000000014e+01,5.408004722884054871e+01
3.167000000000000171e+01,5.415802205329256935e+01
3.167999999999999972e+01,5.422533121022699731e+01
3.169000000000000128e+01,5.429834311653361567e+01
3.169999999999999929e+01,5.436478660574579180e+01
3.171000000000000085e+01,5.446902338676787991e+01
3.172000000000000242e+01,5.423993330870508345e+01
3.173000000000000043e+01,5.425349288749396237e+01
3.174000000000000199e+01,5.428156718057947216e+01
3.175000000000000000e+01,5.416212740526601266e+01
3.176000000000000156e+01,5.410417415245614592e+01
3.176999999999999957e+01,5.410573680586227141e+01
3.178000000000000114e+01,5.410366147592441877e+01
3.178999999999999915e+01,5.408073051650912788e+01
3.180000000000000071e+01,5.405464741087428848e+01
3.181000000000000227e+01,5.388292121641097054e+01
3.182000000000000028e+01,5.406611347131708811e+01
3.183000000000000185e+01,5.237340413024296026e+01
3.183999999999999986e+01,5.503432213984793009e+01
3.185000000000000142e+01,5.415111552128696104e+01
3.185999999999999943e+01,5.381285226155120682e+01
3.187000000000000099e+01,5.367004664004625170e+01
3.187999999999999901e+01,5.321580354699801774e+01
3.189000000000000057e+01,5.352244705903336097e+01
3.190000000000000213e+01,5.347245870449562233e+01
3.191000000000000014e+01,5.374851904466374464e+01
3.192000000000000171e+01,5.404560527851551655e+01
3.192999999999999972e+01,5.424770368766902351e+01
3.194000000000000128e+01,5.423794908618206989e+01
3.194999999999999929e+01,5.399169508476966683e+01
3.196000000000000085e+01,5.422687578741033576e+01
3.197000000000000242e+01,5.431425027132884509e+01
3.198000000000000043e+01,5.430056100430446264e+01
3.199000000000000199e+01,5.418859482399822269e+01
3.200000000000000000e+01,5.412091912687611028e+01
3.200999999999999801e+01,5.415299985127136750e+01
3.202000000000000313e+01,5.420635644076887871e+01
3.203000000000000114e+01,5.425951411179001838e+01
3.203999999999999915e+01,5.430781731275995128e+01
3.204999999999999716e+01,5.487080710639860825e+01
3.206000000000000227e+01,5.427304152834363293e+01
3.207000000000000028e+01,5.442492928844986722e+01
3.207999999999999829e+01,5.440670585445370477e+01
3.209000000000000341e+01,5.431435141946984402e+01
3.210000000000000142e+01,5.264577693598810981e+01
3.210999999999999943e+01,5.639277490103319224e+01
3.211999999999999744e+01,5.442530740274215617e+01
3.213000000000000256e+01,5.398890647106598806e+01
3.214000000000000057e+01,5.382133125752418579e+01
3.214999999999999858e+01,5.377815522072052090e+01
3.216000000000000369e+01,5.389536180177358204e+01
3.217000000000000171e+01,5.380242036929080740e+01
3.217999999999999972e+01,5.399517932719410851e+01
3.218999999999999773e+01,5.426520807952380210e+01
3.220000000000000284e+01,5.447404312997658593e+01
3.221000000000000085e+01,5.456836611801895742e+01
3.221999999999999886e+01,5.464239613889964176e+01
3.223000000000000398e+01,5.470477791925521416e+01
3.224000000000000199e+01,5.468684595556712225e+01
3.225000000000000000e+01,5.459992521152307177e+01
3.225999999999999801e+01,5.442754163152950042e+01
3.227000000000000313e+01,5.448843072201592719e+01
3.228000000000000114e+01,5.438627432608563339e+01
3.228999999999999915e+01,5.403797487276153788e+01
3.229999999999999716e+01,5.414381927884461732e+01
3.231000000000000227e+01,5.420005557005468688e+01
3.232000000000000028e+01,5.422875020599857976e+01
3.232999999999999829e+01,5.420404461828206877e+01
3.234000000000000341e+01,5.432610538399999456e+01
3.235000000000000142e+01,5.422999814212946035e+01
3.235999999999999943e+01,5.423075202183430576e+01
3.236999999999999744e+01,5.397857621742701184e+01
3.238000000000000256e+01,5.397414544221911825e+01
3.239000000000000057e+01,5.424082349377601275e+01
3.239999999999999858e+01,5.408128219355980804e+01
3.241000000000000369e+01,5.393643991443191510e+01
3.242000000000000171e+01,5.339022636137727318e+01
3.242999999999999972e+01,5.335705717696179562e+01
3.243999999999999773e+01,5.352376585179351309e+01
3.245000000000000284e+01,5.385807594620940364e+01
3.246000000000000085e+01,5.409147832777566833e+01
3.246999999999999886e+01,5.418276211184388558e+01
3.248000000000000398e+01,5.422849346716318308e+01
3.249000000000000199e+01,5.427109533714574496e+01
3.250000000000000000e+01,5.432563766528763693e+01
3.250999999999999801e+01,5.428507535548494900e+01
3.252000000000000313e+01,5.428668558548279321e+01
3.253000000000000114e+01,5.412744408923794737e+01
3.253999999999999915e+01,5.426066803737661814e+01
3.254999999999999716e+01,5.309686834118931387e+01
3.256000000000000227e+01,5.406795710385556220e+01
3.257000000000000028e+01,5.399328515221530722e+01
3.257999999999999829e+01,5.399878434097428226e+01
3.259000000000000341e+01,5.458937297980812531e+01
3.260000000000000142e+01,5.402766767756601496e+01
3.260999999999999943e+01,5.387458774175941301e+01
3.261999999999999744e+01,5.409569283389943450e+01
3.263000000000000256e+01,5.415844910776451115e+01
3.264000000000000057e+01,5.304034906756525203e+01
3.264999999999999858e+01,5.454453200916055522e+01
3.266000000000000369e+01,5.511641598241961759e+01
3.267000000000000171e+01,5.532888737914159094e+01
3.267999999999999972e+01,5.461635579015717212e+01
3.268999999999999773e+01,5.513806109642764142e+01
3.270000000000000284e+01,5.540224296316744557e+01
3.271000000000000085e+01,5.553364433928162924e+01
3.271999999999999886e+01,5.570781873768844150e+01
3.273000000000000398e+01,5.577245877275590402e+01
3.274000000000000199e+01,5.574717873207697494e+01
3.275000000000000000e+01,5.565344236599431582e+01
3.275999999999999801e+01,5.556325926566358220e+01
3.277000000000000313e+01,5.546117085168925342e+01
3.278000000000000114e+01,5.532634291843087482e+01
3.278999999999999915e+01,5.519208417228249886e+01
3.279999999999999716e+01,5.500411944423131416e+01
3.281000000000000227e+01,5.486512054440408548e+01
3.282000000000000028e+01,5.465954822687105263e+01
3.282999999999999829e+01,5.439932839776579243e+01
3.284000000000000341e+01,5.411342349707742727e+01
3.285000000000000142e+01,5.379824566642565742e+01
3.285999999999999943e+01,5.368340749923869026e+01
3.286999999999999744e+01,5.379278119836395433e+01
3.288000000000000256e+01,5.391999565155293084e+01
3.289000000000000057e+01,5.399309269505274500e+01
3.289999999999999858e+01,5.406172523990739620e+01
3.291000000000000369e+01,5.130428672012011759e+01
3.292000000000000171e+01,5.216656880303249721e+01
3.292999999999999972e+01,5.277217855706415151e+01
3.293999999999999773e+01,5.299876819156674657e+01
3.295000000000000284e+01,5.330749782562926242e+01
3.296000000000000085e+01,5.355394907374282809e+01
3.296999999999999886e+01,5.374332587265918448e+01
3.298000000000000398e+01,5.391081405709934415e+01
3.299000000000000199e+01,5.406295892740831732e+01
3.300000000000000000e+01,5.422409597933665992e+01
3.300999999999999801e+01,5.438152573221491792e+01
3.302000000000000313e+01,5.453240208285367174e+01
3.303000000000000114e+01,5.467361972521977975e+01
3.303999999999999915e+01,5.480192414333134820e+01
3.304999999999999716e+01,5.491309989692567228e+01
3.306000000000000227e+01,5.500546558402643882e+01
3.307000000000000028e+01,5.507619216459915634e+01
3.307999999999999829e+01,5.512314706240215401e+01
3.309000000000000341e+01,5.513960839817939785e+01
3.310000000000000142e+01,5.512303630402781351e+01
3.310999999999999943e+01,5.509308712444168776e+01
3.311999999999999744e+01,5.503020994450802306e+01
3.313000000000000256e+01,5.498795589359042424e+01
3.314000000000000057e+01,5.481259403693106691e+01
3.314999999999999858e+01,5.459180628326835460e+01
3.316000000000000369e+01,5.440065735299484118e+01
3.317000000000000171e+01,5.497080927320318722e+01
3.317999999999999972e+01,5.256190560267324940e+01
3.318999999999999773e+01,5.241549512515099707e+01
3.320000000000000284e+01,5.209905316944807652e+01
3.321000000000000085e+01,5.227088229664452967e+01
3.321999999999999886e+01,5.248944191717604468e+01
3.323000000000000398e+01,5.270633327385755251e+01
3.324000000000000199e+01,5.289079914462161014e+01
3.325000000000000000e+01,5.303458156578732030e+01
3.325999999999999801e+01,5.318691149124266815e+01
3.327000000000000313e+01,5.335759556149906047e+01
3.328000000000000114e+01,5.353135214801597641e+01
3.328999999999999915e+01,5.370728558072833891e+01
3.329999999999999716e+01,5.388244462015305203e+01
3.331000000000000227e+01,5.405439704938768841e+01
3.332000000000000028e+01,5.415502306738797245e+01
3.332999999999999829e+01,5.425227488412370747e+01
3.334000000000000341e+01,5.430978648247901930e+01
3.335000000000000142e+01,5.450656917345060748e+01
3.335999999999999943e+01,5.448556891630364163e+01
3.336999999999999744e+01,5.484247353924151724e+01
3.338000000000000256e+01,5.483929323039396309e+01
3.339000000000000057e+01,5.477758978309129390e+01
3.339999999999999858e+01,5.470655018639085654e+01
3.341000000000000369e+01,5.460001936751322660e+01
3.342000000000000171e+01,5.447438872829516754e+01
3.342999999999999972e+01,5.437773870383029617e+01
3.343999999999999773e+01,5.427664119466007264e+01
3.345000000000000284e+01,5.368090993276184264e+01
3.346000000000000085e+01,5.300919193568660859e+01
3.346999999999999886e+01,5.277646422033652840e+01
3.348000000000000398e+01,5.295931862741667828e+01
3.349000000000000199e+01,5.317463739844620818e+01
3.350000000000000000e+01,5.338255864377082816e+01
3.350999999999999801e+01,5.354522000844734464e+01
3.352000000000000313e+01,5.367237257363188974e+01
3.353000000000000114e+01,5.380093975907615800e+01
3.353999999999999915e+01,5.374802914167138823e+01
3.354999999999999716e+01,5.389242631773701930e+01
3.356000000000000227e+01,5.400174520210384799e+01
3.357000000000000028e+01,5.410187445313006549e+01
3.357999999999999829e+01,5.417910075471383635e+01
3.359000000000000341e+01,5.449726683722979459e+01
3.360000000000000142e+01,5.306582767873609896e+01
3.360999999999999943e+01,5.950501357504474242e+01
3.361999999999999744e+01,5.255583173735024616e+01
3.363000000000000256e+01,5.392595109351915283e+01
3.364000000000000057e+01,5.427656586258807891e+01
3.364999999999999858e+01,5.414342211734038557e+01
3.366000000000000369e+01,5.434971957897494121e+01
3.367000000000000171e+01,5.367048698168361653e+01
3.367999999999999972e+01,5.409880888926331011e+01
3.368999999999999773e+01,5.330822604313822666e+01
3.370000000000000284e+01,5.434593230159148192e+01
3.371000000000000085e+01,5.353563093333035283e+01
3.371999999999999886e+01,3.307782134903096960e+01
3.373000000000000398e+01,3.348519327986088001e+01
3.374000000000000199e+01,3.326380498192112611e+01
3.375000000000000000e+01,3.375820682440402720e+01
3.375999999999999801e+01,3.384818914848926141e+01
3.377000000000000313e+01,3.408116323418767024e+01
3.378000000000000114e+01,3.255756213511236297e+01
3.378999999999999915e+01,3.281674240541051546e+01
3.379999999999999716e+01,3.248089479294181814e+01
3.381000000000000227e+01,3.252546845515026774e+01
3.382000000000000028e+01,3.292063326512030130e+01
3.382999999999999829e+01,3.340453501133152514e+01
3.384000000000000341e+01,3.388338724477775088e+01
3.385000000000000142e+01,3.430176716143533611e+01
3.385999999999999943e+01,3.463895680857933712e+01
3.386999999999999744e+01,3.489014061845149683e+01
3.388000000000000256e+01,3.506964699983697642e+01
3.389000000000000057e+01,3.521297424776388851e+01
3.389999999999999858e+01,3.603612879088755960e+01
3.391000000000000369e+01,3.593800768176345173e+01
3.392000000000000171e+01,3.582411351494238971e+01
3.392999999999999972e+01,3.583038017689727184e+01
3.393999999999999773e+01,3.587444230107288234e+01
3.395000000000000284e+01,3.590819768375914833e+01
3.396000000000000085e+01,3.245879697265998232e+01
3.396999999999999886e+01,3.592089769315382597e+01
3.398000000000000398e+01,3.598222505753930989e+01
3.399000000000000199e+01,3.601911464089745607e+01
3.400000000000000000e+01,3.232630428077725782e+01
3.400999999999999801e+01,3.575763477400813883e+01
3.402000000000000313e+01,3.578880632253606109e+01
3.403000000000000114e+01,3.581148767388584986e+01
3.403999999999999915e+01,3.561923680689247362e+01
3.404999999999999716e+01,3.564593187912605288e+01
3.406000000000000227e+01,3.565075342914264667e+01
3.407000000000000028e+01,3.209501177441506314e+01
3.407999999999999829e+01,3.493574117173592697e+01
3.409000000000000341e+01,3.150045058742469095e+01
3.410000000000000142e+01,3.550649180490292167e+01
3.410999999999999943e+01,3.543643388437494934e+01
3.411999999999999744e+01,3.544184031558393144e+01
3.413000000000000256e+01,3.465791698998750547e+01
3.414000000000000057e+01,3.470175898445092599e+01
3.414999999999999858e+01,3.521461677819992531e+01
3.416000000000000369e+01,3.520119401654120139e+01
3.417000000000000171e+01,3.456280423683633529e+01
3.417999999999999972e+01,3.451396616973335796e+01
3.418999999999999773e+01,3.508463996908740512e+01
3.420000000000000284e+01,3.444513793570025939e+01
3.421000000000000085e+01,3.439748072345074803e+01
3.421999999999999886e+01,3.323753215635828440e+01
3.423000000000000398e+01,3.166757765734133656e+01
3.424000000000000199e+01,3.003254762297509828e+01
3.425000000000000000e+01,2.749040081292972459e+01
3.425999999999999801e+01,2.573462444436032115e+01
3.427000000000000313e+01,2.398662878772276486e+01
3.428000000000000114e+01,2.000744169129661287e+01
3.428999999999999915e+01,1.882294785520608116e+01
3.430000000000000426e+01,1.616912845467839333e+01
3.431000000000000227e+01,1.507586924774763304e+01
3.432000000000000028e+01,1.397356019828014340e+01
3.432999999999999829e+01,1.289774217669605072e+01
3.434000000000000341e+01,1.182686462044134323e+01
3.435000000000000142e+01,1.084818598504945975e+01
3.435999999999999943e+01,1.008847133890994385e+01
3.436999999999999744e+01,8.430587769110797325e+00
3.438000000000000256e+01,7.265670400118874106e+00
3.439000000000000057e+01,5.439834195502175618e+00
3.439999999999999858e+01,3.437113671122911107e+00
3.441000000000000369e+01,1.399451015424774569e+00
3.442000000000000171e+01,1.328675247708384077e-01
3.442999999999999972e+01,2.125599349708619246e-02
3.443999999999999773e+01,1.759553460431971528e-02
3.445000000000000284e+01,6.435314799393049290e-03
3.446000000000000085e+01,0.000000000000000000e+00
3.446999999999999886e+01,0.000000000000000000e+00
3.448000000000000398e+01,0.000000000000000000e+00
3.449000000000000199e+01,0.000000000000000000e+00
3.450000000000000000e+01,0.000000000000000000e+00
3.450999999999999801e+01,0.000000000000000000e+00
3.452000000000000313e+01,0.000000000000000000e+00
3.453000000000000114e+01,0.000000000000000000e+00
3.453999999999999915e+01,0.000000000000000000e+00
3.455000000000000426e+01,0.000000000000000000e+00
3.456000000000000227e+01,0.000000000000000000e+00
3.457000000000000028e+01,0.000000000000000000e+00
3.457999999999999829e+01,0.000000000000000000e+00
3.459000000000000341e+01,0.000000000000000000e+00
3.460000000000000142e+01,0.000000000000000000e+00
3.460999999999999943e+01,0.000000000000000000e+00
3.461999999999999744e+01,0.000000000000000000e+00
3.463000000000000256e+01,0.000000000000000000e+00
3.464000000000000057e+01,0.000000000000000000e+00
3.464999999999999858e+01,0.000000000000000000e+00
3.466000000000000369e+01,0.000000000000000000e+00
3.467000000000000171e+01,0.000000000000000000e+00
3.467999999999999972e+01,0.000000000000000000e+00
3.468999999999999773e+01,0.000000000000000000e+00
3.470000000000000284e+01,0.000000000000000000e+00
3.471000000000000085e+01,0.000000000000000000e+00
3.471999999999999886e+01,0.000000000000000000e+00
3.473000000000000398e+01,0.000000000000000000e+00
3.474000000000000199e+01,0.000000000000000000e+00
3.475000000000000000e+01,0.000000000000000000e+00
3.475999999999999801e+01,0.000000000000000000e+00
3.477000000000000313e+01,0.000000000000000000e+00
3.478000000000000114e+01,0.000000000000000000e+00
3.478999999999999915e+01,0.000000000000000000e+00
3.480000000000000426e+01,0.000000000000000000e+00
3.481000000000000227e+01,0.000000000000000000e+00
3.482000000000000028e+01,0.000000000000000000e+00
3.482999999999999829e+01,0.000000000000000000e+00
3.484000000000000341e+01,0.000000000000000000e+00
3.485000000000000142e+01,0.000000000000000000e+00
3.485999999999999943e+01,0.000000000000000000e+00
3.486999999999999744e+01,0.000000000000000000e+00
3.488000000000000256e+01,0.000000000000000000e+00
3.489000000000000057e+01,0.000000000000000000e+00
3.489999999999999858e+01,0.000000000000000000e+00
3.491000000000000369e+01,0.000000000000000000e+00
3.492000000000000171e+01,0.000000000000000000e+00
3.492999999999999972e+01,0.000000000000000000e+00
3.493999999999999773e+01,0.000000000000000000e+00
3.495000000000000284e+01,0.000000000000000000e+00
3.496000000000000085e+01,0.000000000000000000e+00
3.496999999999999886e+01,0.000000000000000000e+00
3.498000000000000398e+01,0.000000000000000000e+00
3.499000000000000199e+01,0.000000000000000000e+00
3.500000000000000000e+01,0.000000000000000000e+00
3.500999999999999801e+01,0.000000000000000000e+00
3.502000000000000313e+01,0.000000000000000000e+00
3.503000000000000114e+01,0.000000000000000000e+00
3.503999999999999915e+01,0.000000000000000000e+00
3.505000000000000426e+01,0.000000000000000000e+00
3.506000000000000227e+01,0.000000000000000000e+00
3.507000000000000028e+01,0.000000000000000000e+00
3.507999999999999829e+01,0.000000000000000000e+00
3.509000000000000341e+01,0.000000000000000000e+00
3.510000000000000142e+01,0.000000000000000000e+00
3.510999999999999943e+01,0.000000000000000000e+00
3.511999999999999744e+01,0.000000000000000000e+00
3.513000000000000256e+01,0.000000000000000000e+00
3.514000000000000057e+01,0.000000000000000000e+00
3.514999999999999858e+01,0.000000000000000000e+00
3.516000000000000369e+01,0.000000000000000000e+00
3.517000000000000171e+01,0.000000000000000000e+00
3.517999999999999972e+01,0.000000000000000000e+00
3.518999999999999773e+01,0.000000000000000000e+00
3.520000000000000284e+01,0.000000000000000000e+00
3.521000000000000085e+01,0.000000000000000000e+00
3.521999999999999886e+01,0.000000000000000000e+00
3.523000000000000398e+01,0.000000000000000000e+00
3.524000000000000199e+01,0.000000000000000000e+00
3.525000000000000000e+01,0.000000000000000000e+00
3.525999999999999801e+01,0.000000000000000000e+00
3.527000000000000313e+01,0.000000000000000000e+00
3.528000000000000114e+01,0.000000000000000000e+00
3.528999999999999915e+01,0.000000000000000000e+00
3.530000000000000426e+01,0.000000000000000000e+00
3.531000000000000227e+01,0.000000000000000000e+00
3.532000000000000028e+01,0.000000000000000000e+00
3.532999999999999829e+01,0.000000000000000000e+00
3.534000000000000341e+01,0.000000000000000000e+00
3.535000000000000142e+01,0.000000000000000000e+00
3.535999999999999943e+01,0.000000000000000000e+00
3.536999999999999744e+01,0.000000000000000000e+00
3.538000000000000256e+01,0.000000000000000000e+00
3.539000000000000057e+01,0.000000000000000000e+00
3.539999999999999858e+01,0.000000000000000000e+00
3.541000000000000369e+01,0.000000000000000000e+00
3.542000000000000171e+01,0.000000000000000000e+00
3.542999999999999972e+01,0.000000000000000000e+00
3.543999999999999773e+01,0.000000000000000000e+00
3.545000000000000284e+01,0.000000000000000000e+00
3.546000000000000085e+01,0.000000000000000000e+00
3.546999999999999886e+01,0.000000000000000000e+00
3.548000000000000398e+01,0.000000000000000000e+00
3.549000000000000199e+01,0.000000000000000000e+00
3.550000000000000000e+01,0.000000000000000000e+00
3.550999999999999801e+01,0.000000000000000000e+00
3.552000000000000313e+01,0.000000000000000000e+00
3.553000000000000114e+01,0.000000000000000000e+00
3.553999999999999915e+01,0.000000000000000000e+00
3.555000000000000426e+01,0.000000000000000000e+00
3.556000000000000227e+01,0.000000000000000000e+00
3.557000000000000028e+01,0.000000000000000000e+00
3.557999999999999829e+01,0.000000000000000000e+00
3.559000000000000341e+01,0.000000000000000000e+00
3.560000000000000142e+01,0.000000000000000000e+00
3.560999999999999943e+01,0.000000000000000000e+00
3.561999999999999744e+01,0.000000000000000000e+00
3.563000000000000256e+01,0.000000000000000000e+00
3.564000000000000057e+01,0.000000000000000000e+00
3.564999999999999858e+01,0.000000000000000000e+00
3.566000000000000369e+01,0.000000000000000000e+00
3.567000000000000171e+01,0.000000000000000000e+00
3.567999999999999972e+01,0.000000000000000000e+00
3.568999999999999773e+01,0.000000000000000000e+00
3.570000000000000284e+01,0.000000000000000000e+00
3.571000000000000085e+01,0.000000000000000000e+00
3.571999999999999886e+01,0.000000000000000000e+00
3.573000000000000398e+01,0.000000000000000000e+00
3.574000000000000199e+01,0.000000000000000000e+00
3.575000000000000000e+01,0.000000000000000000e+00
3.575999999999999801e+01,0.000000000000000000e+00
3.577000000000000313e+01,0.000000000000000000e+00
3.578000000000000114e+01,0.000000000000000000e+00
3.578999999999999915e+01,0.000000000000000000e+00
3.580000000000000426e+01,0.000000000000000000e+00
3.581000000000000227e+01,0.000000000000000000e+00
3.582000000000000028e+01,0.000000000000000000e+00
3.582999999999999829e+01,0.000000000000000000e+00
3.584000000000000341e+01,0.000000000000000000e+00
3.585000000000000142e+01,0.000000000000000000e+00
3.585999999999999943e+01,0.000000000000000000e+00
3.586999999999999744e+01,0.000000000000000000e+00
3.588000000000000256e+01,0.000000000000000000e+00
3.589000000000000057e+01,0.000000000000000000e+00
3.589999999999999858e+01,0.000000000000000000e+00
3.591000000000000369e+01,0.000000000000000000e+00
3.592000000000000171e+01,0.000000000000000000e+00
3.592999999999999972e+01,0.000000000000000000e+00
3.593999999999999773e+01,0.000000000000000000e+00
3.595000000000000284e+01,0.000000000000000000e+00
3.596000000000000085e+01,0.000000000000000000e+00
3.596999999999999886e+01,0.000000000000000000e+00
3.598000000000000398e+01,0.000000000000000000e+00
3.599000000000000199e+01,0.000000000000000000e+00
3.600000000000000000e+01,0.000000000000000000e+00
3.600999999999999801e+01,0.000000000000000000e+00
3.602000000000000313e+01,0.000000000000000000e+00
3.603000000000000114e+01,0.000000000000000000e+00
3.603999999999999915e+01,0.000000000000000000e+00
3.605000000000000426e+01,0.000000000000000000e+00
3.606000000000000227e+01,0.000000000000000000e+00
3.607000000000000028e+01,0.000000000000000000e+00
3.607999999999999829e+01,0.000000000000000000e+00
3.609000000000000341e+01,0.000000000000000000e+00
3.610000000000000142e+01,0.000000000000000000e+00
3.610999999999999943e+01,0.000000000000000000e+00
3.611999999999999744e+01,0.000000000000000000e+00
3.613000000000000256e+01,0.000000000000000000e+00
3.614000000000000057e+01,0.000000000000000000e+00
3.614999999999999858e+01,0.000000000000000000e+00
3.616000000000000369e+01,0.000000000000000000e+00
3.617000000000000171e+01,0.000000000000000000e+00
3.617999999999999972e+01,0.000000000000000000e+00
3.618999999999999773e+01,0.000000000000000000e+00
3.620000000000000284e+01,0.000000000000000000e+00
3.621000000000000085e+01,0.000000000000000000e+00
3.621999999999999886e+01,0.000000000000000000e+00
3.623000000000000398e+01,0.000000000000000000e+00
3.624000000000000199e+01,0.000000000000000000e+00
3.625000000000000000e+01,0.000000000000000000e+00
3.625999999999999801e+01,0.000000000000000000e+00
3.627000000000000313e+01,0.000000000000000000e+00
3.628000000000000114e+01,0.000000000000000000e+00
3.628999999999999915e+01,0.000000000000000000e+00
3.630000000000000426e+01,0.000000000000000000e+00
3.631000000000000227e+01,0.000000000000000000e+00
3.632000000000000028e+01,0.000000000000000000e+00
3.632999999999999829e+01,0.000000000000000000e+00
3.634000000000000341e+01,0.000000000000000000e+00
3.635000000000000142e+01,0.000000000000000000e+00
3.635999999999999943e+01,0.000000000000000000e+00
3.636999999999999744e+01,0.000000000000000000e+00
3.638000000000000256e+01,0.000000000000000000e+00
3.639000000000000057e+01,0.000000000000000000e+00
3.639999999999999858e+01,0.000000000000000000e+00
3.641000000000000369e+01,0.000000000000000000e+00
3.642000000000000171e+01,0.000000000000000000e+00
3.642999999999999972e+01,0.000000000000000000e+00
3.643999999999999773e+01,0.000000000000000000e+00
3.645000000000000284e+01,0.000000000000000000e+00
3.646000000000000085e+01,0.000000000000000000e+00
3.646999999999999886e+01,0.000000000000000000e+00
3.648000000000000398e+01,0.000000000000000000e+00
3.649000000000000199e+01,0.000000000000000000e+00
3.650000000000000000e+01,0.000000000000000000e+00
3.650999999999999801e+01,0.000000000000000000e+00
3.652000000000000313e+01,0.000000000000000000e+00
3.653000000000000114e+01,0.000000000000000000e+00
3.653999999999999915e+01,0.000000000000000000e+00
3.655000000000000426e+01,0.000000000000000000e+00
3.656000000000000227e+01,0.000000000000000000e+00
3.657000000000000028e+01,0.000000000000000000e+00
3.657999999999999829e+01,0.000000000000000000e+00
3.659000000000000341e+01,0.000000000000000000e+00
3.660000000000000142e+01,0.000000000000000000e+00
3.660999999999999943e+01,0.000000000000000000e+00
3.661999999999999744e+01,0.000000000000000000e+00
3.663000000000000256e+01,0.000000000000000000e+00
3.664000000000000057e+01,0.000000000000000000e+00
3.664999999999999858e+01,0.000000000000000000e+00
3.666000000000000369e+01,0.000000000000000000e+00
3.667000000000000171e+01,0.000000000000000000e+00
3.667999999999999972e+01,0.000000000000000000e+00
3.668999999999999773e+01,0.000000000000000000e+00
3.670000000000000284e+01,0.000000000000000000e+00
3.671000000000000085e+01,0.000000000000000000e+00
3.671999999999999886e+01,0.000000000000000000e+00
3.673000000000000398e+01,0.000000000000000000e+00
3.674000000000000199e+01,0.000000000000000000e+00
3.675000000000000000e+01,0.000000000000000000e+00
3.675999999999999801e+01,0.000000000000000000e+00
3.677000000000000313e+01,0.000000000000000000e+00
3.678000000000000114e+01,0.000000000000000000e+00
3.678999999999999915e+01,0.000000000000000000e+00
3.680000000000000426e+01,0.000000000000000000e+00
3.681000000000000227e+01,0.000000000000000000e+00
3.682000000000000028e+01,0.000000000000000000e+00
3.682999999999999829e+01,0.000000000000000000e+00
3.684000000000000341e+01,0.000000000000000000e+00
3.685000000000000142e+01,0.000000000000000000e+00
3.685999999999999943e+01,0.000000000000000000e+00
3.686999999999999744e+01,0.000000000000000000e+00
3.688000000000000256e+01,0.000000000000000000e+00
3.689000000000000057e+01,0.000000000000000000e+00
3.689999999999999858e+01,0.000000000000000000e+00
3.691000000000000369e+01,0.000000000000000000e+00
3.692000000000000171e+01,0.000000000000000000e+00
3.692999999999999972e+01,0.000000000000000000e+00
3.693999999999999773e+01,1.569418987406385080e+00
3.695000000000000284e+01,1.869889684164381283e+00
3.696000000000000085e+01,1.892179818751176246e+00
3.696999999999999886e+01,1.898581549697404558e+00
3.698000000000000398e+01,2.124418221275466756e+00
3.699000000000000199e+01,2.037466860084872433e+00
3.700000000000000000e+01,2.194789185735328552e+00
3.700999999999999801e+01,2.492160828347111945e+00
3.702000000000000313e+01,2.253637392537966910e+00
3.703000000000000114e+01,2.711246105776502269e+00
3.703999999999999915e+01,2.340983072281046962e+00
3.705000000000000426e+01,2.816298445474368251e+00
3.706000000000000227e+01,2.425541301521286108e+00
3.707000000000000028e+01,2.791777251209748290e+00
3.707999999999999829e+01,2.510449486186832058e+00
3.709000000000000341e+01,2.462570589915681563e+00
3.710000000000000142e+01,2.532615483164176950e+00
3.710999999999999943e+01,2.558202624261066926e+00
3.711999999999999744e+01,2.163272593981722558e+00
3.713000000000000256e+01,2.530705256552901794e+00
3.714000000000000057e+01,2.593520652538659821e+00
3.714999999999999858e+01,2.935650321073151936e+00
3.716000000000000369e+01,3.100931573740587588e+00
3.717000000000000171e+01,3.118646680813201844e+00
3.717999999999999972e+01,3.146200560274041269e+00
3.718999999999999773e+01,5.511301878183870073e+00
3.720000000000000284e+01,9.255791419134798304e+00
3.721000000000000085e+01,1.273476337557070437e+01
3.721999999999999886e+01,1.563139304158069365e+01
3.723000000000000398e+01,1.836131480724227671e+01
3.724000000000000199e+01,2.048807002149469270e+01
3.725000000000000000e+01,2.083395986053126947e+01
3.725999999999999801e+01,2.188408116514887780e+01
3.727000000000000313e+01,2.284355699849955812e+01
3.728000000000000114e+01,2.362177559499782831e+01
3.728999999999999915e+01,2.425467899054244469e+01
3.730000000000000426e+01,2.486923546164928212e+01
3.731000000000000227e+01,2.540944222993492119e+01
3.732000000000000028e+01,2.589598850910047645e+01
3.732999999999999829e+01,2.624877541976909612e+01
3.734000000000000341e+01,2.652699283686973075e+01
3.735000000000000142e+01,2.676125025310694738e+01
3.735999999999999943e+01,2.694921715106544724e+01
3.736999999999999744e+01,2.714525205918778994e+01
3.738000000000000256e+01,2.725812846949508383e+01
3.739000000000000057e+01,2.731795944849758939e+01
3.739999999999999858e+01,2.735925385329052517e+01
3.741000000000000369e+01,2.739432818407409087e+01
3.742000000000000171e+01,2.742637602126244190e+01
3.742999999999999972e+01,2.744846386580250197e+01
3.743999999999999773e+01,2.745969308778915519e+01
3.745000000000000284e+01,2.746264808595805107e+01
3.746000000000000085e+01,2.745872204192572141e+01
3.746999999999999886e+01,2.745124322932162642e+01
3.748000000000000398e+01,2.743606050947246189e+01
3.749000000000000199e+01,2.741462158985335762e+01
3.750000000000000000e+01,2.739795282158065248e+01
3.750999999999999801e+01,2.736751177004944680e+01
3.752000000000000313e+01,2.733896274393636361e+01
3.753000000000000114e+01,2.731684422697202308e+01
3.753999999999999915e+01,2.729631793502366577e+01
3.755000000000000426e+01,2.728265844175822963e+01
3.756000000000000227e+01,2.724861497405857591e+01
3.757000000000000028e+01,2.721650301265503202e+01
3.757999999999999829e+01,2.716831095209096247e+01
3.759000000000000341e+01,2.581470468167171006e+01
3.760000000000000142e+01,2.685548201024307247e+01
3.760999999999999943e+01,2.768263819327199826e+01
3.761999999999999744e+01,2.762108601765004323e+01
3.763000000000000256e+01,2.747572463504923945e+01
3.764000000000000057e+01,2.743867946979484174e+01
3.764999999999999858e+01,2.746432550512214021e+01
3.766000000000000369e+01,2.752031853646763082e+01
3.767000000000000171e+01,2.755795732256040509e+01
3.767999999999999972e+01,2.759021937431029059e+01
3.768999999999999773e+01,2.761534855343338890e+01
3.770000000000000284e+01,2.763140130031634811e+01
3.771000000000000085e+01,2.764485353179332350e+01
3.771999999999999886e+01,2.765385706725511028e+01
3.773000000000000398e+01,2.765934166910350456e+01
3.774000000000000199e+01,2.766216008473483257e+01
3.775000000000000000e+01,2.766202324749412256e+01
3.775999999999999801e+01,2.765993783372376669e+01
3.777000000000000313e+01,2.765688934747984007e+01
3.778000000000000114e+01,2.765775793386746884e+01
3.778999999999999915e+01,2.765152557094088337e+01
3.780000000000000426e+01,2.762281646820201431e+01
3.781000000000000227e+01,2.763595639231956369e+01
3.782000000000000028e+01,2.763821149931725074e+01
3.782999999999999829e+01,2.762878729196811278e+01
3.784000000000000341e+01,2.762486357972678519e+01
3.785000000000000142e+01,2.762562281092123584e+01
3.785999999999999943e+01,2.761768031553727099e+01
3.786999999999999744e+01,2.761424982745101175e+01
3.788000000000000256e+01,2.760654204137706458e+01
3.789000000000000057e+01,2.759993502107987950e+01
3.789999999999999858e+01,2.759498222538803702e+01
3.791000000000000369e+01,2.759004236927545861e+01
3.792000000000000171e+01,2.758529910514822348e+01
3.792999999999999972e+01,2.757974776381175275e+01
3.793999999999999773e+01,2.695123628131325333e+01
3.795000000000000284e+01,2.758155055011706480e+01
3.796000000000000085e+01,2.625943376181731637e+01
3.796999999999999886e+01,2.729336570889731561e+01
3.798000000000000398e+01,2.758282938755514380e+01
3.799000000000000199e+01,2.761173239459908046e+01
3.800000000000000000e+01,3.748735304610543295e+01
3.800999999999999801e+01,2.672993619483984062e+01
3.802000000000000313e+01,2.748620311880704037e+01
3.803000000000000114e+01,2.653955413939532804e+01
3.803999999999999915e+01,2.490195175850086429e+01
3.805000000000000426e+01,2.423057395813076198e+01
3.806000000000000227e+01,3.420839823687201431e+01
3.807000000000000028e+01,2.673298483758646782e+01
3.807999999999999829e+01,3.782406285576205818e+01
3.809000000000000341e+01,3.823092990992721241e+01
3.810000000000000142e+01,2.694306999686602211e+01
3.810999999999999943e+01,2.641913210963819125e+01
3.811999999999999744e+01,2.766638943547206253e+01
3.813000000000000256e+01,2.766398327942670576e+01
3.814000000000000057e+01,2.755356963740770126e+01
3.814999999999999858e+01,2.751226537514483184e+01
3.816000000000000369e+01,3.079600397850315474e+01
3.817000000000000171e+01,2.579923840667778023e+01
3.817999999999999972e+01,2.874553679996824229e+01
3.818999999999999773e+01,2.776222470972858503e+01
3.820000000000000284e+01,2.766543748747226061e+01
3.821000000000000085e+01,2.748207598766853010e+01
3.821999999999999886e+01,2.734665300438493318e+01
3.823000000000000398e+01,2.731733934160533295e+01
3.824000000000000199e+01,2.739447059345286561e+01
3.825000000000000000e+01,2.744316293209217861e+01
3.825999999999999801e+01,2.748168658095746508e+01
3.827000000000000313e+01,2.750750207092513477e+01
3.828000000000000114e+01,2.752307355423694091e+01
3.828999999999999915e+01,2.711598171924484646e+01
3.830000000000000426e+01,2.773196017184748996e+01
3.831000000000000227e+01,2.760074252395108019e+01
3.832000000000000028e+01,2.738533777803272073e+01
3.832999999999999829e+01,2.731797106667889352e+01
3.834000000000000341e+01,2.733518657380841788e+01
3.835000000000000142e+01,2.738104478536204311e+01
3.835999999999999943e+01,2.744764654160167794e+01
3.836999999999999744e+01,2.748775463009718578e+01
3.838000000000000256e+01,2.750200629308231370e+01
3.839000000000000057e+01,2.752424942697963672e+01
3.839999999999999858e+01,2.754198361858942690e+01
3.841000000000000369e+01,2.755447688528489891e+01
3.842000000000000171e+01,2.756175556645536062e+01
3.842999999999999972e+01,2.756965779148105611e+01
3.843999999999999773e+01,2.758049843895137343e+01
3.845000000000000284e+01,2.758733309505804598e+01
3.846000000000000085e+01,2.759230123771337162e+01
3.846999999999999886e+01,2.757954338200145372e+01
3.848000000000000398e+01,2.705859271444514746e+01
3.849000000000000199e+01,2.745507559306280854e+01
3.850000000000000000e+01,2.763974668701903425e+01
3.850999999999999801e+01,2.767337881411396339e+01
3.852000000000000313e+01,2.764775372460670155e+01
3.853000000000000114e+01,2.765125898265157289e+01
3.853999999999999915e+01,2.765348898732639782e+01
3.855000000000000426e+01,2.883318309010999769e+01
3.856000000000000227e+01,2.738145467407721156e+01
3.857000000000000028e+01,2.760143666437648591e+01
3.857999999999999829e+01,2.768929514548664983e+01
3.859000000000000341e+01,2.760692229665531627e+01
3.860000000000000142e+01,2.756251651877210662e+01
3.860999999999999943e+01,2.753768295555961743e+01
3.861999999999999744e+01,2.752994478184027116e+01
3.863000000000000256e+01,2.753181773488918083e+01
3.864000000000000057e+01,2.789403529387651304e+01
3.864999999999999858e+01,2.751288153520315660e+01
3.866000000000000369e+01,2.739017898624866376e+01
3.867000000000000171e+01,2.731654262138912870e+01
3.867999999999999972e+01,2.728531587096523836e+01
3.868999999999999773e+01,2.728667956626245683e+01
3.870000000000000284e+01,2.729354357981559431e+01
3.871000000000000085e+01,2.730220189456910873e+01
3.871999999999999886e+01,2.731118035855818960e+01
3.873000000000000398e+01,2.731992464305162116e+01
3.874000000000000199e+01,2.732920052134650035e+01
3.875000000000000000e+01,2.733734614522547801e+01
3.875999999999999801e+01,2.734545597634731706e+01
3.877000000000000313e+01,2.735311660376030574e+01
3.878000000000000114e+01,2.735880065363970459e+01
3.878999999999999915e+01,2.737866376476011254e+01
3.880000000000000426e+01,2.741102915311639521e+01
3.881000000000000227e+01,2.744032540210820059e+01
3.882000000000000028e+01,2.745771800851449740e+01
3.882999999999999829e+01,2.747301322491609454e+01
3.884000000000000341e+01,2.749097998714513125e+01
3.885000000000000142e+01,2.751020548157675449e+01
3.885999999999999943e+01,2.753261339532219409e+01
3.886999999999999744e+01,2.755658091612906446e+01
3.888000000000000256e+01,2.758145889173815846e+01
3.889000000000000057e+01,2.760696914270156554e+01
3.889999999999999858e+01,2.763299103537907797e+01
3.891000000000000369e+01,2.765947506531012934e+01
3.892000000000000171e+01,2.768640505966589060e+01
3.892999999999999972e+01,2.771432985960461792e+01
3.893999999999999773e+01,2.774197254863075202e+01
3.895000000000000284e+01,2.776977805299786439e+01
3.896000000000000085e+01,2.779848215579169235e+01
3.896999999999999886e+01,2.782783331572345276e+01
3.898000000000000398e+01,2.785808626479828121e+01
3.899000000000000199e+01,2.901363012542910980e+01
3.900000000000000000e+01,2.758479997165822439e+01
3.900999999999999801e+01,2.748681533659251386e+01
3.902000000000000313e+01,2.756083792548088951e+01
3.903000000000000114e+01,2.753558876885250584e+01
3.903999999999999915e+01,2.752458267301905437e+01
3.905000000000000426e+01,2.751636066929197710e+01
3.906000000000000227e+01,2.750533730822714062e+01
3.907000000000000028e+01,2.754398929868123247e+01
3.907999999999999829e+01,2.752412625472522834e+01
3.909000000000000341e+01,2.748643229210783900e+01
3.910000000000000142e+01,2.749905685013634127e+01
3.910999999999999943e+01,2.744543152832494570e+01
3.911999999999999744e+01,2.748598942471365092e+01
3.913000000000000256e+01,2.746788413379918836e+01
3.914000000000000057e+01,2.746102330331700614e+01
3.914999999999999858e+01,2.746363628703505810e+01
3.916000000000000369e+01,2.746883949687709858e+01
3.917000000000000171e+01,2.747674879305835560e+01
3.917999999999999972e+01,2.750295636907068442e+01
3.918999999999999773e+01,2.752344509294214703e+01
3.920000000000000284e+01,2.754004193108888998e+01
3.921000000000000085e+01,2.755695939745616840e+01
3.921999999999999886e+01,2.756796990748507881e+01
3.923000000000000398e+01,2.757962014307140208e+01
3.924000000000000199e+01,2.759371199170647060e+01
3.925000000000000000e+01,2.761097661480253151e+01
3.925999999999999801e+01,2.762964419836774255e+01
3.927000000000000313e+01,2.764952263569622914e+01
3.928000000000000114e+01,2.767076217340996536e+01
3.928999999999999915e+01,2.769160705857559890e+01
3.930000000000000426e+01,2.770958067972626893e+01
3.931000000000000227e+01,2.772974702204630049e+01
3.932000000000000028e+01,2.775097868494955833e+01
3.932999999999999829e+01,2.844203691118809729e+01
3.934000000000000341e+01,2.841596873784087052e+01
3.935000000000000142e+01,2.759808053469813771e+01
3.935999999999999943e+01,2.753382110621904388e+01
3.936999999999999744e+01,2.757616488406156918e+01
3.938000000000000256e+01,2.755530689308371350e+01
3.939000000000000057e+01,2.754785923909658152e+01
3.939999999999999858e+01,2.754045511763793996e+01
3.941000000000000369e+01,2.752952154273615548e+01
3.942000000000000171e+01,2.751872359507336796e+01
3.942999999999999972e+01,2.751057611513108725e+01
3.943999999999999773e+01,2.750368093103591605e+01
3.945000000000000284e+01,2.749896151209621920e+01
3.946000000000000085e+01,2.749699263407048733e+01
3.946999999999999886e+01,2.749596981823668074e+01
3.948000000000000398e+01,2.749569718948808017e+01
3.949000000000000199e+01,2.749484933929651831e+01
3.950000000000000000e+01,2.749718175679577570e+01
3.950999999999999801e+01,2.750840796316960990e+01
3.952000000000000313e+01,2.751814715505233266e+01
3.953000000000000114e+01,2.752614927497027253e+01
3.953999999999999915e+01,2.754134751696253858e+01
3.955000000000000426e+01,2.754998305103473655e+01
3.956000000000000227e+01,2.755844427694907139e+01
3.957000000000000028e+01,2.756918926267182712e+01
3.957999999999999829e+01,2.758196984911113248e+01
3.959000000000000341e+01,2.759572125923724784e+01
3.960000000000000142e+01,2.761000519619896565e+01
3.960999999999999943e+01,2.762463577707463003e+01
3.961999999999999744e+01,2.763952993517963463e+01
3.963000000000000256e+01,2.765465009700069743e+01
3.964000000000000057e+01,2.766997850776866841e+01
3.964999999999999858e+01,2.768581317793571372e+01
3.966000000000000369e+01,2.770166381383026533e+01
3.967000000000000171e+01,2.771712602586666918e+01
3.967999999999999972e+01,2.854297189729334860e+01
3.968999999999999773e+01,2.811882520208207836e+01
3.970000000000000284e+01,2.770747006753952846e+01
3.971000000000000085e+01,2.776362363817938927e+01
3.971999999999999886e+01,2.784579614782824919e+01
3.973000000000000398e+01,2.787089458193254998e+01
3.974000000000000199e+01,2.787891308631374443e+01
3.975000000000000000e+01,2.787547653812041304e+01
3.975999999999999801e+01,2.786015648415880008e+01
3.977000000000000313e+01,2.783805960459059037e+01
3.978000000000000114e+01,2.781455014668534531e+01
3.978999999999999915e+01,2.779321572511005556e+01
3.980000000000000426e+01,2.776520244438912499e+01
3.981000000000000227e+01,2.774383053492743301e+01
3.982000000000000028e+01,2.775169870367476932e+01
3.982999999999999829e+01,2.774636681194654386e+01
3.984000000000000341e+01,2.774449041704273355e+01
3.985000000000000142e+01,2.774559951033656091e+01
3.985999999999999943e+01,2.774955468759367250e+01
3.986999999999999744e+01,2.775470438364737902e+01
3.988000000000000256e+01,2.776053362032709515e+01
3.989000000000000057e+01,2.776581417687031106e+01
3.989999999999999858e+01,2.776900691311040248e+01
3.991000000000000369e+01,2.777230187325420729e+01
3.992000000000000171e+01,2.777943495273335373e+01
3.992999999999999972e+01,2.778390351303432482e+01
3.993999999999999773e+01,2.778692641082254156e+01
3.995000000000000284e+01,2.778965577922201646e+01
3.996000000000000085e+01,2.779197252784963013e+01
3.996999999999999886e+01,2.779361351922867129e+01
3.998000000000000398e+01,2.779445277728405728e+01
3.999000000000000199e+01,2.779441711683572080e+01
4.000000000000000000e+01,2.779346058987531265e+01
4.000999999999999801e+01,2.779155684123510639e+01
4.002000000000000313e+01,2.778869524101249766e+01
4.003000000000000114e+01,2.778487389101097804e+01
4.003999999999999915e+01,2.778014963337242094e+01
4.005000000000000426e+01,2.777448962553359380e+01
4.006000000000000227e+01,2.776785667009999869e+01
4.007000000000000028e+01,2.776033555496766070e+01
4.007999999999999829e+01,2.775195290371470946e+01
4.009000000000000341e+01,2.774274171883502760e+01
4.010000000000000142e+01,2.773275676185131644e+01
4.010999999999999943e+01,2.772201054120184338e+01
4.011999999999999744e+01,2.771060290104598067e+01
4.013000000000000256e+01,2.769855614367256180e+01
4.014000000000000057e+01,2.768591982047739464e+01
4.014999999999999858e+01,2.767289886902736740e+01
4.016000000000000369e+01,2.765986293706922794e+01
4.017000000000000171e+01,2.764702629864617478e+01
4.017999999999999972e+01,2.763451902642615821e+01
4.018999999999999773e+01,2.762224614008891876e+01
4.020000000000000284e+01,2.761022317535880788e+01
4.021000000000000085e+01,2.759846353437011146e+01
4.021999999999999886e+01,2.758698092499460941e+01
4.023000000000000398e+01,2.757578993925309874e+01
4.024000000000000199e+01,2.756490591247675326e+01
4.025000000000000000e+01,2.755434431512744453e+01
4.025999999999999801e+01,2.754412071733242584e+01
4.027000000000000313e+01,2.753425020804646906e+01
4.028000000000000114e+01,2.752474680777579863e+01
4.028999999999999915e+01,2.751562334106830576e+01
4.030000000000000426e+01,2.750689123812901826e+01
4.031000000000000227e+01,2.749856040740156971e+01
4.032000000000000028e+01,2.748909851852302921e+01
4.032999999999999829e+01,0.000000000000000000e+00
4.034000000000000341e+01,0.000000000000000000e+00
4.035000000000000142e+01,0.000000000000000000e+00
4.035999999999999943e+01,0.000000000000000000e+00
4.036999999999999744e+01,0.000000000000000000e+00
4.038000000000000256e+01,0.000000000000000000e+00
4.039000000000000057e+01,0.000000000000000000e+00
4.039999999999999858e+01,0.000000000000000000e+00
4.041000000000000369e+01,0.000000000000000000e+00
4.042000000000000171e+01,0.000000000000000000e+00
4.042999999999999972e+01,0.000000000000000000e+00
4.043999999999999773e+01,0.000000000000000000e+00
4.045000000000000284e+01,0.000000000000000000e+00
4.046000000000000085e+01,0.000000000000000000e+00
4.046999999999999886e+01,0.000000000000000000e+00
4.048000000000000398e+01,0.000000000000000000e+00
4.049000000000000199e+01,0.000000000000000000e+00
4.050000000000000000e+01,0.000000000000000000e+00
4.050999999999999801e+01,0.000000000000000000e+00
4.052000000000000313e+01,0.000000000000000000e+00
4.053000000000000114e+01,0.000000000000000000e+00
4.053999999999999915e+01,0.000000000000000000e+00
4.055000000000000426e+01,0.000000000000000000e+00
4.056000000000000227e+01,0.000000000000000000e+00
4.057000000000000028e+01,0.000000000000000000e+00
4.057999999999999829e+01,0.000000000000000000e+00
4.059000000000000341e+01,0.000000000000000000e+00
4.060000000000000142e+01,0.000000000000000000e+00
4.060999999999999943e+01,0.000000000000000000e+00
4.061999999999999744e+01,0.000000000000000000e+00
4.063000000000000256e+01,0.000000000000000000e+00
4.064000000000000057e+01,0.000000000000000000e+00
4.064999999999999858e+01,0.000000000000000000e+00
4.066000000000000369e+01,0.000000000000000000e+00
4.067000000000000171e+01,0.000000000000000000e+00
4.067999999999999972e+01,0.000000000000000000e+00
4.068999999999999773e+01,0.000000000000000000e+00
4.070000000000000284e+01,0.000000000000000000e+00
4.071000000000000085e+01,0.000000000000000000e+00
4.071999999999999886e+01,0.000000000000000000e+00
4.073000000000000398e+01,0.000000000000000000e+00
4.074000000000000199e+01,0.000000000000000000e+00
4.075000000000000000e+01,0.000000000000000000e+00
4.075999999999999801e+01,0.000000000000000000e+00
4.077000000000000313e+01,0.000000000000000000e+00
4.078000000000000114e+01,0.000000000000000000e+00
4.078999999999999915e+01,0.000000000000000000e+00
4.080000000000000426e+01,0.000000000000000000e+00
4.081000000000000227e+01,0.000000000000000000e+00
4.082000000000000028e+01,0.000000000000000000e+00
4.082999999999999829e+01,0.000000000000000000e+00
4.084000000000000341e+01,0.000000000000000000e+00
4.085000000000000142e+01,0.000000000000000000e+00
4.085999999999999943e+01,0.000000000000000000e+00
4.086999999999999744e+01,0.000000000000000000e+00
4.088000000000000256e+01,0.000000000000000000e+00
4.089000000000000057e+01,0.000000000000000000e+00
4.089999999999999858e+01,0.000000000000000000e+00
4.091000000000000369e+01,0.000000000000000000e+00
4.092000000000000171e+01,0.000000000000000000e+00
4.092999999999999972e+01,0.000000000000000000e+00
4.093999999999999773e+01,0.000000000000000000e+00
4.095000000000000284e+01,0.000000000000000000e+00
4.096000000000000085e+01,0.000000000000000000e+00
4.096999999999999886e+01,0.000000000000000000e+00
4.098000000000000398e+01,0.000000000000000000e+00
4.099000000000000199e+01,0.000000000000000000e+00
4.100000000000000000e+01,0.000000000000000000e+00
4.100999999999999801e+01,0.000000000000000000e+00
4.102000000000000313e+01,0.000000000000000000e+00
4.103000000000000114e+01,0.000000000000000000e+00
4.103999999999999915e+01,0.000000000000000000e+00
4.105000000000000426e+01,0.000000000000000000e+00
4.106000000000000227e+01,0.000000000000000000e+00
4.107000000000000028e+01,0.000000000000000000e+00
4.107999999999999829e+01,0.000000000000000000e+00
4.109000000000000341e+01,0.000000000000000000e+00
4.110000000000000142e+01,0.000000000000000000e+00
4.110999999999999943e+01,0.000000000000000000e+00
4.111999999999999744e+01,0.000000000000000000e+00
4.113000000000000256e+01,0.000000000000000000e+00
4.114000000000000057e+01,0.000000000000000000e+00
4.114999999999999858e+01,0.000000000000000000e+00
4.116000000000000369e+01,0.000000000000000000e+00
4.117000000000000171e+01,0.000000000000000000e+00
4.117999999999999972e+01,0.000000000000000000e+00
4.118999999999999773e+01,0.000000000000000000e+00
4.120000000000000284e+01,0.000000000000000000e+00
4.121000000000000085e+01,0.000000000000000000e+00
4.121999999999999886e+01,0.000000000000000000e+00
4.123000000000000398e+01,0.000000000000000000e+00
4.124000000000000199e+01,0.000000000000000000e+00
4.125000000000000000e+01,0.000000000000000000e+00
4.125999999999999801e+01,0.000000000000000000e+00
4.127000000000000313e+01,0.000000000000000000e+00
4.128000000000000114e+01,0.000000000000000000e+00
4.128999999999999915e+01,0.000000000000000000e+00
4.130000000000000426e+01,0.000000000000000000e+00
4.131000000000000227e+01,0.000000000000000000e+00
4.132000000000000028e+01,0.000000000000000000e+00
4.132999999999999829e+01,0.000000000000000000e+00
4.134000000000000341e+01,0.000000000000000000e+00
4.135000000000000142e+01,0.000000000000000000e+00
4.135999999999999943e+01,0.000000000000000000e+00
4.136999999999999744e+01,0.000000000000000000e+00
4.138000000000000256e+01,0.000000000000000000e+00
4.139000000000000057e+01,0.000000000000000000e+00
4.139999999999999858e+01,0.000000000000000000e+00
4.141000000000000369e+01,0.000000000000000000e+00
4.142000000000000171e+01,0.000000000000000000e+00
4.142999999999999972e+01,0.000000000000000000e+00
4.143999999999999773e+01,0.000000000000000000e+00
4.145000000000000284e+01,0.000000000000000000e+00
4.146000000000000085e+01,0.000000000000000000e+00
4.146999999999999886e+01,0.000000000000000000e+00
4.148000000000000398e+01,0.000000000000000000e+00
4.149000000000000199e+01,0.000000000000000000e+00
4.150000000000000000e+01,0.000000000000000000e+00
4.150999999999999801e+01,0.000000000000000000e+00
4.152000000000000313e+01,0.000000000000000000e+00
4.153000000000000114e+01,0.000000000000000000e+00
4.153999999999999915e+01,0.000000000000000000e+00
4.155000000000000426e+01,0.000000000000000000e+00
4.156000000000000227e+01,0.000000000000000000e+00
4.157000000000000028e+01,0.000000000000000000e+00
4.157999999999999829e+01,0.000000000000000000e+00
4.159000000000000341e+01,0.000000000000000000e+00
4.160000000000000142e+01,0.000000000000000000e+00
4.160999999999999943e+01,0.000000000000000000e+00
4.161999999999999744e+01,0.000000000000000000e+00
4.163000000000000256e+01,0.000000000000000000e+00
4.164000000000000057e+01,0.000000000000000000e+00
4.164999999999999858e+01,0.000000000000000000e+00
4.166000000000000369e+01,0.000000000000000000e+00
4.167000000000000171e+01,0.000000000000000000e+00
4.167999999999999972e+01,0.000000000000000000e+00
4.168999999999999773e+01,0.000000000000000000e+00
4.170000000000000284e+01,0.000000000000000000e+00
4.171000000000000085e+01,0.000000000000000000e+00
4.171999999999999886e+01,0.000000000000000000e+00
4.173000000000000398e+01,0.000000000000000000e+00
4.174000000000000199e+01,0.000000000000000000e+00
4.175000000000000000e+01,0.000000000000000000e+00
4.175999999999999801e+01,0.000000000000000000e+00
4.177000000000000313e+01,0.000000000000000000e+00
4.178000000000000114e+01,0.000000000000000000e+00
4.178999999999999915e+01,0.000000000000000000e+00
4.180000000000000426e+01,0.000000000000000000e+00
4.181000000000000227e+01,0.000000000000000000e+00
4.182000000000000028e+01,0.000000000000000000e+00
4.182999999999999829e+01,0.000000000000000000e+00
4.184000000000000341e+01,0.000000000000000000e+00
4.185000000000000142e+01,0.000000000000000000e+00
4.185999999999999943e+01,0.000000000000000000e+00
4.186999999999999744e+01,0.000000000000000000e+00
4.188000000000000256e+01,0.000000000000000000e+00
4.189000000000000057e+01,0.000000000000000000e+00
4.189999999999999858e+01,0.000000000000000000e+00
4.191000000000000369e+01,0.000000000000000000e+00
4.192000000000000171e+01,0.000000000000000000e+00
4.192999999999999972e+01,0.000000000000000000e+00
4.193999999999999773e+01,0.000000000000000000e+00
4.195000000000000284e+01,0.000000000000000000e+00
4.196000000000000085e+01,0.000000000000000000e+00
4.196999999999999886e+01,0.000000000000000000e+00
4.198000000000000398e+01,0.000000000000000000e+00
4.199000000000000199e+01,0.000000000000000000e+00
4.200000000000000000e+01,0.000000000000000000e+00
4.200999999999999801e+01,0.000000000000000000e+00
4.202000000000000313e+01,0.000000000000000000e+00
4.203000000000000114e+01,0.000000000000000000e+00
4.203999999999999915e+01,0.000000000000000000e+00
4.205000000000000426e+01,0.000000000000000000e+00
4.206000000000000227e+01,0.000000000000000000e+00
4.207000000000000028e+01,0.000000000000000000e+00
4.207999999999999829e+01,0.000000000000000000e+00
4.209000000000000341e+01,0.000000000000000000e+00
4.210000000000000142e+01,0.000000000000000000e+00
4.210999999999999943e+01,0.000000000000000000e+00
4.211999999999999744e+01,0.000000000000000000e+00
4.213000000000000256e+01,0.000000000000000000e+00
4.214000000000000057e+01,0.000000000000000000e+00
4.214999999999999858e+01,0.000000000000000000e+00
4.216000000000000369e+01,0.000000000000000000e+00
4.217000000000000171e+01,0.000000000000000000e+00
4.217999999999999972e+01,0.000000000000000000e+00
4.218999999999999773e+01,0.000000000000000000e+00
4.220000000000000284e+01,0.000000000000000000e+00
4.221000000000000085e+01,0.000000000000000000e+00
4.221999999999999886e+01,0.000000000000000000e+00
4.223000000000000398e+01,0.000000000000000000e+00
4.224000000000000199e+01,0.000000000000000000e+00
4.225000000000000000e+01,0.000000000000000000e+00
4.225999999999999801e+01,0.000000000000000000e+00
4.227000000000000313e+01,0.000000000000000000e+00
4.228000000000000114e+01,0.000000000000000000e+00
4.228999999999999915e+01,0.000000000000000000e+00
4.230000000000000426e+01,0.000000000000000000e+00
4.231000000000000227e+01,0.000000000000000000e+00
4.232000000000000028e+01,0.000000000000000000e+00
4.232999999999999829e+01,0.000000000000000000e+00
4.234000000000000341e+01,0.000000000000000000e+00
4.235000000000000142e+01,0.000000000000000000e+00
4.235999999999999943e+01,0.000000000000000000e+00
4.236999999999999744e+01,0.000000000000000000e+00
4.238000000000000256e+01,0.000000000000000000e+00
4.239000000000000057e+01,0.000000000000000000e+00
4.239999999999999858e+01,0.000000000000000000e+00
4.241000000000000369e+01,0.000000000000000000e+00
4.242000000000000171e+01,0.000000000000000000e+00
4.242999999999999972e+01,0.000000000000000000e+00
4.243999999999999773e+01,0.000000000000000000e+00
4.245000000000000284e+01,0.000000000000000000e+00
4.246000000000000085e+01,0.000000000000000000e+00
4.246999999999999886e+01,0.000000000000000000e+00
4.248000000000000398e+01,0.000000000000000000e+00
4.249000000000000199e+01,0.000000000000000000e+00
4.250000000000000000e+01,0.000000000000000000e+00
4.250999999999999801e+01,0.000000000000000000e+00
4.252000000000000313e+01,0.000000000000000000e+00
4.253000000000000114e+01,0.000000000000000000e+00
4.253999999999999915e+01,0.000000000000000000e+00
4.255000000000000426e+01,0.000000000000000000e+00
4.256000000000000227e+01,0.000000000000000000e+00
4.257000000000000028e+01,0.000000000000000000e+00
4.257999999999999829e+01,0.000000000000000000e+00
4.259000000000000341e+01,0.000000000000000000e+00
4.260000000000000142e+01,0.000000000000000000e+00
4.260999999999999943e+01,0.000000000000000000e+00
4.261999999999999744e+01,0.000000000000000000e+00
4.263000000000000256e+01,0.000000000000000000e+00
4.264000000000000057e+01,0.000000000000000000e+00
4.264999999999999858e+01,0.000000000000000000e+00
4.266000000000000369e+01,0.000000000000000000e+00
4.267000000000000171e+01,0.000000000000000000e+00
4.267999999999999972e+01,0.000000000000000000e+00
4.268999999999999773e+01,0.000000000000000000e+00
4.270000000000000284e+01,0.000000000000000000e+00
4.271000000000000085e+01,0.000000000000000000e+00
4.271999999999999886e+01,0.000000000000000000e+00
4.273000000000000398e+01,0.000000000000000000e+00
4.274000000000000199e+01,0.000000000000000000e+00
4.275000000000000000e+01,0.000000000000000000e+00
4.275999999999999801e+01,0.000000000000000000e+00
4.277000000000000313e+01,0.000000000000000000e+00
4.278000000000000114e+01,0.000000000000000000e+00
4.278999999999999915e+01,0.000000000000000000e+00
4.280000000000000426e+01,0.000000000000000000e+00
4.281000000000000227e+01,0.000000000000000000e+00
4.282000000000000028e+01,0.000000000000000000e+00
4.282999999999999829e+01,0.000000000000000000e+00
4.284000000000000341e+01,0.000000000000000000e+00
4.285000000000000142e+01,0.000000000000000000e+00
4.285999999999999943e+01,0.000000000000000000e+00
4.286999999999999744e+01,0.000000000000000000e+00
4.288000000000000256e+01,0.000000000000000000e+00
4.289000000000000057e+01,0.000000000000000000e+00
4.289999999999999858e+01,0.000000000000000000e+00
4.291000000000000369e+01,0.000000000000000000e+00
4.292000000000000171e+01,0.000000000000000000e+00
4.292999999999999972e+01,0.000000000000000000e+00
4.293999999999999773e+01,0.000000000000000000e+00
4.295000000000000284e+01,0.000000000000000000e+00
4.296000000000000085e+01,0.000000000000000000e+00
4.296999999999999886e+01,0.000000000000000000e+00
4.298000000000000398e+01,0.000000000000000000e+00
4.299000000000000199e+01,0.000000000000000000e+00
4.300000000000000000e+01,0.000000000000000000e+00
4.300999999999999801e+01,0.000000000000000000e+00
4.302000000000000313e+01,0.000000000000000000e+00
4.303000000000000114e+01,0.000000000000000000e+00
4.303999999999999915e+01,0.000000000000000000e+00
4.305000000000000426e+01,0.000000000000000000e+00
4.306000000000000227e+01,0.000000000000000000e+00
4.307000000000000028e+01,0.000000000000000000e+00
4.307999999999999829e+01,0.000000000000000000e+00
4.309000000000000341e+01,0.000000000000000000e+00
4.310000000000000142e+01,0.000000000000000000e+00
4.310999999999999943e+01,0.000000000000000000e+00
4.311999999999999744e+01,0.000000000000000000e+00
4.313000000000000256e+01,0.000000000000000000e+00
4.314000000000000057e+01,0.000000000000000000e+00
4.314999999999999858e+01,0.000000000000000000e+00
4.316000000000000369e+01,0.000000000000000000e+00
4.317000000000000171e+01,0.000000000000000000e+00
4.317999999999999972e+01,0.000000000000000000e+00
4.318999999999999773e+01,0.000000000000000000e+00
4.320000000000000284e+01,0.000000000000000000e+00
4.321000000000000085e+01,0.000000000000000000e+00
4.321999999999999886e+01,0.000000000000000000e+00
4.323000000000000398e+01,0.000000000000000000e+00
4.324000000000000199e+01,0.000000000000000000e+00
4.325000000000000000e+01,0.000000000000000000e+00
4.325999999999999801e+01,0.000000000000000000e+00
4.327000000000000313e+01,0.000000000000000000e+00
4.328000000000000114e+01,0.000000000000000000e+00
4.328999999999999915e+01,0.000000000000000000e+00
4.330000000000000426e+01,0.000000000000000000e+00
4.331000000000000227e+01,0.000000000000000000e+00
4.332000000000000028e+01,0.000000000000000000e+00
4.332999999999999829e+01,0.000000000000000000e+00
4.334000000000000341e+01,0.000000000000000000e+00
4.335000000000000142e+01,0.000000000000000000e+00
4.335999999999999943e+01,0.000000000000000000e+00
4.336999999999999744e+01,0.000000000000000000e+00
4.338000000000000256e+01,0.000000000000000000e+00
4.339000000000000057e+01,0.000000000000000000e+00
4.339999999999999858e+01,0.000000000000000000e+00
4.341000000000000369e+01,0.000000000000000000e+00
4.342000000000000171e+01,0.000000000000000000e+00
4.342999999999999972e+01,0.000000000000000000e+00
4.343999999999999773e+01,0.000000000000000000e+00
4.345000000000000284e+01,0.000000000000000000e+00
4.346000000000000085e+01,0.000000000000000000e+00
4.346999999999999886e+01,0.000000000000000000e+00
4.348000000000000398e+01,0.000000000000000000e+00
4.349000000000000199e+01,0.000000000000000000e+00
4.350000000000000000e+01,0.000000000000000000e+00
4.350999999999999801e+01,0.000000000000000000e+00
4.352000000000000313e+01,0.000000000000000000e+00
4.353000000000000114e+01,0.000000000000000000e+00
4.353999999999999915e+01,0.000000000000000000e+00
4.355000000000000426e+01,0.000000000000000000e+00
4.356000000000000227e+01,0.000000000000000000e+00
4.357000000000000028e+01,0.000000000000000000e+00
4.357999999999999829e+01,0.000000000000000000e+00
4.359000000000000341e+01,0.000000000000000000e+00
4.360000000000000142e+01,0.000000000000000000e+00
4.360999999999999943e+01,0.000000000000000000e+00
4.361999999999999744e+01,0.000000000000000000e+00
4.363000000000000256e+01,0.000000000000000000e+00
4.364000000000000057e+01,0.000000000000000000e+00
4.364999999999999858e+01,0.000000000000000000e+00
4.366000000000000369e+01,0.000000000000000000e+00
4.367000000000000171e+01,0.000000000000000000e+00
4.367999999999999972e+01,0.000000000000000000e+00
4.368999999999999773e+01,0.000000000000000000e+00
4.370000000000000284e+01,0.000000000000000000e+00
4.371000000000000085e+01,0.000000000000000000e+00
4.371999999999999886e+01,0.000000000000000000e+00
4.373000000000000398e+01,0.000000000000000000e+00
4.374000000000000199e+01,0.000000000000000000e+00
4.375000000000000000e+01,0.000000000000000000e+00
4.375999999999999801e+01,0.000000000000000000e+00
4.377000000000000313e+01,0.000000000000000000e+00
4.378000000000000114e+01,0.000000000000000000e+00
4.378999999999999915e+01,0.000000000000000000e+00
4.380000000000000426e+01,0.000000000000000000e+00
4.381000000000000227e+01,0.000000000000000000e+00
4.382000000000000028e+01,0.000000000000000000e+00
4.382999999999999829e+01,0.000000000000000000e+00
4.384000000000000341e+01,0.000000000000000000e+00
4.385000000000000142e+01,0.000000000000000000e+00
4.385999999999999943e+01,0.000000000000000000e+00
4.386999999999999744e+01,0.000000000000000000e+00
4.388000000000000256e+01,0.000000000000000000e+00
4.389000000000000057e+01,0.000000000000000000e+00
4.389999999999999858e+01,0.000000000000000000e+00
4.391000000000000369e+01,0.000000000000000000e+00
4.392000000000000171e+01,0.000000000000000000e+00
4.392999999999999972e+01,0.000000000000000000e+00
4.393999999999999773e+01,0.000000000000000000e+00
4.395000000000000284e+01,0.000000000000000000e+00
4.396000000000000085e+01,0.000000000000000000e+00
4.396999999999999886e+01,0.000000000000000000e+00
4.398000000000000398e+01,0.000000000000000000e+00
4.399000000000000199e+01,0.000000000000000000e+00
4.400000000000000000e+01,0.000000000000000000e+00
4.400999999999999801e+01,0.000000000000000000e+00
4.402000000000000313e+01,0.000000000000000000e+00
4.403000000000000114e+01,0.000000000000000000e+00
4.403999999999999915e+01,0.000000000000000000e+00
4.405000000000000426e+01,0.000000000000000000e+00
4.406000000000000227e+01,0.000000000000000000e+00
4.407000000000000028e+01,0.000000000000000000e+00
4.407999999999999829e+01,0.000000000000000000e+00
4.409000000000000341e+01,0.000000000000000000e+00
4.410000000000000142e+01,0.000000000000000000e+00
4.410999999999999943e+01,0.000000000000000000e+00
4.411999999999999744e+01,0.000000000000000000e+00
4.413000000000000256e+01,0.000000000000000000e+00
4.414000000000000057e+01,0.000000000000000000e+00
4.414999999999999858e+01,0.000000000000000000e+00
4.416000000000000369e+01,0.000000000000000000e+00
4.417000000000000171e+01,0.000000000000000000e+00
4.417999999999999972e+01,0.000000000000000000e+00
4.418999999999999773e+01,0.000000000000000000e+00
4.420000000000000284e+01,0.000000000000000000e+00
4.421000000000000085e+01,0.000000000000000000e+00
4.421999999999999886e+01,0.000000000000000000e+00
4.423000000000000398e+01,0.000000000000000000e+00
4.424000000000000199e+01,0.000000000000000000e+00
4.425000000000000000e+01,0.000000000000000000e+00
4.425999999999999801e+01,0.000000000000000000e+00
4.427000000000000313e+01,0.000000000000000000e+00
4.428000000000000114e+01,0.000000000000000000e+00
4.428999999999999915e+01,0.000000000000000000e+00
4.430000000000000426e+01,0.000000000000000000e+00
4.431000000000000227e+01,0.000000000000000000e+00
4.432000000000000028e+01,0.000000000000000000e+00
4.432999999999999829e+01,0.000000000000000000e+00
4.434000000000000341e+01,0.000000000000000000e+00
4.435000000000000142e+01,0.000000000000000000e+00
4.435999999999999943e+01,0.000000000000000000e+00
4.436999999999999744e+01,0.000000000000000000e+00
4.438000000000000256e+01,0.000000000000000000e+00
4.439000000000000057e+01,0.000000000000000000e+00
4.439999999999999858e+01,0.000000000000000000e+00
4.441000000000000369e+01,0.000000000000000000e+00
4.442000000000000171e+01,0.000000000000000000e+00
4.442999999999999972e+01,0.000000000000000000e+00
4.443999999999999773e+01,0.000000000000000000e+00
4.445000000000000284e+01,0.000000000000000000e+00
4.446000000000000085e+01,0.000000000000000000e+00
4.446999999999999886e+01,0.000000000000000000e+00
4.448000000000000398e+01,0.000000000000000000e+00
4.449000000000000199e+01,0.000000000000000000e+00
4.450000000000000000e+01,0.000000000000000000e+00
4.450999999999999801e+01,0.000000000000000000e+00
4.452000000000000313e+01,0.000000000000000000e+00
4.453000000000000114e+01,0.000000000000000000e+00
4.453999999999999915e+01,0.000000000000000000e+00
4.455000000000000426e+01,0.000000000000000000e+00
4.456000000000000227e+01,0.000000000000000000e+00
4.457000000000000028e+01,0.000000000000000000e+00
4.457999999999999829e+01,0.000000000000000000e+00
4.459000000000000341e+01,0.000000000000000000e+00
4.460000000000000142e+01,0.000000000000000000e+00
4.460999999999999943e+01,0.000000000000000000e+00
4.461999999999999744e+01,0.000000000000000000e+00
4.463000000000000256e+01,0.000000000000000000e+00
4.464000000000000057e+01,0.000000000000000000e+00
4.464999999999999858e+01,0.000000000000000000e+00
4.466000000000000369e+01,0.000000000000000000e+00
4.467000000000000171e+01,0.000000000000000000e+00
4.467999999999999972e+01,0.000000000000000000e+00
4.468999999999999773e+01,0.000000000000000000e+00
4.470000000000000284e+01,0.000000000000000000e+00
4.471000000000000085e+01,0.000000000000000000e+00
4.471999999999999886e+01,0.000000000000000000e+00
4.473000000000000398e+01,0.000000000000000000e+00
4.474000000000000199e+01,0.000000000000000000e+00
4.475000000000000000e+01,0.000000000000000000e+00
4.475999999999999801e+01,0.000000000000000000e+00
4.477000000000000313e+01,0.000000000000000000e+00
4.478000000000000114e+01,0.000000000000000000e+00
4.478999999999999915e+01,0.000000000000000000e+00
4.480000000000000426e+01,0.000000000000000000e+00
4.481000000000000227e+01,0.000000000000000000e+00
4.482000000000000028e+01,0.000000000000000000e+00
4.482999999999999829e+01,0.000000000000000000e+00
4.484000000000000341e+01,0.000000000000000000e+00
4.485000000000000142e+01,0.000000000000000000e+00
4.485999999999999943e+01,0.000000000000000000e+00
4.486999999999999744e+01,0.000000000000000000e+00
4.488000000000000256e+01,0.000000000000000000e+00
4.489000000000000057e+01,0.000000000000000000e+00
4.489999999999999858e+01,0.000000000000000000e+00
4.491000000000000369e+01,0.000000000000000000e+00
4.492000000000000171e+01,0.000000000000000000e+00
4.492999999999999972e+01,0.000000000000000000e+00
4.493999999999999773e+01,0.000000000000000000e+00
4.495000000000000284e+01,0.000000000000000000e+00
4.496000000000000085e+01,0.000000000000000000e+00
4.496999999999999886e+01,0.000000000000000000e+00
4.498000000000000398e+01,0.000000000000000000e+00
4.499000000000000199e+01,0.000000000000000000e+00
4.500000000000000000e+01,0.000000000000000000e+00
4.500999999999999801e+01,0.000000000000000000e+00
4.502000000000000313e+01,0.000000000000000000e+00
4.503000000000000114e+01,0.000000000000000000e+00
4.503999999999999915e+01,0.000000000000000000e+00
4.505000000000000426e+01,0.000000000000000000e+00
4.506000000000000227e+01,0.000000000000000000e+00
4.507000000000000028e+01,0.000000000000000000e+00
4.507999999999999829e+01,0.000000000000000000e+00
4.509000000000000341e+01,0.000000000000000000e+00
4.510000000000000142e+01,0.000000000000000000e+00
4.510999999999999943e+01,0.000000000000000000e+00
4.511999999999999744e+01,0.000000000000000000e+00
4.513000000000000256e+01,0.000000000000000000e+00
4.514000000000000057e+01,0.000000000000000000e+00
4.514999999999999858e+01,0.000000000000000000e+00
4.516000000000000369e+01,0.000000000000000000e+00
4.517000000000000171e+01,0.000000000000000000e+00
4.517999999999999972e+01,0.000000000000000000e+00
4.518999999999999773e+01,0.000000000000000000e+00
4.520000000000000284e+01,0.000000000000000000e+00
4.521000000000000085e+01,0.000000000000000000e+00
4.521999999999999886e+01,0.000000000000000000e+00
4.523000000000000398e+01,0.000000000000000000e+00
4.524000000000000199e+01,0.000000000000000000e+00
4.525000000000000000e+01,0.000000000000000000e+00
4.525999999999999801e+01,0.000000000000000000e+00
4.527000000000000313e+01,0.000000000000000000e+00
4.527600000000000335e+01,0.000000000000000000e+00
